00:aa e2 00 00 00 00 00 00 00 00 00 00 00 00 00 00 00 00 00 00 00 00 00 00 00 00 00 00 00 00 00 00
00:aa e0 00 00 00 00 00 00 00 00 00 00 00 00 00 00 00 00 00 00 00 00 00 00 00 00 00 00 00 00 00 00
00:aa e0 00 00 00 00 00 00 00 00 00 00 00 00 00 00 00 00 00 00 00 00 00 00 00 00 00 00 00 00 00 00
00:aa e0 00 00 00 00 00 00 00 00 00 00 00 00 00 00 00 00 00 00 00 00 00 00 00 00 00 00 00 00 00 00
00:aa e0 00 00 00 00 00 00 00 00 00 00 00 00 00 00 00 00 00 00 00 00 00 00 00 00 00 00 00 00 00 00
00:aa 10 00 00 00 00 00 00 00 00 00 00 00 00 00 00 00 00 00 00 00 00 00 00 00 00 00 00 00 00 00 00 00 00 00 00 00 00 00 00 00 00 00 00 00 00 00 00 00 00 00 00 00 00 00 00 00 00 00 00 00 00 00 00
00:aa 17 00 00 00 38 00 00 02 00 02 06 00 09 03 01 06 01 06 03 07 01 08 00 00 00 00 00 00 00 00 00 00 00 00 00 00 00 00 00 00 00 00 00 00 00 00 00 00 00 00 00 00 00 00 00 00 00 00 00 00 00 00 00
00:aa 11 00 00 00 00 00 00 00 00 00 00 00 00 00 00 00 00 00 00 00 00 00 00 00 00 00 00 00 00 00 00 00 00 00 00 00 00 00 00 00 00 00 00 00 00 00 00 00 00 00 00 00 00 00 00 00 00 00 00 00 00 00 00
00:aa 1c 00 00 00 00 00 00 00 00 00 00 00 00 00 00 00 00 00 00 00 00 00 00 00 00 00 00 00 00 00 00 00 00 00 00 00 00 00 00 00 00 00 00 00 00 00 00 00 00 00 00 00 00 00 00 00 00 00 00 00 00 00 00
00:aa 10 00 00 00 00 00 00 00 00 00 00 00 00 00 00 00 00 00 00 00 00 00 00 00 00 00 00 00 00 00 00 00 00 00 00 00 00 00 00 00 00 00 00 00 00 00 00 00 00 00 00 00 00 00 00 00 00 00 00 00 00 00 00
00:aa 12 00 00 00 38 00 00 00 00 00 00 00 00 00 00 00 00 00 00 00 00 00 00 00 00 00 00 00 00 00 00 00 00 00 00 00 00 00 00 00 00 00 00 00 00 00 00 00 00 00 00 00 00 00 00 00 00 00 00 00 00 00 00
00:aa 11 00 00 00 00 00 00 00 00 00 00 00 00 00 00 00 00 00 00 00 00 00 00 00 00 00 00 00 00 00 00 00 00 00 00 00 00 00 00 00 00 00 00 00 00 00 00 00 00 00 00 00 00 00 00 00 00 00 00 00 00 00 00
00:aa 1c 00 00 00 00 00 00 00 00 00 00 00 00 00 00 00 00 00 00 00 00 00 00 00 00 00 00 00 00 00 00 00 00 00 00 00 00 00 00 00 00 00 00 00 00 00 00 00 00 00 00 00 00 00 00 00 00 00 00 00 00 00 00
00:aa 1c 00 00 00 00 00 00 00 00 00 00 00 00 00 00 00 00 00 00 00 00 00 00 00 00 00 00 00 00 00 00 00 00 00 00 00 00 00 00 00 00 00 00 00 00 00 00 00 00 00 00 00 00 00 00 00 00 00 00 00 00 00 00
00:aa 1c 00 00 00 00 00 00 00 00 00 00 00 00 00 00 00 00 00 00 00 00 00 00 00 00 00 00 00 00 00 00 00 00 00 00 00 00 00 00 00 00 00 00 00 00 00 00 00 00 00 00 00 00 00 00 00 00 00 00 00 00 00 00
00:aa 1c 00 00 00 00 00 00 00 00 00 00 00 00 00 00 00 00 00 00 00 00 00 00 00 00 00 00 00 00 00 00 00 00 00 00 00 00 00 00 00 00 00 00 00 00 00 00 00 00 00 00 00 00 00 00 00 00 00 00 00 00 00 00
00:aa 1c 00 00 00 00 00 00 00 00 00 00 00 00 00 00 00 00 00 00 00 00 00 00 00 00 00 00 00 00 00 00 00 00 00 00 00 00 00 00 00 00 00 00 00 00 00 00 00 00 00 00 00 00 00 00 00 00 00 00 00 00 00 00
00:aa 1b 00 00 00 38 00 00 00 00 00 00 00 00 00 00 00 00 00 00 00 00 00 00 00 00 00 00 00 00 00 00 00 00 00 00 00 00 00 00 00 00 00 00 00 00 00 00 00 00 00 00 00 00 00 00 00 00 00 00 00 00 00 00
00:aa e3 00 00 00 01 00 00 03 00 00 00 00 00 00 00 00 00 00 00 00 00 00 00 00 00 00 00 00 00 00 00
00:aa 14 00 00 00 38 00 00 00 00 00 00 00 00 00 00 00 00 00 00 00 00 00 00 00 00 00 00 00 00 00 00 00 00 00 00 00 00 00 00 00 00 00 00 00 00 00 00 00 00 00 00 00 00 00 00 00 00 00 00 00 00 00 00
00:aa 15 00 00 00 38 00 00 00 03 03 00 00 c8 41 00 01 00 c8 41 00 02 00 30 cd 00 00 00 00 00 00 00 00 00 00 00 00 00 00 00 00 00 00 00 00 00 00 00 00 00 00 00 00 00 00 00 00 00 00 00 00 00 00 00
00:aa 15 38 00 00 38 00 00 00 00 00 00 00 00 00 00 00 00 00 00 00 00 00 00 00 00 00 00 00 00 00 00 00 00 00 00 00 00 00 00 00 00 00 00 00 00 00 00 00 00 00 00 00 00 00 00 00 00 00 00 00 00 00 00
00:aa 15 70 00 00 10 00 00 00 00 00 00 00 00 00 00 00 00 00 00 00 00 00 00 00 00 00 00 00 00 00 00 00 00 00 00 00 00 00 00 00 00 00 00 00 00 00 00 00 00 00 00 00 00 00 00 00 00 00 00 00 00 00 00
00:aa 16 00 00 00 38 00 00 00 00 00 00 00 00 00 00 00 00 00 00 00 00 00 00 00 00 00 00 00 00 00 00 00 00 00 00 00 00 00 00 00 00 00 00 00 00 00 00 00 00 00 00 00 00 00 00 00 00 00 00 00 00 00 00
00:aa 18 00 00 00 01 00 00 03 00 00 00 00 00 00 00 00 00 00 00 00 00 00 00 00 00 00 00 00 00 00 00 00 00 00 00 00 00 00 00 00 00 00 00 00 00 00 00 00 00 00 00 00 00 00 00 00 00 00 00 00 00 00 00
00:aa 19 00 00 00 38 00 00 51 47 49 46 00 27 00 01 3b 21 ff ff ff ff ff ff ff ff ff ff ff ff ff ff ff ff ff ff ff ff ff ff ff ff ff ff ff ff ff ff ff ff ff ff ff ff ff ff ff ff ff ff ff ff ff ff
00:aa 19 38 00 00 38 00 00 ff ff ff ff ff ff ff ff ff ff ff ff ff ff ff ff ff ff ff ff ff ff ff ff ff ff ff ff ff ff ff ff ff ff ff ff ff ff ff ff ff ff ff ff ff ff ff ff ff ff ff ff ff ff ff ff
00:aa 19 70 00 00 38 00 00 ff ff ff ff ff ff ff ff ff ff ff ff ff ff ff ff ff ff ff ff ff ff ff ff ff ff ff ff ff ff ff ff ff ff ff ff ff ff ff ff ff ff ff ff ff ff ff ff ff ff ff ff ff ff ff ff
00:aa 19 a8 00 00 38 00 00 ff ff ff ff ff ff ff ff ff ff ff ff ff ff ff ff ff ff ff ff ff ff ff ff ff ff ff ff ff ff ff ff ff ff ff ff ff ff ff ff ff ff ff ff ff ff ff ff ff ff ff ff ff ff ff ff
00:aa 19 e0 00 00 38 00 00 ff ff ff ff ff ff ff ff ff ff ff ff ff ff ff ff ff ff ff ff ff ff ff ff ff ff ff ff ff ff ff ff ff ff ff ff ff ff ff ff ff 00 00 00 00 00 00 00 00 00 00 00 00 00 00 00
00:aa 19 18 01 00 38 00 00 00 00 00 00 00 00 00 00 00 00 00 00 00 00 00 00 00 00 00 00 00 00 00 00 00 00 00 00 00 00 00 00 00 00 00 00 00 00 00 00 00 00 00 00 00 00 00 00 00 00 00 00 00 00 00 00
00:aa 19 50 01 00 38 00 00 00 00 00 00 00 00 00 00 00 00 00 00 00 00 00 00 00 00 00 00 00 00 00 00 00 00 00 00 00 00 00 00 00 00 00 00 00 00 00 00 00 00 00 00 00 00 00 00 00 00 00 00 00 00 00 00
00:aa 19 88 01 00 38 00 00 00 00 00 00 00 00 00 00 00 00 00 00 00 00 00 00 00 00 00 00 00 00 00 00 00 00 00 00 00 00 00 00 00 00 00 00 00 00 00 00 00 00 00 00 00 00 00 00 00 00 00 00 00 00 00 00
00:aa 19 c0 01 00 38 00 00 00 00 00 00 00 00 00 00 00 00 00 00 00 00 00 00 00 00 00 00 00 00 00 00 00 00 00 00 00 00 00 00 00 00 00 00 00 00 00 00 00 00 00 00 00 00 00 00 00 00 00 00 00 00 00 00
00:aa 19 f8 01 00 38 00 00 00 00 00 00 00 00 00 00 00 00 00 00 00 00 00 00 00 00 00 00 00 00 00 00 00 00 00 00 00 00 00 00 00 00 00 00 00 00 00 00 00 00 00 00 00 00 00 00 00 00 00 00 00 00 00 00
00:aa 19 30 02 00 38 00 00 00 00 00 00 00 00 00 00 00 00 00 00 00 00 00 00 00 00 00 00 00 00 00 00 00 00 00 00 00 00 00 00 00 00 00 00 00 00 00 00 00 00 00 00 00 00 00 00 00 00 00 00 00 00 00 00
00:aa 19 68 02 00 38 00 00 00 00 00 00 00 00 00 00 00 00 00 00 00 00 00 00 00 00 00 00 00 00 00 00 00 00 00 00 00 00 00 00 00 00 00 00 00 00 00 00 00 00 00 00 00 00 00 00 00 00 00 00 00 00 00 00
00:aa 19 a0 02 00 38 00 00 00 00 00 00 00 00 00 00 00 00 00 00 00 00 00 00 00 00 00 00 00 00 00 00 00 00 00 00 00 00 00 00 00 00 00 00 00 00 00 00 00 00 00 00 00 00 00 00 00 00 00 00 00 00 00 00
00:aa 19 d8 02 00 38 00 00 00 00 00 00 00 00 00 00 00 00 00 00 00 00 00 00 00 00 00 00 00 00 00 00 00 00 00 00 00 00 00 00 00 00 00 00 00 00 00 00 00 00 00 00 00 00 00 00 00 00 00 00 00 00 00 00
00:aa 19 10 03 00 38 00 00 00 00 00 00 00 00 00 00 00 00 00 00 00 00 00 00 00 00 00 00 00 00 00 00 00 00 00 00 00 00 00 00 00 00 00 00 00 00 00 00 00 00 00 00 00 00 00 00 00 00 00 00 00 00 00 00
00:aa 19 48 03 00 38 00 00 00 00 00 00 00 00 00 00 00 00 00 00 00 00 00 00 00 00 00 00 00 00 00 00 00 00 00 00 00 00 00 00 00 00 00 00 00 00 00 00 00 00 00 00 00 00 00 00 00 00 00 00 00 00 00 00
00:aa 19 80 03 00 38 00 00 00 00 00 00 00 00 00 00 00 00 00 00 00 00 00 00 00 00 00 00 00 00 00 00 00 00 00 00 00 00 00 00 00 00 00 00 00 00 00 00 00 00 00 00 00 00 00 00 00 00 00 00 00 00 00 00
00:aa 19 b8 03 00 38 00 00 00 00 00 00 00 00 00 00 00 00 00 00 00 00 00 00 00 00 00 00 00 00 00 00 00 00 00 00 00 00 00 00 00 00 00 00 00 00 00 00 00 00 00 00 00 00 00 00 00 00 00 00 00 00 00 00
00:aa 19 f0 03 00 38 00 00 00 00 00 00 00 00 00 00 00 00 00 00 00 00 00 00 00 00 00 00 00 00 00 00 00 00 00 00 00 00 00 00 00 00 00 00 00 00 00 00 00 00 00 00 00 00 00 00 00 00 00 00 00 00 00 00
00:aa 19 28 04 00 38 00 00 00 00 00 00 00 00 00 00 00 00 00 00 00 00 00 00 00 00 00 00 00 00 00 00 00 00 00 00 00 00 00 00 00 00 00 00 00 00 00 00 00 00 00 00 00 00 00 00 00 00 00 00 00 00 00 00
00:aa 19 60 04 00 38 00 00 00 00 00 00 00 00 00 00 00 00 00 00 00 00 00 00 00 00 00 00 00 00 00 00 00 00 00 00 00 00 00 00 00 00 00 00 00 00 00 00 00 00 00 00 00 00 00 00 00 00 00 00 00 00 00 00
00:aa 19 98 04 00 38 00 00 00 00 00 00 00 00 00 00 00 00 00 00 00 00 00 00 00 00 00 00 00 00 00 00 00 00 00 00 00 00 00 00 00 00 00 00 00 00 00 00 00 00 00 00 00 00 00 00 00 00 00 00 00 00 00 00
00:aa 19 d0 04 00 38 00 00 00 00 00 00 00 00 00 00 00 00 00 00 00 00 00 00 00 00 00 00 00 00 00 00 00 00 00 00 00 00 00 00 00 00 00 00 00 00 00 00 00 00 00 00 00 00 00 00 00 00 00 00 00 00 00 00
00:aa 19 08 05 00 38 00 00 00 00 00 00 00 00 00 00 00 00 00 00 00 00 00 00 00 00 00 00 00 00 00 00 00 00 00 00 00 00 00 00 00 00 00 00 00 00 00 00 00 00 00 00 00 00 00 00 00 00 00 00 00 00 00 00
00:aa 19 40 05 00 38 00 00 00 00 00 00 00 00 00 00 00 00 00 00 00 00 00 00 00 00 00 00 00 00 00 00 00 00 00 00 00 00 00 00 00 00 00 00 00 00 00 00 00 00 00 00 00 00 00 00 00 00 00 00 00 00 00 00
00:aa 19 78 05 00 38 00 00 00 00 00 00 00 00 00 00 00 00 00 00 00 00 00 00 00 00 00 00 00 00 00 00 00 00 00 00 00 00 00 00 00 00 00 00 00 00 00 00 00 00 00 00 00 00 00 00 00 00 00 00 00 00 00 00
00:aa 19 b0 05 00 38 00 00 00 00 00 00 00 00 00 00 00 00 00 00 00 00 00 00 00 00 00 00 00 00 00 00 00 00 00 00 00 00 00 00 00 00 00 00 00 00 00 00 00 00 00 00 00 00 00 00 00 00 00 00 00 00 00 00
00:aa 19 e8 05 00 38 00 00 00 00 00 00 00 00 00 00 00 00 00 00 00 00 00 00 00 00 00 00 00 00 00 00 00 00 00 00 00 00 00 00 00 00 00 00 00 00 00 00 00 00 00 00 00 00 00 00 00 00 00 00 00 00 00 00
00:aa 19 20 06 00 38 00 00 00 00 00 00 00 00 00 00 00 00 00 00 00 00 00 00 00 00 00 00 00 00 00 00 00 00 00 00 00 00 00 00 00 00 00 00 00 00 00 00 00 00 00 00 00 00 00 00 00 00 00 00 00 00 00 00
00:aa 19 58 06 00 38 00 00 00 00 00 00 00 00 00 00 00 00 00 00 00 00 00 00 00 00 00 00 00 00 00 00 00 00 00 00 00 00 00 00 00 00 00 00 00 00 00 00 00 00 00 00 00 00 00 00 00 00 00 00 00 00 00 00
00:aa 19 90 06 00 38 00 00 00 00 00 00 00 00 00 00 00 00 00 00 00 00 00 00 00 00 00 00 00 00 00 00 00 00 00 00 00 00 00 00 00 00 00 00 00 00 00 00 00 00 00 00 00 00 00 00 00 00 00 00 00 00 00 00
00:aa 19 c8 06 00 38 00 00 00 00 00 00 00 00 00 00 00 00 00 00 00 00 00 00 00 00 00 00 00 00 00 00 00 00 00 00 00 00 00 00 00 00 00 00 00 00 00 00 00 00 00 00 00 00 00 00 00 00 00 00 00 00 00 00
00:aa 19 00 07 00 38 00 00 00 00 00 00 00 00 00 00 00 00 00 00 00 00 00 00 00 00 00 00 00 00 00 00 00 00 00 00 00 00 00 00 00 00 00 00 00 00 00 00 00 00 00 00 00 00 00 00 00 00 00 00 00 00 00 00
00:aa 19 38 07 00 38 00 00 00 00 00 00 00 00 00 00 00 00 00 00 00 00 00 00 00 00 00 00 00 00 00 00 00 00 00 00 00 00 00 00 00 00 00 00 00 00 00 00 00 00 00 00 00 00 00 00 00 00 00 00 00 00 00 00
00:aa 19 70 07 00 38 00 00 00 00 00 00 00 00 00 00 00 00 00 00 00 00 00 00 00 00 00 00 00 00 00 00 00 00 00 00 00 00 00 00 00 00 00 00 00 00 00 00 00 00 00 00 00 00 00 00 00 00 00 00 00 00 00 00
00:aa 19 a8 07 00 38 00 00 00 00 00 00 00 00 00 00 00 00 00 00 00 00 00 00 00 00 00 00 00 00 00 00 00 00 00 00 00 00 00 00 00 00 00 00 00 00 00 00 00 00 00 00 00 00 00 00 00 00 00 00 00 00 00 00
00:aa 19 e0 07 00 38 00 00 00 00 00 00 00 00 00 00 00 00 00 00 00 00 00 00 00 00 00 00 00 00 00 00 00 00 00 00 00 00 00 00 00 00 00 00 00 00 00 00 00 00 00 00 00 00 00 00 00 00 00 00 00 00 00 00
00:aa 19 18 08 00 38 00 00 00 00 00 00 00 00 00 00 00 00 00 00 00 00 00 00 00 00 00 00 00 00 00 00 00 00 00 00 00 00 00 00 00 00 00 00 00 00 00 00 00 00 00 00 00 00 00 00 00 00 00 00 00 00 00 00
00:aa 19 50 08 00 38 00 00 00 00 00 00 00 00 00 00 00 00 00 00 00 00 00 00 00 00 00 00 00 00 00 00 00 00 00 00 00 00 00 00 00 00 00 00 00 00 00 00 00 00 00 00 00 00 00 00 00 00 00 00 00 00 00 00
00:aa 19 88 08 00 38 00 00 00 00 00 00 00 00 00 00 00 00 00 00 00 00 00 00 00 00 00 00 00 00 00 00 00 00 00 00 00 00 00 00 00 00 00 00 00 00 00 00 00 00 00 00 00 00 00 00 00 00 00 00 00 00 00 00
00:aa 19 c0 08 00 38 00 00 00 00 00 00 00 00 00 00 00 00 00 00 00 00 00 00 00 00 00 00 00 00 00 00 00 00 00 00 00 00 00 00 00 00 00 00 00 00 00 00 00 00 00 00 00 00 00 00 00 00 00 00 00 00 00 00
00:aa 19 f8 08 00 38 00 00 00 00 00 00 00 00 00 00 00 00 00 00 00 00 00 00 00 00 00 00 00 00 00 00 00 00 00 00 00 00 00 00 00 00 00 00 00 00 00 00 00 00 00 00 00 00 00 00 00 00 00 00 00 00 00 00
00:aa 19 30 09 00 38 00 00 00 00 00 00 00 00 00 00 00 00 00 00 00 00 00 00 00 00 00 00 00 00 00 00 00 00 00 00 00 00 00 00 00 00 00 00 00 00 00 00 00 00 00 00 00 00 00 00 00 00 00 00 00 00 00 00
00:aa 19 68 09 00 38 00 00 00 00 00 00 00 00 00 00 00 00 00 00 00 00 00 00 00 00 00 00 00 00 00 00 00 00 00 00 00 00 00 00 00 00 00 00 00 00 00 00 00 00 00 00 00 00 00 00 00 00 00 00 00 00 00 00
00:aa 19 a0 09 00 38 00 00 00 00 00 00 00 00 00 00 00 00 00 00 00 00 00 00 00 00 00 00 00 00 00 00 00 00 00 00 00 00 00 00 00 00 00 00 00 00 00 00 00 00 00 00 00 00 00 00 00 00 00 00 00 00 00 00
00:aa 19 d8 09 00 38 00 00 00 00 00 00 00 00 00 00 00 00 00 00 00 00 00 00 00 00 00 00 00 00 00 00 00 00 00 00 00 00 00 00 00 00 00 00 00 00 00 00 00 00 00 00 00 00 00 00 00 00 00 00 00 00 00 00
00:aa 19 10 0a 00 38 00 00 00 00 00 00 00 00 00 00 00 00 00 00 00 00 00 00 00 00 00 00 00 00 00 00 00 00 00 00 00 00 00 00 00 00 00 00 00 00 00 00 00 00 00 00 00 00 00 00 00 00 00 00 00 00 00 00
00:aa 19 48 0a 00 38 00 00 00 00 00 00 00 00 00 00 00 00 00 00 00 00 00 00 00 00 00 00 00 00 00 00 00 00 00 00 00 00 00 00 00 00 00 00 00 00 00 00 00 00 00 00 00 00 00 00 00 00 00 00 00 00 00 00
00:aa 19 80 0a 00 38 00 00 00 00 00 00 00 00 00 00 00 00 00 00 00 00 00 00 00 00 00 00 00 00 00 00 00 00 00 00 00 00 00 00 00 00 00 00 00 00 00 00 00 00 00 00 00 00 00 00 00 00 00 00 00 00 00 00
00:aa 19 b8 0a 00 38 00 00 00 00 00 00 00 00 00 00 00 00 00 00 00 00 00 00 00 00 00 00 00 00 00 00 00 00 00 00 00 00 00 00 00 00 00 00 00 00 00 00 00 00 00 00 00 00 00 00 00 00 00 00 00 00 00 00
00:aa 19 f0 0a 00 38 00 00 00 00 00 00 00 00 00 00 00 00 00 00 00 00 00 00 00 00 00 00 00 00 00 00 00 00 00 00 00 00 00 00 00 00 00 00 00 00 00 00 00 00 00 00 00 00 00 00 00 00 00 00 00 00 00 00
00:aa 19 28 0b 00 38 00 00 00 00 00 00 00 00 00 00 00 00 00 00 00 00 00 00 00 00 00 00 00 00 00 00 00 00 00 00 00 00 00 00 00 00 00 00 00 00 00 00 00 00 00 00 00 00 00 00 00 00 00 00 00 00 00 00
00:aa 19 60 0b 00 38 00 00 00 00 00 00 00 00 00 00 00 00 00 00 00 00 00 00 00 00 00 00 00 00 00 00 00 00 00 00 00 00 00 00 00 00 00 00 00 00 00 00 00 00 00 00 00 00 00 00 00 00 00 00 00 00 00 00
00:aa 19 98 0b 00 38 00 00 00 00 00 00 00 00 00 00 00 00 00 00 00 00 00 00 00 00 00 00 00 00 00 00 00 00 00 00 00 00 00 00 00 00 00 00 00 00 00 00 00 00 00 00 00 00 00 00 00 00 00 00 00 00 00 00
00:aa 19 d0 0b 00 38 00 00 00 00 00 00 00 00 00 00 00 00 00 00 00 00 00 00 00 00 00 00 00 00 00 00 00 00 00 00 00 00 00 00 00 00 00 00 00 00 00 00 00 00 00 00 00 00 00 00 00 00 00 00 00 00 00 00
00:aa 19 08 0c 00 38 00 00 00 00 00 00 00 00 00 00 00 00 00 00 00 00 00 00 00 00 00 00 00 00 00 00 00 00 00 00 00 00 00 00 00 00 00 00 00 00 00 00 00 00 00 00 00 00 00 00 00 00 00 00 00 00 00 00
00:aa 19 40 0c 00 38 00 00 00 00 00 00 00 00 00 00 00 00 00 00 00 00 00 00 00 00 00 00 00 00 00 00 00 00 00 00 00 00 00 00 00 00 00 00 00 00 00 00 00 00 00 00 00 00 00 00 00 00 00 00 00 00 00 00
00:aa 19 78 0c 00 38 00 00 00 00 00 00 00 00 00 00 00 00 00 00 00 00 00 00 00 00 00 00 00 00 00 00 00 00 00 00 00 00 00 00 00 00 00 00 00 00 00 00 00 00 00 00 00 00 00 00 00 00 00 00 00 00 00 00
00:aa 19 b0 0c 00 38 00 00 00 00 00 00 00 00 00 00 00 00 00 00 00 00 00 00 00 00 00 00 00 00 00 00 00 00 00 00 00 00 00 00 00 00 00 00 00 00 00 00 00 00 00 00 00 00 00 00 00 00 00 00 00 00 00 00
00:aa 19 e8 0c 00 38 00 00 00 00 00 00 00 00 00 00 00 00 00 00 00 00 00 00 00 00 00 00 00 00 00 00 00 00 00 00 00 00 00 00 00 00 00 00 00 00 00 00 00 00 00 00 00 00 00 00 00 00 00 00 00 00 00 00
00:aa 19 20 0d 00 38 00 00 00 00 00 00 00 00 00 00 00 00 00 00 00 00 00 00 00 00 00 00 00 00 00 00 00 00 00 00 00 00 00 00 00 00 00 00 00 00 00 00 00 00 00 00 00 00 00 00 00 00 00 00 00 00 00 00
00:aa 19 58 0d 00 38 00 00 00 00 00 00 00 00 00 00 00 00 00 00 00 00 00 00 00 00 00 00 00 00 00 00 00 00 00 00 00 00 00 00 00 00 00 00 00 00 00 00 00 00 00 00 00 00 00 00 00 00 00 00 00 00 00 00
00:aa 19 90 0d 00 38 00 00 00 00 00 00 00 00 00 00 00 00 00 00 00 00 00 00 00 00 00 00 00 00 00 00 00 00 00 00 00 00 00 00 00 00 00 00 00 00 00 00 00 00 00 00 00 00 00 00 00 00 00 00 00 00 00 00
00:aa 19 c8 0d 00 38 00 00 00 00 00 00 00 00 00 00 00 00 00 00 00 00 00 00 00 00 00 00 00 00 00 00 00 00 00 00 00 00 00 00 00 00 00 00 00 00 00 00 00 00 00 00 00 00 00 00 00 00 00 00 00 00 00 00
00:aa 19 00 0e 00 38 00 00 00 00 00 00 00 00 00 00 00 00 00 00 00 00 00 00 00 00 00 00 00 00 00 00 00 00 00 00 00 00 00 00 00 00 00 00 00 00 00 00 00 00 00 00 00 00 00 00 00 00 00 00 00 00 00 00
00:aa 19 38 0e 00 38 00 00 00 00 00 00 00 00 00 00 00 00 00 00 00 00 00 00 00 00 00 00 00 00 00 00 00 00 00 00 00 00 00 00 00 00 00 00 00 00 00 00 00 00 00 00 00 00 00 00 00 00 00 00 00 00 00 00
00:aa 19 70 0e 00 38 00 00 00 00 00 00 00 00 00 00 00 00 00 00 00 00 00 00 00 00 00 00 00 00 00 00 00 00 00 00 00 00 00 00 00 00 00 00 00 00 00 00 00 00 00 00 00 00 00 00 00 00 00 00 00 00 00 00
00:aa 19 a8 0e 00 38 00 00 00 00 00 00 00 00 00 00 00 00 00 00 00 00 00 00 00 00 00 00 00 00 00 00 00 00 00 00 00 00 00 00 00 00 00 00 00 00 00 00 00 00 00 00 00 00 00 00 00 00 00 00 00 00 00 00
00:aa 19 e0 0e 00 38 00 00 00 00 00 00 00 00 00 00 00 00 00 00 00 00 00 00 00 00 00 00 00 00 00 00 00 00 00 00 00 00 00 00 00 00 00 00 00 00 00 00 00 00 00 00 00 00 00 00 00 00 00 00 00 00 00 00
00:aa 19 18 0f 00 38 00 00 00 00 00 00 00 00 00 00 00 00 00 00 00 00 00 00 00 00 00 00 00 00 00 00 00 00 00 00 00 00 00 00 00 00 00 00 00 00 00 00 00 00 00 00 00 00 00 00 00 00 00 00 00 00 00 00
00:aa 19 50 0f 00 38 00 00 00 00 00 00 00 00 00 00 00 00 00 00 00 00 00 00 00 00 00 00 00 00 00 00 00 00 00 00 00 00 00 00 00 00 00 00 00 00 00 00 00 00 00 00 00 00 00 00 00 00 00 00 00 00 00 00
00:aa 19 88 0f 00 38 00 00 00 00 00 00 00 00 00 00 00 00 00 00 00 00 00 00 00 00 00 00 00 00 00 00 00 00 00 00 00 00 00 00 00 00 00 00 00 00 00 00 00 00 00 00 00 00 00 00 00 00 00 00 00 00 00 00
00:aa 19 c0 0f 00 38 00 00 00 00 00 00 00 00 00 00 00 00 00 00 00 00 00 00 00 00 00 00 00 00 00 00 00 00 00 00 00 00 00 00 00 00 00 00 00 00 00 00 00 00 00 00 00 00 00 00 00 00 00 00 00 00 00 00
00:aa 19 f8 0f 00 38 00 00 00 00 00 00 00 00 00 00 00 00 00 00 00 00 00 00 00 00 00 00 00 00 00 00 00 00 00 00 00 00 00 00 00 00 00 00 00 00 00 00 00 00 00 00 00 00 00 00 00 00 00 00 00 00 00 00
00:aa 19 30 10 00 38 00 00 00 00 00 00 00 00 00 00 00 00 00 00 00 00 00 00 00 00 00 00 00 00 00 00 00 00 00 00 00 00 00 00 00 00 00 00 00 00 00 00 00 00 00 00 00 00 00 00 00 00 00 00 00 00 00 00
00:aa 19 68 10 00 38 00 00 00 00 00 00 00 00 00 00 00 00 00 00 00 00 00 00 00 00 00 00 00 00 00 00 00 00 00 00 00 00 00 00 00 00 00 00 00 00 00 00 00 00 00 00 00 00 00 00 00 00 00 00 00 00 00 00
00:aa 19 a0 10 00 38 00 00 00 00 00 00 00 00 00 00 00 00 00 00 00 00 00 00 00 00 00 00 00 00 00 00 00 00 00 00 00 00 00 00 00 00 00 00 00 00 00 00 00 00 00 00 00 00 00 00 00 00 00 00 00 00 00 00
00:aa 19 d8 10 00 38 00 00 00 00 00 00 00 00 00 00 00 00 00 00 00 00 00 00 00 00 00 00 00 00 00 00 00 00 00 00 00 00 00 00 00 00 00 00 00 00 00 00 00 00 00 00 00 00 00 00 00 00 00 00 00 00 00 00
00:aa 19 10 11 00 38 00 00 00 00 00 00 00 00 00 00 00 00 00 00 00 00 00 00 00 00 00 00 00 00 00 00 00 00 00 00 00 00 00 00 00 00 00 00 00 00 00 00 00 00 00 00 00 00 00 00 00 00 00 00 00 00 00 00
00:aa 19 48 11 00 38 00 00 00 00 00 00 00 00 00 00 00 00 00 00 00 00 00 00 00 00 00 00 00 00 00 00 00 00 00 00 00 00 00 00 00 00 00 00 00 00 00 00 00 00 00 00 00 00 00 00 00 00 00 00 00 00 00 00
00:aa 19 80 11 00 38 00 00 00 00 00 00 00 00 00 00 00 00 00 00 00 00 00 00 00 00 00 00 00 00 00 00 00 00 00 00 00 00 00 00 00 00 00 00 00 00 00 00 00 00 00 00 00 00 00 00 00 00 00 00 00 00 00 00
00:aa 19 b8 11 00 38 00 00 00 00 00 00 00 00 00 00 00 00 00 00 00 00 00 00 00 00 00 00 00 00 00 00 00 00 00 00 00 00 00 00 00 00 00 00 00 00 00 00 00 00 00 00 00 00 00 00 00 00 00 00 00 00 00 00
00:aa 19 f0 11 00 38 00 00 00 00 00 00 00 00 00 00 00 00 00 00 00 00 00 00 00 00 00 00 00 00 00 00 00 00 00 00 00 00 00 00 00 00 00 00 00 00 00 00 00 00 00 00 00 00 00 00 00 00 00 00 00 00 00 00
00:aa 19 28 12 00 38 00 00 00 00 00 00 00 00 00 00 00 00 00 00 00 00 00 00 00 00 00 00 00 00 00 00 00 00 00 00 00 00 00 00 00 00 00 00 00 00 00 00 00 00 00 00 00 00 00 00 00 00 00 00 00 00 00 00
00:aa 19 60 12 00 38 00 00 00 00 00 00 00 00 00 00 00 00 00 00 00 00 00 00 00 00 00 00 00 00 00 00 00 00 00 00 00 00 00 00 00 00 00 00 00 00 00 00 00 00 00 00 00 00 00 00 00 00 00 00 00 00 00 00
00:aa 19 98 12 00 38 00 00 00 00 00 00 00 00 00 00 00 00 00 00 00 00 00 00 00 00 00 00 00 00 00 00 00 00 00 00 00 00 00 00 00 00 00 00 00 00 00 00 00 00 00 00 00 00 00 00 00 00 00 00 00 00 00 00
00:aa 19 d0 12 00 38 00 00 00 00 00 00 00 00 00 00 00 00 00 00 00 00 00 00 00 00 00 00 00 00 00 00 00 00 00 00 00 00 00 00 00 00 00 00 00 00 00 00 00 00 00 00 00 00 00 00 00 00 00 00 00 00 00 00
00:aa 19 08 13 00 38 00 00 00 00 00 00 00 00 00 00 00 00 00 00 00 00 00 00 00 00 00 00 00 00 00 00 00 00 00 00 00 00 00 00 00 00 00 00 00 00 00 00 00 00 00 00 00 00 00 00 00 00 00 00 00 00 00 00
00:aa 19 40 13 00 38 00 00 00 00 00 00 00 00 00 00 00 00 00 00 00 00 00 00 00 00 00 00 00 00 00 00 00 00 00 00 00 00 00 00 00 00 00 00 00 00 00 00 00 00 00 00 00 00 00 00 00 00 00 00 00 00 00 00
00:aa 19 78 13 00 38 00 00 00 00 00 00 00 00 00 00 00 00 00 00 00 00 00 00 00 00 00 00 00 00 00 00 00 00 00 00 00 00 00 00 00 00 00 00 00 00 00 00 00 00 00 00 00 00 00 00 00 00 00 00 00 00 00 00
00:aa 19 b0 13 00 38 00 00 00 00 00 00 00 00 00 00 00 00 00 00 00 00 00 00 00 00 00 00 00 00 00 00 00 00 00 00 00 00 00 00 00 00 00 00 00 00 00 00 00 00 00 00 00 00 00 00 00 00 00 00 00 00 00 00
00:aa 19 e8 13 00 38 00 00 00 00 00 00 00 00 00 00 00 00 00 00 00 00 00 00 00 00 00 00 00 00 00 00 00 00 00 00 00 00 00 00 00 00 00 00 00 00 00 00 00 00 00 00 00 00 00 00 00 00 00 00 00 00 00 00
00:aa 19 20 14 00 38 00 00 00 00 00 00 00 00 00 00 00 00 00 00 00 00 00 00 00 00 00 00 00 00 00 00 00 00 00 00 00 00 00 00 00 00 00 00 00 00 00 00 00 00 00 00 00 00 00 00 00 00 00 00 00 00 00 00
00:aa 19 58 14 00 38 00 00 00 00 00 00 00 00 00 00 00 00 00 00 00 00 00 00 00 00 00 00 00 00 00 00 00 00 00 00 00 00 00 00 00 00 00 00 00 00 00 00 00 00 00 00 00 00 00 00 00 00 00 00 00 00 00 00
00:aa 19 90 14 00 38 00 00 00 00 00 00 00 00 00 00 00 00 00 00 00 00 00 00 00 00 00 00 00 00 00 00 00 00 00 00 00 00 00 00 00 00 00 00 00 00 00 00 00 00 00 00 00 00 00 00 00 00 00 00 00 00 00 00
00:aa 19 c8 14 00 38 00 00 00 00 00 00 00 00 00 00 00 00 00 00 00 00 00 00 00 00 00 00 00 00 00 00 00 00 00 00 00 00 00 00 00 00 00 00 00 00 00 00 00 00 00 00 00 00 00 00 00 00 00 00 00 00 00 00
00:aa 19 00 15 00 38 00 00 00 00 00 00 00 00 00 00 00 00 00 00 00 00 00 00 00 00 00 00 00 00 00 00 00 00 00 00 00 00 00 00 00 00 00 00 00 00 00 00 00 00 00 00 00 00 00 00 00 00 00 00 00 00 00 00
00:aa 19 38 15 00 38 00 00 00 00 00 00 00 00 00 00 00 00 00 00 00 00 00 00 00 00 00 00 00 00 00 00 00 00 00 00 00 00 00 00 00 00 00 00 00 00 00 00 00 00 00 00 00 00 00 00 00 00 00 00 00 00 00 00
00:aa 19 70 15 00 38 00 00 00 00 00 00 00 00 00 00 00 00 00 00 00 00 00 00 00 00 00 00 00 00 00 00 00 00 00 00 00 00 00 00 00 00 00 00 00 00 00 00 00 00 00 00 00 00 00 00 00 00 00 00 00 00 00 00
00:aa 19 a8 15 00 38 00 00 00 ff ff 00 00 55 55 00 00 ff ff 00 00 55 55 00 00 ff ff 00 00 55 55 00 00 ff ff 00 00 55 55 00 00 ff ff 00 00 55 55 00 00 ff ff 00 00 55 55 00 00 ff ff 00 00 55 55 00
00:aa 19 e0 15 00 38 00 00 00 ff ff 00 00 55 55 00 00 ff ff 00 00 55 55 00 00 ff ff 00 00 55 55 00 00 ff ff 00 00 55 55 00 00 ff ff 00 00 55 55 00 00 ff ff 00 00 55 55 02 00 9d f7 00 00 55 55 8b
00:aa 19 18 16 00 38 00 00 00 ff ff 00 00 55 55 80 00 ff ff 00 00 55 55 0e 0a bd f7 00 00 55 55 8e 82 bd ff 00 00 55 55 b2 80 ff ff 00 00 55 55 8b 02 fa e6 00 00 55 55 33 82 d6 bd 00 00 55 55 00
00:aa 19 50 16 00 38 00 00 00 ff ff 00 00 55 55 00 00 ff ff 00 00 55 55 00 00 ff ff 00 00 55 55 00 00 ff ff 00 00 55 55 00 00 ff ff 00 00 55 55 00 00 ff ff 00 00 55 55 00 00 ff ff 00 00 55 55 00
00:aa 19 88 16 00 38 00 00 00 ff ff 00 00 55 55 00 00 ff ff 00 00 55 55 00 00 ff ff 00 00 55 55 00 00 ff ff 00 00 55 55 00 00 ff ff 00 00 55 55 00 00 ff ff 00 00 55 55 00 00 ff ff 00 00 55 55 00
00:aa 19 c0 16 00 38 00 00 00 ff ff 00 00 55 55 00 00 ff ff 00 00 55 55 00 00 ff ff 00 00 55 55 00 00 ff ff 00 00 55 55 00 00 ff ff 00 00 55 55 00 00 ff ff 00 00 55 55 00 00 ff ff 00 00 55 55 00
00:aa 19 f8 16 00 38 00 00 00 ff ff 00 00 55 55 00 00 ff ff 00 00 55 55 00 00 ff ff 00 00 55 55 00 00 ff ff 00 00 55 55 00 00 ff ff 00 00 55 55 00 00 ff ff 00 00 55 55 00 00 ff ff 00 00 55 55 00
00:aa 19 30 17 00 38 00 00 00 ff ff 00 00 55 55 00 00 ff ff 00 00 55 55 00 00 ff ff 00 00 55 55 00 00 ff ff 00 00 55 55 00 00 ff ff 00 00 55 55 00 00 ff ff 00 00 55 55 00 00 ff ff 00 00 55 55 00
00:aa 19 68 17 00 38 00 00 00 ff ff 00 00 55 55 00 00 ff ff 00 00 55 55 00 00 ff ff 00 00 55 55 00 00 ff ff 00 00 55 55 00 00 ff ff 00 00 00 00 00 00 ff ff 00 00 00 00 00 00 ff ff 00 00 00 00 00
00:aa 19 a0 17 00 38 00 00 00 ff ff 00 00 00 00 00 00 ff ff 00 00 00 00 00 00 ff ff 00 00 00 00 00 00 ff ff 00 00 00 00 00 00 ff ff 00 00 00 00 00 00 ff ff 00 00 00 00 00 00 ff ff 00 00 00 00 00
00:aa 19 d8 17 00 38 00 00 00 ff ff 00 00 00 00 00 00 ff ff 00 00 00 00 00 00 ff ff 00 00 00 00 00 00 ff ff 00 00 00 00 00 00 ff ff 00 00 00 00 00 00 ff ff 00 00 00 00 00 00 ff ff 00 00 00 00 00
00:aa 19 10 18 00 38 00 00 00 ff ff 00 00 00 00 00 00 ff ff 00 00 00 00 00 00 ff ff 00 00 00 00 00 00 ff ff 00 00 00 00 00 00 ff ff 00 00 00 00 00 00 ff ff 00 00 00 00 00 00 ff ff 00 00 00 00 00
00:aa 19 48 18 00 38 00 00 00 ff ff 00 00 00 00 00 00 ff ff 00 00 00 00 00 00 ff ff 00 00 00 00 00 00 ff ff 00 00 00 00 00 00 ff ff 00 00 00 00 00 00 ff ff 00 00 00 00 00 00 ff ff 00 00 00 00 00
00:aa 19 80 18 00 38 00 00 00 ff ff 00 00 00 00 00 00 ff ff 00 00 00 00 00 00 ff ff 00 00 00 00 00 00 ff ff 00 00 00 00 00 00 ff ff 00 00 00 00 00 00 ff ff 00 00 00 00 00 00 ff ff 00 00 00 00 00
00:aa 19 b8 18 00 38 00 00 00 ff ff 00 00 00 00 00 00 ff ff 00 00 00 00 00 00 ff ff 00 00 00 00 00 00 ff ff 00 00 00 00 00 00 ff ff 00 00 00 00 00 00 ff ff 00 00 00 00 00 00 ff ff 00 00 00 00 00
00:aa 19 f0 18 00 38 00 00 00 ff ff 00 00 00 00 00 00 ff ff 00 00 00 00 00 00 ff ff 00 00 00 00 00 00 ff ff 00 00 00 00 00 00 ff ff 00 00 00 00 00 00 ff ff 00 00 00 00 00 00 ff ff 00 00 00 00 00
00:aa 19 28 19 00 38 00 00 00 ff ff 00 00 00 00 00 00 ff ff 00 00 00 00 00 00 ff ff 00 00 00 00 00 00 ff ff 00 00 00 00 00 00 ff ff 00 00 00 00 00 00 ff ff 00 00 00 00 00 00 ff ff 00 00 00 00 00
00:aa 19 60 19 00 38 00 00 00 ff ff 00 00 00 00 00 00 ff ff 00 00 00 00 00 00 ff ff 00 00 00 00 00 00 ff ff 00 00 00 00 00 00 ff ff 00 00 00 00 00 00 ff ff 00 00 00 00 00 00 ff ff 00 00 00 00 00
00:aa 19 98 19 00 38 00 00 00 ff ff 00 00 00 00 00 00 ff ff 00 00 00 00 00 00 ff ff 00 00 00 00 00 00 ff ff 00 00 00 00 00 00 ff ff 00 00 00 00 00 00 ff ff 00 00 00 00 00 00 ff ff 00 00 00 00 00
00:aa 19 d0 19 00 38 00 00 00 ff ff 00 00 00 00 00 00 ff ff 00 00 00 00 00 00 ff ff 00 00 00 00 00 00 ff ff 00 00 00 00 00 00 ff ff 00 00 00 00 00 00 ff ff 00 00 00 00 00 00 ff ff 00 00 00 00 00
00:aa 19 08 1a 00 38 00 00 00 ff ff 00 00 00 00 00 00 ff ff 00 00 00 00 00 00 ff ff 00 00 00 00 00 00 ff ff c3 e8 00 aa d5 5f ff ff c3 e8 00 aa 55 ff ff ff c3 e8 00 aa 55 ff ff ff c3 e8 00 aa 55
00:aa 19 40 1a 00 38 00 00 ff ff ff c3 e8 00 aa 55 ff ff ff c3 e8 00 aa 55 ff ff ff c3 e8 00 aa 55 ff ff ff c3 e8 00 aa 55 ff ff ff c3 e8 00 a8 54 d4 ff ff 00 00 00 00 00 00 ff ff 00 00 00 00 00
00:aa 19 78 1a 00 38 00 00 00 ff ff 00 00 00 00 00 00 ff ff 00 00 00 00 00 00 ff ff 00 00 00 00 00 00 ff ff 00 00 00 00 00 00 ff ff 00 00 00 00 00 00 ff ff 00 00 00 00 00 00 ff ff 00 00 00 00 00
00:aa 19 b0 1a 00 38 00 00 00 ff ff 00 00 00 00 00 00 ff ff 00 00 00 00 00 00 ff ff 00 00 00 00 00 00 ff ff 00 00 00 00 00 00 ff ff 00 00 00 00 00 00 ff ff 00 00 00 00 00 00 ff ff 00 00 00 00 00
00:aa 19 e8 1a 00 38 00 00 00 ff ff 00 00 00 00 00 00 ff ff 00 00 00 00 00 00 ff ff 00 00 00 00 00 00 ff ff 00 00 00 00 00 00 ff ff 00 00 00 00 00 00 ff ff 00 00 00 00 00 00 ff ff 00 00 00 00 00
00:aa 19 20 1b 00 38 00 00 00 ff ff 00 00 00 00 00 00 ff ff 00 00 00 00 00 00 ff ff 00 00 00 00 00 00 ff ff 00 00 00 00 00 00 ff ff 00 00 00 00 00 00 ff ff 00 00 00 00 00 00 ff ff 00 00 00 00 00
00:aa 19 58 1b 00 38 00 00 00 ff ff 00 00 00 00 00 00 ff ff 00 00 00 00 00 00 ff ff 00 00 00 00 00 00 ff ff 00 00 00 00 00 00 ff ff 00 00 00 00 00 00 ff ff 00 00 00 00 00 00 ff ff 30 8c 00 00 00
00:aa 19 90 1b 00 38 00 00 10 ff ff f8 b5 00 00 00 34 ff ff 00 00 00 00 00 00 ff ff 00 00 00 00 00 00 ff ff 00 00 00 00 00 00 ff ff 53 b5 00 00 00 09 ff ff 10 84 00 00 00 63 ff ff 30 84 00 00 00
00:aa 19 c8 1b 00 38 00 00 70 ff ff 10 84 00 00 00 0d ff ff 10 84 00 00 00 cd ff ff 97 ad 00 00 00 40 ff ff 10 84 00 00 00 17 ff ff 10 84 00 00 00 37 ff ff 10 84 00 00 00 35 ff ff 91 94 00 00 00
00:aa 19 00 1c 00 38 00 00 a5 ff ff 00 e8 d0 d0 d0 50 ff ff 31 84 00 00 00 58 ff ff 10 84 00 00 00 09 ff ff 92 8c 00 00 00 69 ff ff 10 84 00 00 00 60 ff ff 10 84 00 00 00 25 ff ff 10 84 00 00 00
00:aa 19 38 1c 00 38 00 00 a5 ff ff 3d d7 00 00 00 40 ff ff 00 e8 34 34 34 34 ff ff 00 00 00 00 00 00 ff ff 00 00 00 00 00 00 ff ff 00 00 00 00 00 00 ff ff 00 00 00 00 00 00 ff ff 00 00 00 00 00
00:aa 19 70 1c 00 38 00 00 00 ff ff 00 00 00 00 00 00 ff ff 00 00 00 00 00 00 ff ff 00 00 00 00 00 00 ff ff 00 00 00 00 00 00 ff ff 00 00 00 00 00 00 ff ff 00 00 00 00 00 00 ff ff 00 00 00 00 00
00:aa 19 a8 1c 00 38 00 00 00 ff ff 00 00 00 00 00 00 ff ff 00 00 00 00 00 00 ff ff 00 00 00 00 00 00 ff ff 00 00 00 00 00 00 ff ff 00 00 00 00 00 00 ff ff 00 00 00 00 00 00 ff ff 00 00 00 00 00
00:aa 19 e0 1c 00 38 00 00 00 ff ff 00 00 00 00 00 00 ff ff 00 00 00 00 00 00 ff ff 00 00 00 00 00 00 ff ff 00 00 00 00 00 00 ff ff 00 00 00 00 00 00 ff ff 00 00 00 00 00 00 ff ff 00 00 00 00 00
00:aa 19 18 1d 00 38 00 00 00 ff ff 00 00 00 00 00 00 ff ff 00 00 00 00 00 00 ff ff 00 00 00 00 00 00 ff ff 00 00 00 00 00 00 ff ff 00 00 00 00 00 00 ff ff 00 00 00 00 00 00 ff ff 00 00 00 00 00
00:aa 19 50 1d 00 38 00 00 00 ff ff 00 00 00 00 00 00 ff ff 00 00 00 00 00 00 ff ff 00 00 00 00 00 00 ff ff a2 18 10 10 10 10 ff ff cd 73 3e 35 35 35 fa de 63 10 22 e6 84 84 da de 65 39 82 ea f9
00:aa 19 88 1d 00 38 00 00 fe be ef a2 18 80 e0 60 e0 ff ff ee 4a 09 0d 0d 0d d5 cd 67 29 f1 11 13 92 ff ff 66 39 d8 9c 5f 9e 5a e7 c8 31 2f 3c 5c be f5 cd 22 00 ce 4e 4b 48 ff ff 87 29 e0 60 7d
00:aa 19 c0 1d 00 38 00 00 ea fa e6 29 4a 9d 09 26 18 18 be ca 39 9f b1 b1 99 db de e6 51 1d 01 07 14 f9 de a7 31 af b5 3f 3b ff ff 60 d0 52 52 52 52 db ce cb 31 7c 66 e6 64 7d ef c1 40 8f 86 06
00:aa 19 f8 1d 00 38 00 00 06 d1 ac 49 4a e3 1a 1a 9a 3c e7 6a 4a 72 93 90 d0 3c d7 cb 5a 35 1b 1b 1f 96 de 08 3a bf d8 d0 9a ff ff 0a 11 c0 40 40 40 ff ff 00 e8 34 34 34 34 ff ff 00 00 00 00 00
00:aa 19 30 1e 00 38 00 00 00 ff ff 00 00 00 00 00 00 ff ff 00 00 00 00 00 00 ff ff 00 00 00 00 00 00 ff ff 00 00 00 00 00 00 ff ff 00 00 00 00 00 00 ff ff 00 00 00 00 00 00 ff ff 00 00 00 00 00
00:aa 19 68 1e 00 38 00 00 00 ff ff 00 00 00 00 00 00 ff ff 00 00 00 00 00 00 ff ff 00 00 00 00 00 00 ff ff 00 00 00 00 00 00 ff ff 00 00 00 00 00 00 ff ff 00 00 00 00 00 00 ff ff 00 00 00 00 00
00:aa 19 a0 1e 00 38 00 00 00 ff ff 00 00 00 00 00 00 ff ff 00 00 00 00 00 00 ff ff 00 00 00 00 00 00 ff ff 00 00 00 00 00 00 ff ff 00 00 00 00 00 00 ff ff 00 00 00 00 00 00 ff ff 00 00 00 00 00
00:aa 19 d8 1e 00 38 00 00 00 ff ff 00 00 00 00 00 00 ff ff 00 00 00 00 00 00 ff ff 00 00 00 00 00 00 ff ff 00 00 00 00 00 00 ff ff 00 00 00 00 00 00 ff ff 00 00 00 00 00 00 ff ff 00 00 00 00 00
00:aa 19 10 1f 00 38 00 00 00 ff ff 00 00 00 00 00 00 ff ff 00 00 00 00 00 00 ff ff 00 00 00 00 00 00 ff ff 00 00 00 00 00 00 ff ff 00 00 00 00 00 00 ff ff 00 00 00 00 00 00 ff ff 00 00 00 00 00
00:aa 19 48 1f 00 38 00 00 00 ff ff a2 10 15 00 00 00 ff ff 69 4a 7f 00 00 00 ff ff e5 20 84 00 00 00 ff ff 04 21 fd 00 00 00 ff ff 10 22 7d 0b 00 00 ff ff 4a 7b 09 00 00 00 ff ff c3 18 63 00 00
00:aa 19 80 1f 00 38 00 00 00 ff ff a3 18 70 00 00 00 ff ff a3 18 0d 00 00 00 ff ff c4 18 8d 00 00 00 ff ff f2 6b 40 00 00 00 ff ff a2 10 d7 00 00 00 ff ff a3 18 b6 00 00 00 ff ff c3 18 95 00 00
00:aa 19 b8 1f 00 38 00 00 00 ff ff 26 19 e5 00 00 00 ff ff 00 e8 50 d0 d0 d0 ff ff 26 19 d8 00 00 00 ff ff c3 20 c1 00 00 00 ff ff 26 52 69 00 00 00 ff ff c4 18 61 00 00 00 ff ff c3 20 27 00 00
00:aa 19 f0 1f 00 38 00 00 00 ff ff 64 39 a5 00 00 00 ff ff dd be 40 00 00 00 ff ff 00 e8 34 34 34 34 ff ff 00 00 00 00 00 00 ff ff 00 00 00 00 00 00 ff ff 00 00 00 00 00 00 ff ff 00 00 00 00 00
00:aa 19 28 20 00 38 00 00 00 ff ff 00 00 00 00 00 00 ff ff 00 00 00 00 00 00 ff ff 00 00 00 00 00 00 ff ff 00 00 00 00 00 00 ff ff 00 00 00 00 00 00 ff ff 00 00 00 00 00 00 ff ff 00 00 00 00 00
00:aa 19 60 20 00 38 00 00 00 ff ff 00 00 00 00 00 00 ff ff 00 00 00 00 00 00 ff ff 00 00 00 00 00 00 ff ff 00 00 00 00 00 00 ff ff 00 00 00 00 00 00 ff ff 00 00 00 00 00 00 ff ff 00 00 00 00 00
00:aa 19 98 20 00 38 00 00 00 ff ff 00 00 00 00 00 00 ff ff 00 00 00 00 00 00 ff ff 00 00 00 00 00 00 ff ff 00 00 00 00 00 00 ff ff 00 00 00 00 00 00 ff ff 00 00 00 00 00 00 ff ff 00 00 00 00 00
00:aa 19 d0 20 00 38 00 00 00 ff ff 00 00 00 00 00 00 ff ff 00 00 00 00 00 00 ff ff 00 00 00 00 00 00 ff ff 00 00 00 00 00 00 ff ff 00 00 00 00 00 00 ff ff 00 00 00 00 00 00 ff ff 00 00 00 00 00
00:aa 19 08 21 00 38 00 00 00 ff ff 00 00 00 00 00 00 ff ff 00 00 00 00 00 00 ff ff 00 00 00 00 00 00 ff ff 00 00 00 00 00 00 ff ff 00 00 00 00 00 00 ff ff 00 00 00 00 00 00 ff ff 00 00 00 00 00
00:aa 19 40 21 00 38 00 00 00 ff ff 00 00 00 00 00 00 ff ff 00 00 00 00 00 00 ff ff 00 00 00 00 00 00 ff ff 00 00 00 00 00 00 ff ff 00 00 00 00 00 00 ff ff 00 00 00 00 00 00 ff ff 00 00 00 00 00
00:aa 19 78 21 00 38 00 00 00 ff ff 00 00 00 00 00 00 ff ff 00 00 00 00 00 00 ff ff 00 00 00 00 00 00 ff ff 00 00 00 00 00 00 ff ff 00 00 00 00 00 00 ff ff 00 e8 df d5 2a 00 ff ff 00 e8 ff 55 aa
00:aa 19 b0 21 00 38 00 00 00 ff ff 00 e8 ff 55 aa 00 ff ff 00 e8 ff 55 aa 00 ff ff 00 e8 ff 55 aa 00 ff ff 00 e8 ff 55 aa 00 ff ff 00 e8 ff 55 aa 00 ff ff 00 e8 ff 55 aa 00 ff ff 00 e8 d4 54 a8
00:aa 19 e8 21 00 38 00 00 00 ff ff 00 00 00 00 00 00 ff ff 00 00 00 00 00 00 ff ff 00 00 00 00 00 00 ff ff 00 00 00 00 00 00 ff ff 00 00 00 00 00 00 ff ff 00 00 00 00 00 00 ff ff 00 00 00 00 00
00:aa 19 20 22 00 38 00 00 00 ff ff 00 00 00 00 00 00 ff ff 00 00 00 00 00 00 ff ff 00 00 00 00 00 00 ff ff 00 00 00 00 00 00 ff ff 00 00 00 00 00 00 ff ff 00 00 00 00 00 00 ff ff 00 00 00 00 00
00:aa 19 58 22 00 38 00 00 00 ff ff 00 00 00 00 00 00 ff ff 00 00 00 00 00 00 ff ff 00 00 00 00 00 00 ff ff 00 00 00 00 00 00 ff ff 00 00 00 00 00 00 ff ff 00 00 00 00 00 00 ff ff 00 00 00 00 00
00:aa 19 90 22 00 38 00 00 00 ff ff 00 00 00 00 00 00 ff ff 00 00 00 00 00 00 ff ff 00 00 00 00 00 00 ff ff 00 00 00 00 00 00 ff ff 00 00 00 00 00 00 ff ff 00 00 00 00 00 00 ff ff 00 00 00 00 00
00:aa 19 c8 22 00 38 00 00 00 ff ff 00 00 00 00 00 00 ff ff 00 00 00 00 00 00 ff ff 00 00 00 00 00 00 ff ff 00 00 00 00 00 00 ff ff 00 00 00 00 00 00 ff ff 00 00 00 00 00 00 ff ff 00 00 00 00 00
00:aa 19 00 23 00 38 00 00 00 ff ff 00 00 00 00 00 00 ff ff 00 00 00 00 00 00 ff ff 00 00 00 00 00 00 ff ff 00 00 00 00 00 00 ff ff 00 00 00 00 00 00 ff ff 00 00 00 00 00 00 ff ff 00 00 00 00 00
00:aa 19 38 23 00 38 00 00 00 ff ff 00 00 00 00 00 00 ff ff 00 00 00 00 00 00 ff ff 00 00 00 00 00 00 ff ff 00 00 00 00 00 00 ff ff 00 00 00 00 00 00 ff ff 00 00 00 00 00 00 ff ff 00 00 00 00 00
00:aa 19 70 23 00 38 00 00 00 ff ff 00 00 00 00 00 00 ff ff 00 00 00 00 00 00 ff ff 00 00 00 00 00 00 ff ff 00 00 00 00 00 00 ff ff 00 00 00 00 00 00 ff ff 00 00 00 00 00 00 ff ff 00 00 00 00 00
00:aa 19 a8 23 00 38 00 00 00 ff ff 30 f4 01 01 01 01 ff ff c3 e8 55 55 60 60 ff ff 24 e9 55 55 00 00 ff ff 24 e9 55 55 00 00 ff ff 24 e9 55 55 00 00 ff ff 24 e9 55 55 00 00 ff ff 24 e9 55 55 00
00:aa 19 e0 23 00 38 00 00 00 ff ff 24 e9 55 55 00 00 ff ff 24 e9 55 55 00 00 ff ff 24 e9 55 55 00 00 ff ff 24 e9 55 55 00 00 ff ff 24 e9 55 55 00 00 ff ff 24 e9 55 55 00 00 ff ff 24 e9 55 55 00
00:aa 19 18 24 00 38 00 00 00 ff ff 24 e9 55 55 00 00 ff ff 24 e9 55 55 00 00 ff ff 24 e9 55 55 00 00 ff ff 24 e9 55 55 00 00 ff ff 24 e9 55 55 00 00 ff ff 24 e9 55 55 00 00 ff ff 24 e9 55 55 00
00:aa 19 50 24 00 38 00 00 00 ff ff 24 e9 55 55 00 00 ff ff 24 e9 55 55 00 00 ff ff 24 e9 55 55 00 00 ff ff 24 e9 55 55 00 00 ff ff 24 e9 55 55 00 00 ff ff 24 e9 55 55 00 00 ff ff 24 e9 55 55 00
00:aa 19 88 24 00 38 00 00 00 ff ff 24 e9 55 55 00 00 ff ff c3 e8 55 55 05 05 ff ff 00 00 00 00 00 00 ff ff 00 00 00 00 00 00 ff ff 00 00 00 00 00 00 ff ff 00 00 00 00 00 00 ff ff 00 00 00 00 00
00:aa 19 c0 24 00 38 00 00 00 ff ff 00 00 00 00 00 00 ff ff 00 00 00 00 00 00 ff ff 00 00 00 00 00 00 ff ff 00 00 00 00 00 00 ff ff 00 00 00 00 00 00 79 ce 65 29 00 38 1c 30 be f7 0c 63 00 73 59
00:aa 19 f8 24 00 38 00 00 75 3c e7 30 84 02 7f 54 54 de f7 e8 41 aa 6f 4d 4f ff ff 4d 6b a0 b4 d5 b9 fb de cf 7b 0a e5 4d 4d 9a d6 0c 63 00 9c 14 18 ff ff 0c 63 00 03 63 03 5c e7 e8 41 80 fb dd
00:aa 19 30 25 00 38 00 00 7b 79 ce e7 39 00 8e c7 07 9e f7 2c 63 08 ff 56 cd 3c e7 69 4a 08 bb 42 42 7d ef e7 39 00 9b 5d 7d 3c e7 a2 10 00 0c 2f 1f ff ff 66 31 00 0e 0d 0f be f7 e3 18 00 23 b1
00:aa 19 68 25 00 38 00 00 f9 3c e7 ae 73 0a 4d 4b 63 7d ef 45 29 20 b0 10 10 7d ef a6 31 08 ef 65 67 ff ff cb 5a 08 a4 97 95 ff ff 30 f4 21 91 91 91 00 e8 fb de 35 2d 2d 2d 18 c6 41 08 00 c0 6a
00:aa 19 a0 25 00 38 00 00 42 be f7 92 94 a0 56 a5 0d df ff 08 42 00 32 db 99 ff ff a7 39 00 e0 60 70 be f7 86 31 a0 6e 49 41 3c e7 0c 63 20 eb 59 e0 de f7 49 4a 82 ef c5 56 3c e7 24 21 00 a8 a6
00:aa 19 d8 25 00 38 00 00 26 3c e7 45 29 00 33 d1 51 ff ff 2c 63 82 ff 57 d7 5d ef 28 42 80 f3 11 11 be f7 6d 6b 08 26 36 0d be f7 cb 5a 08 fd 61 61 ff ff 2d 6b 00 02 d3 e3 3c e7 41 08 00 ab 8d
00:aa 19 10 26 00 38 00 00 8e ff ff a6 31 80 b0 38 5d ff ff cf 7b 28 d7 7d 79 7d ef a2 10 20 ec 4c d7 9d ef 65 29 08 2b 01 6e ff ff ae 73 28 9d 79 79 3c e7 49 4a 00 ba 39 39 ff ff cb 5a a0 f0 52
00:aa 19 48 26 00 38 00 00 9a 9d ef 8e 73 20 de 65 47 7d ef 86 31 08 3b 93 12 de f7 0c 63 28 9e 7f 7f de f7 ec 62 0a 27 5a 18 79 ce c3 18 00 aa 72 72 ff ff e3 e8 05 05 85 85 ff ff 00 00 00 00 00
00:aa 19 80 26 00 38 00 00 00 ff ff 00 00 00 00 00 00 ff ff 00 00 00 00 00 00 ff ff 00 00 00 00 00 00 ff ff 00 00 00 00 00 00 ff ff 00 00 00 00 00 00 ff ff 00 00 00 00 00 00 ff ff 00 00 00 00 00
00:aa 19 b8 26 00 38 00 00 00 ff ff 00 00 00 00 00 00 ff ff 00 00 00 00 00 00 ff ff cf 7b 9a 17 00 00 ff ff e4 20 e7 88 00 00 ff ff 51 8c 54 e8 00 00 ff ff a6 31 4f cb 00 00 ff ff 30 84 9a 70 00
00:aa 19 f0 26 00 38 00 00 00 ff ff e3 18 6b 8a 00 00 ff ff cf 7b 98 37 00 00 ff ff f3 9c c1 63 00 00 ff ff 51 8c 4d c9 00 00 ff ff cf 7b a6 7c 00 00 ff ff a7 39 e9 be 00 00 ff ff 4d 6b 79 36 00
00:aa 19 28 27 00 38 00 00 00 ff ff 45 29 f9 a2 00 00 ff ff cb 5a 99 e2 00 00 ff ff 10 84 c7 ca 00 00 ff ff c7 39 76 ac 00 00 ff ff 0c 63 db a2 00 00 ff ff e7 39 1a 0f 00 00 ff ff e8 41 6f 2a 00
00:aa 19 60 27 00 38 00 00 00 ff ff 8e 73 59 62 00 00 ff ff 49 ba 93 fd 03 03 ff ff 00 e8 70 60 60 60 ff ff ef 7b 69 5e 00 00 ff ff 71 8c 76 5e 00 00 ff ff 8a 52 1d 28 00 00 ff ff 71 8c d8 38 00
00:aa 19 98 27 00 38 00 00 00 ff ff 08 42 67 f8 00 00 ff ff 71 8c 6a 5d 00 00 ff ff 69 4a 96 cb 00 00 ff ff cf 7b 35 eb 00 00 ff ff aa 52 d1 23 00 00 ff ff 10 84 d5 73 00 00 ff ff e8 41 91 e3 00
00:aa 19 d0 27 00 38 00 00 00 ff ff cf 7b a9 77 00 00 ff ff 86 31 79 2e 00 00 ff ff f3 9c b3 10 00 00 ff ff 10 84 76 d9 00 00 ff ff 08 42 90 e0 00 00 ff ff 51 8c 57 14 00 00 ff ff 8a 52 24 f0 00
00:aa 19 08 28 00 38 00 00 00 ff ff cf 7b 36 35 00 00 ff ff e7 39 b9 3e 00 00 ff ff 49 4a f1 fe 00 00 ff ff 28 42 9a f0 00 00 ff ff ef 7b 77 9a 00 00 ff ff 69 4a 99 af 00 00 ff ff 8e 73 d7 3e 00
00:aa 19 40 28 00 38 00 00 00 ff ff 30 84 d7 c5 00 00 ff ff 08 42 7b 2e 00 00 ff ff e3 e8 05 05 05 05 ff ff 00 00 00 00 00 00 ff ff 00 00 00 00 00 00 ff ff 00 00 00 00 00 00 ff ff 00 00 00 00 00
00:aa 19 78 28 00 38 00 00 00 ff ff 00 00 00 00 00 00 ff ff 00 00 00 00 00 00 ff ff 00 00 00 00 00 00 ff ff 00 00 00 00 00 00 ff ff 00 00 00 00 00 00 ff ff 00 00 00 00 00 00 ff ff 00 00 00 00 00
00:aa 19 b0 28 00 38 00 00 00 ff ff 00 00 00 00 00 00 ff ff 00 00 00 00 00 00 ff ff 00 00 00 00 00 00 ff ff 00 00 00 00 00 00 ff ff 00 00 00 00 00 00 ff ff 00 00 00 00 00 00 ff ff 00 00 00 00 00
00:aa 19 e8 28 00 38 00 00 00 ff ff 00 00 00 00 00 00 ff ff 00 00 00 00 00 00 ff ff 00 00 00 00 00 00 ff ff 00 00 00 00 00 00 ff ff 00 00 00 00 00 00 ff ff 00 00 00 00 00 00 ff ff 00 00 00 00 00
00:aa 19 20 29 00 38 00 00 00 ff ff 00 00 00 00 00 00 ff ff 00 00 00 00 00 00 ff ff 00 00 00 00 00 00 ff ff 00 00 00 00 00 00 ff ff 00 00 00 00 00 00 ff ff 30 f4 01 01 01 01 ff ff 00 e8 60 60 7f
00:aa 19 58 29 00 38 00 00 55 ff ff 00 e8 00 00 ff 55 ff ff 00 e8 00 00 ff 55 ff ff 00 e8 00 00 ff 55 ff ff 00 e8 00 00 ff 55 ff ff 00 e8 00 00 ff 55 ff ff 00 e8 00 00 ff 55 ff ff 00 e8 00 00 ff
00:aa 19 90 29 00 38 00 00 55 ff ff 00 e8 00 00 ff 55 ff ff 00 e8 00 00 ff 55 ff ff 00 e8 00 00 ff 55 ff ff 00 e8 00 00 ff 55 ff ff 00 e8 00 00 ff 55 ff ff 00 e8 00 00 ff 55 ff ff 00 e8 00 00 ff
00:aa 19 c8 29 00 38 00 00 55 ff ff 00 e8 00 00 ff 55 ff ff 00 e8 00 00 ff 55 ff ff 00 e8 00 00 ff 55 ff ff 00 e8 00 00 ff 55 ff ff 00 e8 00 00 ff 55 ff ff 00 e8 00 00 ff 55 ff ff 00 e8 00 00 ff
00:aa 19 00 2a 00 38 00 00 55 ff ff 00 e8 00 00 ff 55 ff ff 00 e8 00 00 ff 55 ff ff 00 e8 00 00 ff 55 ff ff 00 e8 00 00 ff 55 ff ff 00 e8 00 00 ff 55 ff ff 00 e8 00 00 ff 55 ff ff 00 e8 05 05 f5
00:aa 19 38 2a 00 38 00 00 55 ff ff 00 00 00 00 00 00 ff ff 00 00 00 00 00 00 ff ff 00 00 00 00 55 55 ff ff 00 00 00 00 55 55 ff ff 00 00 00 00 55 55 ff ff 00 00 00 00 55 55 ff ff 00 00 00 00 55
00:aa 19 70 2a 00 38 00 00 55 ff ff 00 00 00 00 55 55 ff ff 00 00 00 00 55 55 ff ff 00 00 00 00 55 55 ff ff 00 00 00 00 55 55 ff ff 00 00 00 00 55 55 ff ff 00 00 00 00 55 55 ff ff 00 00 00 00 55
00:aa 19 a8 2a 00 38 00 00 55 ff ff 00 00 00 00 55 55 ff ff 00 00 00 00 55 55 ff ff 00 00 00 00 55 55 ff ff 00 00 00 00 55 55 ff ff 00 00 00 00 55 55 ff ff 00 00 00 00 55 55 ff ff 00 00 00 00 55
00:aa 19 e0 2a 00 38 00 00 55 ff ff 00 00 00 00 55 55 ff ff 00 00 00 00 55 55 ff ff 00 00 00 00 55 55 ff ff 00 00 00 00 55 55 ff ff 00 00 00 00 55 55 ff ff 00 00 00 00 55 55 ff ff 00 00 00 00 55
00:aa 19 18 2b 00 38 00 00 55 ff ff 00 00 00 00 55 55 ff ff 00 00 00 00 55 55 ff ff 00 00 00 00 55 55 ff ff 00 00 00 00 55 55 ff ff 00 00 00 00 55 55 ff ff 00 00 00 00 55 55 ff ff 00 00 00 00 55
00:aa 19 50 2b 00 38 00 00 55 ff ff 00 00 00 00 55 55 ff ff 00 00 00 00 55 55 ff ff 00 00 00 00 55 55 ff ff 00 00 00 00 55 55 ff ff 00 00 00 00 55 55 ff ff 00 00 00 00 55 55 ff ff 00 00 00 00 55
00:aa 19 88 2b 00 38 00 00 55 ff ff 00 00 00 00 55 55 ff ff 00 00 00 00 55 55 ff ff 00 00 00 00 55 55 ff ff 00 00 00 00 55 55 ff ff 00 00 00 00 55 55 ff ff 00 00 00 00 55 55 ff ff 00 00 00 00 55
00:aa 19 c0 2b 00 38 00 00 55 ff ff 00 00 00 00 55 55 ff ff 00 00 00 00 55 55 ff ff 00 00 00 00 55 55 ff ff 00 00 00 00 55 55 ff ff 00 00 00 00 55 55 ff ff 00 00 00 00 55 55 ff ff 00 00 00 00 55
00:aa 19 f8 2b 00 38 00 00 55 ff ff 00 00 00 00 55 55 ff ff 00 00 00 00 55 55 ff ff 00 00 00 00 55 55 ff ff 00 00 00 00 55 55 ff ff 00 00 00 00 55 55 ff ff 00 00 00 00 55 55 00 00 00 00 00 00 00
00:aa 19 30 2c 00 38 00 00 00 00 00 00 00 00 00 00 00 00 00 00 00 00 00 00 00 00 00 00 00 00 00 00 00 00 00 00 00 00 00 00 00 00 00 00 00 00 00 00 00 00 00 00 00 00 00 00 00 00 00 00 00 00 00 00
00:aa 19 68 2c 00 38 00 00 00 00 00 00 00 00 00 00 00 00 00 00 00 00 00 00 00 00 00 00 00 00 00 00 00 00 00 00 00 00 00 00 00 00 00 00 00 00 00 00 00 00 00 00 00 00 00 00 00 00 00 00 00 00 00 00
00:aa 19 a0 2c 00 38 00 00 00 00 00 00 00 00 00 00 00 00 00 00 00 00 00 00 00 00 00 00 00 00 00 00 00 00 00 00 00 00 00 00 00 00 00 00 00 00 00 00 00 00 00 00 00 00 00 00 00 00 00 00 00 00 00 00
00:aa 19 d8 2c 00 38 00 00 00 00 00 00 00 00 00 00 00 00 00 00 00 00 00 00 00 00 00 00 00 00 00 00 00 00 00 00 00 00 00 00 00 00 00 00 00 00 00 00 00 00 00 00 00 00 00 00 00 00 00 00 00 00 00 00
00:aa 19 10 2d 00 38 00 00 00 00 00 00 00 00 00 00 00 00 00 00 00 00 00 00 00 00 00 00 00 00 00 00 00 00 00 00 00 00 00 00 00 00 00 00 00 00 00 00 00 00 00 00 00 00 00 00 00 00 00 00 00 00 00 00
00:aa 19 48 2d 00 38 00 00 00 00 00 00 00 00 00 00 00 00 00 00 00 00 00 00 00 00 00 00 00 00 00 00 00 00 00 00 00 00 00 00 00 00 00 00 00 00 00 00 00 00 00 00 00 00 00 00 00 00 00 00 00 00 00 00
00:aa 19 80 2d 00 38 00 00 00 00 00 00 00 00 00 00 00 00 00 00 00 00 00 00 00 00 00 00 00 00 00 00 00 00 00 00 00 00 00 00 00 00 00 00 00 00 00 00 00 00 00 00 00 00 00 00 00 00 00 00 00 00 00 00
00:aa 19 b8 2d 00 38 00 00 00 00 00 00 00 00 00 00 00 00 00 00 00 00 00 00 00 00 00 00 00 00 00 00 00 00 00 00 00 00 00 00 00 00 00 00 00 00 00 00 00 00 00 00 00 00 00 00 00 00 00 00 00 00 00 00
00:aa 19 f0 2d 00 38 00 00 00 00 00 00 00 00 00 00 00 00 00 00 00 00 00 00 00 00 00 00 00 00 00 00 00 00 00 00 00 00 00 00 00 00 00 00 00 00 00 00 00 00 00 00 00 00 00 00 00 00 00 00 00 00 00 00
00:aa 19 28 2e 00 38 00 00 00 00 00 00 00 00 00 00 00 00 00 00 00 00 00 00 00 00 00 00 00 00 00 00 00 00 00 00 00 00 00 00 00 00 00 00 00 00 00 00 00 00 00 00 00 00 00 00 00 00 00 00 00 00 00 00
00:aa 19 60 2e 00 38 00 00 00 00 00 00 00 00 00 00 00 00 00 00 00 00 00 00 00 00 00 00 00 00 00 00 00 00 00 00 00 00 00 00 00 00 00 00 00 00 00 00 00 00 00 00 00 00 00 00 00 00 00 00 00 00 00 00
00:aa 19 98 2e 00 38 00 00 00 00 00 00 00 00 00 00 00 00 00 00 00 00 00 00 00 00 00 00 00 00 00 00 00 00 00 00 00 00 00 00 00 00 00 00 00 00 00 00 00 00 00 00 00 00 00 00 00 00 00 00 00 00 00 00
00:aa 19 d0 2e 00 38 00 00 00 00 00 00 00 00 00 00 00 00 00 00 00 00 00 00 00 00 00 00 00 00 00 00 00 00 00 00 00 00 00 00 00 00 00 00 00 00 00 00 00 00 00 00 00 00 00 00 00 00 00 00 00 00 00 00
00:aa 19 08 2f 00 38 00 00 00 00 00 00 00 00 00 00 00 00 00 00 00 00 00 00 00 00 00 00 00 00 00 00 00 00 00 00 00 00 00 00 00 00 00 00 00 00 00 00 00 00 00 00 00 00 00 00 00 00 00 00 00 00 00 00
00:aa 19 40 2f 00 38 00 00 00 00 00 00 00 00 00 00 00 00 00 00 00 00 00 00 00 00 00 00 00 00 00 00 00 00 00 00 00 00 00 00 00 00 00 00 00 00 00 00 00 00 00 00 00 00 00 00 00 00 00 00 00 00 00 00
00:aa 19 78 2f 00 38 00 00 00 00 00 00 00 00 00 00 00 00 00 00 00 00 00 00 00 00 00 00 00 00 00 00 00 00 00 00 00 00 00 00 00 00 00 00 00 00 00 00 00 00 00 00 00 00 00 00 00 00 00 00 00 00 00 00
00:aa 19 b0 2f 00 38 00 00 00 00 00 00 00 00 00 00 00 00 00 00 00 00 00 00 00 00 00 00 00 00 00 00 00 00 00 00 00 00 00 00 00 00 00 00 00 00 00 00 00 00 00 00 00 00 00 00 00 00 00 00 00 00 00 00
00:aa 19 e8 2f 00 38 00 00 00 00 00 00 00 00 00 00 00 00 00 00 00 00 00 00 00 00 00 00 00 00 00 00 00 00 00 00 00 00 00 00 00 00 00 00 00 00 00 00 00 00 00 00 00 00 00 00 00 00 00 00 00 00 00 00
00:aa 19 20 30 00 38 00 00 00 00 00 00 00 00 00 00 00 00 00 00 00 00 00 00 00 00 00 00 00 00 00 00 00 00 00 00 00 00 00 00 00 00 00 00 00 00 00 00 00 00 00 00 00 00 00 00 00 00 00 00 00 00 00 00
00:aa 19 58 30 00 38 00 00 00 00 00 00 00 00 00 00 00 00 00 00 00 00 00 00 00 00 00 00 00 00 00 00 00 00 00 00 00 00 00 00 00 00 00 00 00 00 00 00 00 00 00 00 00 00 00 00 00 00 00 00 00 00 00 00
00:aa 19 90 30 00 38 00 00 00 00 00 00 00 00 00 00 00 00 00 00 00 00 00 00 00 00 00 00 00 00 00 00 00 00 00 00 00 00 00 00 00 00 00 00 00 00 00 00 00 00 00 00 00 00 00 00 00 00 00 00 00 00 00 00
00:aa 19 c8 30 00 38 00 00 00 00 00 00 00 00 00 00 00 00 00 00 00 00 00 00 00 00 00 00 00 00 00 00 00 00 00 00 00 00 00 00 00 00 00 00 00 00 00 00 00 00 00 00 00 00 00 00 00 00 00 00 00 00 00 00
00:aa 19 00 31 00 38 00 00 00 00 00 00 00 00 00 00 00 00 00 00 00 00 00 00 00 00 00 00 00 00 00 00 00 00 00 00 00 00 00 00 00 00 00 00 00 00 00 00 00 00 00 00 00 00 00 00 00 00 00 00 00 00 00 00
00:aa 19 38 31 00 38 00 00 00 00 00 00 00 00 00 00 00 00 00 00 00 00 00 00 00 00 00 00 00 00 00 00 00 00 00 00 00 00 00 00 00 00 00 00 00 00 00 00 00 00 00 00 00 00 00 00 00 00 00 00 00 00 00 00
00:aa 19 70 31 00 38 00 00 00 00 00 00 00 00 00 00 00 00 00 00 00 00 00 00 00 00 00 00 00 00 00 00 00 00 00 00 00 00 00 00 00 00 00 00 00 00 00 00 00 00 00 00 00 00 00 00 00 00 00 00 00 00 00 00
00:aa 19 a8 31 00 38 00 00 00 00 00 00 00 00 00 00 00 00 00 00 00 00 00 00 00 00 00 00 00 00 00 00 00 00 00 00 00 00 00 00 00 00 00 00 00 00 00 00 00 00 00 00 00 00 00 00 00 00 00 00 00 00 00 00
00:aa 19 e0 31 00 38 00 00 00 00 00 00 00 00 00 00 00 00 00 00 00 00 00 00 00 00 00 00 00 00 00 00 00 00 00 00 00 00 00 00 00 00 00 00 00 00 00 00 00 00 00 00 00 00 00 00 00 00 00 00 00 00 00 00
00:aa 19 18 32 00 38 00 00 00 00 00 00 00 00 00 00 00 00 00 00 00 00 00 00 00 00 00 00 00 00 00 00 00 00 00 00 00 00 00 00 00 00 00 00 00 00 00 00 00 00 00 00 00 00 00 00 00 00 00 00 00 00 00 00
00:aa 19 50 32 00 38 00 00 00 00 00 00 00 00 00 00 00 00 00 00 00 00 00 00 00 00 00 00 00 00 00 00 00 00 00 00 00 00 00 00 00 00 00 00 00 00 00 00 00 00 00 00 00 00 00 00 00 00 00 00 00 00 00 00
00:aa 19 88 32 00 38 00 00 00 00 00 00 00 00 00 00 00 00 00 00 00 00 00 00 00 00 00 00 00 00 00 00 00 00 00 00 00 00 00 00 00 00 00 00 00 00 00 00 00 00 00 00 00 00 00 00 00 00 00 00 00 00 00 00
00:aa 19 c0 32 00 38 00 00 00 00 00 00 00 00 00 00 00 00 00 00 00 00 00 00 00 00 00 00 00 00 00 00 00 00 00 00 00 00 00 00 00 00 00 00 00 00 00 00 00 00 00 00 00 00 00 00 00 00 00 00 00 00 00 00
00:aa 19 f8 32 00 38 00 00 00 00 00 00 00 00 00 00 00 00 00 00 00 00 00 00 00 00 00 00 00 00 00 00 00 00 00 00 00 00 00 00 00 00 00 00 00 00 00 00 00 00 00 00 00 00 00 00 00 00 00 00 00 00 00 00
00:aa 19 30 33 00 38 00 00 00 00 00 00 00 00 00 00 00 00 00 00 00 00 00 00 00 00 00 00 00 00 00 00 00 00 00 00 00 00 00 00 00 00 00 00 00 00 00 00 00 00 00 00 00 00 00 00 00 00 00 00 00 00 00 00
00:aa 19 68 33 00 38 00 00 00 00 00 00 00 00 00 00 00 00 00 00 00 00 00 00 00 00 00 00 00 00 00 00 00 00 00 00 00 00 00 00 00 00 00 00 00 00 00 00 00 00 00 00 00 00 00 00 00 00 00 00 00 00 00 00
00:aa 19 a0 33 00 38 00 00 00 00 00 00 00 00 00 00 00 00 00 00 00 00 00 00 00 00 00 00 00 00 00 00 00 00 00 00 00 00 00 00 00 00 00 00 00 00 00 00 00 00 00 00 00 00 00 00 00 00 00 00 00 00 00 00
00:aa 19 d8 33 00 38 00 00 00 00 00 00 00 00 00 00 00 00 00 00 00 00 00 00 00 00 00 00 00 00 00 00 00 00 00 00 00 00 00 00 00 00 00 00 00 00 00 00 00 00 00 00 00 00 00 00 00 00 00 00 00 00 00 00
00:aa 19 10 34 00 38 00 00 00 00 00 00 00 00 00 00 00 00 00 00 00 00 00 00 00 00 00 00 00 00 00 00 00 00 00 00 00 00 00 00 00 00 00 00 00 00 00 00 00 00 00 00 00 00 00 00 00 00 00 00 00 00 00 00
00:aa 19 48 34 00 38 00 00 00 00 00 00 00 00 00 00 00 00 00 00 00 00 00 00 00 00 00 00 00 00 00 00 00 00 00 00 00 00 00 00 00 00 00 00 00 00 00 00 00 00 00 00 00 00 00 00 00 00 00 00 00 00 00 00
00:aa 19 80 34 00 38 00 00 00 00 00 00 00 00 00 00 00 00 00 00 00 00 00 00 00 00 00 00 00 00 00 00 00 00 00 00 00 00 00 00 00 00 00 00 00 00 00 00 00 00 00 00 00 00 00 00 00 00 00 00 00 00 00 00
00:aa 19 b8 34 00 38 00 00 00 00 00 00 00 00 00 00 00 00 00 00 00 00 00 00 00 00 00 00 00 00 00 00 00 00 00 00 00 00 00 00 00 00 00 00 00 00 00 00 00 00 00 00 00 00 00 00 00 00 00 00 00 00 00 00
00:aa 19 f0 34 00 38 00 00 00 00 00 00 00 00 00 00 00 00 00 00 00 00 00 00 00 00 00 00 00 00 00 00 00 00 00 00 00 00 00 00 00 00 00 00 00 00 00 00 00 00 00 00 00 00 00 00 00 00 00 00 00 00 00 00
00:aa 19 28 35 00 38 00 00 00 00 00 00 00 00 00 00 00 00 00 00 00 00 00 00 00 00 00 00 00 00 00 00 00 00 00 00 00 00 00 00 00 00 00 00 00 00 00 00 00 00 00 00 00 00 00 00 00 00 00 00 00 00 00 00
00:aa 19 60 35 00 38 00 00 00 00 00 00 00 00 00 00 00 00 00 00 00 00 00 00 00 00 00 00 00 00 00 00 00 00 00 00 00 00 00 00 00 00 00 00 00 00 00 00 00 00 00 00 00 00 00 00 00 00 00 00 00 00 00 00
00:aa 19 98 35 00 38 00 00 00 00 00 00 00 00 00 00 00 00 00 00 00 00 00 00 00 00 00 00 00 00 00 00 00 00 00 00 00 00 00 00 00 00 00 00 00 00 00 00 00 00 00 00 00 00 00 00 00 00 00 00 00 00 00 00
00:aa 19 d0 35 00 38 00 00 00 00 00 00 00 00 00 00 00 00 00 00 00 00 00 00 00 00 00 00 00 00 00 00 00 00 00 00 00 00 00 00 00 00 00 00 00 00 00 00 00 00 00 00 00 00 00 00 00 00 00 00 00 00 00 00
00:aa 19 08 36 00 38 00 00 00 00 00 00 00 00 00 00 00 00 00 00 00 00 00 00 00 00 00 00 00 00 00 00 00 00 00 00 00 00 00 00 00 00 00 00 00 00 00 00 00 00 00 00 00 00 00 00 00 00 00 00 00 00 00 00
00:aa 19 40 36 00 38 00 00 00 00 00 00 00 00 00 00 00 00 00 00 00 00 00 00 00 00 00 00 00 00 00 00 00 00 00 00 00 00 00 00 00 00 00 00 00 00 00 00 00 00 00 00 00 00 00 00 00 00 00 00 00 00 00 00
00:aa 19 78 36 00 38 00 00 00 00 00 00 00 00 00 00 00 00 00 00 00 00 00 00 00 00 00 00 00 00 00 00 00 00 00 00 00 00 00 00 00 00 00 00 00 00 00 00 00 00 00 00 00 00 00 00 00 00 00 00 00 00 00 00
00:aa 19 b0 36 00 38 00 00 00 00 00 00 00 00 00 00 00 00 00 00 00 00 00 00 00 00 00 00 00 00 00 00 00 00 00 00 00 00 00 00 00 00 00 00 00 00 00 00 00 00 00 00 00 00 00 00 00 00 00 00 00 00 00 00
00:aa 19 e8 36 00 38 00 00 00 00 00 00 00 00 00 00 00 00 00 00 00 00 00 00 00 00 00 00 00 00 00 00 00 00 00 00 00 00 00 00 00 00 00 00 00 00 00 00 00 00 00 00 00 00 00 00 00 00 00 00 00 00 00 00
00:aa 19 20 37 00 38 00 00 00 00 00 00 00 00 00 00 00 00 00 00 00 00 00 00 00 00 00 00 00 00 00 00 00 00 00 00 00 00 00 00 00 00 00 00 00 00 00 00 00 00 00 00 00 00 00 00 00 00 00 00 00 00 00 00
00:aa 19 58 37 00 38 00 00 00 00 00 00 00 00 00 00 00 00 00 00 00 00 00 00 00 00 00 00 00 00 00 00 00 00 00 00 00 00 00 00 00 00 00 00 00 00 00 00 00 00 00 00 00 00 00 00 00 00 00 00 00 00 00 00
00:aa 19 90 37 00 38 00 00 00 00 00 00 00 00 00 00 00 00 00 00 00 00 00 00 00 00 00 00 00 00 00 00 00 00 00 00 00 00 00 00 00 00 00 00 00 00 00 00 00 00 00 00 00 00 00 00 00 00 00 00 00 00 00 00
00:aa 19 c8 37 00 38 00 00 00 00 00 00 00 00 00 00 00 00 00 00 00 00 00 00 00 00 00 00 00 00 00 00 00 00 00 00 00 00 00 00 00 00 00 00 00 00 00 00 00 00 00 00 00 00 00 00 00 00 00 00 00 00 00 00
00:aa 19 00 38 00 38 00 00 00 00 00 00 00 00 00 00 00 00 00 00 00 00 00 00 00 00 00 00 00 00 00 00 00 00 00 00 00 00 00 00 00 00 00 00 00 00 00 00 00 00 00 00 00 00 00 00 00 00 00 00 00 00 00 00
00:aa 19 38 38 00 38 00 00 00 00 00 00 00 00 00 00 00 00 00 00 00 00 00 00 00 00 00 00 00 00 00 00 00 00 00 00 00 00 00 00 00 00 00 00 00 00 00 00 00 00 00 00 00 00 00 00 00 00 00 00 00 00 00 00
00:aa 19 70 38 00 38 00 00 00 00 00 00 00 00 00 00 00 00 00 00 00 00 00 00 00 00 00 00 00 00 00 00 00 00 00 00 00 00 00 00 00 00 00 00 00 00 00 00 00 00 00 00 00 00 00 00 00 00 00 00 00 00 00 00
00:aa 19 a8 38 00 38 00 00 00 00 00 00 00 00 00 00 00 00 00 00 00 00 00 00 00 00 00 00 00 00 00 00 00 00 00 00 00 00 00 00 00 00 00 00 00 00 00 00 00 00 00 00 00 00 00 00 00 00 00 00 00 00 00 00
00:aa 19 e0 38 00 38 00 00 00 00 00 00 00 00 00 00 00 00 00 00 00 00 00 00 00 00 00 00 00 00 00 00 00 00 00 00 00 00 00 00 00 00 00 00 00 00 00 00 00 00 00 00 00 00 00 00 00 00 00 00 00 00 00 00
00:aa 19 18 39 00 38 00 00 00 00 00 00 00 00 00 00 00 00 00 00 00 00 00 00 00 00 00 00 00 00 00 00 00 00 00 00 00 00 00 00 00 00 00 00 00 00 00 00 00 00 00 00 00 00 00 00 00 00 00 00 00 00 00 00
00:aa 19 50 39 00 38 00 00 00 00 00 00 00 00 00 00 00 00 00 00 00 00 00 00 00 00 00 00 00 00 00 00 00 00 00 00 00 00 00 00 00 00 00 00 00 00 00 00 00 00 00 00 00 00 00 00 00 00 00 00 00 00 00 00
00:aa 19 88 39 00 38 00 00 00 00 00 00 00 00 00 00 00 00 00 00 00 00 00 00 00 00 00 00 00 00 00 00 00 00 00 00 00 00 00 00 00 00 00 00 00 00 00 00 00 00 00 00 00 00 00 00 00 00 00 00 00 00 00 00
00:aa 19 c0 39 00 38 00 00 00 00 00 00 00 00 00 00 00 00 00 00 00 00 00 00 00 00 00 00 00 00 00 00 00 00 00 00 00 00 00 00 00 00 00 00 00 00 00 00 00 00 00 00 00 00 00 00 00 00 00 00 00 00 00 00
00:aa 19 f8 39 00 38 00 00 00 00 00 00 00 00 00 00 00 00 00 00 00 00 00 00 00 00 00 00 00 00 00 00 00 00 00 00 00 00 00 00 00 00 00 00 00 00 00 00 00 00 00 00 00 00 00 00 00 00 00 00 00 00 00 00
00:aa 19 30 3a 00 38 00 00 00 00 00 00 00 00 00 00 00 00 00 00 00 00 00 00 00 00 00 00 00 00 00 00 00 00 00 00 00 00 00 00 00 00 00 00 00 00 00 00 00 00 00 00 00 00 00 00 00 00 00 00 00 00 00 00
00:aa 19 68 3a 00 38 00 00 00 00 00 00 00 00 00 00 00 00 00 00 00 00 00 00 00 00 00 00 00 00 00 00 00 00 00 00 00 00 00 00 00 00 00 00 00 00 00 00 00 00 00 00 00 00 00 00 00 00 00 00 00 00 00 00
00:aa 19 a0 3a 00 38 00 00 00 00 00 00 00 00 00 00 00 00 00 00 00 00 00 00 00 00 00 00 00 00 00 00 00 00 00 00 00 00 00 00 00 00 00 00 00 00 00 00 00 00 00 00 00 00 00 00 00 00 00 00 00 00 00 00
00:aa 19 d8 3a 00 38 00 00 00 00 00 00 00 00 00 00 00 00 00 00 00 00 00 00 00 00 00 00 00 00 00 00 00 00 00 00 00 00 00 00 00 00 00 00 00 00 00 00 00 00 00 00 00 00 00 00 00 00 00 00 00 00 00 00
00:aa 19 10 3b 00 38 00 00 00 00 00 00 00 00 00 00 00 00 00 00 00 00 00 00 00 00 00 00 00 00 00 00 00 00 00 00 00 00 00 00 00 00 00 00 00 00 00 00 00 00 00 00 00 00 00 00 00 00 00 00 00 00 00 00
00:aa 19 48 3b 00 38 00 00 00 00 00 00 00 00 00 00 00 00 00 00 00 00 00 00 00 00 00 00 00 00 00 00 00 00 00 00 00 00 00 00 00 00 00 00 00 00 00 00 00 00 00 00 00 00 00 00 00 00 00 00 00 00 00 00
00:aa 19 80 3b 00 38 00 00 00 00 00 00 00 00 00 00 00 00 00 00 00 00 00 00 00 00 00 00 00 00 00 00 00 00 00 00 00 00 00 00 00 00 00 00 00 00 00 00 00 00 00 00 00 00 00 00 00 00 00 00 00 00 00 00
00:aa 19 b8 3b 00 38 00 00 00 00 00 00 00 00 00 00 00 00 00 00 00 00 00 00 00 00 00 00 00 00 00 00 00 00 00 00 00 00 00 00 00 00 00 00 00 00 00 00 00 00 00 00 00 00 00 00 00 00 00 00 00 00 00 00
00:aa 19 f0 3b 00 38 00 00 00 00 00 00 00 00 00 00 00 00 00 00 00 00 00 00 00 00 00 00 00 00 00 00 00 00 00 00 00 00 00 00 00 00 00 00 00 00 00 00 00 00 00 00 00 00 00 00 00 00 00 00 00 00 00 00
00:aa 19 28 3c 00 38 00 00 00 00 00 00 00 00 00 00 00 00 00 00 00 00 00 00 00 00 00 00 00 00 00 00 00 00 00 00 00 00 00 00 00 00 00 00 00 00 00 00 00 00 00 00 00 00 00 00 00 00 00 00 00 00 00 00
00:aa 19 60 3c 00 38 00 00 00 00 00 00 00 00 00 00 00 00 00 00 00 00 00 00 00 00 00 00 00 00 00 00 00 00 00 00 00 00 00 00 00 00 00 00 00 00 00 00 00 00 00 00 00 00 00 00 00 00 00 00 00 00 00 00
00:aa 19 98 3c 00 38 00 00 00 00 00 00 00 00 00 00 00 00 00 00 00 00 00 00 00 00 00 00 00 00 00 00 00 00 00 00 00 00 00 00 00 00 00 00 00 00 00 00 00 00 00 00 00 00 00 00 00 00 00 00 00 00 00 00
00:aa 19 d0 3c 00 38 00 00 00 00 00 00 00 00 00 00 00 00 00 00 00 00 00 00 00 00 00 00 00 00 00 00 00 00 00 00 00 00 00 00 00 00 00 00 00 00 00 00 00 00 00 00 00 00 00 00 00 00 00 00 00 00 00 00
00:aa 19 08 3d 00 38 00 00 00 00 00 00 00 00 00 00 00 00 00 00 00 00 00 00 00 00 00 00 00 00 00 00 00 00 00 00 00 00 00 00 00 00 00 00 00 00 00 00 00 00 00 00 00 00 00 00 00 00 00 00 00 00 00 00
00:aa 19 40 3d 00 38 00 00 00 00 00 00 00 00 00 00 00 00 00 00 00 00 00 00 00 00 00 00 00 00 00 00 00 00 00 00 00 00 00 00 00 00 00 00 00 00 00 00 00 00 00 00 00 00 00 00 00 00 00 00 00 00 00 00
00:aa 19 78 3d 00 38 00 00 00 00 00 00 00 00 00 00 00 00 00 00 00 00 00 00 00 00 00 00 00 00 00 00 00 00 00 00 00 00 00 00 00 00 00 00 00 00 00 00 00 00 00 00 00 00 00 00 00 00 00 00 00 00 00 00
00:aa 19 b0 3d 00 38 00 00 00 00 00 00 00 00 00 00 00 00 00 00 00 00 00 00 00 00 00 00 00 00 00 00 00 00 00 00 00 00 00 00 00 00 00 00 00 00 00 00 00 00 00 00 00 00 00 00 00 00 00 00 00 00 00 00
00:aa 19 e8 3d 00 38 00 00 00 00 00 00 00 00 00 00 00 00 00 00 00 00 00 00 00 00 00 00 00 00 00 00 00 00 00 00 00 00 00 00 00 00 00 00 00 00 00 00 00 00 00 00 00 00 00 00 00 00 00 00 00 00 00 00
00:aa 19 20 3e 00 38 00 00 00 00 00 00 00 00 00 00 00 00 00 00 00 00 00 00 00 00 00 00 00 00 00 00 00 00 00 00 00 00 00 00 00 00 00 00 00 00 00 00 00 00 00 00 00 00 00 00 00 00 00 00 00 00 00 00
00:aa 19 58 3e 00 38 00 00 00 00 00 00 00 00 00 00 00 00 00 00 00 00 00 00 00 00 00 00 00 00 00 00 00 00 00 00 00 00 00 00 00 00 00 00 00 00 00 00 00 00 00 00 00 00 00 00 00 00 00 00 00 00 00 00
00:aa 19 90 3e 00 38 00 00 00 00 00 00 00 00 00 00 00 00 00 00 00 00 00 00 00 00 00 00 00 00 00 00 00 00 00 00 00 00 00 00 00 00 00 00 00 00 00 00 00 00 00 00 00 00 00 00 00 00 00 00 00 00 00 00
00:aa 19 c8 3e 00 38 00 00 00 00 00 00 00 00 00 00 00 00 00 00 00 00 00 00 00 00 00 00 00 00 00 00 00 00 00 00 00 00 00 00 00 00 00 00 00 00 00 00 00 00 00 00 00 00 00 00 00 00 00 00 00 00 00 00
00:aa 19 00 3f 00 38 00 00 00 00 00 00 00 00 00 00 00 00 00 00 00 00 00 00 00 00 00 00 00 00 00 00 00 00 00 00 00 00 00 00 00 00 00 00 00 00 00 00 00 00 00 00 00 00 00 00 00 00 00 00 00 00 00 00
00:aa 19 38 3f 00 38 00 00 00 00 00 00 00 00 00 00 00 00 00 00 00 00 00 00 00 00 00 00 00 00 00 00 00 00 00 00 00 00 00 00 00 00 00 00 00 00 00 00 00 00 00 00 00 00 00 00 00 00 00 00 00 00 00 00
00:aa 19 70 3f 00 38 00 00 00 00 00 00 00 00 00 00 00 00 00 00 00 00 00 00 00 00 00 00 00 00 00 00 00 00 00 00 00 00 00 00 00 00 00 00 00 00 00 00 00 00 00 00 00 00 00 00 00 00 00 00 00 00 00 00
00:aa 19 a8 3f 00 38 00 00 00 00 00 00 00 00 00 00 00 00 00 00 00 00 00 00 00 00 00 00 00 00 00 00 00 00 00 00 00 00 00 00 00 00 00 00 00 00 00 00 00 00 00 00 00 00 00 00 00 00 00 00 00 00 00 00
00:aa 19 e0 3f 00 38 00 00 00 00 00 00 00 00 00 00 00 00 00 00 00 00 00 00 00 00 00 00 00 00 00 00 00 00 00 00 00 00 00 00 00 00 00 00 00 00 00 00 00 00 00 00 00 00 00 00 00 00 00 00 00 00 00 00
00:aa 19 18 40 00 38 00 00 00 00 00 00 00 00 00 00 00 00 00 00 00 00 00 00 00 00 00 00 00 00 00 00 00 00 00 00 00 00 00 00 00 00 00 00 00 00 00 00 00 00 00 00 00 00 00 00 00 00 00 00 00 00 00 00
00:aa 19 50 40 00 38 00 00 00 00 00 00 00 00 00 00 00 00 00 00 00 00 00 00 00 00 00 00 00 00 00 00 00 00 00 00 00 00 00 00 00 00 00 00 00 00 00 00 00 00 00 00 00 00 00 00 00 00 00 00 00 00 00 00
00:aa 19 88 40 00 38 00 00 00 00 00 00 00 00 00 00 00 00 00 00 00 00 00 00 00 00 00 00 00 00 00 00 00 00 00 00 00 00 00 00 00 00 00 00 00 00 00 00 00 00 00 00 00 00 00 00 00 00 00 00 00 00 00 00
00:aa 19 c0 40 00 38 00 00 00 00 00 00 00 00 00 00 00 00 00 00 00 00 00 00 00 00 00 00 00 00 00 00 00 00 00 00 00 00 00 00 00 00 00 00 00 00 00 00 00 00 00 00 00 00 00 00 00 00 00 00 00 00 00 00
00:aa 19 f8 40 00 38 00 00 00 00 00 00 00 00 00 00 00 00 00 00 00 00 00 00 00 00 00 00 00 00 00 00 00 00 00 00 00 00 00 00 00 00 00 00 00 00 00 00 00 00 00 00 00 00 00 00 00 00 00 00 00 00 00 00
00:aa 19 30 41 00 38 00 00 00 00 00 00 00 00 00 00 00 00 00 00 00 00 00 00 00 00 00 00 00 00 00 00 00 00 00 00 00 00 00 00 00 00 00 00 00 00 00 00 00 00 00 00 00 00 00 00 00 00 00 00 00 00 00 00
00:aa 19 68 41 00 38 00 00 00 00 00 00 00 00 00 00 00 00 00 00 00 00 00 00 00 00 00 00 00 00 00 00 00 00 00 00 00 00 00 00 00 00 00 00 00 00 00 00 00 00 00 00 00 00 00 00 00 00 00 00 00 00 00 00
00:aa 19 a0 41 00 28 00 00 00 00 00 00 00 00 00 00 00 00 00 00 00 00 00 00 00 00 00 00 00 00 00 00 00 00 00 00 00 00 00 00 00 00 00 00 00 00 00 00 00 00 00 00 00 00 00 00 00 00 00 00 00 00 00 00
00:aa 19 00 00 01 38 00 00 51 47 49 46 00 27 00 01 3b 21 ff ff ff ff ff ff ff ff ff ff ff ff ff ff ff ff ff ff ff ff ff ff ff ff ff ff ff ff ff ff ff ff ff ff ff ff ff ff ff ff ff ff ff ff ff ff
00:aa 19 38 00 01 38 00 00 ff ff ff ff ff ff ff ff ff ff ff ff ff ff ff ff ff ff ff ff ff ff ff ff ff ff ff ff ff ff ff ff ff ff ff ff ff ff ff ff ff ff ff ff ff ff ff ff ff ff ff ff ff ff ff ff
00:aa 19 70 00 01 38 00 00 ff ff ff ff ff ff ff ff ff ff ff ff ff ff ff ff ff ff ff ff ff ff ff ff ff ff ff ff ff ff ff ff ff ff ff ff ff ff ff ff ff ff ff ff ff ff ff ff ff ff ff ff ff ff ff ff
00:aa 19 a8 00 01 38 00 00 ff ff ff ff ff ff ff ff ff ff ff ff ff ff ff ff ff ff ff ff ff ff ff ff ff ff ff ff ff ff ff ff ff ff ff ff ff ff ff ff ff ff ff ff ff ff ff ff ff ff ff ff ff ff ff ff
00:aa 19 e0 00 01 38 00 00 ff ff ff ff ff ff ff ff ff ff ff ff ff ff ff ff ff ff ff ff ff ff ff ff ff ff ff ff ff ff ff ff ff ff ff ff ff ff ff ff ff 00 00 00 00 00 00 00 00 00 00 00 00 00 00 00
00:aa 19 18 01 01 38 00 00 00 00 00 00 00 00 00 00 00 00 00 00 00 00 00 00 00 00 00 00 00 00 00 00 00 00 00 00 00 00 00 00 00 00 00 00 00 00 00 00 00 00 00 00 00 00 00 00 00 00 00 00 00 00 00 00
00:aa 19 50 01 01 38 00 00 00 00 00 00 00 00 00 00 00 00 00 00 00 00 00 00 00 00 00 00 00 00 00 00 00 00 00 00 00 00 00 00 00 82 10 82 08 ea ea ea ea 82 10 82 10 00 00 00 00 08 42 82 10 55 55 57
00:aa 19 88 01 01 38 00 00 54 08 42 82 10 55 55 80 00 ab 5a a3 18 55 55 00 aa ec 62 c3 18 55 55 b5 89 c4 18 c3 18 fe fe fa ea e4 18 c4 18 e8 e8 a8 aa e4 20 e4 18 ff ff fe ea 04 21 e4 20 aa aa a8
00:aa 19 c0 01 01 38 00 00 a8 05 21 04 21 ec ee bf aa ec 5a 25 21 e0 55 55 55 0c 63 25 21 00 e0 57 55 0c 63 25 21 00 00 e0 57 0d 63 8a 52 aa 0a 22 5a 0c 63 eb 5a fd ff be ab 0c 63 eb 5a 5d f9 ad
00:aa 19 f8 01 01 38 00 00 a9 0c 63 49 52 aa 26 87 57 cb 62 49 4a af 2e 35 0c 6e 73 c7 39 f5 cf fd 95 49 4a 86 31 20 28 da 9d 8a 52 45 29 00 d4 fd f3 ab 52 08 42 02 00 a0 7a 8a 52 c7 39 00 00 00
00:aa 19 30 02 01 38 00 00 a1 6a 4a e4 18 02 09 b5 55 66 29 c3 18 15 55 55 55 a3 18 a3 10 af af af ae a3 10 82 10 af ab aa aa a3 10 82 10 ff ff af af 82 10 62 10 2b 2b 2b 0b 62 10 00 00 00 00 00
00:aa 19 68 02 01 38 00 00 00 62 08 62 08 00 00 00 00 62 08 41 08 aa aa aa aa 41 08 41 08 00 00 00 00 00 00 00 00 00 00 00 00 00 00 00 00 00 00 00 00 00 00 00 00 00 00 00 00 00 00 00 00 00 00 00
00:aa 19 a0 02 01 38 00 00 00 00 00 00 00 00 00 00 00 00 00 00 00 00 00 00 00 00 00 00 00 00 00 00 00 00 00 00 00 00 00 00 00 00 00 00 00 00 00 00 00 00 00 00 00 00 00 00 00 00 00 00 00 00 00 00
00:aa 19 d8 02 01 38 00 00 00 00 00 00 00 00 00 00 00 00 00 00 00 00 00 00 00 00 00 00 00 00 00 00 00 00 00 00 00 00 00 00 00 00 00 00 00 00 00 00 00 00 00 00 00 00 00 00 00 00 00 00 00 00 00 00
00:aa 19 10 03 01 38 00 00 00 00 00 00 00 00 00 00 00 00 00 00 00 00 00 00 00 00 00 00 00 00 00 00 00 00 00 00 00 00 00 00 00 00 00 00 00 00 00 00 00 00 00 00 00 00 00 00 00 00 00 00 00 00 00 00
00:aa 19 48 03 01 38 00 00 00 00 00 00 00 00 00 00 00 82 10 62 08 ea e0 e0 aa 82 10 82 10 00 00 00 00 08 3a 82 10 5c 56 55 55 0c 63 c3 18 ff e0 f8 55 f0 7b 04 21 ff a8 02 55 2d 63 c3 18 ab 2b bd
00:aa 19 80 03 01 38 00 00 55 e4 18 c4 18 7b aa aa aa e4 18 c4 18 aa 80 80 a0 e4 20 e4 18 ea fa fa fe 04 21 04 21 00 00 00 00 25 21 04 21 ea a8 a8 80 25 21 05 21 aa aa aa a8 45 29 25 21 57 7f 7f
00:aa 19 b8 03 01 38 00 00 aa 25 21 05 21 0a 00 00 02 66 29 25 21 d4 55 57 55 0c 63 25 21 e0 57 57 56 cb 5a 08 4a 23 ab de d7 eb 6a 86 39 70 b0 2a 8b eb 72 28 4a 06 be a0 c0 0f ac 69 5a 55 d7 d5
00:aa 19 f0 03 01 38 00 00 39 2c 73 c7 39 ff b5 8d ca 8a 52 65 31 bd e2 a9 99 29 4a 45 29 20 2d 56 ff 29 42 c3 18 8d f5 e5 ca 04 21 c4 18 d5 f5 f5 05 c4 18 c3 18 fd af af af c3 18 a3 10 af ab ab
00:aa 19 28 04 01 38 00 00 bf a3 10 82 10 aa aa aa 2a a3 10 82 10 ff bf af ab 82 10 62 10 0b 2e 2e 0b 62 10 62 08 aa aa aa aa 62 10 62 08 ab aa aa aa 62 08 41 08 aa aa aa aa 41 08 41 08 00 00 00
00:aa 19 60 04 01 38 00 00 00 00 00 00 00 00 00 00 00 00 00 00 00 00 00 00 00 00 00 00 00 00 00 00 00 00 00 00 00 00 00 00 00 00 00 00 00 00 00 00 00 00 00 00 00 00 00 00 00 00 00 00 00 00 00 00
00:aa 19 98 04 01 38 00 00 00 00 00 00 00 00 00 00 00 00 00 00 00 00 00 00 00 00 00 00 00 00 00 00 00 00 00 00 00 00 00 00 00 00 00 00 00 00 00 00 00 00 00 00 00 00 00 00 00 00 00 00 00 00 00 00
00:aa 19 d0 04 01 38 00 00 00 00 00 00 00 00 00 00 00 00 00 00 00 00 00 00 00 00 00 00 00 00 00 00 00 00 00 00 00 00 00 00 00 00 00 00 00 00 00 00 00 00 00 00 00 00 00 00 00 00 00 00 00 00 00 00
00:aa 19 08 05 01 38 00 00 00 00 00 00 00 00 00 00 00 00 00 00 00 00 00 00 00 00 00 00 00 00 00 00 00 00 00 00 00 00 00 00 00 00 00 00 00 00 00 00 00 05 21 82 10 55 55 bd 00 e4 20 82 10 55 55 55
00:aa 19 40 05 01 38 00 00 2b 83 10 82 10 ff ff ff aa a3 10 82 10 aa a8 ea e0 a3 18 a3 10 be fe fa fa c4 18 a3 10 ea fa ea ea e4 18 c4 18 aa aa fa fa e4 18 e4 18 00 00 00 00 e4 20 e4 18 fe fe ea
00:aa 19 78 05 01 38 00 00 ea 05 21 e4 18 aa aa fa fa 25 21 05 21 aa aa c0 c0 45 29 25 21 7a fd fb fb 46 29 25 21 e0 7d 7d 7f 46 29 25 21 a9 a8 a8 aa 46 29 25 21 55 a5 af bf 6a 52 25 21 54 54 5c
00:aa 19 b0 05 01 38 00 00 5c 4e bc 6a 5a 55 55 5e 78 b4 dd 69 6a 57 58 a0 80 f6 e5 2f ac 7a 82 00 00 11 d5 0b 83 29 29 0b 0a ad a3 e7 49 ad ab 28 2b 2c 83 e7 41 55 bd 15 37 08 42 25 29 0f a5 cd
00:aa 19 e8 05 01 38 00 00 dd c7 39 c3 18 10 5e d5 a0 86 31 04 21 0a 97 95 0b e4 18 c3 18 ff 2a ba 2a c4 18 a3 10 bf 2b 2f 2f a3 10 a3 10 00 00 00 00 a3 10 82 10 ab ab aa aa 82 10 62 10 0a 0a 00
00:aa 19 20 06 01 38 00 00 00 82 10 62 08 ab 0b 2a 2a 62 10 62 08 aa aa aa aa 62 08 62 08 00 00 00 00 41 08 41 08 00 00 00 00 00 00 00 00 00 00 00 00 00 00 00 00 00 00 00 00 00 00 00 00 00 00 00
00:aa 19 58 06 01 38 00 00 00 00 00 00 00 00 00 00 00 00 00 00 00 00 00 00 00 00 00 00 00 00 00 00 00 00 00 00 00 00 00 00 00 00 00 00 00 00 00 00 00 00 00 00 00 00 00 00 00 00 00 00 00 00 00 00
00:aa 19 90 06 01 38 00 00 00 00 00 00 00 00 00 00 00 00 00 00 00 00 00 00 00 00 00 00 00 00 00 00 00 00 00 00 00 00 00 00 00 00 00 00 00 00 00 00 00 00 00 00 00 00 00 00 00 00 00 00 00 00 00 00
00:aa 19 c8 06 01 38 00 00 00 00 00 00 00 00 00 00 00 00 00 00 00 00 00 00 00 00 00 00 00 00 00 00 00 00 00 00 00 00 00 00 00 00 00 00 00 00 00 00 00 00 00 00 00 00 00 00 00 00 00 00 00 00 00 00
00:aa 19 00 07 01 38 00 00 00 00 00 00 00 00 00 00 00 00 00 00 00 00 00 00 00 46 29 25 29 7f 7a fa e8 66 29 25 29 ea aa 80 00 87 31 04 21 d5 aa a8 a8 87 31 83 10 55 af 00 00 a7 39 a3 10 55 55 af
00:aa 19 38 07 01 38 00 00 00 87 31 c3 18 55 55 55 0b e4 18 c4 18 fa fa 6e 9e e4 18 c4 18 80 80 80 a0 e4 20 e4 18 ef ef ef fe 25 21 e4 20 ea fa a0 a0 25 21 05 21 88 bc 28 80 45 29 25 21 ff af 5a
00:aa 19 70 07 01 38 00 00 fa 46 29 25 21 7f f2 af b5 45 29 25 21 2f f7 d7 57 25 21 25 21 00 00 00 00 0a 7b 25 21 5e 5e 5c 5c 6e cc c9 72 68 e0 e0 e0 f5 e5 f1 dc 78 78 f8 78 16 e6 b5 d5 28 28 b6
00:aa 19 a8 07 01 38 00 00 34 b4 e5 6f c4 2d 3f 2d 09 0d bc 48 6a 35 2f 0b 0a ce 9b c7 51 37 bf d5 95 e8 41 45 29 17 29 aa 90 e8 41 04 21 1d d5 d7 3b 08 42 04 21 7f 5d df 62 45 29 c4 18 95 95 15
00:aa 19 e0 07 01 38 00 00 15 c4 18 c3 18 ab ab aa aa c3 18 a3 10 ba 2a 2a aa a3 10 a3 10 00 00 00 00 a3 10 82 10 ab ab ab aa 82 10 62 08 2b 02 00 00 62 10 62 08 aa aa aa aa 62 10 62 08 ab ab ab
00:aa 19 18 08 01 38 00 00 ab 41 08 41 08 00 00 00 00 00 00 00 00 00 00 00 00 00 00 00 00 00 00 00 00 00 00 00 00 00 00 00 00 00 00 00 00 00 00 00 00 00 00 00 00 00 00 00 00 00 00 00 00 00 00 00
00:aa 19 50 08 01 38 00 00 00 00 00 00 00 00 00 00 00 00 00 00 00 00 00 00 00 00 00 00 00 00 00 00 00 00 00 00 00 00 00 00 00 00 00 00 00 00 00 00 00 00 00 00 00 00 00 00 00 00 00 00 00 00 00 00
00:aa 19 88 08 01 38 00 00 00 00 00 00 00 00 00 00 00 00 00 00 00 00 00 00 00 00 00 00 00 00 00 00 00 00 00 00 00 00 00 00 00 00 00 00 00 00 00 00 00 00 00 00 00 00 00 00 00 00 00 00 00 00 00 00
00:aa 19 c0 08 01 38 00 00 00 00 00 00 00 00 00 00 00 00 00 00 00 00 00 00 00 00 00 00 00 00 00 00 00 00 00 00 00 00 00 00 00 00 00 00 00 00 00 00 00 00 00 00 00 00 00 00 00 66 29 25 29 c0 e0 80
00:aa 19 f8 08 01 38 00 00 00 66 31 66 29 aa ba aa a0 a7 31 66 31 fe f8 a0 80 e8 39 a7 39 5f 7a 6a 68 09 42 a7 39 7e fa ea aa 29 42 e8 41 7f fa e0 a8 09 42 45 29 ad 00 00 00 29 42 e4 18 55 2b 00
00:aa 19 30 09 01 38 00 00 00 29 42 04 21 55 d5 0a 00 09 42 05 21 55 55 d5 02 25 21 04 21 80 bf bf 02 25 21 04 21 00 80 f8 a8 25 21 05 21 aa aa 2a aa 25 21 05 21 a8 aa aa ea 25 21 25 21 00 00 00
00:aa 19 68 09 01 38 00 00 00 0b 83 45 21 5c 5c 5e 5e f1 d4 2a 93 7c 78 f8 70 d4 e5 ad a3 80 a2 ba a5 b5 d5 6d 83 00 00 00 d5 f5 e5 70 b4 2d 0b b5 75 8f dc ea 82 ab 2a ab 8d f6 dd 07 62 f5 f5 a8
00:aa 19 a0 09 01 38 00 00 35 91 bc 25 31 55 d5 16 5c ed b3 45 29 55 f5 fd 2a 65 29 c3 18 03 7e db cf a6 39 e4 18 95 95 15 35 e4 18 c3 18 aa ab aa 2e c4 18 c3 18 b5 bd af bf c3 18 a3 10 ff ff ff
00:aa 19 d8 09 01 38 00 00 26 a3 18 82 10 bf ab ab 03 83 10 82 10 fd fd fd b5 82 10 62 08 2f ab ab 2a 62 10 62 08 ab ab ab aa 62 08 41 08 ba aa aa aa 00 00 00 00 00 00 00 00 00 00 00 00 00 00 00
00:aa 19 10 0a 01 38 00 00 00 00 00 00 00 00 00 00 00 00 00 00 00 00 00 00 00 00 00 00 00 00 00 00 00 00 00 00 00 00 00 00 00 00 00 00 00 00 00 00 00 00 00 00 00 00 00 00 00 00 00 00 00 00 00 00
00:aa 19 48 0a 01 38 00 00 00 00 00 00 00 00 00 00 00 00 00 00 00 00 00 00 00 00 00 00 00 00 00 00 00 00 00 00 00 00 00 00 00 00 00 00 00 00 00 00 00 00 00 00 00 00 00 00 00 00 00 00 00 00 00 00
00:aa 19 80 0a 01 38 00 00 00 00 00 00 00 00 00 00 00 00 00 00 00 00 00 00 00 00 00 00 00 00 00 00 00 00 00 00 00 00 00 00 00 00 00 00 00 00 00 00 00 00 00 00 00 00 00 00 00 00 00 00 00 00 00 00
00:aa 19 b8 0a 01 38 00 00 00 00 00 00 00 00 00 00 00 00 00 00 00 00 00 00 00 00 00 00 00 00 00 00 00 66 31 66 29 fa fa ea ea 87 31 66 31 7a 7a 78 e0 c8 39 a7 31 5f 5f 7a fa e8 41 e8 39 5f fa ea
00:aa 19 f0 0a 01 38 00 00 ea 09 42 08 42 fa ba aa a8 29 4a 09 42 57 5a 6a ea 4a 4a 29 42 57 fe fa e8 6a 4a 29 4a d7 f8 ea a8 6a 4a 49 4a ff 2a 00 00 6a 4a 49 4a ff a8 00 00 8b 52 6a 4a 75 6f ea
00:aa 19 28 0b 01 38 00 00 aa 8b 52 66 29 d5 0a 00 00 6a 4a 05 21 55 b5 02 00 6a 4a 25 21 55 55 bd 00 08 42 25 21 55 55 55 2d 07 5a 25 21 5c 5e 5f 5f 12 d5 c6 41 e8 ea fd 55 2e bc 47 6a 03 a2 5c
00:aa 19 60 0b 01 38 00 00 5c 2f b4 a6 49 d5 f5 2f 02 57 ee e7 51 7d 62 e2 ea b6 ed 2b 93 97 6b 83 0b a9 92 07 52 35 bf 2b 0b ad ab 07 5a 52 5d 5f 58 af dc 86 49 0a cb a9 09 a7 39 04 21 4b d5 75
00:aa 19 98 0b 01 38 00 00 95 86 31 a3 18 0b 41 cb 8f f1 73 c4 18 55 55 57 f0 b1 6b c4 18 55 57 a0 00 f1 73 a3 18 55 e8 00 00 d2 6b 83 20 55 aa 00 00 90 63 a3 18 55 ab 02 00 4f 63 82 10 55 f5 fd
00:aa 19 d0 0b 01 38 00 00 25 62 10 62 08 aa aa ab 2b 62 08 41 08 aa aa aa aa 00 00 00 00 00 00 00 00 00 00 00 00 00 00 00 00 00 00 00 00 00 00 00 00 00 00 00 00 00 00 00 00 00 00 00 00 00 00 00
00:aa 19 08 0c 01 38 00 00 00 00 00 00 00 00 00 00 00 00 00 00 00 00 00 00 00 00 00 00 00 00 00 00 00 00 00 00 00 00 00 00 00 00 00 00 00 00 00 00 00 00 00 00 00 00 00 00 00 00 00 00 00 00 00 00
00:aa 19 40 0c 01 38 00 00 00 00 00 00 00 00 00 00 00 00 00 00 00 00 00 00 00 00 00 00 00 00 00 00 00 00 00 00 00 00 00 00 00 00 00 00 00 00 00 00 00 00 00 00 00 00 00 00 00 00 00 00 00 00 00 00
00:aa 19 78 0c 01 38 00 00 00 00 00 00 00 00 00 00 00 00 00 00 00 00 00 00 00 00 00 00 00 00 00 00 00 00 00 00 00 00 00 00 00 00 00 00 00 00 00 00 00 00 00 00 00 00 00 00 00 00 00 00 00 00 00 00
00:aa 19 b0 0c 01 38 00 00 00 67 31 66 29 ea 6a 5a 6a a7 39 87 31 7b 7a 7a 78 e8 39 a7 39 7e 7a e2 f8 e8 41 e8 39 ea ea ea e0 29 4a 09 42 56 56 5e 7a 4a 4a 29 4a 7f fe ea ea 6a 52 4a 4a 56 5e 7b
00:aa 19 e8 0c 01 38 00 00 7a 8a 52 4a 4a d7 be aa 80 8a 52 6a 4a f5 ff af 0a 8b 52 6a 4a 5e 7e ea a8 8b 52 8a 52 aa aa aa a8 ab 52 00 00 00 00 00 00 8b 52 8a 52 aa aa aa aa 8b 52 6a 52 b5 af ab
00:aa 19 20 0d 01 38 00 00 bf 6a 4a 49 4a fd 0b 02 02 d2 ac 46 29 d5 ff e2 e0 54 c5 a6 39 57 56 98 ff fa f6 8b 9b f6 3e d6 56 77 f6 8f c4 55 de 1e 27 77 f6 6f c4 58 ba 00 00 36 ee 4b a3 09 25 35
00:aa 19 58 0d 01 38 00 00 2d c9 92 48 6a 2d 25 35 37 6d 93 27 62 5c 56 54 fc f2 cc 25 29 0d 29 2d 05 b1 63 47 29 a5 82 80 80 f2 6b 46 29 5c e0 00 00 33 74 0b 32 00 03 0f 04 b5 84 2f 53 5e 7a a2
00:aa 19 90 0d 01 38 00 00 0b 34 6c 0f 5b 02 0a a0 5e 74 74 4f 5b be 89 8d f5 4f 5b 68 21 0b 15 5e 62 ad 4a 86 29 8d a9 2a 2a 09 3a 62 10 55 55 d5 15 62 08 41 08 aa aa aa aa 00 00 00 00 00 00 00
00:aa 19 c8 0d 01 38 00 00 00 00 00 00 00 00 00 00 00 00 00 00 00 00 00 00 00 00 00 00 00 00 00 00 00 00 00 00 00 00 00 00 00 00 00 00 00 00 00 00 00 00 00 00 00 00 00 00 00 00 00 00 00 00 00 00
00:aa 19 00 0e 01 38 00 00 00 00 00 00 00 00 00 00 00 00 00 00 00 00 00 00 00 00 00 00 00 00 00 00 00 00 00 00 00 00 00 00 00 00 00 00 00 00 00 00 00 00 00 00 00 00 00 00 00 00 00 00 00 00 00 00
00:aa 19 38 0e 01 38 00 00 00 00 00 00 00 00 00 00 00 00 00 00 00 00 00 00 00 00 00 00 00 00 00 00 00 00 00 00 00 00 00 00 00 00 00 00 00 00 00 00 00 00 00 00 00 00 00 00 00 00 00 00 00 00 00 00
00:aa 19 70 0e 01 38 00 00 00 00 00 00 00 00 00 00 00 00 00 00 00 00 00 00 00 00 00 00 00 00 00 00 00 00 00 00 00 00 00 00 00 86 31 82 10 00 00 e0 57 c7 39 04 21 80 80 00 5e e8 39 c7 39 78 f8 f8
00:aa 19 a8 0e 01 38 00 00 58 09 42 08 42 7a ea ea c2 29 4a 29 42 ea e8 e8 ea 4a 4a 49 4a aa aa ae ff 6a 52 69 4a e0 f8 f8 78 8b 52 8a 52 aa a2 a0 80 8b 52 8a 52 af aa aa 00 8b 52 8a 52 aa aa aa
00:aa 19 e0 0e 01 38 00 00 0a 8b 52 8a 52 a8 a8 aa ba ab 52 8b 52 aa f5 f5 f5 8b 52 8a 52 aa aa aa aa 8b 52 8a 52 bf af af af 8a 52 4a 4a bf bd ab aa 6e 6b 4a 4a 5d 5b 5c 56 ac ab ab 5a 78 70 5c
00:aa 19 18 0f 01 38 00 00 d6 15 ee ed bb 5c 78 f8 57 b8 fe e6 69 0a 00 2d 97 b4 ed ea 92 80 a0 50 60 92 ed e9 92 2d 2d 2d ad ca 82 48 7a 16 d6 d8 f8 aa 72 85 39 00 29 2d 3d 37 ce 45 31 35 55 55
00:aa 19 50 0f 01 38 00 00 55 96 7c ee 5a 6a 68 6a 6a 95 84 13 6c d2 70 60 7d d5 84 ad 42 1c 90 e0 a0 d6 84 34 6c 5d 1d 2f 2b b5 84 ee 52 aa aa 02 09 f2 6b 67 21 0d 26 9e 78 70 53 ee 4a 69 3b 0b
00:aa 19 88 0f 01 38 00 00 09 ad 42 4b 3a 3d 35 35 25 e9 39 62 10 35 05 0d 09 62 08 62 08 00 00 00 00 00 00 00 00 00 00 00 00 00 00 00 00 00 00 00 00 00 00 00 00 00 00 00 00 00 00 00 00 00 00 00
00:aa 19 c0 0f 01 38 00 00 00 00 00 00 00 00 00 00 00 00 00 00 00 00 00 00 00 00 00 00 00 00 00 00 00 00 00 00 00 00 00 00 00 00 00 00 00 00 00 00 00 00 00 00 00 00 00 00 00 00 00 00 00 00 00 00
00:aa 19 f8 0f 01 38 00 00 00 00 00 00 00 00 00 00 00 00 00 00 00 00 00 00 00 00 00 00 00 00 00 00 00 00 00 00 00 00 00 00 00 00 00 00 00 00 00 00 00 00 00 00 00 00 00 00 00 00 00 00 00 00 00 00
00:aa 19 30 10 01 38 00 00 00 00 00 00 00 00 00 00 00 00 00 00 00 00 00 00 00 00 00 00 00 00 00 00 00 00 00 00 00 00 00 00 00 00 00 00 00 00 00 00 00 00 00 00 00 00 00 00 00 00 00 00 00 00 00 00
00:aa 19 68 10 01 38 00 00 00 00 00 00 00 00 00 00 00 a3 10 82 10 ea ea ea aa a3 18 a3 10 aa a8 e2 aa 25 21 c3 18 5c 55 55 55 29 42 e4 18 80 55 55 55 29 4a e4 18 00 fa 55 55 49 4a 04 21 00 80 5f
00:aa 19 a0 10 01 38 00 00 55 6a 4a 04 21 00 00 a0 55 ab 52 66 29 00 00 00 78 ab 52 8b 52 aa aa 3b 00 ab 52 8b 52 ad ad 8b 8a 8b 52 8a 52 a8 aa aa aa 8b 52 8b 52 00 00 00 00 8b 52 8b 52 00 00 00
00:aa 19 d8 10 01 38 00 00 00 8b 52 8a 52 af af bf bf 6a 52 6a 4a ba bf fb ab 6a 52 4a 4a 96 d5 77 6f 48 62 6a 4a 5e 57 55 55 0e ac 85 59 85 cd 6b 5b 93 e5 e7 61 58 78 e8 8a 36 f6 68 72 00 8a ab
00:aa 19 10 11 01 38 00 00 d5 f1 d4 89 82 2d b5 55 55 c9 8a a9 7a ab 0b e1 c1 28 62 65 39 37 37 96 d6 aa 7a a8 41 f5 b5 ad 0b 14 6c 0f 5b 40 c3 4a cf f3 6b 50 5b a8 cf 07 04 17 8d b0 6b 70 60 40
00:aa 19 48 11 01 38 00 00 80 d6 84 54 7c 3c 28 38 d1 f6 8c e9 31 29 a7 b6 da d2 63 2b 32 60 80 00 00 91 5b 0f 4b 2d 2d 0b 2d ce 42 2b 3a 25 2d 2f 2a 6b 42 e4 20 a9 29 2b 3a 82 10 41 08 bf af 2b
00:aa 19 80 11 01 38 00 00 3d 00 00 00 00 00 00 00 00 00 00 00 00 00 00 00 00 00 00 00 00 00 00 00 00 00 00 00 00 00 00 00 00 00 00 00 00 00 00 00 00 00 00 00 00 00 00 00 00 00 00 00 00 00 00 00
00:aa 19 b8 11 01 38 00 00 00 00 00 00 00 00 00 00 00 00 00 00 00 00 00 00 00 00 00 00 00 00 00 00 00 00 00 00 00 00 00 00 00 00 00 00 00 00 00 00 00 00 00 00 00 00 00 00 00 00 00 00 00 00 00 00
00:aa 19 f0 11 01 38 00 00 00 00 00 00 00 00 00 00 00 00 00 00 00 00 00 00 00 00 00 00 00 00 00 00 00 00 00 00 00 00 00 00 00 00 00 00 00 00 00 00 00 00 00 00 00 00 00 00 00 00 00 00 00 00 00 00
00:aa 19 28 12 01 38 00 00 00 00 00 00 00 00 00 00 00 00 00 00 00 00 00 00 00 00 00 00 00 00 00 00 00 00 00 00 00 00 00 00 00 00 00 00 00 00 00 00 00 82 10 62 08 a0 ea 80 00 a3 18 82 10 ea 5e ff
00:aa 19 60 12 01 38 00 00 ea c3 18 82 10 00 a0 5f aa e4 18 c3 18 ea ea 5f 55 04 21 a3 10 a8 a8 a8 7e 04 21 e4 18 aa aa aa 7e 05 21 04 21 57 55 55 ab 25 21 04 21 dc be fe fa a7 31 25 21 e0 55 5d
00:aa 19 98 12 01 38 00 00 55 ab 52 25 21 80 5e 56 56 ab 52 8b 52 fa 6a aa aa ab 52 8b 52 af af af aa 8b 52 8b 52 00 00 00 00 8b 52 8a 52 bf bf bf bf 6a 52 6a 4a ab ab aa af 6a 52 6a 4a 7f fe aa
00:aa 19 d0 12 01 38 00 00 fe 6a 52 6a 4a ab ab ab ab 49 4a 44 31 20 0e 09 00 54 dd 47 6a fd 5c e0 dd 91 bc c6 59 a0 0b 27 5f ee ab a9 82 e5 bd 7f 2b a9 82 04 31 02 03 0b 2d 68 62 24 29 dc 5c 5c
00:aa 19 08 13 01 38 00 00 58 ea 82 8c 5a 89 09 09 89 13 74 51 5b c7 b6 2c 30 f2 73 0f 53 24 36 b8 ec 37 95 54 74 02 0a 2e 87 94 7c ea 31 03 01 0d 05 f2 63 2a 32 60 40 80 80 54 6c d2 63 dd 89 b6
00:aa 19 40 13 01 38 00 00 eb 91 5b 0f 4b 2f 01 0d 2d ee 4a e6 18 02 09 27 fa 29 42 47 21 7a 6a 2e 18 87 31 82 10 d5 95 35 25 00 00 00 00 00 00 00 00 00 00 00 00 00 00 00 00 00 00 00 00 00 00 00
00:aa 19 78 13 01 38 00 00 00 00 00 00 00 00 00 00 00 00 00 00 00 00 00 00 00 00 00 00 00 00 00 00 00 00 00 00 00 00 00 00 00 00 00 00 00 00 00 00 00 00 00 00 00 00 00 00 00 00 00 00 00 00 00 00
00:aa 19 b0 13 01 38 00 00 00 00 00 00 00 00 00 00 00 00 00 00 00 00 00 00 00 00 00 00 00 00 00 00 00 00 00 00 00 00 00 00 00 00 00 00 00 00 00 00 00 00 00 00 00 00 00 00 00 00 00 00 00 00 00 00
00:aa 19 e8 13 01 38 00 00 00 00 00 00 00 00 00 00 00 00 00 00 00 00 00 00 00 00 00 00 00 00 00 00 00 00 00 00 00 00 00 00 00 00 00 00 00 00 00 00 00 00 00 00 00 00 00 00 00 00 00 00 00 00 00 00
00:aa 19 20 14 01 38 00 00 00 00 00 00 00 00 00 00 00 00 00 00 00 00 00 00 00 82 10 82 10 00 00 00 00 a3 10 82 10 ee a8 a8 a8 c3 18 a3 10 7f aa a0 a0 e4 18 c3 18 77 55 fe ea 04 21 c3 18 df 7e be
00:aa 19 58 14 01 38 00 00 a8 04 21 c3 18 f7 aa aa 00 05 21 e4 18 7e f5 fa aa 04 21 e4 18 a8 d5 aa b8 25 21 e4 18 00 a0 60 20 09 42 25 21 54 54 54 54 ab 5a ab 52 ff ff aa aa ab 52 ab 52 00 00 00
00:aa 19 90 14 01 38 00 00 00 8b 52 8a 52 aa aa aa 0a 8b 52 8a 52 bf bf bf bf 6a 52 6a 4a af ab 8b ab 6a 4a 4a 4a be aa aa aa 6a 52 6a 4a ab aa aa aa 6a 4a 49 4a b7 85 0a 02 6d 73 85 39 15 d7 fe
00:aa 19 c8 14 01 38 00 00 ff 4f c4 48 6a 58 f0 fa 75 8c a3 85 39 02 0b ad d5 86 41 24 29 0d 35 97 5c 89 6a 45 41 58 62 c0 aa a9 72 0e 5b 09 89 01 01 54 7c 91 5b 03 39 b5 07 f2 6b 70 5b cc af 2f
00:aa 19 00 15 01 38 00 00 fc f6 94 32 74 bf 36 2e 0c 74 84 4c 42 05 25 25 25 f2 63 ee 4a 80 80 62 64 13 6c 2f 53 02 05 de 4d 70 5b a9 21 09 0e aa a8 cd 4a 67 21 e8 20 01 37 8b 4a 67 21 98 5a 6f
00:aa 19 38 15 01 38 00 00 37 87 29 a3 18 05 09 0b 0a 00 00 00 00 00 00 00 00 00 00 00 00 00 00 00 00 00 00 00 00 00 00 00 00 00 00 00 00 00 00 00 00 00 00 00 00 00 00 00 00 00 00 00 00 00 00 00
00:aa 19 70 15 01 38 00 00 00 00 00 00 00 00 00 00 00 00 00 00 00 00 00 00 00 00 00 00 00 00 00 00 00 00 00 00 00 00 00 00 00 00 00 00 00 00 00 00 00 00 00 00 00 00 00 00 00 00 00 00 00 00 00 00
00:aa 19 a8 15 01 38 00 00 00 00 00 00 00 00 00 00 00 00 00 00 00 00 00 00 00 00 00 00 00 00 00 00 00 00 00 00 00 00 00 00 00 00 00 00 00 00 00 00 00 00 00 00 00 00 00 00 00 00 00 00 00 00 00 00
00:aa 19 e0 15 01 38 00 00 00 00 00 00 00 00 00 00 00 00 00 00 00 00 00 00 00 00 00 00 00 00 00 00 00 00 00 00 00 00 00 00 00 00 00 00 00 00 00 00 00 00 00 00 00 00 00 00 00 a3 10 82 10 fe fa aa
00:aa 19 18 16 01 38 00 00 aa c3 18 a3 10 fe fe ff fb e4 18 a3 18 5e 5e fe f8 e4 18 c4 18 a0 a0 a0 80 04 21 e4 18 ea ea fa fe 25 21 04 21 e0 e0 f8 f8 46 29 25 21 5f fe fa 35 86 31 25 21 7d ce ef
00:aa 19 50 16 01 38 00 00 67 86 31 25 21 5f 7b 63 63 29 42 25 21 54 54 54 54 cb 5a ab 52 ab ab 2a 2a ab 5a ab 52 aa aa af af ab 52 8b 52 0f 83 aa aa 8b 52 8a 52 af aa aa aa 8a 52 6a 4a ab 2a 0b
00:aa 19 88 16 01 38 00 00 0b 6a 4a 4a 4a a8 28 2c 28 8a 52 6a 4a ab ab ab ab 6a 52 6a 4a ff f5 fd ab 8b 52 c7 39 a9 a1 83 0b e7 51 25 21 8b fd b5 35 45 31 e3 18 03 ef 7e 62 c7 41 04 29 58 70 7c
00:aa 19 c0 16 01 38 00 00 56 28 5a 65 39 a0 e0 fe 5f 2e 6b e7 49 ff f7 55 54 f2 6b 0f 53 02 0a ba 36 94 84 91 63 5f 5f 48 6f f5 94 4e 5b 88 80 80 5f 94 84 e9 31 2d 2d 2d 2d 34 6c ac 42 7e 72 6a
00:aa 19 f8 16 01 38 00 00 f8 34 74 ef 4a 5e 82 8a 08 d2 63 8d 42 25 82 0a 00 50 53 0a 32 ea 01 09 25 2b 3a 87 29 56 5a e1 01 09 3a 05 21 e7 a5 8d 8d 00 00 00 00 00 00 00 00 00 00 00 00 00 00 00
00:aa 19 30 17 01 38 00 00 00 00 00 00 00 00 00 00 00 00 00 00 00 00 00 00 00 00 00 00 00 00 00 00 00 00 00 00 00 00 00 00 00 00 00 00 00 00 00 00 00 00 00 00 00 00 00 00 00 00 00 00 00 00 00 00
00:aa 19 68 17 01 38 00 00 00 00 00 00 00 00 00 00 00 00 00 00 00 00 00 00 00 00 00 00 00 00 00 00 00 00 00 00 00 00 00 00 00 00 00 00 00 00 00 00 00 00 00 00 00 00 00 00 00 00 00 00 00 00 00 00
00:aa 19 a0 17 01 38 00 00 00 00 00 00 00 00 00 00 00 00 00 00 00 00 00 00 00 00 00 00 00 00 00 00 00 00 00 00 00 00 00 00 00 00 00 00 00 00 00 00 00 00 00 00 00 00 00 00 00 00 00 00 00 00 00 00
00:aa 19 d8 17 01 38 00 00 00 00 00 00 00 00 00 00 00 00 00 00 00 00 00 00 00 00 00 00 00 00 00 00 00 c3 18 82 10 ef fe a0 80 e4 18 a3 18 7d 7f 6a e8 e4 18 a3 18 f8 a8 88 00 e4 20 e4 18 ff ff ff
00:aa 19 10 18 01 38 00 00 af 05 21 e4 18 fa fa fa e8 25 21 04 21 e8 a0 a0 00 46 29 25 21 37 3f 3d 2f 86 31 45 29 47 c7 c7 c7 86 31 25 21 63 63 43 43 29 42 45 29 54 54 54 54 cc 5a ab 5a bf b7 ae
00:aa 19 48 18 01 38 00 00 aa ab 5a ab 52 af af af 2a ab 5a ab 52 ff ff ff af ab 52 8b 52 d5 95 95 a9 8b 52 6a 52 af af af ab 8a 52 4a 4a ae aa be bd 8a 52 6a 4a ab 89 aa aa d4 94 6a 4a 55 5c 5a
00:aa 19 80 18 01 38 00 00 6b 73 84 2a 3a b5 bd 2d fd 4a 3a 25 21 35 35 bf 3f 92 94 04 21 59 5d 54 56 69 52 a2 18 ff 7f df 17 45 31 04 29 80 0a ad 75 d4 9c 45 31 5b 53 63 43 d0 73 05 19 8a b5 05
00:aa 19 b8 18 01 38 00 00 8f 12 74 c8 31 ab 55 ab 02 73 7c c8 31 54 5c f8 a0 12 74 e9 31 2d 2d 3d 35 54 74 cd 4a 70 48 fb 6f 34 74 ae 42 00 b7 70 00 d2 63 8d 42 02 8d 28 00 50 53 4b 3a 97 ea 02
00:aa 19 f0 18 01 38 00 00 02 ad 4a a8 29 ad 87 26 16 8c 4a c4 18 ad a5 25 35 00 00 00 00 00 00 00 00 00 00 00 00 00 00 00 00 00 00 00 00 00 00 00 00 00 00 00 00 00 00 00 00 00 00 00 00 00 00 00
00:aa 19 28 19 01 38 00 00 00 00 00 00 00 00 00 00 00 00 00 00 00 00 00 00 00 00 00 00 00 00 00 00 00 00 00 00 00 00 00 00 00 00 00 00 00 00 00 00 00 00 00 00 00 00 00 00 00 00 00 00 00 00 00 00
00:aa 19 60 19 01 38 00 00 00 00 00 00 00 00 00 00 00 00 00 00 00 00 00 00 00 00 00 00 00 00 00 00 00 00 00 00 00 00 00 00 00 00 00 00 00 00 00 00 00 00 00 00 00 00 00 00 00 00 00 00 00 00 00 00
00:aa 19 98 19 01 38 00 00 00 00 00 00 00 00 00 00 00 00 00 00 00 00 00 00 00 00 00 00 00 00 00 00 00 00 00 00 00 00 00 00 00 00 00 00 00 00 00 00 00 00 00 00 00 00 00 00 00 00 00 00 00 00 00 00
00:aa 19 d0 19 01 38 00 00 00 c3 18 a3 10 ea fa e8 80 e4 18 c3 18 c0 e0 e0 a0 04 21 e4 18 e0 fa ff fe 04 21 e4 20 aa aa aa aa 25 21 04 21 e0 e0 e0 e0 45 29 25 21 5b 7a 7a 7a 46 29 25 21 2f 2f 0f
00:aa 19 08 1a 01 38 00 00 0e 86 31 45 29 cb 83 01 01 86 31 25 21 43 43 41 41 29 42 25 21 54 54 54 54 cc 5a cb 5a bf eb eb ab cb 5a ab 5a aa aa aa aa ab 5a ab 52 ab 8b ab ab ab 52 8b 52 a9 ab aa
00:aa 19 40 1a 01 38 00 00 aa 8b 52 8a 52 ab af af af 8a 52 4a 4a bd bf bf ab 8b 52 6a 52 ff bb bb bb 12 74 ed 5a 4a 4a 4a 78 0e 53 8c 42 a5 ef c2 c0 6b 42 67 21 15 bf 2f 2f c8 31 25 21 f4 a6 af
00:aa 19 78 1a 01 38 00 00 00 14 a5 04 29 15 8d 32 cc 55 b5 04 29 55 56 f0 09 d4 9c c8 39 0e 3f 7f ce 73 7c 46 29 a7 97 d6 5c f5 8c 90 63 2d 0d 2d 37 94 84 d1 6b e9 e1 83 03 90 63 0a 32 35 37 35
00:aa 19 b0 1a 01 38 00 00 be b6 7c 70 5b f3 55 5e e8 75 74 d2 63 53 8d ba 20 75 74 91 5b ad bd 2d b5 50 53 ee 52 0b 29 2d 0d 8c 4a c9 31 14 38 30 31 2a 42 83 10 37 3f 95 55 00 00 00 00 00 00 00
00:aa 19 e8 1a 01 38 00 00 00 00 00 00 00 00 00 00 00 00 00 00 00 00 00 00 00 00 00 00 00 00 00 00 00 00 00 00 00 00 00 00 00 00 00 00 00 00 00 00 00 00 00 00 00 00 00 00 00 00 00 00 00 00 00 00
00:aa 19 20 1b 01 38 00 00 00 00 00 00 00 00 00 00 00 00 00 00 00 00 00 00 00 00 00 00 00 00 00 00 00 00 00 00 00 00 00 00 00 00 00 00 00 00 00 00 00 00 00 00 00 00 00 00 00 00 00 00 00 00 00 00
00:aa 19 58 1b 01 38 00 00 00 00 00 00 00 00 00 00 00 00 00 00 00 00 00 00 00 00 00 00 00 00 00 00 00 00 00 00 00 00 00 00 00 00 00 00 00 00 00 00 00 00 00 00 00 00 00 00 00 00 00 00 00 00 00 00
00:aa 19 90 1b 01 38 00 00 00 00 00 00 00 00 00 00 00 00 00 00 00 00 00 00 00 00 00 00 00 00 00 00 00 00 00 00 00 00 00 00 00 c3 18 a3 10 e0 e8 ea 5e e4 18 c3 18 e8 e8 ea 7e e4 18 e4 18 00 00 00
00:aa 19 c8 1b 01 38 00 00 00 04 21 e4 20 aa aa a8 a0 25 21 04 21 f2 f2 e2 f2 25 21 04 21 00 e0 a8 a0 46 29 25 21 8e f6 f7 f6 86 31 45 29 03 01 01 01 a7 31 25 21 69 49 49 41 29 42 25 21 54 54 54
00:aa 19 00 1c 01 38 00 00 54 cc 5a cb 5a 2b 2b ab aa cc 5a ab 5a af a5 ea ef ab 5a ab 52 aa aa af af ab 52 8b 52 aa aa ab ab 8b 52 8a 52 ab ab ab af 4a 52 6a 4a ff ff ff fe ab 52 6a 52 fd eb be
00:aa 19 38 1c 01 38 00 00 ba d1 6b ed 52 4c 4e 6a 52 f1 73 ee 52 5d ba 3b 29 4e 5b 0a 3a d5 95 9f 2b 2e 5b 2a 42 55 fd 27 b6 58 d6 cb 62 65 59 51 5e 96 bd 48 52 97 60 20 fa 76 b5 a8 31 2d 2d 39
00:aa 19 70 1c 01 38 00 00 b5 f5 84 87 29 5c 7c f8 f0 94 7c 90 63 36 36 d6 dc b5 84 b1 63 89 2d 09 15 75 7c ee 52 d6 55 f5 f8 95 7c 91 5b dc 79 1e a0 d6 84 f3 63 bf 7f 2b 2b f3 63 91 5b 25 2f 23
00:aa 19 a8 1c 01 38 00 00 09 91 5b ee 4a 2d 09 26 a1 ed 52 05 19 89 05 15 dd c4 18 42 08 9c a8 a0 97 00 00 00 00 00 00 00 00 00 00 00 00 00 00 00 00 00 00 00 00 00 00 00 00 00 00 00 00 00 00 00
00:aa 19 e0 1c 01 38 00 00 00 00 00 00 00 00 00 00 00 00 00 00 00 00 00 00 00 00 00 00 00 00 00 00 00 00 00 00 00 00 00 00 00 00 00 00 00 00 00 00 00 00 00 00 00 00 00 00 00 00 00 00 00 00 00 00
00:aa 19 18 1d 01 38 00 00 00 00 00 00 00 00 00 00 00 00 00 00 00 00 00 00 00 00 00 00 00 00 00 00 00 00 00 00 00 00 00 00 00 00 00 00 00 00 00 00 00 00 00 00 00 00 00 00 00 00 00 00 00 00 00 00
00:aa 19 50 1d 01 38 00 00 00 00 00 00 00 00 00 00 00 00 00 00 00 00 00 00 00 00 00 00 00 00 00 00 00 00 00 00 00 00 00 00 00 00 00 00 00 00 00 00 00 00 00 00 00 00 00 00 00 00 00 00 00 00 00 00
00:aa 19 88 1d 01 38 00 00 00 00 00 00 00 00 00 00 00 a3 10 82 10 f8 aa aa ab e4 18 c3 18 7e 5e 5e 5e 04 21 e4 18 de 7a 7a fa 04 21 e4 20 a0 82 82 a0 25 21 04 21 f0 78 7a 5e 45 29 25 21 fa 7f 5f
00:aa 19 c0 1d 01 38 00 00 6b 66 29 25 21 f6 f4 f4 fc a7 31 45 29 29 21 21 09 a7 39 25 21 49 49 49 c9 29 42 25 21 54 54 54 54 cc 5a cb 5a aa aa aa ea cb 5a ac 5a aa aa aa ff ab 5a ab 52 ab ae aa
00:aa 19 f8 1d 01 38 00 00 aa ab 52 8b 52 ab a9 a9 2b 8b 52 8a 52 ff ad ad aa 6a 52 6a 4a be bd bd ad cc 52 6a 52 df 7f 7e 7c d1 63 ad 4a d2 ec cf f1 12 74 2e 5b 09 c1 41 62 4e 63 87 21 0e 94 d7
00:aa 19 30 1e 01 38 00 00 bf fc de cd 52 55 51 dd 55 19 c6 ed 5a 5e 52 57 55 b6 bd 6d 7b 5e a8 02 4a d0 73 87 21 07 26 3c 18 54 7c 4f 5b 50 e3 83 29 36 95 0e 53 5e 78 79 6f 70 63 ea 39 07 25 2d
00:aa 19 68 1e 01 38 00 00 b8 33 6c 26 21 f0 7e a0 c0 d6 84 14 6c 22 62 78 63 95 7c 54 74 13 05 39 17 54 74 4f 53 af a8 83 25 d1 63 a8 29 0d 2d b5 ff 2a 3a 26 21 69 cb 0a 08 e5 18 82 10 15 2a 3c
00:aa 19 a0 1e 01 38 00 00 3f 00 00 00 00 00 00 00 00 00 00 00 00 00 00 00 00 00 00 00 00 00 00 00 00 00 00 00 00 00 00 00 00 00 00 00 00 00 00 00 00 00 00 00 00 00 00 00 00 00 00 00 00 00 00 00
00:aa 19 d8 1e 01 38 00 00 00 00 00 00 00 00 00 00 00 00 00 00 00 00 00 00 00 00 00 00 00 00 00 00 00 00 00 00 00 00 00 00 00 00 00 00 00 00 00 00 00 00 00 00 00 00 00 00 00 00 00 00 00 00 00 00
00:aa 19 10 1f 01 38 00 00 00 00 00 00 00 00 00 00 00 00 00 00 00 00 00 00 00 00 00 00 00 00 00 00 00 00 00 00 00 00 00 00 00 00 00 00 00 00 00 00 00 00 00 00 00 00 00 00 00 00 00 00 00 00 00 00
00:aa 19 48 1f 01 38 00 00 00 00 00 00 00 00 00 00 00 00 00 00 00 00 00 00 00 00 00 00 00 00 00 00 00 00 00 00 00 00 00 00 00 00 00 00 00 00 00 00 00 49 4a a3 10 55 ea 02 00 e4 18 a3 18 58 50 78
00:aa 19 80 1f 01 38 00 00 78 04 21 e4 18 fe fe fa fa 05 21 e4 18 ea ea ea ea 24 21 04 21 5a 5a 5a 5a 86 31 25 21 5f 5b 7b 72 a7 31 46 29 54 54 54 54 c7 39 25 21 29 29 29 2d 86 31 25 21 c1 c1 81
00:aa 19 b8 1f 01 38 00 00 81 49 4a 25 29 54 54 54 54 cc 5a cb 5a ea ea ef ff cc 5a ab 5a aa aa ae ae ab 5a 08 42 00 00 00 9d 8b 52 45 29 00 00 00 df 8b 52 c8 39 00 00 00 60 6a 52 6a 4a ad af bf
00:aa 19 f0 1f 01 38 00 00 bf 8b 52 6a 52 f8 f8 ec f2 b0 6b cd 4a bb 3e 15 a5 b0 6b 2a 32 60 b8 bc f6 d1 6b 4a 42 b5 2f 0b 0b 4f 63 87 29 52 dc d5 95 90 63 09 3a a3 aa 08 40 b2 9c 66 29 ca 6a f8
00:aa 19 28 20 01 38 00 00 03 73 8c 0a 3a de 7f 68 e3 f2 6b 2e 63 09 2f 30 ad 32 7c cd 52 53 c9 bb bc 74 84 6b 42 ad 83 b0 95 b5 84 ac 4a 60 60 c0 00 17 8d 95 7c 73 ea a8 bd d6 84 d2 63 03 0d bd
00:aa 19 60 20 01 38 00 00 d5 d2 63 ad 42 2d 0b 23 29 ee 4a c9 31 ab 09 0d 0e 6f 63 0a 3a 55 ef af 2b 05 19 83 10 35 35 37 3f 00 00 00 00 00 00 00 00 00 00 00 00 00 00 00 00 00 00 00 00 00 00 00
00:aa 19 98 20 01 38 00 00 00 00 00 00 00 00 00 00 00 00 00 00 00 00 00 00 00 00 00 00 00 00 00 00 00 00 00 00 00 00 00 00 00 00 00 00 00 00 00 00 00 00 00 00 00 00 00 00 00 00 00 00 00 00 00 00
00:aa 19 d0 20 01 38 00 00 00 00 00 00 00 00 00 00 00 00 00 00 00 00 00 00 00 00 00 00 00 00 00 00 00 00 00 00 00 00 00 00 00 00 00 00 00 00 00 00 00 00 00 00 00 00 00 00 00 00 00 00 00 00 00 00
00:aa 19 08 21 01 38 00 00 00 00 00 00 00 00 00 00 00 00 00 00 00 00 00 00 00 00 00 00 00 00 00 00 00 00 00 00 00 00 00 00 00 00 00 00 00 00 00 00 00 00 00 00 00 00 00 00 00 00 00 00 00 00 00 00
00:aa 19 40 21 01 38 00 00 00 00 00 00 00 00 00 00 00 00 00 00 00 00 00 00 00 49 4a c3 18 70 50 b0 a0 24 21 c3 18 5f 7f 9f 3f e4 20 e4 18 ff ff fe fa 24 21 e4 20 e8 fa fa ab 04 21 e4 18 a0 b8 f8
00:aa 19 78 21 01 38 00 00 e8 86 31 25 21 70 70 5a 5a c7 39 66 29 5c 5c 58 d0 c7 39 25 21 2d 3d 3d 3d a7 31 25 21 89 89 89 89 6a 4a 25 21 54 54 54 54 cc 5a ab 5a fd eb eb 4b cc bb c8 39 fd f5 d7
00:aa 19 b0 21 01 38 00 00 d8 af dc 07 4a 55 57 aa 80 4b ab c7 39 55 75 2d 0a 6a 52 45 29 58 5f d5 95 6a 4a 86 31 00 00 40 60 8b 52 6a 4a ec ef eb aa b0 6b 09 3a cb 53 96 9f 2e 5b 87 29 ae ad 0d
00:aa 19 e8 21 01 38 00 00 e0 b0 6b e9 31 82 e2 7a 5e ed 52 a7 29 35 2f 0a 00 90 6b 67 21 70 58 d6 f5 14 ad 4a 4a dd d3 d0 f8 b5 c5 0e 5b 5f 79 bf 2d 6f 6b 6b 42 23 06 d7 5d 90 6b 4b 42 c2 a3 d6
00:aa 19 20 22 01 38 00 00 f5 90 6b 2a 3a d5 f6 00 81 95 7c 2b 32 00 0a aa 78 d6 84 4f 53 00 80 88 15 74 7c cd 42 02 00 00 5e 54 74 90 5b b5 a5 0b 80 b1 63 ee 4a d7 eb 82 08 0e 5b 25 21 03 03 01
00:aa 19 58 22 01 38 00 00 01 c8 39 c4 18 55 d5 cd 81 00 00 00 00 00 00 00 00 00 00 00 00 00 00 00 00 00 00 00 00 00 00 00 00 00 00 00 00 00 00 00 00 00 00 00 00 00 00 00 00 00 00 00 00 00 00 00
00:aa 19 90 22 01 38 00 00 00 00 00 00 00 00 00 00 00 00 00 00 00 00 00 00 00 00 00 00 00 00 00 00 00 00 00 00 00 00 00 00 00 00 00 00 00 00 00 00 00 00 00 00 00 00 00 00 00 00 00 00 00 00 00 00
00:aa 19 c8 22 01 38 00 00 00 00 00 00 00 00 00 00 00 00 00 00 00 00 00 00 00 00 00 00 00 00 00 00 00 00 00 00 00 00 00 00 00 00 00 00 00 00 00 00 00 00 00 00 00 00 00 00 00 00 00 00 00 00 00 00
00:aa 19 00 23 01 38 00 00 00 00 00 00 00 00 00 00 00 00 00 00 00 00 00 00 00 00 00 00 00 00 00 00 00 00 00 00 00 00 00 00 00 00 00 00 00 00 00 00 00 00 00 00 00 00 00 00 00 49 4a 45 29 58 5c a8
00:aa 19 38 23 01 38 00 00 e8 49 4a e4 18 d5 95 15 15 04 21 e4 18 aa ae aa 00 45 29 04 21 f5 f2 ba fd 66 29 04 21 57 ec fe 6e e7 39 25 21 5e fa f8 fc 49 4a a7 31 5e 58 d0 90 08 42 45 29 15 15 15
00:aa 19 70 23 01 38 00 00 15 86 31 04 21 03 03 09 0b 29 4a 25 21 54 54 54 54 cc 5a 49 4a 8a 89 89 a9 ae dc 68 6a 7a 7a 70 c0 30 e5 8f cc 6a 6b 82 0d 6e d4 e9 92 2f 29 2d 09 68 72 45 29 35 35 3d
00:aa 19 a8 23 01 38 00 00 2d 6a 4a 04 21 f0 58 58 5c 8b 52 6a 52 82 eb f9 e9 d0 73 e9 31 c5 fa ff fe b0 6b a8 29 f5 af a0 fa 0e 53 67 29 dc d6 25 0d 6f 5b 6a 4a a0 e3 ae 65 2d 5b 46 21 3d bd ef
00:aa 19 e0 23 01 38 00 00 2f 71 94 47 29 64 5f 5f 5e 91 9c ed 5a 09 29 2b 4b 4f 5b e9 39 0a af ad bd ac 4a 0a 3a 89 09 72 7c 33 74 a8 29 75 78 c2 f0 37 95 6c 3a eb b5 e8 00 37 8d 4b 3a 55 ff 02
00:aa 19 18 24 01 38 00 00 00 95 7c 6c 3a 55 ff 2a 00 74 74 ce 4a 7a 5d aa 00 53 74 0f 53 2f e9 09 09 cd 4a c4 18 01 09 0d ad 87 31 c4 18 00 ac 7b 7b 00 00 00 00 00 00 00 00 00 00 00 00 00 00 00
00:aa 19 50 24 01 38 00 00 00 00 00 00 00 00 00 00 00 00 00 00 00 00 00 00 00 00 00 00 00 00 00 00 00 00 00 00 00 00 00 00 00 00 00 00 00 00 00 00 00 00 00 00 00 00 00 00 00 00 00 00 00 00 00 00
00:aa 19 88 24 01 38 00 00 00 00 00 00 00 00 00 00 00 00 00 00 00 00 00 00 00 00 00 00 00 00 00 00 00 00 00 00 00 00 00 00 00 00 00 00 00 00 00 00 00 00 00 00 00 00 00 00 00 00 00 00 00 00 00 00
00:aa 19 c0 24 01 38 00 00 00 00 00 00 00 00 00 00 00 00 00 00 00 00 00 00 00 00 00 00 00 00 00 00 00 00 00 00 00 00 00 00 00 00 00 00 00 00 00 00 00 00 00 00 00 00 00 00 00 00 00 00 00 00 00 00
00:aa 19 f8 24 01 38 00 00 00 00 00 00 00 00 00 00 00 00 00 00 00 00 00 00 00 00 00 00 00 00 00 00 00 08 42 04 21 f8 0c 80 7c 49 4a c3 18 15 37 35 37 c7 39 c3 18 8f 95 75 f5 e4 18 c3 18 aa ea ea
00:aa 19 30 25 01 38 00 00 ea 04 21 e4 18 80 ec f8 f8 e8 39 24 21 f8 fc 7c 7c 8a 52 c7 39 d2 d0 90 b8 67 91 25 21 d5 d7 fa 80 67 81 25 21 f5 fd 0b 00 29 42 24 29 54 54 54 94 8a 5a ab 52 56 56 5c
00:aa 19 68 25 01 38 00 00 5c 8f c4 27 72 fc f7 7e 42 6e d4 c9 92 0d 05 0c 08 af cc 27 7a eb 6f c7 2a a9 8a 65 39 25 25 25 0e 49 4a 04 29 54 54 14 26 8a 52 6a 4a ab ef af a9 b0 63 6b 4a 7e c5 cd
00:aa 19 a0 25 01 38 00 00 42 70 5b cd 4a 8a 57 e5 fa 70 5b 6b 3a 0d 89 fb bf 0d 5b 46 21 78 7f df d5 ec 5a 87 29 bd f5 55 51 a8 31 46 21 6c 74 ec aa 71 8c 29 4a 6e f4 f6 7f 50 8c 8b 4a d5 b5 2d
00:aa 19 d8 25 01 38 00 00 2d 4b 42 09 3a e8 aa a9 2f d1 6b 09 32 fc f7 57 58 37 95 d2 63 0a cf 4b e9 d6 7c ce 4a 00 a8 af b5 75 74 ce 4a 00 00 ff 55 74 74 ee 4a 00 00 aa 7f f2 6b 67 29 0b 2f 35
00:aa 19 10 26 01 38 00 00 95 e9 39 e4 18 05 25 15 d5 25 21 c4 18 b7 81 82 60 00 00 00 00 00 00 00 00 00 00 00 00 00 00 00 00 00 00 00 00 00 00 00 00 00 00 00 00 00 00 00 00 00 00 00 00 00 00 00
00:aa 19 48 26 01 38 00 00 00 00 00 00 00 00 00 00 00 00 00 00 00 00 00 00 00 00 00 00 00 00 00 00 00 00 00 00 00 00 00 00 00 00 00 00 00 00 00 00 00 00 00 00 00 00 00 00 00 00 00 00 00 00 00 00
00:aa 19 80 26 01 38 00 00 00 00 00 00 00 00 00 00 00 00 00 00 00 00 00 00 00 00 00 00 00 00 00 00 00 00 00 00 00 00 00 00 00 00 00 00 00 00 00 00 00 00 00 00 00 00 00 00 00 00 00 00 00 00 00 00
00:aa 19 b8 26 01 38 00 00 00 00 00 00 00 00 00 00 00 00 00 00 00 00 00 00 00 00 00 00 00 00 00 00 00 00 00 00 00 00 00 00 00 00 00 00 00 00 00 00 00 00 00 00 00 00 00 00 00 00 00 00 00 00 00 00
00:aa 19 f0 26 01 38 00 00 00 86 31 82 10 94 0a c0 58 29 4a a3 10 27 27 25 05 86 31 c3 18 d5 15 d5 95 e4 20 c3 18 fa fa fa f8 04 21 c3 18 a8 aa e2 b3 a7 31 04 21 f4 74 76 76 67 89 69 4a 56 5e 58
00:aa 19 28 27 01 38 00 00 78 47 99 05 51 80 00 02 01 47 89 04 29 2f 95 55 55 c8 69 c4 28 8e 5c 57 56 aa 5a 67 59 00 00 c0 60 6e d4 67 82 8a 88 8d ab b0 dc e7 79 28 08 dc a0 72 ed 2c c4 8b 0b 2d
00:aa 19 60 27 01 38 00 00 b5 4a a3 85 51 25 26 34 b6 d1 dc 45 31 b5 25 35 95 6a 4a 65 31 00 00 e0 50 90 63 6b 42 5c 57 5a cb b1 63 8b 42 2a 02 fd 55 4f 5b e9 31 af 00 e2 01 ac 4a 25 21 2d 37 d5
00:aa 19 98 27 01 38 00 00 7d 0c 63 a3 10 f0 e8 ea 50 6a 4a e4 18 aa 2a 0a 25 ae 73 e5 18 72 eb 6c 78 2c 6b e7 41 02 ca fa 5c ec 5a 09 3a f5 2d 2b f1 b4 8c a8 31 50 c0 80 00 57 95 34 74 01 ab 5b
00:aa 19 d0 27 01 38 00 00 fa 54 74 b1 63 b5 09 e0 de 33 74 6c 3a 75 b5 0b 00 2e 53 0a 32 7a fe bd 0d ed 52 c4 18 3f 2d 8d ed c4 18 a4 10 a0 a0 a0 08 05 21 c4 18 f0 ec 57 5f 00 00 00 00 00 00 00
00:aa 19 08 28 01 38 00 00 00 00 00 00 00 00 00 00 00 00 00 00 00 00 00 00 00 00 00 00 00 00 00 00 00 00 00 00 00 00 00 00 00 00 00 00 00 00 00 00 00 00 00 00 00 00 00 00 00 00 00 00 00 00 00 00
00:aa 19 40 28 01 38 00 00 00 00 00 00 00 00 00 00 00 00 00 00 00 00 00 00 00 00 00 00 00 00 00 00 00 00 00 00 00 00 00 00 00 00 00 00 00 00 00 00 00 00 00 00 00 00 00 00 00 00 00 00 00 00 00 00
00:aa 19 78 28 01 38 00 00 00 00 00 00 00 00 00 00 00 00 00 00 00 00 00 00 00 00 00 00 00 00 00 00 00 00 00 00 00 00 00 00 00 00 00 00 00 00 00 00 00 00 00 00 00 00 00 00 00 00 00 00 00 00 00 00
00:aa 19 b0 28 01 38 00 00 00 00 00 00 00 00 00 00 00 00 00 00 00 00 00 00 00 00 00 00 00 00 00 00 00 00 00 00 00 00 00 00 00 08 42 04 21 55 eb 70 5e 08 42 a3 18 0d 0d 0d 09 45 29 c3 18 95 b5 b5
00:aa 19 e8 28 01 38 00 00 2d 69 52 c3 18 55 55 54 55 ef 83 c3 20 ef 82 03 57 eb 62 24 21 55 95 35 b5 67 91 49 52 70 60 c0 c0 47 89 c3 20 03 09 0d 0f 89 62 25 29 55 55 55 82 25 61 e4 20 54 54 54
00:aa 19 20 29 01 38 00 00 bc 29 62 46 29 80 82 01 ad 30 bc 28 72 fe f5 5c 56 13 dd a9 8a af d5 0b f5 ab b3 27 62 02 0a af b5 48 72 65 31 2e 2d b5 95 86 31 e4 20 3c 78 f8 21 86 31 e4 20 28 b4 7c
00:aa 19 58 29 01 38 00 00 e8 f2 73 6b 42 b5 f5 e0 7a 33 74 ad 42 57 7a a0 8b b1 6b a8 29 2d 37 97 5f 4a 3a 46 21 ab 21 09 24 a7 31 c4 18 56 d5 35 23 05 21 c3 18 38 f8 f4 fa 2f 8c 25 21 58 5c 54
00:aa 19 90 29 01 38 00 00 56 50 94 04 29 df 97 b5 0d f5 94 e8 41 5f f6 54 5c 17 8d b5 7c 78 08 5a 00 38 8d 95 7c dc 9a d8 38 34 6c d2 63 fd bd 35 25 74 74 b2 5b aa f8 de 5c 13 6c ee 4a 09 00 02
00:aa 19 c8 29 01 38 00 00 0a b1 63 c4 18 ad 0d 0d 25 46 29 c4 18 75 5c 57 55 05 21 c4 18 7b 21 05 e2 00 00 00 00 00 00 00 00 00 00 00 00 00 00 00 00 00 00 00 00 00 00 00 00 00 00 00 00 00 00 00
00:aa 19 00 2a 01 38 00 00 00 00 00 00 00 00 00 00 00 00 00 00 00 00 00 00 00 00 00 00 00 00 00 00 00 00 00 00 00 00 00 00 00 00 00 00 00 00 00 00 00 00 00 00 00 00 00 00 00 00 00 00 00 00 00 00
00:aa 19 38 2a 01 38 00 00 00 00 00 00 00 00 00 00 00 00 00 00 00 00 00 00 00 00 00 00 00 00 00 00 00 00 00 00 00 00 00 00 00 00 00 00 00 00 00 00 00 00 00 00 00 00 00 00 00 00 00 00 00 00 00 00
00:aa 19 70 2a 01 38 00 00 00 00 00 00 00 00 00 00 00 00 00 00 00 00 00 00 00 00 00 00 00 00 00 00 00 00 00 00 00 00 00 00 00 00 00 00 00 00 00 00 00 00 00 00 00 00 00 00 00 00 00 00 00 00 00 00
00:aa 19 a8 2a 01 38 00 00 00 00 00 00 00 00 00 00 00 86 31 c3 18 8b 80 78 d5 08 42 c3 18 c9 c9 81 41 04 29 c3 18 f0 68 68 78 cd a3 a3 20 57 ab 82 82 2e c4 c6 51 55 dd 73 e2 65 41 c3 18 de 1e 9f
00:aa 19 e0 2a 01 38 00 00 1f 47 99 e4 48 c2 c2 c2 62 47 89 85 49 2d 2a bc 97 eb 82 24 39 d5 7b 03 a3 c7 41 25 21 ea 2b 3f 9f 86 31 25 21 2a 87 a7 a6 2b 93 45 29 7b 58 5e 55 2e b4 a6 49 fa 02 af
00:aa 19 18 2b 01 38 00 00 55 e9 7a e3 28 2b 3d d5 5f 28 4a 03 21 df 6f 2f 3f 86 31 c3 18 89 04 38 e0 d0 73 66 29 55 55 57 54 90 63 4b 3a 7a fc 2a 0d 90 63 4b 3a 01 2e fb 55 0d 53 a8 29 80 02 02
00:aa 19 50 2b 01 38 00 00 ad 4e 5b e9 31 d6 50 60 63 2a 42 45 29 39 a9 e9 eb 4b 8b c3 20 55 5e 60 60 0b 83 c3 18 5e b8 0f 0f 91 9c 08 42 05 95 55 47 d5 84 04 21 5c f8 f8 f8 58 95 f6 84 63 ea 57
00:aa 19 88 2b 01 38 00 00 55 17 8d 95 74 9a 3f 3a ba 75 74 91 5b 2f 2f 35 35 95 7c d2 63 76 fe 70 78 54 74 6c 4a 0a 2b 09 2d 50 5b c4 18 25 b5 d5 55 e4 18 a4 18 a0 fe ff ab 05 21 c4 18 f4 d7 55
00:aa 19 c0 2b 01 38 00 00 55 00 00 00 00 00 00 00 00 00 00 00 00 00 00 00 00 00 00 00 00 00 00 00 00 00 00 00 00 00 00 00 00 00 00 00 00 00 00 00 00 00 00 00 00 00 00 00 00 00 00 00 00 00 00 00
00:aa 19 f8 2b 01 38 00 00 00 00 00 00 00 00 00 00 00 00 00 00 00 00 00 00 00 00 00 00 00 00 00 00 00 00 00 00 00 00 00 00 00 00 00 00 00 00 00 00 00 00 00 00 00 00 00 00 00 00 00 00 00 00 00 00
00:aa 19 30 2c 01 38 00 00 00 00 00 00 00 00 00 00 00 00 00 00 00 00 00 00 00 00 00 00 00 00 00 00 00 00 00 00 00 00 00 00 00 00 00 00 00 00 00 00 00 00 00 00 00 00 00 00 00 00 00 00 00 00 00 00
00:aa 19 68 2c 01 38 00 00 00 00 00 00 00 00 00 00 00 00 00 00 00 00 00 00 00 00 00 00 00 00 00 00 00 00 00 00 00 00 00 00 00 00 00 00 00 00 00 00 00 45 29 82 10 09 a0 58 d7 c7 39 82 10 43 82 02
00:aa 19 a0 2c 01 38 00 00 a0 04 21 a3 10 68 68 78 7a e9 9a 89 62 c0 60 78 78 8b ab 68 72 80 29 29 ad c5 60 24 21 95 d7 fe f8 46 91 05 61 62 62 f2 fa e5 68 24 31 3e 17 35 2d 89 72 04 21 89 ad ed
00:aa 19 d8 2c 01 38 00 00 f5 66 29 25 21 18 1c 1c f8 86 31 25 29 87 83 a1 8d 86 31 04 21 a5 ad a1 bc e6 59 04 21 55 57 5e 78 48 5a 45 31 58 e3 81 35 86 31 04 21 0d 2f ed 36 a7 39 04 21 62 62 32
00:aa 19 10 2d 01 38 00 00 2a d1 63 66 29 50 78 7e 7f 73 7c 6b 42 55 bf 0b 4a 90 63 8c 42 ef 83 82 57 6f 5b 2a 3a 35 f6 b0 c0 90 63 26 21 a9 0d 27 97 e8 39 a7 39 bd 2d ad ad 4b 9b 66 31 78 58 5a
00:aa 19 48 2d 01 38 00 00 5e 2b 93 25 39 25 25 35 15 d1 a4 c7 39 7e 7c 54 5d f7 bd 53 74 57 bf 37 d7 17 8d b5 7c 0a 02 0e d7 58 8d 13 6c ab 0f 25 bd 13 6c 91 5b 15 95 af 8c 54 74 2f 53 a0 a8 02
00:aa 19 80 2d 01 38 00 00 09 91 63 e5 20 0d 25 b5 b5 e4 18 a3 18 b8 de b8 20 06 21 e4 18 fe f8 ff ff 05 21 e5 18 f5 9f fa ff 00 00 00 00 00 00 00 00 00 00 00 00 00 00 00 00 00 00 00 00 00 00 00
00:aa 19 b8 2d 01 38 00 00 00 00 00 00 00 00 00 00 00 00 00 00 00 00 00 00 00 00 00 00 00 00 00 00 00 00 00 00 00 00 00 00 00 00 00 00 00 00 00 00 00 00 00 00 00 00 00 00 00 00 00 00 00 00 00 00
00:aa 19 f0 2d 01 38 00 00 00 00 00 00 00 00 00 00 00 00 00 00 00 00 00 00 00 00 00 00 00 00 00 00 00 00 00 00 00 00 00 00 00 00 00 00 00 00 00 00 00 00 00 00 00 00 00 00 00 00 00 00 00 00 00 00
00:aa 19 28 2e 01 38 00 00 00 00 00 00 00 00 00 00 00 00 00 00 00 00 00 00 00 00 00 00 00 00 00 00 00 00 00 00 00 00 00 00 00 00 00 00 00 00 00 00 00 00 00 00 00 00 00 00 00 00 00 00 00 00 00 00
00:aa 19 60 2e 01 38 00 00 00 00 00 00 00 00 00 00 00 00 00 00 00 00 00 00 00 86 31 c3 18 7f 78 e8 7b c7 39 82 10 e0 00 2b 55 c3 18 82 10 80 20 30 60 48 72 c3 20 80 a8 ba de 69 7a c3 28 2b 02 ff
00:aa 19 98 2e 01 38 00 00 d5 e4 58 e4 38 58 7c d8 c0 26 89 05 71 56 69 60 60 06 89 44 39 bd bf 2b 00 c7 61 04 21 55 95 35 b5 86 31 04 21 f8 f8 7a 7a e8 39 04 21 bb 3b ea d4 49 4a 04 21 f4 fb b7
00:aa 19 d0 2e 01 38 00 00 bb 49 7a 45 31 70 5d 55 5d 8a 52 c3 18 bf c1 7f fe c7 39 04 21 5c ec 21 05 09 3a 45 29 7f 7f 7f fc 73 7c 87 29 62 50 ea b5 53 74 a9 29 f8 0b ab 55 12 74 0a 32 af 80 57
00:aa 19 08 2f 01 38 00 00 e2 d0 6b 26 21 02 09 25 d7 c8 39 46 21 70 60 a0 00 c8 39 a7 39 ab af ad bd a7 31 c3 18 20 2f 2d 09 aa 7a 04 29 15 d5 55 55 5b ef 45 31 57 58 70 40 9a d6 16 8d 97 00 00
00:aa 19 40 2f 01 38 00 00 00 db d6 b5 74 d5 2b 02 00 3c e7 13 6c d5 f5 82 00 db d6 b1 63 57 57 dd 09 13 6c 6c 42 0b 2f de 79 ac 4a c4 18 35 15 d5 d5 46 21 e4 18 55 57 5c ea 05 21 c4 18 fa ab 0d
00:aa 19 78 2f 01 38 00 00 08 67 21 a4 10 d5 57 7e a8 00 00 00 00 00 00 00 00 00 00 00 00 00 00 00 00 00 00 00 00 00 00 00 00 00 00 00 00 00 00 00 00 00 00 00 00 00 00 00 00 00 00 00 00 00 00 00
00:aa 19 b0 2f 01 38 00 00 00 00 00 00 00 00 00 00 00 00 00 00 00 00 00 00 00 00 00 00 00 00 00 00 00 00 00 00 00 00 00 00 00 00 00 00 00 00 00 00 00 00 00 00 00 00 00 00 00 00 00 00 00 00 00 00
00:aa 19 e8 2f 01 38 00 00 00 00 00 00 00 00 00 00 00 00 00 00 00 00 00 00 00 00 00 00 00 00 00 00 00 00 00 00 00 00 00 00 00 00 00 00 00 00 00 00 00 00 00 00 00 00 00 00 00 00 00 00 00 00 00 00
00:aa 19 20 30 01 38 00 00 00 00 00 00 00 00 00 00 00 00 00 00 00 00 00 00 00 00 00 00 00 00 00 00 00 00 00 00 00 00 00 00 00 00 00 00 00 00 00 00 00 00 00 00 00 00 00 00 00 82 10 41 08 02 7f ea
00:aa 19 58 30 01 38 00 00 ff 62 10 61 08 a0 a0 ba a8 83 28 82 10 5f 5f 5f 58 a3 38 a3 18 d7 55 eb 00 e4 58 a3 20 57 5e 78 e0 cc 92 66 79 41 e9 5f 5f 47 99 e5 70 78 7e de d8 93 e4 26 91 55 55 f5
00:aa 19 90 30 01 38 00 00 3b 67 69 04 21 35 15 35 b5 86 31 04 21 78 f8 7a ea 66 29 04 21 ad b1 33 22 e8 41 c3 18 5a f2 fe ff 08 42 e4 20 7b 5b ff c3 86 31 e4 18 a2 0a 25 9e 86 31 c3 18 5c a0 00
00:aa 19 c8 30 01 38 00 00 00 b1 63 86 31 56 57 5e 58 32 74 e9 31 57 78 82 09 73 7c e9 29 e8 0b d5 6f b1 63 a8 29 25 5f fa 8a 2e 5b 87 29 7f fd ad 2d c7 39 e4 18 80 c0 40 60 c7 39 a7 31 2a 2a 0b
00:aa 19 00 31 01 38 00 00 2a a7 31 04 21 09 09 09 01 f2 a4 e4 20 55 55 55 d4 5b ef 33 ad 42 42 0a 0a fb de 79 ce 80 a8 78 d8 da de 58 ce ba 0b b4 a4 5a f7 52 bd 02 02 c2 98 da de d2 a4 00 e0 be
00:aa 19 38 31 01 38 00 00 3d 9a ce 88 29 3d 0d 0f bf 87 29 82 10 7b 5e 95 15 46 21 05 21 e9 8a c2 50 e8 41 e4 18 5e d8 f3 e3 c8 31 46 21 56 5f 7f 52 00 00 00 00 00 00 00 00 00 00 00 00 00 00 00
00:aa 19 70 31 01 38 00 00 00 00 00 00 00 00 00 00 00 00 00 00 00 00 00 00 00 00 00 00 00 00 00 00 00 00 00 00 00 00 00 00 00 00 00 00 00 00 00 00 00 00 00 00 00 00 00 00 00 00 00 00 00 00 00 00
00:aa 19 a8 31 01 38 00 00 00 00 00 00 00 00 00 00 00 00 00 00 00 00 00 00 00 00 00 00 00 00 00 00 00 00 00 00 00 00 00 00 00 00 00 00 00 00 00 00 00 00 00 00 00 00 00 00 00 00 00 00 00 00 00 00
00:aa 19 e0 31 01 38 00 00 00 00 00 00 00 00 00 00 00 00 00 00 00 00 00 00 00 00 00 00 00 00 00 00 00 00 00 00 00 00 00 00 00 00 00 00 00 00 00 00 00 00 00 00 00 00 00 00 00 00 00 00 00 00 00 00
00:aa 19 18 32 01 38 00 00 00 00 00 00 00 00 00 00 00 00 00 00 00 00 00 00 00 00 00 00 00 00 00 00 00 62 20 41 10 55 7f 00 80 82 28 41 10 55 fe a0 00 a3 48 83 30 5f 5c 78 5a c4 60 a3 48 75 fe 5c
00:aa 19 50 32 01 38 00 00 58 e5 78 c3 48 7c e8 a0 28 29 9a 06 81 58 5f 55 55 67 89 e4 60 38 3e 9e d6 8f c3 a7 51 02 03 31 fd 45 29 04 21 f8 d5 7e 6d a7 31 45 29 7f 58 9c df c7 39 45 29 d5 d5 35
00:aa 19 88 32 01 38 00 00 ca 86 31 25 21 52 52 fa 8b 3c e7 86 31 45 75 5d 55 c7 39 04 21 7e 78 a0 c0 c8 39 65 29 bf ff f9 b0 d1 6b 66 29 70 60 c0 80 f2 6b 4b 3a 97 80 00 00 33 74 70 5b 58 df 03
00:aa 19 c0 32 01 38 00 00 a8 f2 6b c9 31 00 02 2d b5 ac 4a 04 19 2d a5 f5 d5 c7 39 c3 18 60 70 50 50 c7 39 a7 31 3a bf fd bd 86 31 04 21 01 01 09 03 f6 c5 e4 20 f4 f6 77 55 99 de 45 31 00 ba d5
00:aa 19 f8 32 01 38 00 00 5f 9a d6 4c 83 20 af 55 ea 99 d6 0b 8b 00 f8 ed ab 57 e6 43 41 08 0a d5 ff f5 d5 86 39 0a 0b a9 55 8c 52 c3 18 3e de 5c 58 11 84 82 10 d5 b5 15 55 46 29 62 10 5c 55 55
00:aa 19 30 33 01 38 00 00 55 a8 31 82 10 a2 a8 52 57 67 29 c4 18 00 0a af 2d 00 00 00 00 00 00 00 00 00 00 00 00 00 00 00 00 00 00 00 00 00 00 00 00 00 00 00 00 00 00 00 00 00 00 00 00 00 00 00
00:aa 19 68 33 01 38 00 00 00 00 00 00 00 00 00 00 00 00 00 00 00 00 00 00 00 00 00 00 00 00 00 00 00 00 00 00 00 00 00 00 00 00 00 00 00 00 00 00 00 00 00 00 00 00 00 00 00 00 00 00 00 00 00 00
00:aa 19 a0 33 01 38 00 00 00 00 00 00 00 00 00 00 00 00 00 00 00 00 00 00 00 00 00 00 00 00 00 00 00 00 00 00 00 00 00 00 00 00 00 00 00 00 00 00 00 00 00 00 00 00 00 00 00 00 00 00 00 00 00 00
00:aa 19 d8 33 01 38 00 00 00 00 00 00 00 00 00 00 00 00 00 00 00 00 00 00 00 00 00 00 00 00 00 00 00 00 00 00 00 00 00 00 00 00 00 00 00 00 00 00 00 00 00 00 00 00 00 00 00 00 00 00 00 00 00 00
00:aa 19 10 34 01 38 00 00 00 62 20 41 10 a0 e8 ea ea 82 28 62 20 e0 78 5a 78 a3 30 62 28 80 a8 7a c8 c4 68 a3 38 78 78 78 78 e5 70 82 40 28 3e 9e dc 26 89 e5 78 7f 57 7b e0 06 79 c3 48 3c 26 36
00:aa 19 48 34 01 38 00 00 b6 2e c3 e4 40 c9 8d b5 e5 08 42 04 21 d4 56 57 55 66 31 45 29 fd 97 e7 96 69 4a 45 29 5c f5 fd fb 49 4a 45 29 bd 85 fe 55 0c 63 45 29 51 71 df 55 2c 63 86 31 5f 75 5f
00:aa 19 80 34 01 38 00 00 52 59 c6 c7 31 55 ea 80 80 5c ef d2 63 55 55 ab 80 5d ef 12 6c 55 55 55 35 33 74 0f 53 09 0d ad d5 0e 53 67 29 8a 0b 2d 2d 05 21 c3 18 3b 2f bf df c7 39 e4 18 50 50 58
00:aa 19 b8 34 01 38 00 00 5c c7 39 86 31 ad 2f af b5 86 31 25 21 29 29 0b 0b 04 21 c3 18 ed 80 00 00 4e bc 04 31 58 58 70 60 b4 dd 70 b4 68 e8 60 60 b4 d5 8c ab 0b 2d 35 b5 2a 9b 68 7a 01 81 e1
00:aa 19 f0 34 01 38 00 00 7d 07 5a a3 18 3f 1f b5 d5 49 4a a3 18 70 0d 55 55 83 10 82 10 2f bf ff ff 82 10 62 10 2f 2b a2 22 82 10 41 08 be af ab 2b 46 29 42 08 cb 56 55 55 00 00 00 00 00 00 00
00:aa 19 28 35 01 38 00 00 00 00 00 00 00 00 00 00 00 00 00 00 00 00 00 00 00 00 00 00 00 00 00 00 00 00 00 00 00 00 00 00 00 00 00 00 00 00 00 00 00 00 00 00 00 00 00 00 00 00 00 00 00 00 00 00
00:aa 19 60 35 01 38 00 00 00 00 00 00 00 00 00 00 00 00 00 00 00 00 00 00 00 00 00 00 00 00 00 00 00 00 00 00 00 00 00 00 00 00 00 00 00 00 00 00 00 00 00 00 00 00 00 00 00 00 00 00 00 00 00 00
00:aa 19 98 35 01 38 00 00 00 00 00 00 00 00 00 00 00 00 00 00 00 00 00 00 00 00 00 00 00 00 00 00 00 00 00 00 00 00 00 00 00 00 00 00 00 00 00 00 00 00 00 00 00 00 00 00 00 00 00 00 00 00 00 00
00:aa 19 d0 35 01 38 00 00 00 00 00 00 00 00 00 00 00 00 00 00 00 00 00 00 00 00 00 00 00 00 00 00 00 00 00 00 00 00 00 00 00 62 18 41 10 e8 e8 78 5a 65 41 82 20 5b 53 5d 55 65 49 82 28 c2 cc 67
00:aa 19 08 36 01 38 00 00 67 c4 58 a3 38 e0 e2 6b 7d e5 68 82 18 f8 dc 5e 55 06 89 a3 20 00 00 af 55 05 79 a3 28 2e 2e fe 5e 45 71 e4 20 0d 25 95 95 25 29 c3 18 2e 8e 6b ff c7 39 04 21 8a 57 55
00:aa 19 40 36 01 38 00 00 55 28 42 25 29 8c 7c 7f 5d f7 bd 45 29 55 25 b5 55 10 84 45 29 55 55 55 15 31 84 45 29 53 5c 55 55 58 d6 49 42 f8 68 78 78 5b ff b9 de 40 00 a2 ea 5a f7 b6 bd 03 00 02
00:aa 19 78 36 01 38 00 00 01 ba ce 0f 53 d5 35 ad bd 2a 3a e4 18 0d 35 f5 15 04 21 c3 18 ba aa 2a ea 45 29 c3 18 5c 7c fe ff a7 31 86 31 2d 25 e5 b5 86 31 45 29 2d 29 29 a9 27 5a 04 21 55 55 55
00:aa 19 b0 36 01 38 00 00 54 4e c4 64 49 40 c0 80 80 f5 e5 8f b4 e2 83 09 09 90 c4 c8 8a 2d 25 b5 d5 a9 7a c3 20 02 0b 09 0d c3 18 a3 18 2b ab aa 2a a3 18 a3 10 ab ab be be a3 10 82 10 ba aa bf
00:aa 19 e8 36 01 38 00 00 bf 82 10 82 10 00 00 00 00 82 10 62 08 2f 2f 2f af 62 08 41 08 ab ab aa aa 00 00 00 00 00 00 00 00 00 00 00 00 00 00 00 00 00 00 00 00 00 00 00 00 00 00 00 00 00 00 00
00:aa 19 20 37 01 38 00 00 00 00 00 00 00 00 00 00 00 00 00 00 00 00 00 00 00 00 00 00 00 00 00 00 00 00 00 00 00 00 00 00 00 00 00 00 00 00 00 00 00 00 00 00 00 00 00 00 00 00 00 00 00 00 00 00
00:aa 19 58 37 01 38 00 00 00 00 00 00 00 00 00 00 00 00 00 00 00 00 00 00 00 00 00 00 00 00 00 00 00 00 00 00 00 00 00 00 00 00 00 00 00 00 00 00 00 00 00 00 00 00 00 00 00 00 00 00 00 00 00 00
00:aa 19 90 37 01 38 00 00 00 00 00 00 00 00 00 00 00 00 00 00 00 00 00 00 00 00 00 00 00 00 00 00 00 00 00 00 00 00 00 00 00 00 00 00 00 00 00 00 00 00 00 00 00 00 00 00 00 00 00 00 00 00 00 00
00:aa 19 c8 37 01 38 00 00 00 00 00 00 00 00 00 00 00 62 18 61 10 5e 7e fa 6a 62 20 62 18 60 6a 6a 7a a3 28 62 20 7c 5c 5e 57 a3 40 82 18 83 ad ad f5 a3 18 82 10 f8 fe da ea e4 20 c3 18 7e 7f 7f
00:aa 19 00 38 01 38 00 00 7f 46 59 e4 20 58 58 5c 5c 25 41 25 29 15 15 95 95 25 21 04 21 d5 fd ad 0b 04 21 e4 18 e0 a0 a0 a0 45 29 24 21 20 e0 f8 f0 6a 52 e4 20 fd fc fc d5 34 a5 25 29 12 1e 1e
00:aa 19 38 38 01 38 00 00 df 4c 8b 45 29 55 57 d4 98 90 bc aa 6a 7c a0 a0 80 77 de 0a 7b 00 dc ad bd 58 ce 45 31 00 aa ff f5 35 a5 8a 4a 2b ad f5 55 8a 4a e4 18 35 25 d5 55 e4 20 c3 18 fe b5 aa
00:aa 19 70 38 01 38 00 00 ea 04 21 c3 18 a0 f8 bf ab 86 31 45 29 02 03 cb 4f 66 29 45 29 09 a9 a9 b9 6c ab 24 21 56 54 58 50 53 e5 ec bb 78 70 e0 82 12 e5 6b b3 09 2d b5 f5 e9 8a 68 72 3e 12 19
00:aa 19 a8 38 01 38 00 00 31 88 72 e3 18 25 35 95 d5 c3 18 a3 10 0b 2e 20 ab a3 18 a3 10 be 2e af ab a3 10 82 10 af aa aa aa 82 10 62 08 2a 02 0a 2b 62 10 62 08 aa ab ab bf 62 08 41 08 aa ba ba
00:aa 19 e0 38 01 38 00 00 aa 00 00 00 00 00 00 00 00 00 00 00 00 00 00 00 00 00 00 00 00 00 00 00 00 00 00 00 00 00 00 00 00 00 00 00 00 00 00 00 00 00 00 00 00 00 00 00 00 00 00 00 00 00 00 00
00:aa 19 18 39 01 38 00 00 00 00 00 00 00 00 00 00 00 00 00 00 00 00 00 00 00 00 00 00 00 00 00 00 00 00 00 00 00 00 00 00 00 00 00 00 00 00 00 00 00 00 00 00 00 00 00 00 00 00 00 00 00 00 00 00
00:aa 19 50 39 01 38 00 00 00 00 00 00 00 00 00 00 00 00 00 00 00 00 00 00 00 00 00 00 00 00 00 00 00 00 00 00 00 00 00 00 00 00 00 00 00 00 00 00 00 00 00 00 00 00 00 00 00 00 00 00 00 00 00 00
00:aa 19 88 39 01 38 00 00 00 00 00 00 00 00 00 00 00 00 00 00 00 00 00 00 00 00 00 00 00 00 00 00 00 00 00 00 00 00 00 00 00 00 00 00 00 00 00 00 00 6b 8b c3 10 55 55 bd 3f 62 18 c2 00 00 80 80
00:aa 19 c0 39 01 38 00 00 68 82 28 82 18 a0 e2 fd 55 45 39 82 18 d5 d5 55 78 e6 51 a2 18 55 55 78 80 ea 82 c3 18 55 55 8b 80 87 59 04 21 5c 5e 5e 37 25 39 45 21 3f 3f 37 fe 87 31 04 21 fd 7d 08
00:aa 19 f8 39 01 38 00 00 0a 86 31 04 21 57 5f 9f 0f 66 31 24 21 fa f8 f8 69 e8 39 c3 18 95 d7 54 5f f2 b4 25 29 55 5a 58 5f 0e bc a2 20 70 20 80 80 d1 c4 6b 93 c8 aa 2b 25 0e a4 48 62 0b 0b ad
00:aa 19 30 3a 01 38 00 00 f5 89 6a 04 21 0d 35 d5 55 0c 63 04 21 8d 55 55 55 04 21 c3 18 7e 00 00 02 04 21 c3 18 af 2b 2a aa 04 21 c3 18 f8 fa ea bf 86 31 04 21 ca 4a 4a c2 45 29 04 21 03 01 01
00:aa 19 68 3a 01 38 00 00 01 11 cd c2 20 78 68 e0 e0 73 dd 4b ab 0b 0f 2d b5 ac b3 c8 92 0b ad 09 ab e8 92 65 39 2b 29 2d 25 e4 20 e3 18 3f bf ff af e4 20 c3 18 ad 55 f5 75 c3 18 a3 10 8e aa aa
00:aa 19 a0 3a 01 38 00 00 bf c3 18 82 10 0b 0a bf fa a3 10 82 10 ad fd f5 ad 62 10 41 08 ab af bf bf 41 08 41 08 00 00 00 00 00 00 00 00 00 00 00 00 00 00 00 00 00 00 00 00 00 00 00 00 00 00 00
00:aa 19 d8 3a 01 38 00 00 00 00 00 00 00 00 00 00 00 00 00 00 00 00 00 00 00 00 00 00 00 00 00 00 00 00 00 00 00 00 00 00 00 00 00 00 00 00 00 00 00 00 00 00 00 00 00 00 00 00 00 00 00 00 00 00
00:aa 19 10 3b 01 38 00 00 00 00 00 00 00 00 00 00 00 00 00 00 00 00 00 00 00 00 00 00 00 00 00 00 00 00 00 00 00 00 00 00 00 00 00 00 00 00 00 00 00 00 00 00 00 00 00 00 00 00 00 00 00 00 00 00
00:aa 19 48 3b 01 38 00 00 00 00 00 00 00 00 00 00 00 00 00 00 00 00 00 00 00 00 00 00 00 00 00 00 00 00 00 00 00 00 00 00 00 00 00 00 00 00 00 00 00 00 00 00 00 00 00 00 00 00 00 00 00 00 00 00
00:aa 19 80 3b 01 38 00 00 00 00 00 00 00 00 00 00 00 00 00 00 00 00 00 00 00 50 a4 a5 39 c5 e1 bd fe 67 1a 82 10 15 05 0b 03 0b 53 82 10 55 55 55 0a 65 41 82 18 60 68 68 2b 30 8c 65 39 5f 55 53
00:aa 19 b8 3b 01 38 00 00 6d ec 62 45 29 ff 09 d5 af 08 42 e4 18 9d 1b b6 fd 66 29 c3 18 a0 4a 73 59 c9 72 e4 20 57 58 60 e0 ea 82 45 29 55 25 01 00 a6 41 e4 18 f9 fd e5 05 45 29 c3 18 78 78 e0
00:aa 19 f0 3b 01 38 00 00 a0 cd a3 25 31 58 58 70 60 90 c4 cd a3 c0 e0 09 a5 ac 9b 65 39 00 2a 2b bd ea 72 25 29 2d b5 55 55 45 29 04 21 5e 02 0b af 25 21 04 21 2f fd d5 d5 04 21 e4 18 8b ab ff
00:aa 19 28 3c 01 38 00 00 ff e4 20 c3 18 aa ba ff ff e4 20 e3 18 af af ad ff a7 39 04 21 c2 c0 50 5a f3 b4 a7 31 55 55 57 40 f1 cc 4b 8b 70 62 c2 82 ed b3 2a 93 26 17 97 dd 2d c4 27 72 2f 2b a9
00:aa 19 60 3c 01 38 00 00 ad e6 59 c3 18 2d 25 b5 d7 04 21 82 10 ab fc d7 00 04 21 c3 18 d5 2f 55 ab c3 18 82 10 00 00 82 2f a3 18 a2 10 aa ab ab eb 82 10 62 08 02 02 0b 0b 62 10 41 08 ab ab af
00:aa 19 98 3c 01 38 00 00 bf 62 08 41 08 af ab aa aa 00 00 00 00 00 00 00 00 00 00 00 00 00 00 00 00 00 00 00 00 00 00 00 00 00 00 00 00 00 00 00 00 00 00 00 00 00 00 00 00 00 00 00 00 00 00 00
00:aa 19 d0 3c 01 38 00 00 00 00 00 00 00 00 00 00 00 00 00 00 00 00 00 00 00 00 00 00 00 00 00 00 00 00 00 00 00 00 00 00 00 00 00 00 00 00 00 00 00 00 00 00 00 00 00 00 00 00 00 00 00 00 00 00
00:aa 19 08 3d 01 38 00 00 00 00 00 00 00 00 00 00 00 00 00 00 00 00 00 00 00 00 00 00 00 00 00 00 00 00 00 00 00 00 00 00 00 00 00 00 00 00 00 00 00 00 00 00 00 00 00 00 00 00 00 00 00 00 00 00
00:aa 19 40 3d 01 38 00 00 00 00 00 00 00 00 00 00 00 00 00 00 00 00 00 00 00 00 00 00 00 00 00 00 00 00 00 00 00 00 00 00 00 00 00 00 00 00 00 00 00 00 00 00 00 00 00 00 00 c4 8a 47 22 8b a9 75
00:aa 19 78 3d 01 38 00 00 55 88 1a 82 10 80 08 80 35 4f 64 c3 10 f2 2d 55 55 65 21 62 10 3a ff ff 5f aa 52 45 29 ac 7a fd 55 c7 31 c3 18 02 ad a5 17 eb 92 04 21 55 55 5f 60 2c 93 c3 18 55 55 f5
00:aa 19 b0 3d 01 38 00 00 02 0b 83 c7 49 71 79 79 e8 30 c4 44 31 62 78 d5 b5 2f c4 82 28 ad 02 80 78 f7 d5 44 29 57 fc a2 02 99 de ce 83 5b 20 a2 f8 0e ac 04 29 0b 0b 2d 35 68 5a 45 29 35 dd 5f
00:aa 19 e8 3d 01 38 00 00 77 45 29 04 21 aa 75 75 35 24 21 e4 20 2a be bf fd 04 21 c3 18 00 0a ab bf e4 20 c3 18 bf bd ff ea e4 20 c3 18 ff 7f ea 88 e4 20 c3 18 fe fc f8 28 8a 9a 04 21 57 55 57
00:aa 19 20 3e 01 38 00 00 54 38 de e7 79 78 7f 7e e8 bd ff b2 ac b5 6b 5e 02 9c f7 4b a3 55 55 95 8d ac 9b a3 18 0b 0f 2d 25 04 21 a2 10 f2 40 40 40 04 21 e4 20 80 00 02 02 04 21 e3 18 0b af aa
00:aa 19 58 3e 01 38 00 00 2b c3 18 a2 10 02 02 02 0b a2 10 82 10 2b 2b 0b ab 82 10 62 08 0b 0b 2b 2f 62 08 41 08 aa aa aa bf 62 08 41 08 aa aa aa fe 00 00 00 00 00 00 00 00 00 00 00 00 00 00 00
00:aa 19 90 3e 01 38 00 00 00 00 00 00 00 00 00 00 00 00 00 00 00 00 00 00 00 00 00 00 00 00 00 00 00 00 00 00 00 00 00 00 00 00 00 00 00 00 00 00 00 00 00 00 00 00 00 00 00 00 00 00 00 00 00 00
00:aa 19 c8 3e 01 38 00 00 00 00 00 00 00 00 00 00 00 00 00 00 00 00 00 00 00 00 00 00 00 00 00 00 00 00 00 00 00 00 00 00 00 00 00 00 00 00 00 00 00 00 00 00 00 00 00 00 00 00 00 00 00 00 00 00
00:aa 19 00 3f 01 38 00 00 00 00 00 00 00 00 00 00 00 00 00 00 00 00 00 00 00 00 00 00 00 00 00 00 00 00 00 00 00 00 00 00 00 00 00 00 00 00 00 00 00 00 00 00 00 00 00 00 00 00 00 00 00 00 00 00
00:aa 19 38 3f 01 38 00 00 00 00 00 00 00 00 00 00 00 00 00 00 00 00 00 00 00 00 00 00 00 00 00 00 00 65 21 41 08 83 b5 d5 f5 c3 18 41 08 ff ff ff f0 08 42 82 10 55 55 63 a9 e4 20 82 10 74 ff 15
00:aa 19 70 3f 01 38 00 00 d7 e8 41 c3 18 77 54 5f 55 0b 93 a3 20 d7 58 60 8b 2c 9b e2 38 0a 28 96 58 ce b3 c4 38 aa 8a 2a b5 2e c4 44 51 aa a8 b2 57 cd b3 a9 7a f5 2e 8c ed 8c 9b 28 62 54 2f 2f
00:aa 19 a8 3f 01 38 00 00 bf 79 de 2b 83 a8 73 56 57 b6 c5 4d 7b 2a 0f 79 99 b2 ac 65 31 35 35 bd fd 66 31 04 21 0a a7 f7 55 04 21 e4 18 02 2b 0f af e4 20 c3 18 aa ab ff f5 e4 18 c3 18 bd f5 f5
00:aa 19 e0 3f 01 38 00 00 ff 08 42 c3 18 60 7e 55 55 6d 73 e4 20 aa e0 55 55 2c 6b 04 21 ff 02 55 55 4c cb 04 21 5c 50 50 5a be ff 0b db 5e 58 70 60 be f7 f4 a4 0d 0d 09 2b fb e6 4d 73 82 d8 e6
00:aa 19 18 40 01 38 00 00 ef f3 b4 a3 18 b5 35 85 25 04 21 a3 18 42 40 80 00 25 21 04 21 5e fb df 51 04 21 c3 18 2b ab ad a9 c3 18 a2 10 0a 02 02 03 a3 18 82 10 af af bd fd 82 10 41 08 2f 2f bf
00:aa 19 50 40 01 38 00 00 ba 62 10 41 08 ff ff ea aa 62 10 41 08 57 57 af aa 00 00 00 00 00 00 00 00 00 00 00 00 00 00 00 00 00 00 00 00 00 00 00 00 00 00 00 00 00 00 00 00 00 00 00 00 00 00 00
00:aa 19 88 40 01 38 00 00 00 00 00 00 00 00 00 00 00 00 00 00 00 00 00 00 00 00 00 00 00 00 00 00 00 00 00 00 00 00 00 00 00 00 00 00 00 00 00 00 00 00 00 00 00 00 00 00 00 00 00 00 00 00 00 00
00:aa 19 c0 40 01 38 00 00 00 00 00 00 00 00 00 00 00 00 00 00 00 00 00 00 00 00 00 00 00 00 00 00 00 00 00 00 00 00 00 00 00 00 00 00 00 00 00 00 00 00 00 00 00 00 00 00 00 00 00 00 00 00 00 00
00:aa 19 f8 40 01 38 00 00 00 00 00 00 00 00 00 00 00 00 00 00 00 00 00 00 00 00 00 00 00 00 00 00 00 00 00 00 00 00 00 00 00 00 00 00 00 00 00 00 00 00 00 00 00 00 00 00 00 00 00 00 00 00 00 00
00:aa 19 30 41 01 38 00 00 00 00 00 00 00 00 00 00 00 00 00 00 00 00 00 00 00 00 00 00 00 00 00 00 00 00 00 00 00 00 00 00 00 00 00 00 00 00 00 00 00 00 00 00 00 00 00 00 00 00 00 00 00 00 00 00
00:aa 19 68 41 01 38 00 00 00 00 00 00 00 00 00 00 00 00 00 00 00 00 00 00 00 00 00 00 00 00 00 00 00 00 00 00 00 00 00 00 00 00 00 00 00 00 00 00 00 00 00 00 00 00 00 00 00 00 00 00 00 00 00 00
00:aa 19 a0 41 01 28 00 00 00 00 00 00 00 00 00 00 00 00 00 00 00 00 00 00 00 00 00 00 00 00 00 00 00 00 00 00 00 00 00 00 00 00 00 00 00 00 00 00 00 00 00 00 00 00 00 00 00 00 00 00 00 00 00 00
00:aa 19 00 00 02 38 00 00 51 47 49 46 00 13 00 09 3b 21 ff ff ff ff ff ff ff ff ff ff ff ff ff ff ff ff ff ff ff ff ff ff ff ff ff ff ff ff ff ff ff ff ff ff ff ff ff ff ff ff ff ff ff ff ff ff
00:aa 19 38 00 02 38 00 00 ff ff ff ff ff ff ff ff ff ff ff ff ff ff ff ff ff ff ff ff ff ff ff ff ff ff ff ff ff ff ff ff ff ff ff ff ff ff ff ff ff ff ff ff ff ff ff ff ff ff ff ff ff ff ff ff
00:aa 19 70 00 02 38 00 00 ff ff ff ff ff ff ff ff ff ff ff ff ff ff ff ff ff ff ff ff ff ff ff ff ff ff ff ff ff ff ff ff ff ff ff ff ff ff ff ff ff ff ff ff ff ff ff ff ff ff ff ff ff ff ff ff
00:aa 19 a8 00 02 38 00 00 ff ff ff ff ff ff ff ff ff ff ff ff ff ff ff ff ff ff ff ff ff ff ff ff ff ff ff ff ff ff ff ff ff ff ff ff ff ff ff ff ff ff ff ff ff ff ff ff ff ff ff ff ff ff ff ff
00:aa 19 e0 00 02 38 00 00 ff ff ff ff ff ff ff ff ff ff ff ff ff ff ff ff ff ff ff ff ff ff ff ff ff ff ff ff ff ff ff ff ff ff ff ff ff ff ff ff ff 00 00 00 00 00 00 00 00 00 00 00 00 00 00 00
00:aa 19 18 01 02 38 00 00 00 00 00 00 00 00 00 00 00 00 00 00 00 00 00 00 00 00 00 00 00 00 00 00 00 00 00 00 00 00 00 00 00 00 00 00 00 00 00 00 00 00 00 00 00 00 00 00 00 00 00 00 00 00 00 00
00:aa 19 50 01 02 38 00 00 00 00 00 00 00 00 00 00 00 00 00 00 00 00 00 00 00 00 00 00 00 00 00 00 00 00 00 00 00 00 00 00 00 00 00 00 00 00 00 00 00 00 00 00 00 00 00 00 00 00 00 00 00 00 00 00
00:aa 19 88 01 02 38 00 00 00 00 00 00 00 00 00 00 00 00 00 00 00 00 00 00 00 00 00 00 00 00 00 00 00 00 00 00 00 00 00 00 00 00 00 00 00 00 00 00 00 00 00 00 00 00 00 00 00 00 00 00 00 00 00 00
00:aa 19 c0 01 02 38 00 00 00 00 00 00 00 00 00 00 00 00 00 00 00 00 00 00 00 00 00 00 00 00 00 00 00 00 00 00 00 00 00 00 00 00 00 00 00 00 00 00 00 00 00 00 00 00 00 00 00 00 00 00 00 00 00 00
00:aa 19 f8 01 02 38 00 00 00 00 00 00 00 00 00 00 00 00 00 00 00 00 00 00 00 00 00 00 00 00 00 00 00 00 00 00 00 00 00 00 00 00 00 00 00 00 00 00 00 00 00 00 00 00 00 00 00 00 00 00 00 00 00 00
00:aa 19 30 02 02 38 00 00 00 00 00 00 00 00 00 00 00 00 00 00 00 00 00 00 00 00 00 00 00 00 00 00 00 00 00 00 00 00 00 00 00 00 00 00 00 00 00 00 00 00 00 00 00 00 00 00 00 00 00 00 00 00 00 00
00:aa 19 68 02 02 38 00 00 00 00 00 00 00 00 00 00 00 00 00 00 00 00 00 00 00 00 00 00 00 00 00 00 00 00 00 00 00 00 00 00 00 00 00 00 00 00 00 00 00 00 00 00 00 00 00 00 00 00 00 00 00 00 00 00
00:aa 19 a0 02 02 38 00 00 00 00 00 00 00 00 00 00 00 00 00 00 00 00 00 00 00 00 00 00 00 00 00 00 00 00 00 00 00 00 00 00 00 00 00 00 00 00 00 00 00 00 00 00 00 00 00 00 00 00 00 00 00 00 00 00
00:aa 19 d8 02 02 38 00 00 00 00 00 00 00 00 00 00 00 00 00 00 00 00 00 00 00 00 00 00 00 00 00 00 00 00 00 00 00 00 00 00 00 00 00 00 00 00 00 00 00 00 00 00 00 00 00 00 00 00 00 00 00 00 00 00
00:aa 19 10 03 02 38 00 00 00 00 00 00 00 00 00 00 00 00 00 00 00 00 00 00 00 00 00 00 00 00 00 00 00 00 00 00 00 00 00 00 00 00 00 00 00 00 00 00 00 00 00 00 00 00 00 00 00 00 00 00 00 00 00 00
00:aa 19 48 03 02 38 00 00 00 00 00 00 00 00 00 00 00 00 00 00 00 00 00 00 00 00 00 00 00 00 00 00 00 00 00 00 00 00 00 00 00 00 00 00 00 00 00 00 00 00 00 00 00 00 00 00 00 00 00 00 00 00 00 00
00:aa 19 80 03 02 38 00 00 00 00 00 00 00 00 00 00 00 00 00 00 00 00 00 00 00 00 00 00 00 00 00 00 00 00 00 00 00 00 00 00 00 00 00 00 00 00 00 00 00 00 00 00 00 00 00 00 00 00 00 00 00 00 00 00
00:aa 19 b8 03 02 38 00 00 00 00 00 00 00 00 00 00 00 00 00 00 00 00 00 00 00 00 00 00 00 00 00 00 00 00 00 00 00 00 00 00 00 00 00 00 00 00 00 00 00 00 00 00 00 00 00 00 00 00 00 00 00 00 00 00
00:aa 19 f0 03 02 38 00 00 00 00 00 00 00 00 00 00 00 00 00 00 00 00 00 00 00 00 00 00 00 00 00 00 00 00 00 00 00 00 00 00 00 00 00 00 00 00 00 00 00 00 00 00 00 00 00 00 00 00 00 00 00 00 00 00
00:aa 19 28 04 02 38 00 00 00 00 00 00 00 00 00 00 00 00 00 00 00 00 00 00 00 00 00 00 00 00 00 00 00 00 00 00 00 00 00 00 00 00 00 00 00 00 00 00 00 00 00 00 00 00 00 00 00 00 00 00 00 00 00 00
00:aa 19 60 04 02 38 00 00 00 00 00 00 00 00 00 00 00 00 00 00 00 00 00 00 00 00 00 00 00 00 00 00 00 00 00 00 00 00 00 00 00 00 00 00 00 00 00 00 00 00 00 00 00 00 00 00 00 00 00 00 00 00 00 00
00:aa 19 98 04 02 38 00 00 00 00 00 00 00 00 00 00 00 00 00 00 00 00 00 00 00 00 00 00 00 00 00 00 00 00 00 00 00 00 00 00 00 00 00 00 00 00 00 00 00 00 00 00 00 00 00 00 00 00 00 00 00 00 00 00
00:aa 19 d0 04 02 38 00 00 00 00 00 00 00 00 00 00 00 00 00 00 00 00 00 00 00 00 00 00 00 00 00 00 00 00 00 00 00 00 00 00 00 00 00 00 00 00 00 00 00 00 00 00 00 00 00 00 00 00 00 00 00 00 00 00
00:aa 19 08 05 02 38 00 00 00 00 00 00 00 00 00 00 00 00 00 00 00 00 00 00 00 00 00 00 00 00 00 00 00 00 00 00 00 00 00 00 00 00 00 00 00 00 00 00 00 00 00 00 00 00 00 00 00 00 00 00 00 00 00 00
00:aa 19 40 05 02 38 00 00 00 00 00 00 00 00 00 00 00 00 00 00 00 00 00 00 00 00 00 00 00 00 00 00 00 00 00 00 00 00 00 00 00 00 00 00 00 00 00 00 00 00 00 00 00 00 00 00 00 00 00 00 00 00 00 00
00:aa 19 78 05 02 38 00 00 00 00 00 00 00 00 00 00 00 00 00 00 00 00 00 00 00 00 00 00 00 00 00 00 00 00 00 00 00 00 00 00 00 00 00 00 00 00 00 00 00 00 00 00 00 00 00 00 00 00 00 00 00 00 00 00
00:aa 19 b0 05 02 38 00 00 00 00 00 00 00 00 00 00 00 00 00 00 00 00 00 00 00 00 00 00 00 00 00 00 00 00 00 00 00 00 00 00 00 00 00 00 00 00 00 00 00 00 00 00 00 00 00 00 00 00 00 00 00 00 00 00
00:aa 19 e8 05 02 38 00 00 00 00 00 00 00 00 00 00 00 00 00 00 00 00 00 00 00 00 00 00 00 00 00 00 00 00 00 00 00 00 00 00 00 00 00 00 00 00 00 00 00 00 00 00 00 00 00 00 00 00 00 00 00 00 00 00
00:aa 19 20 06 02 38 00 00 00 00 00 00 00 00 00 00 00 00 00 00 00 00 00 00 00 00 00 00 00 00 00 00 00 00 00 00 00 00 00 00 00 00 00 00 00 00 00 00 00 00 00 00 00 00 00 00 00 00 00 00 00 00 00 00
00:aa 19 58 06 02 38 00 00 00 00 00 00 00 00 00 00 00 00 00 00 00 00 00 00 00 00 00 00 00 00 00 00 00 00 00 00 00 00 00 00 00 00 00 00 00 00 00 00 00 00 00 00 00 00 00 00 00 00 00 00 00 00 00 00
00:aa 19 90 06 02 38 00 00 00 00 00 00 00 00 00 00 00 00 00 00 00 00 00 00 00 00 00 00 00 00 00 00 00 00 00 00 00 00 00 00 00 00 00 00 00 00 00 00 00 00 00 00 00 00 00 00 00 00 00 00 00 00 00 00
00:aa 19 c8 06 02 38 00 00 00 00 00 00 00 00 00 00 00 00 00 00 00 00 00 00 00 00 00 00 00 00 00 00 00 00 00 00 00 00 00 00 00 00 00 00 00 00 00 00 00 00 00 00 00 00 00 00 00 00 00 00 00 00 00 00
00:aa 19 00 07 02 38 00 00 00 00 00 00 00 00 00 00 00 00 00 00 00 00 00 00 00 00 00 00 00 00 00 00 00 00 00 00 00 00 00 00 00 00 00 00 00 00 00 00 00 00 00 00 00 00 00 00 00 00 00 00 00 00 00 00
00:aa 19 38 07 02 38 00 00 00 00 00 00 00 00 00 00 00 00 00 00 00 00 00 00 00 00 00 00 00 00 00 00 00 00 00 00 00 00 00 00 00 00 00 00 00 00 00 00 00 00 00 00 00 00 00 00 00 00 00 00 00 00 00 00
00:aa 19 70 07 02 38 00 00 00 00 00 00 00 00 00 00 00 00 00 00 00 00 00 00 00 00 00 00 00 00 00 00 00 00 00 00 00 00 00 00 00 00 00 00 00 00 00 00 00 00 00 00 00 00 00 00 00 00 00 00 00 00 00 00
00:aa 19 a8 07 02 38 00 00 00 00 00 00 00 00 00 00 00 00 00 00 00 00 00 00 00 00 00 00 00 00 00 00 00 00 00 00 00 00 00 00 00 00 00 00 00 00 00 00 00 00 00 00 00 00 00 00 00 00 00 00 00 00 00 00
00:aa 19 e0 07 02 38 00 00 00 00 00 00 00 00 00 00 00 00 00 00 00 00 00 00 00 00 00 00 00 00 00 00 00 00 00 00 00 00 00 00 00 00 00 00 00 00 00 00 00 00 00 00 00 00 00 00 00 00 00 00 00 00 00 00
00:aa 19 18 08 02 38 00 00 00 00 00 00 00 00 00 00 00 00 00 00 00 00 00 00 00 00 00 00 00 00 00 00 00 00 00 00 00 00 00 00 00 00 00 00 00 00 00 00 00 00 00 00 00 00 00 00 00 00 00 00 00 00 00 00
00:aa 19 50 08 02 38 00 00 00 00 00 00 00 00 00 00 00 00 00 00 00 00 00 00 00 00 00 00 00 00 00 00 00 00 00 00 00 00 00 00 00 00 00 00 00 00 00 00 00 00 00 00 00 00 00 00 00 00 00 00 00 00 00 00
00:aa 19 88 08 02 38 00 00 00 00 00 00 00 00 00 00 00 00 00 00 00 00 00 00 00 00 00 00 00 00 00 00 00 00 00 00 00 00 00 00 00 00 00 00 00 00 00 00 00 00 00 00 00 00 00 00 00 00 00 00 00 00 00 00
00:aa 19 c0 08 02 38 00 00 00 00 00 00 00 00 00 00 00 00 00 00 00 00 00 00 00 00 00 00 00 00 00 00 00 00 00 00 00 00 00 00 00 00 00 00 00 00 00 00 00 00 00 00 00 00 00 00 00 00 00 00 00 00 00 00
00:aa 19 f8 08 02 38 00 00 00 00 00 00 00 00 00 00 00 00 00 00 00 00 00 00 00 00 00 00 00 00 00 00 00 00 00 00 00 00 00 00 00 00 00 00 00 00 00 00 00 00 00 00 00 00 00 00 00 00 00 00 00 00 00 00
00:aa 19 30 09 02 38 00 00 00 00 00 00 00 00 00 00 00 00 00 00 00 00 00 00 00 00 00 00 00 00 00 00 00 00 00 00 00 00 00 00 00 00 00 00 00 00 00 00 00 00 00 00 00 00 00 00 00 00 00 00 00 00 00 00
00:aa 19 68 09 02 38 00 00 00 00 00 00 00 00 00 00 00 00 00 00 00 00 00 00 00 00 00 00 00 00 00 00 00 00 00 00 00 00 00 00 00 00 00 00 00 00 00 00 00 00 00 00 00 00 00 00 00 00 00 00 00 00 00 00
00:aa 19 a0 09 02 38 00 00 00 00 00 00 00 00 00 00 00 00 00 00 00 00 00 00 00 00 00 00 00 00 00 00 00 00 00 00 00 00 00 00 00 00 00 00 00 00 00 00 00 00 00 00 00 00 00 00 00 00 00 00 00 00 00 00
00:aa 19 d8 09 02 38 00 00 00 00 00 00 00 00 00 00 00 00 00 00 00 00 00 00 00 00 00 00 00 00 00 00 00 00 00 00 00 00 00 00 00 00 00 00 00 00 00 00 00 00 00 00 00 00 00 00 00 00 00 00 00 00 00 00
00:aa 19 10 0a 02 38 00 00 00 00 00 00 00 00 00 00 00 00 00 00 00 00 00 00 00 00 00 00 00 00 00 00 00 00 00 00 00 00 00 00 00 00 00 00 00 00 00 00 00 00 00 00 00 00 00 00 00 00 00 00 00 00 00 00
00:aa 19 48 0a 02 38 00 00 00 00 00 00 00 00 00 00 00 00 00 00 00 00 00 00 00 00 00 00 00 00 00 00 00 00 00 00 00 00 00 00 00 00 00 00 00 00 00 00 00 00 00 00 00 00 00 00 00 00 00 00 00 00 00 00
00:aa 19 80 0a 02 38 00 00 00 00 00 00 00 00 00 00 00 00 00 00 00 00 00 00 00 00 00 00 00 00 00 00 00 00 00 00 00 00 00 00 00 00 00 00 00 00 00 00 00 00 00 00 00 00 00 00 00 00 00 00 00 00 00 00
00:aa 19 b8 0a 02 38 00 00 00 00 00 00 00 00 00 00 00 00 00 00 00 00 00 00 00 00 00 00 00 00 00 00 00 00 00 00 00 00 00 00 00 00 00 00 00 00 00 00 00 00 00 00 00 00 00 00 00 00 00 00 00 00 00 00
00:aa 19 f0 0a 02 38 00 00 00 00 00 00 00 00 00 00 00 00 00 00 00 00 00 00 00 00 00 00 00 00 00 00 00 00 00 00 00 00 00 00 00 00 00 00 00 00 00 00 00 00 00 00 00 00 00 00 00 00 00 00 00 00 00 00
00:aa 19 28 0b 02 38 00 00 00 00 00 00 00 00 00 00 00 00 00 00 00 00 00 00 00 00 00 00 00 00 00 00 00 00 00 00 00 00 00 00 00 00 00 00 00 00 00 00 00 00 00 00 00 00 00 00 00 00 00 00 00 00 00 00
00:aa 19 60 0b 02 38 00 00 00 00 00 00 00 00 00 00 00 00 00 00 00 00 00 00 00 00 00 00 00 00 00 00 00 00 00 00 00 00 00 00 00 00 00 00 00 00 00 00 00 00 00 00 00 00 00 00 00 00 00 00 00 00 00 00
00:aa 19 98 0b 02 38 00 00 00 00 00 00 00 00 00 00 00 00 00 00 00 00 00 00 00 00 00 00 00 00 00 00 00 00 00 00 00 00 00 00 00 00 00 00 00 00 00 00 00 00 00 00 00 00 00 00 00 00 00 00 00 00 00 00
00:aa 19 d0 0b 02 38 00 00 00 00 00 00 00 00 00 00 00 00 00 00 00 00 00 00 00 00 00 00 00 00 00 00 00 00 00 00 00 00 00 00 00 00 00 00 00 00 00 00 00 00 00 00 00 00 00 00 00 00 00 00 00 00 00 00
00:aa 19 08 0c 02 38 00 00 00 00 00 00 00 00 00 00 00 00 00 00 00 00 00 00 00 00 00 00 00 00 00 00 00 00 00 00 00 00 00 00 00 00 00 00 00 00 00 00 00 00 00 00 00 00 00 00 00 00 00 00 00 00 00 00
00:aa 19 40 0c 02 38 00 00 00 00 00 00 00 00 00 00 00 00 00 00 00 00 00 00 00 00 00 00 00 00 00 00 00 00 00 00 00 00 00 00 00 00 00 00 00 00 00 00 00 00 00 00 00 00 00 00 00 00 00 00 00 00 00 00
00:aa 19 78 0c 02 38 00 00 00 00 00 00 00 00 00 00 00 00 00 00 00 00 00 00 00 00 00 00 00 00 00 00 00 00 00 00 00 00 00 00 00 00 00 00 00 00 00 00 00 00 00 00 00 00 00 00 00 00 00 00 00 00 00 00
00:aa 19 b0 0c 02 38 00 00 00 00 00 00 00 00 00 00 00 00 00 00 00 00 00 00 00 00 00 00 00 00 00 00 00 00 00 00 00 00 00 00 00 00 00 00 00 00 00 00 00 00 00 00 00 00 00 00 00 00 00 00 00 00 00 00
00:aa 19 e8 0c 02 38 00 00 00 00 00 00 00 00 00 00 00 00 00 00 00 00 00 00 00 00 00 00 00 00 00 00 00 00 00 00 00 00 00 00 00 00 00 00 00 00 00 00 00 00 00 00 00 00 00 00 00 00 00 00 00 00 00 00
00:aa 19 20 0d 02 38 00 00 00 00 00 00 00 00 00 00 00 00 00 00 00 00 00 00 00 00 00 00 00 00 00 00 00 00 00 00 00 00 00 00 00 00 00 00 00 00 00 00 00 00 00 00 00 00 00 00 00 00 00 00 00 00 00 00
00:aa 19 58 0d 02 38 00 00 00 00 00 00 00 00 00 00 00 00 00 00 00 00 00 00 00 00 00 00 00 00 00 00 00 00 00 00 00 00 00 00 00 00 00 00 00 00 00 00 00 00 00 00 00 00 00 00 00 00 00 00 00 00 00 00
00:aa 19 90 0d 02 38 00 00 00 00 00 00 00 00 00 00 00 00 00 00 00 00 00 00 00 00 00 00 00 00 00 00 00 00 00 00 00 00 00 00 00 00 00 00 00 00 00 00 00 00 00 00 00 00 00 00 00 00 00 00 00 00 00 00
00:aa 19 c8 0d 02 38 00 00 00 00 00 00 00 00 00 00 00 00 00 00 00 00 00 00 00 00 00 00 00 00 00 00 00 00 00 00 00 00 00 00 00 00 00 00 00 00 00 00 00 00 00 00 00 00 00 00 00 00 00 00 00 00 00 00
00:aa 19 00 0e 02 38 00 00 00 00 00 00 00 00 00 00 00 00 00 00 00 00 00 00 00 00 00 00 00 00 00 00 00 00 00 00 00 00 00 00 00 00 00 00 00 00 00 00 00 00 00 00 00 00 00 00 00 00 00 00 00 00 00 00
00:aa 19 38 0e 02 38 00 00 00 00 00 00 00 00 00 00 00 00 00 00 00 00 00 00 00 00 00 00 00 00 00 00 00 00 00 00 00 00 00 00 00 00 00 00 00 00 00 00 00 00 00 00 00 00 00 00 00 00 00 00 00 00 00 00
00:aa 19 70 0e 02 38 00 00 00 00 00 00 00 00 00 00 00 00 00 00 00 00 00 00 00 00 00 00 00 00 00 00 00 00 00 00 00 00 00 00 00 00 00 00 00 00 00 00 00 00 00 00 00 00 00 00 00 00 00 00 00 00 00 00
00:aa 19 a8 0e 02 38 00 00 00 00 00 00 00 00 00 00 00 00 00 00 00 00 00 00 00 00 00 00 00 00 00 00 00 00 00 00 00 00 00 00 00 00 00 00 00 00 00 00 00 00 00 00 00 00 00 00 00 00 00 00 00 00 00 00
00:aa 19 e0 0e 02 38 00 00 00 00 00 00 00 00 00 00 00 00 00 00 00 00 00 00 00 00 00 00 00 00 00 00 00 00 00 00 00 00 00 00 00 00 00 00 00 00 00 00 00 00 00 00 00 00 00 00 00 00 00 00 00 00 00 00
00:aa 19 18 0f 02 38 00 00 00 00 00 00 00 00 00 00 00 00 00 00 00 00 00 00 00 00 00 00 00 00 00 00 00 00 00 00 00 00 00 00 00 00 00 00 00 00 00 00 00 00 00 00 00 00 00 00 00 00 00 00 00 00 00 00
00:aa 19 50 0f 02 38 00 00 00 00 00 00 00 00 00 00 00 00 00 00 00 00 00 00 00 00 00 00 00 00 00 00 00 00 00 00 00 00 00 00 00 00 00 00 00 00 00 00 00 00 00 00 00 00 00 00 00 00 00 00 00 00 00 00
00:aa 19 88 0f 02 38 00 00 00 00 00 00 00 00 00 00 00 00 00 00 00 00 00 00 00 00 00 00 00 00 00 00 00 00 00 00 00 00 00 00 00 00 00 00 00 00 00 00 00 00 00 00 00 00 00 00 00 00 00 00 00 00 00 00
00:aa 19 c0 0f 02 38 00 00 00 00 00 00 00 00 00 00 00 00 00 00 00 00 00 00 00 00 00 00 00 00 00 00 00 00 00 00 00 00 00 00 00 00 00 00 00 00 00 00 00 00 00 00 00 00 00 00 00 00 00 00 00 00 00 00
00:aa 19 f8 0f 02 38 00 00 00 00 00 00 00 00 00 00 00 00 00 00 00 00 00 00 00 00 00 00 00 00 00 00 00 00 00 00 00 00 00 00 00 00 00 00 00 00 00 00 00 00 00 00 00 00 00 00 00 00 00 00 00 00 00 00
00:aa 19 30 10 02 38 00 00 00 00 00 00 00 00 00 00 00 00 00 00 00 00 00 00 00 00 00 00 00 00 00 00 00 00 00 00 00 00 00 00 00 00 00 00 00 00 00 00 00 00 00 00 00 00 00 00 00 00 00 00 00 00 00 00
00:aa 19 68 10 02 38 00 00 00 00 00 00 00 00 00 00 00 00 00 00 00 00 00 00 00 00 00 00 00 00 00 00 00 00 00 00 00 00 00 00 00 00 00 00 00 00 00 00 00 00 00 00 00 00 00 00 00 00 00 00 00 00 00 00
00:aa 19 a0 10 02 38 00 00 00 00 00 00 00 00 00 00 00 00 00 00 00 00 00 00 00 00 00 00 00 00 00 00 00 00 00 00 00 00 00 00 00 00 00 00 00 00 00 00 00 00 00 00 00 00 00 00 00 0f 12 00 00 55 54 54
00:aa 19 d8 10 02 38 00 00 54 0f 12 00 00 55 00 00 00 0f 12 00 00 55 00 00 00 0f 12 00 00 55 00 00 00 0f 12 00 00 55 00 00 00 0f 12 00 00 55 00 00 00 0f 12 00 00 55 00 00 00 0f 12 00 00 55 01 01
00:aa 19 10 11 02 38 00 00 01 00 00 00 00 00 00 00 00 00 00 00 00 00 00 00 00 00 00 00 00 00 00 00 00 00 00 00 00 00 00 00 00 00 00 00 00 00 00 00 00 00 00 00 00 00 00 00 00 00 00 00 00 00 00 00
00:aa 19 48 11 02 38 00 00 00 00 00 00 00 00 00 00 00 00 00 00 00 00 00 00 00 00 00 00 00 00 00 00 00 00 00 00 00 00 00 00 00 00 00 00 00 00 00 00 00 00 00 00 00 00 00 00 00 00 00 00 00 00 00 00
00:aa 19 80 11 02 38 00 00 00 00 00 00 00 00 00 00 00 00 00 00 00 00 00 00 00 00 00 00 00 00 00 00 00 00 00 00 00 00 00 00 00 00 00 00 00 00 00 00 00 00 00 00 00 00 00 00 00 00 00 00 00 00 00 00
00:aa 19 b8 11 02 38 00 00 00 00 00 00 00 00 00 00 00 00 00 00 00 00 00 00 00 00 00 00 00 00 00 00 00 00 00 00 00 00 00 00 00 00 00 00 00 00 00 00 00 00 00 00 00 00 00 00 00 00 00 00 00 00 00 00
00:aa 19 f0 11 02 38 00 00 00 00 00 00 00 00 00 00 00 00 00 00 00 00 00 00 00 00 00 00 00 00 00 00 00 00 00 00 00 00 00 00 00 00 00 00 00 00 00 00 00 00 00 00 00 00 00 00 00 00 00 00 00 00 00 00
00:aa 19 28 12 02 38 00 00 00 00 00 00 00 00 00 00 00 00 00 00 00 00 00 00 00 00 00 00 00 00 00 00 00 00 00 00 00 00 00 00 00 00 00 00 00 00 00 00 00 00 00 00 00 00 00 00 00 00 00 00 00 00 00 00
00:aa 19 60 12 02 38 00 00 00 00 00 00 00 00 00 00 00 00 00 00 00 00 00 00 00 00 00 00 00 00 00 00 00 00 00 00 00 00 00 00 00 00 00 00 00 00 00 00 00 00 00 00 00 00 00 00 00 00 00 00 00 00 00 00
00:aa 19 98 12 02 38 00 00 00 00 00 00 00 00 00 00 00 00 00 00 00 00 00 00 00 0f 12 00 00 55 00 00 00 d0 11 00 00 54 01 01 01 0f 12 00 00 00 55 55 55 0f 12 00 00 00 55 55 55 0f 12 00 00 00 55 55
00:aa 19 d0 12 02 38 00 00 55 0f 12 00 00 00 55 55 55 0f 12 00 00 00 55 55 55 0f 12 00 00 00 55 55 55 0f 12 00 00 01 54 54 54 0f 12 00 00 55 00 00 00 b0 11 00 00 55 01 01 01 00 00 00 00 00 00 00
00:aa 19 08 13 02 38 00 00 00 00 00 00 00 00 00 00 00 00 00 00 00 00 00 00 00 00 00 00 00 00 00 00 00 00 00 00 00 00 00 00 00 00 00 00 00 00 00 00 00 00 00 00 00 00 00 00 00 00 00 00 00 00 00 00
00:aa 19 40 13 02 38 00 00 00 00 00 00 00 00 00 00 00 00 00 00 00 00 00 00 00 00 00 00 00 00 00 00 00 00 00 00 00 00 00 00 00 00 00 00 00 00 00 00 00 00 00 00 00 00 00 00 00 00 00 00 00 00 00 00
00:aa 19 78 13 02 38 00 00 00 00 00 00 00 00 00 00 00 00 00 00 00 00 00 00 00 00 00 00 00 00 00 00 00 00 00 00 00 00 00 00 00 00 00 00 00 00 00 00 00 00 00 00 00 00 00 00 00 00 00 00 00 00 00 00
00:aa 19 b0 13 02 38 00 00 00 00 00 00 00 00 00 00 00 00 00 00 00 00 00 00 00 00 00 00 00 00 00 00 00 00 00 00 00 00 00 00 00 00 00 00 00 00 00 00 00 00 00 00 00 00 00 00 00 00 00 00 00 00 00 00
00:aa 19 e8 13 02 38 00 00 00 00 00 00 00 00 00 00 00 00 00 00 00 00 00 00 00 00 00 00 00 00 00 00 00 00 00 00 00 00 00 00 00 00 00 00 00 00 00 00 00 00 00 00 00 00 00 00 00 00 00 00 00 00 00 00
00:aa 19 20 14 02 38 00 00 00 00 00 00 00 00 00 00 00 00 00 00 00 00 00 00 00 00 00 00 00 00 00 00 00 00 00 00 00 00 00 00 00 00 00 00 00 00 00 00 00 00 00 00 00 00 00 00 00 00 00 00 00 00 00 00
00:aa 19 58 14 02 38 00 00 00 00 00 00 00 00 00 00 00 00 00 00 00 00 00 00 00 00 00 00 00 00 00 00 00 00 00 00 00 00 00 00 00 00 00 00 00 00 00 00 00 0f 12 00 00 55 01 01 01 0f 12 00 00 00 55 55
00:aa 19 90 14 02 38 00 00 55 0f 12 00 00 01 55 55 55 00 00 00 00 00 00 00 00 00 00 00 00 00 00 00 00 00 00 00 00 00 00 00 00 00 00 00 00 00 00 00 00 00 00 00 00 00 00 00 00 00 00 00 00 00 00 00
00:aa 19 c8 14 02 38 00 00 00 00 00 00 00 00 00 00 00 00 00 00 00 00 00 00 00 0f 12 00 00 54 54 54 54 b0 11 00 00 05 05 05 05 00 00 00 00 00 00 00 00 00 00 00 00 00 00 00 00 00 00 00 00 00 00 00
00:aa 19 00 15 02 38 00 00 00 00 00 00 00 00 00 00 00 00 00 00 00 00 00 00 00 00 00 00 00 00 00 00 00 00 00 00 00 00 00 00 00 00 00 00 00 00 00 00 00 00 00 00 00 00 00 00 00 00 00 00 00 00 00 00
00:aa 19 38 15 02 38 00 00 00 00 00 00 00 00 00 00 00 00 00 00 00 00 00 00 00 00 00 00 00 00 00 00 00 00 00 00 00 00 00 00 00 00 00 00 00 00 00 00 00 00 00 00 00 00 00 00 00 00 00 00 00 00 00 00
00:aa 19 70 15 02 38 00 00 00 00 00 00 00 00 00 00 00 00 00 00 00 00 00 00 00 00 00 00 00 00 00 00 00 00 00 00 00 00 00 00 00 00 00 00 00 00 00 00 00 00 00 00 00 00 00 00 00 00 00 00 00 00 00 00
00:aa 19 a8 15 02 38 00 00 00 00 00 00 00 00 00 00 00 00 00 00 00 00 00 00 00 00 00 00 00 00 00 00 00 00 00 00 00 00 00 00 00 00 00 00 00 00 00 00 00 00 00 00 00 00 00 00 00 00 00 00 00 00 00 00
00:aa 19 e0 15 02 38 00 00 00 00 00 00 00 00 00 00 00 00 00 00 00 00 00 00 00 00 00 00 00 00 00 00 00 00 00 00 00 00 00 00 00 00 00 00 00 00 00 00 00 00 00 00 00 00 00 00 00 00 00 00 00 00 00 00
00:aa 19 18 16 02 38 00 00 00 00 00 00 00 00 00 00 00 00 00 00 00 00 00 00 00 00 00 00 00 00 00 00 00 00 00 00 00 00 00 00 00 00 00 00 00 00 00 00 00 00 00 00 00 00 00 00 00 00 00 00 00 00 00 00
00:aa 19 50 16 02 38 00 00 00 00 00 00 00 00 00 00 00 0f 12 00 00 55 00 00 00 0f 12 00 00 01 55 55 55 00 00 00 00 00 00 00 00 00 00 00 00 00 00 00 00 00 00 00 00 00 00 00 00 00 00 00 00 00 00 00
00:aa 19 88 16 02 38 00 00 00 00 00 00 00 00 00 00 00 00 00 00 00 00 00 00 00 00 00 00 00 00 00 00 00 00 00 00 00 00 00 00 00 00 00 00 00 00 00 00 00 00 00 00 00 00 00 00 00 0f 12 00 00 54 55 55
00:aa 19 c0 16 02 38 00 00 55 0f 12 00 00 05 50 50 50 b0 11 00 00 55 05 05 05 00 00 00 00 00 00 00 00 00 00 00 00 00 00 00 00 00 00 00 00 00 00 00 00 00 00 00 00 00 00 00 00 00 00 00 00 00 00 00
00:aa 19 f8 16 02 38 00 00 00 00 00 00 00 00 00 00 00 00 00 00 00 00 00 00 00 00 00 00 00 00 00 00 00 00 00 00 00 00 00 00 00 00 00 00 00 00 00 00 00 00 00 00 00 00 00 00 00 00 00 00 00 00 00 00
00:aa 19 30 17 02 38 00 00 00 00 00 00 00 00 00 00 00 00 00 00 00 00 00 00 00 00 00 00 00 00 00 00 00 00 00 00 00 00 00 00 00 00 00 00 00 00 00 00 00 00 00 00 00 00 00 00 00 00 00 00 00 00 00 00
00:aa 19 68 17 02 38 00 00 00 00 00 00 00 00 00 00 00 00 00 00 00 00 00 00 00 00 00 00 00 00 00 00 00 00 00 00 00 00 00 00 00 00 00 00 00 00 00 00 00 00 00 00 00 00 00 00 00 00 00 00 00 00 00 00
00:aa 19 a0 17 02 38 00 00 00 00 00 00 00 00 00 00 00 00 00 00 00 00 00 00 00 00 00 00 00 00 00 00 00 00 00 00 00 00 00 00 00 00 00 00 00 00 00 00 00 00 00 00 00 00 00 00 00 00 00 00 00 00 00 00
00:aa 19 d8 17 02 38 00 00 00 00 00 00 00 00 00 00 00 00 00 00 00 00 00 00 00 00 00 00 00 00 00 00 00 00 00 00 00 00 00 00 00 00 00 00 00 00 00 00 00 00 00 00 00 00 00 00 00 00 00 00 00 00 00 00
00:aa 19 10 18 02 38 00 00 00 00 00 00 00 00 00 00 00 00 00 00 00 00 00 00 00 00 00 00 00 00 00 00 00 00 00 00 00 00 00 00 00 00 00 00 00 00 00 00 00 0f 1a 0f 12 aa aa aa a8 00 00 00 00 00 00 00
00:aa 19 48 18 02 38 00 00 00 00 00 00 00 00 00 00 00 00 00 00 00 00 00 00 00 00 00 00 00 00 00 00 00 00 00 00 00 00 00 00 00 00 00 00 00 00 00 00 00 00 00 00 00 00 00 00 00 00 00 00 00 00 00 00
00:aa 19 80 18 02 38 00 00 00 00 00 00 00 00 00 00 00 00 00 00 00 00 00 00 00 00 00 00 00 00 00 00 00 00 00 00 00 00 00 00 00 0f 12 00 00 50 50 50 50 b0 11 00 00 05 05 05 05 00 00 00 00 00 00 00
00:aa 19 b8 18 02 38 00 00 00 00 00 00 00 00 00 00 00 00 00 00 00 00 00 00 00 00 00 00 00 00 00 00 00 00 00 00 00 00 00 00 00 00 00 00 00 00 00 00 00 00 00 00 00 00 00 00 00 00 00 00 00 00 00 00
00:aa 19 f0 18 02 38 00 00 00 00 00 00 00 00 00 00 00 00 00 00 00 00 00 00 00 00 00 00 00 00 00 00 00 00 00 00 00 00 00 00 00 00 00 00 00 00 00 00 00 00 00 00 00 00 00 00 00 00 00 00 00 00 00 00
00:aa 19 28 19 02 38 00 00 00 00 00 00 00 00 00 00 00 00 00 00 00 00 00 00 00 00 00 00 00 00 00 00 00 00 00 00 00 00 00 00 00 00 00 00 00 00 00 00 00 00 00 00 00 00 00 00 00 00 00 00 00 00 00 00
00:aa 19 60 19 02 38 00 00 00 00 00 00 00 00 00 00 00 00 00 00 00 00 00 00 00 00 00 00 00 00 00 00 00 00 00 00 00 00 00 00 00 00 00 00 00 00 00 00 00 00 00 00 00 00 00 00 00 00 00 00 00 00 00 00
00:aa 19 98 19 02 38 00 00 00 00 00 00 00 00 00 00 00 00 00 00 00 00 00 00 00 00 00 00 00 00 00 00 00 00 00 00 00 00 00 00 00 00 00 00 00 00 00 00 00 00 00 00 00 00 00 00 00 00 00 00 00 00 00 00
00:aa 19 d0 19 02 38 00 00 00 00 00 00 00 00 00 00 00 00 00 00 00 00 00 00 00 00 00 00 00 00 00 00 00 00 00 00 00 00 00 00 00 00 00 00 00 00 00 00 00 00 00 00 00 00 00 00 00 00 00 00 00 00 00 00
00:aa 19 08 1a 02 38 00 00 00 0f 12 00 00 55 55 55 40 0f 12 b0 11 40 40 40 00 0f 1a 0f 12 a8 a8 a8 a8 89 e3 89 db ee aa ae eb 89 e3 89 db ab 9a f9 9a 89 e3 89 db ab 9a 9a ae 89 e3 89 db ae aa ae
00:aa 19 40 1a 02 38 00 00 9a 89 e3 89 db 6b aa aa 6f 89 e3 89 db ba aa ae 7a 89 e3 89 db a6 aa ee aa 89 e3 89 db aa aa ee ae 89 e3 89 db 9a aa e6 aa 89 e3 89 db ea aa 9a aa 89 e3 89 db e9 aa ee
00:aa 19 78 1a 02 38 00 00 ab 89 e3 89 db aa aa aa ff 89 e3 0f 1a 25 25 25 25 0f 12 00 00 00 00 00 00 b0 11 00 00 15 15 15 15 00 00 00 00 00 00 00 00 00 00 00 00 00 00 00 00 00 00 00 00 00 00 00
00:aa 19 b0 1a 02 38 00 00 00 00 00 00 00 00 00 00 00 00 00 00 00 00 00 00 00 00 00 00 00 00 00 00 00 00 00 00 00 00 00 00 00 00 00 00 00 00 00 00 00 00 00 00 00 00 00 00 00 00 00 00 00 00 00 00
00:aa 19 e8 1a 02 38 00 00 00 00 00 00 00 00 00 00 00 00 00 00 00 00 00 00 00 00 00 00 00 00 00 00 00 00 00 00 00 00 00 00 00 00 00 00 00 00 00 00 00 00 00 00 00 00 00 00 00 00 00 00 00 00 00 00
00:aa 19 20 1b 02 38 00 00 00 00 00 00 00 00 00 00 00 00 00 00 00 00 00 00 00 00 00 00 00 00 00 00 00 00 00 00 00 00 00 00 00 00 00 00 00 00 00 00 00 00 00 00 00 00 00 00 00 00 00 00 00 00 00 00
00:aa 19 58 1b 02 38 00 00 00 00 00 00 00 00 00 00 00 00 00 00 00 00 00 00 00 00 00 00 00 00 00 00 00 00 00 00 00 00 00 00 00 00 00 00 00 00 00 00 00 00 00 00 00 00 00 00 00 00 00 00 00 00 00 00
00:aa 19 90 1b 02 38 00 00 00 00 00 00 00 00 00 00 00 00 00 00 00 00 00 00 00 00 00 00 00 00 00 00 00 00 00 00 00 00 00 00 00 00 00 00 00 00 00 00 00 00 00 00 00 00 00 00 00 00 00 00 00 00 00 00
00:aa 19 c8 1b 02 38 00 00 00 00 00 00 00 00 00 00 00 00 00 00 00 00 00 00 00 00 00 00 00 00 00 00 00 00 00 00 00 00 00 00 00 0f 12 00 00 40 40 40 40 0f 12 00 00 00 00 00 00 0f 1a 0f 12 a8 a8 a8
00:aa 19 00 1c 02 38 00 00 aa 89 e3 01 08 00 00 00 57 89 e3 89 db e9 b9 ae ab 89 e3 01 08 00 00 00 05 89 e3 01 10 00 00 00 50 89 e3 89 db fa af 9a ae 89 e3 89 db 67 66 a7 a7 89 e3 89 db ab aa 9b
00:aa 19 38 1c 02 38 00 00 bb 89 e3 89 db 69 97 9a ba 89 e3 c5 69 00 00 02 01 89 e3 01 08 00 00 a8 56 89 e3 89 db ae 9a b9 ab 89 e3 01 08 00 00 0a 05 89 e3 0f 12 25 25 a5 55 0f 12 00 00 00 00 00
00:aa 19 70 1c 02 38 00 00 00 0f 12 00 00 00 00 00 00 90 11 00 00 15 15 15 15 00 00 00 00 00 00 00 00 00 00 00 00 00 00 00 00 00 00 00 00 00 00 00 00 00 00 00 00 00 00 00 00 00 00 00 00 00 00 00
00:aa 19 a8 1c 02 38 00 00 00 00 00 00 00 00 00 00 00 00 00 00 00 00 00 00 00 00 00 00 00 00 00 00 00 00 00 00 00 00 00 00 00 00 00 00 00 00 00 00 00 00 00 00 00 00 00 00 00 00 00 00 00 00 00 00
00:aa 19 e0 1c 02 38 00 00 00 00 00 00 00 00 00 00 00 00 00 00 00 00 00 00 00 00 00 00 00 00 00 00 00 00 00 00 00 00 00 00 00 00 00 00 00 00 00 00 00 00 00 00 00 00 00 00 00 00 00 00 00 00 00 00
00:aa 19 18 1d 02 38 00 00 00 00 00 00 00 00 00 00 00 00 00 00 00 00 00 00 00 00 00 00 00 00 00 00 00 00 00 00 00 00 00 00 00 00 00 00 00 00 00 00 00 00 00 00 00 00 00 00 00 00 00 00 00 00 00 00
00:aa 19 50 1d 02 38 00 00 00 00 00 00 00 00 00 00 00 00 00 00 00 00 00 00 00 00 00 00 00 00 00 00 00 00 00 00 00 00 00 00 00 00 00 00 00 00 00 00 00 00 00 00 00 00 00 00 00 00 00 00 00 00 00 00
00:aa 19 88 1d 02 38 00 00 00 00 00 00 00 00 00 00 00 00 00 00 00 00 00 00 00 00 00 00 00 00 00 00 00 00 00 00 00 00 00 00 00 00 00 00 00 00 00 00 00 00 00 00 00 00 00 00 00 00 00 00 00 00 00 00
00:aa 19 c0 1d 02 38 00 00 00 00 00 00 00 00 00 00 00 0f 12 00 00 40 40 40 40 0f 12 00 00 00 00 00 00 0f 1a 0f 12 aa aa aa a8 89 e3 41 10 57 57 57 02 89 e3 01 08 00 00 00 55 89 db 01 10 05 05 05
00:aa 19 f8 1d 02 38 00 00 50 89 db 01 10 50 50 50 00 89 e3 89 db aa 67 aa aa 89 e3 89 db ba bb aa ee 89 e3 89 db aa bb aa aa 89 e3 89 db 97 eb a6 bb 89 e3 c5 69 01 01 01 00 89 e3 01 08 56 56 fe
00:aa 19 30 1e 02 38 00 00 03 89 e3 01 08 00 00 aa 55 89 db 01 08 05 05 af 50 0f 12 01 08 70 70 f0 00 0f 12 00 00 00 00 00 00 0f 12 00 00 00 00 00 00 90 11 00 00 15 15 15 15 00 00 00 00 00 00 00
00:aa 19 68 1e 02 38 00 00 00 00 00 00 00 00 00 00 00 00 00 00 00 00 00 00 00 00 00 00 00 00 00 00 00 00 00 00 00 00 00 00 00 00 00 00 00 00 00 00 00 00 00 00 00 00 00 00 00 00 00 00 00 00 00 00
00:aa 19 a0 1e 02 38 00 00 00 00 00 00 00 00 00 00 00 00 00 00 00 00 00 00 00 00 00 00 00 00 00 00 00 00 00 00 00 00 00 00 00 00 00 00 00 00 00 00 00 00 00 00 00 00 00 00 00 00 00 00 00 00 00 00
00:aa 19 d8 1e 02 38 00 00 00 00 00 00 00 00 00 00 00 00 00 00 00 00 00 00 00 00 00 00 00 00 00 00 00 00 00 00 00 00 00 00 00 00 00 00 00 00 00 00 00 00 00 00 00 00 00 00 00 00 00 00 00 00 00 00
00:aa 19 10 1f 02 38 00 00 00 00 00 00 00 00 00 00 00 00 00 00 00 00 00 00 00 00 00 00 00 00 00 00 00 00 00 00 00 00 00 00 00 00 00 00 00 00 00 00 00 00 00 00 00 00 00 00 00 00 00 00 00 00 00 00
00:aa 19 48 1f 02 38 00 00 00 00 00 00 00 00 00 00 00 00 00 00 00 00 00 00 00 00 00 00 00 00 00 00 00 00 00 00 00 00 00 00 00 00 00 00 00 00 00 00 00 00 00 00 00 00 00 00 00 00 00 00 00 00 00 00
00:aa 19 80 1f 02 38 00 00 00 00 00 00 00 00 00 00 00 00 00 00 00 00 00 00 00 00 00 00 00 00 00 00 00 00 00 00 00 00 00 00 00 00 00 00 00 00 00 00 00 0f 12 00 00 40 40 40 40 0f 12 00 00 00 00 00
00:aa 19 b8 1f 02 38 00 00 00 0f 1a 0f 12 a8 a8 a8 a8 89 e3 06 7a 01 01 00 00 89 db 00 08 55 55 00 00 89 e3 00 08 50 50 00 00 89 e3 89 db ab 6b aa 66 89 e3 89 db 9b aa ab aa 89 e3 89 db 9b 6a 6a
00:aa 19 f0 1f 02 38 00 00 ba 89 e3 89 db be 6a 95 ea 89 e3 89 db ea aa aa ee 89 e3 89 db 99 aa aa ae 89 e3 85 61 01 01 00 00 89 e3 21 18 55 55 00 00 89 e3 21 10 50 50 00 00 89 e3 0f 1a 25 25 25
00:aa 19 28 20 02 38 00 00 25 0f 12 00 00 00 00 00 00 0f 12 00 00 00 00 00 00 90 11 00 00 15 15 15 15 00 00 00 00 00 00 00 00 00 00 00 00 00 00 00 00 00 00 00 00 00 00 00 00 00 00 00 00 00 00 00
00:aa 19 60 20 02 38 00 00 00 00 00 00 00 00 00 00 00 00 00 00 00 00 00 00 00 00 00 00 00 00 00 00 00 00 00 00 00 00 00 00 00 00 00 00 00 00 00 00 00 00 00 00 00 00 00 00 00 00 00 00 00 00 00 00
00:aa 19 98 20 02 38 00 00 00 00 00 00 00 00 00 00 00 00 00 00 00 00 00 00 00 00 00 00 00 00 00 00 00 00 00 00 00 00 00 00 00 00 00 00 00 00 00 00 00 00 00 00 00 00 00 00 00 00 00 00 00 00 00 00
00:aa 19 d0 20 02 38 00 00 00 00 00 00 00 00 00 00 00 00 00 00 00 00 00 00 00 00 00 00 00 00 00 00 00 00 00 00 00 00 00 00 00 00 00 00 00 00 00 00 00 00 00 00 00 00 00 00 00 00 00 00 00 00 00 00
00:aa 19 08 21 02 38 00 00 00 00 00 00 00 00 00 00 00 00 00 00 00 00 00 00 00 00 00 00 00 00 00 00 00 00 00 00 00 00 00 00 00 00 00 00 00 00 00 00 00 00 00 00 00 00 00 00 00 00 00 00 00 00 00 00
00:aa 19 40 21 02 38 00 00 00 00 00 00 00 00 00 00 00 00 00 00 00 00 00 00 00 00 00 00 00 00 00 00 00 00 00 00 00 00 00 00 00 00 00 00 00 00 00 00 00 00 00 00 00 00 00 00 00 00 00 00 00 00 00 00
00:aa 19 78 21 02 38 00 00 00 00 00 00 00 00 00 00 00 00 00 00 00 00 00 00 00 b0 11 00 00 40 40 40 55 0f 12 00 00 00 00 00 00 0f 1a 0f 12 a8 a8 a8 a8 89 e3 89 db 9a d9 ba a7 89 e3 89 db ab ea aa
00:aa 19 b0 21 02 38 00 00 6e 89 e3 89 db ba af aa 7e 89 e3 89 db ba 6e be ea 89 e3 89 db eb ae 66 aa 89 e3 89 db aa ba aa ab 89 e3 89 db aa 66 ea 6f 89 e3 89 db ae ea 96 ea 89 e3 89 db fa aa 6d
00:aa 19 e8 21 02 38 00 00 aa 89 e3 89 db aa ea ae ae 89 e3 89 db aa f9 aa 66 89 e3 89 db be aa aa aa 89 e3 0f 1a 25 25 25 25 0f 12 00 00 00 00 00 00 b0 11 00 00 00 00 15 15 90 11 00 00 15 15 55
00:aa 19 20 22 02 38 00 00 55 00 00 00 00 00 00 00 00 00 00 00 00 00 00 00 00 00 00 00 00 00 00 00 00 00 00 00 00 00 00 00 00 00 00 00 00 00 00 00 00 00 00 00 00 00 00 00 00 00 00 00 00 00 00 00
00:aa 19 58 22 02 38 00 00 00 00 00 00 00 00 00 00 00 00 00 00 00 00 00 00 00 00 00 00 00 00 00 00 00 00 00 00 00 00 00 00 00 00 00 00 00 00 00 00 00 00 00 00 00 00 00 00 00 00 00 00 00 00 00 00
00:aa 19 90 22 02 38 00 00 00 00 00 00 00 00 00 00 00 00 00 00 00 00 00 00 00 00 00 00 00 00 00 00 00 00 00 00 00 00 00 00 00 00 00 00 00 00 00 00 00 00 00 00 00 00 00 00 00 00 00 00 00 00 00 00
00:aa 19 c8 22 02 38 00 00 00 00 00 00 00 00 00 00 00 00 00 00 00 00 00 00 00 00 00 00 00 00 00 00 00 00 00 00 00 00 00 00 00 00 00 00 00 00 00 00 00 00 00 00 00 00 00 00 00 00 00 00 00 00 00 00
00:aa 19 00 23 02 38 00 00 00 00 00 00 00 00 00 00 00 00 00 00 00 00 00 00 00 00 00 00 00 00 00 00 00 00 00 00 00 00 00 00 00 00 00 00 00 00 00 00 00 00 00 00 00 00 00 00 00 00 00 00 00 00 00 00
00:aa 19 38 23 02 38 00 00 00 00 00 00 00 00 00 00 00 00 00 00 00 00 00 00 00 00 00 00 00 00 00 00 00 00 00 00 00 00 00 00 00 69 e3 00 00 55 50 50 50 89 db 00 00 55 00 00 00 89 db 00 00 55 00 00
00:aa 19 70 23 02 38 00 00 00 89 e3 0f 12 55 55 ff 00 89 e3 0f 1a 55 55 ff 00 89 e3 89 db da aa a9 aa 89 e3 89 db ae a9 aa ae 89 e3 89 db ae 9b 6a aa 89 e3 89 db aa db aa 9e 89 e3 89 db e6 aa 9b
00:aa 19 a8 23 02 38 00 00 aa 89 e3 89 db fa aa a7 79 89 e3 89 db aa aa eb b6 89 e3 89 db b9 ab 9a aa 89 e3 89 db af 99 ba da 89 e3 89 db ba ea e5 da 89 e3 89 db aa a9 be a5 89 e3 89 db e9 aa 96
00:aa 19 e0 23 02 38 00 00 ea 89 e3 0f 12 25 25 00 00 89 e3 0f 12 55 55 00 00 89 e3 0f 12 40 40 00 00 89 e3 69 e3 55 00 00 00 89 e3 00 00 01 01 01 01 00 00 00 00 00 00 00 00 00 00 00 00 00 00 00
00:aa 19 18 24 02 38 00 00 00 00 00 00 00 00 00 00 00 00 00 00 00 00 00 00 00 00 00 00 00 00 00 00 00 00 00 00 00 00 00 00 00 00 00 00 00 00 00 00 00 00 00 00 00 00 00 00 00 00 00 00 00 00 00 00
00:aa 19 50 24 02 38 00 00 00 00 00 00 00 00 00 00 00 00 00 00 00 00 00 00 00 00 00 00 00 00 00 00 00 00 00 00 00 00 00 00 00 00 00 00 00 00 00 00 00 00 00 00 00 00 00 00 00 00 00 00 00 00 00 00
00:aa 19 88 24 02 38 00 00 00 00 00 00 00 00 00 00 00 00 00 00 00 00 00 00 00 00 00 00 00 00 00 00 00 00 00 00 00 00 00 00 00 00 00 00 00 00 00 00 00 00 00 00 00 00 00 00 00 00 00 00 00 00 00 00
00:aa 19 c0 24 02 38 00 00 00 00 00 00 00 00 00 00 00 00 00 00 00 00 00 00 00 00 00 00 00 00 00 00 00 00 00 00 00 00 00 00 00 00 00 00 00 00 00 00 00 00 00 00 00 00 00 00 00 00 00 00 00 00 00 00
00:aa 19 f8 24 02 38 00 00 00 00 00 00 00 00 00 00 00 00 00 00 00 00 00 00 00 00 00 00 00 00 00 00 00 00 00 00 00 00 00 00 00 00 00 00 00 00 00 00 00 00 00 00 00 00 00 00 00 00 00 00 00 00 00 00
00:aa 19 30 25 02 38 00 00 00 00 00 00 00 00 00 00 00 69 e3 00 00 50 50 50 50 89 e3 89 db ee 76 ba ba 89 e3 89 db ea aa 66 ea 89 e3 89 db aa ae ba ae 89 e3 89 db ea 66 aa ad 89 e3 89 db ed ea d5
00:aa 19 68 25 02 38 00 00 9a 89 e3 89 db ae aa 66 6e 89 e3 89 db eb 9b aa ba 89 e3 89 db fa ae 6a 6e 89 e3 89 db ae db ab 6a 89 e3 89 db ee aa ae aa 89 e3 89 db ee aa 6a aa 89 e3 89 db ea 9e aa
00:aa 19 a0 25 02 38 00 00 a6 89 e3 89 db aa da a7 fa 89 e3 89 db aa 99 ea aa 89 e3 89 db ba aa a5 ae 89 e3 89 db f6 e6 ea 96 89 e3 89 db e7 6f a9 a6 89 e3 89 db aa ba aa a6 89 e3 89 db bb 6e 9a
00:aa 19 d8 25 02 38 00 00 9a 89 e3 89 db be 9b aa a6 89 db 00 00 01 01 01 01 00 00 00 00 00 00 00 00 00 00 00 00 00 00 00 00 00 00 00 00 00 00 00 00 00 00 00 00 00 00 00 00 00 00 00 00 00 00 00
00:aa 19 10 26 02 38 00 00 00 00 00 00 00 00 00 00 00 00 00 00 00 00 00 00 00 00 00 00 00 00 00 00 00 00 00 00 00 00 00 00 00 00 00 00 00 00 00 00 00 00 00 00 00 00 00 00 00 00 00 00 00 00 00 00
00:aa 19 48 26 02 38 00 00 00 00 00 00 00 00 00 00 00 00 00 00 00 00 00 00 00 00 00 00 00 00 00 00 00 00 00 00 00 00 00 00 00 00 00 00 00 00 00 00 00 00 00 00 00 00 00 00 00 00 00 00 00 00 00 00
00:aa 19 80 26 02 38 00 00 00 00 00 00 00 00 00 00 00 00 00 00 00 00 00 00 00 00 00 00 00 00 00 00 00 00 00 00 00 00 00 00 00 00 00 00 00 00 00 00 00 00 00 00 00 00 00 00 00 00 00 00 00 00 00 00
00:aa 19 b8 26 02 38 00 00 00 00 00 00 00 00 00 00 00 00 00 00 00 00 00 00 00 00 00 00 00 00 00 00 00 00 00 00 00 00 00 00 00 00 00 00 00 00 00 00 00 00 00 00 00 00 00 00 00 00 00 00 00 00 00 00
00:aa 19 f0 26 02 38 00 00 00 00 00 00 00 00 00 00 00 00 00 00 00 00 00 00 00 00 00 00 00 00 00 00 00 00 00 00 00 00 00 00 00 00 00 00 00 00 00 00 00 69 e3 00 00 50 50 50 50 89 e3 89 db eb fa ba
00:aa 19 28 27 02 38 00 00 bb 89 e3 89 db a7 aa aa bb 89 e3 89 db ea ba af eb 89 e3 89 db aa bb 6e aa 89 e3 89 db 7f aa aa 66 89 e3 89 db ee ae ae aa 89 e3 89 db aa aa ea ab 89 e3 89 db aa e6 6a
00:aa 19 60 27 02 38 00 00 a6 89 e3 89 db aa eb a6 ea 89 e3 89 db e6 aa a6 aa 89 e3 89 db 6e aa 6a aa 89 e3 89 db aa ae ea ae 89 e3 89 db ae 6a aa 66 89 e3 89 db f6 aa aa 7a 89 e3 89 db fb aa b9
00:aa 19 98 27 02 38 00 00 ae 89 e3 89 db aa bb 7e e9 89 e3 89 db aa ba 6a aa 89 e3 89 db ae ad a9 6a 89 e3 89 db ab 99 ab 9a 89 e3 89 db aa e6 fa 6e 89 e3 00 00 01 01 01 01 00 00 00 00 00 00 00
00:aa 19 d0 27 02 38 00 00 00 00 00 00 00 00 00 00 00 00 00 00 00 00 00 00 00 00 00 00 00 00 00 00 00 00 00 00 00 00 00 00 00 00 00 00 00 00 00 00 00 00 00 00 00 00 00 00 00 00 00 00 00 00 00 00
00:aa 19 08 28 02 38 00 00 00 00 00 00 00 00 00 00 00 00 00 00 00 00 00 00 00 00 00 00 00 00 00 00 00 00 00 00 00 00 00 00 00 00 00 00 00 00 00 00 00 00 00 00 00 00 00 00 00 00 00 00 00 00 00 00
00:aa 19 40 28 02 38 00 00 00 00 00 00 00 00 00 00 00 00 00 00 00 00 00 00 00 00 00 00 00 00 00 00 00 00 00 00 00 00 00 00 00 00 00 00 00 00 00 00 00 00 00 00 00 00 00 00 00 00 00 00 00 00 00 00
00:aa 19 78 28 02 38 00 00 00 00 00 00 00 00 00 00 00 00 00 00 00 00 00 00 00 00 00 00 00 00 00 00 00 00 00 00 00 00 00 00 00 00 00 00 00 00 00 00 00 00 00 00 00 00 00 00 00 00 00 00 00 00 00 00
00:aa 19 b0 28 02 38 00 00 00 00 00 00 00 00 00 00 00 00 00 00 00 00 00 00 00 00 00 00 00 00 00 00 00 00 00 00 00 00 00 00 00 00 00 00 00 00 00 00 00 00 00 00 00 00 00 00 00 00 00 00 00 00 00 00
00:aa 19 e8 28 02 38 00 00 00 00 00 00 00 00 00 00 00 00 00 00 00 00 00 00 00 69 e3 00 00 50 50 50 50 89 e3 87 b4 00 00 00 51 89 e3 87 b4 00 00 00 55 89 e3 47 bc 00 00 00 42 89 e3 89 db ed aa aa
00:aa 19 20 29 02 38 00 00 6f 89 e3 89 db aa ea aa ba 89 e3 89 db aa 9f 6f ba 89 e3 89 db af fa aa ba 89 e3 89 db aa ee aa e9 89 e3 89 db ae ab ae aa 89 e3 89 db ba aa 6a aa 89 e3 89 db ba bb a6
00:aa 19 58 29 02 38 00 00 aa 89 e3 89 db ea aa ea a9 89 e3 89 db aa ea aa aa 89 e3 89 db e9 9a a9 d6 89 e3 89 db be a7 b6 a9 89 e3 89 db eb f9 66 aa 89 e3 89 db aa ba ab f6 89 e3 00 00 00 00 0a
00:aa 19 90 29 02 38 00 00 15 89 e3 00 00 00 00 22 55 89 e3 00 00 00 00 22 55 89 e3 00 00 01 01 a9 55 00 00 00 00 00 00 00 00 00 00 00 00 00 00 00 00 00 00 00 00 00 00 00 00 00 00 00 00 00 00 00
00:aa 19 c8 29 02 38 00 00 00 00 00 00 00 00 00 00 00 00 00 00 00 00 00 00 00 00 00 00 00 00 00 00 00 00 00 00 00 00 00 00 00 00 00 00 00 00 00 00 00 00 00 00 00 00 00 00 00 00 00 00 00 00 00 00
00:aa 19 00 2a 02 38 00 00 00 00 00 00 00 00 00 00 00 00 00 00 00 00 00 00 00 00 00 00 00 00 00 00 00 00 00 00 00 00 00 00 00 00 00 00 00 00 00 00 00 00 00 00 00 00 00 00 00 00 00 00 00 00 00 00
00:aa 19 38 2a 02 38 00 00 00 00 00 00 00 00 00 00 00 00 00 00 00 00 00 00 00 00 00 00 00 00 00 00 00 00 00 00 00 00 00 00 00 00 00 00 00 00 00 00 00 00 00 00 00 00 00 00 00 00 00 00 00 00 00 00
00:aa 19 70 2a 02 38 00 00 00 00 00 00 00 00 00 00 00 00 00 00 00 00 00 00 00 00 00 00 00 00 00 00 00 00 00 00 00 00 00 00 00 00 00 00 00 00 00 00 00 00 00 00 00 00 00 00 00 00 00 00 00 00 00 00
00:aa 19 a8 2a 02 38 00 00 00 00 00 00 00 00 00 00 00 00 00 00 00 00 00 00 00 00 00 00 00 00 00 00 00 00 00 00 00 00 00 00 00 00 00 00 00 00 00 00 00 00 00 00 00 00 00 00 00 00 00 00 00 00 00 00
00:aa 19 e0 2a 02 38 00 00 00 00 00 00 00 00 00 00 00 00 00 00 00 00 00 00 00 00 00 00 00 00 00 00 00 89 e3 45 95 00 00 00 40 89 e3 89 db ab 9e 9a ab 89 e3 89 db fb aa b9 aa 89 e3 89 db ba ae 9b
00:aa 19 18 2b 02 38 00 00 9b 89 e3 89 db aa a9 ea fa 89 e3 89 db aa ba aa 6e 89 e3 89 db b9 aa 59 aa 89 e3 89 db ba aa 9e bb 89 e3 89 db aa b9 aa ee 89 e3 89 db 9a ad ba ea 89 e3 89 db ae d9 a6
00:aa 19 50 2b 02 38 00 00 aa 89 e3 89 db fb aa eb e6 89 e3 89 db ae aa 9e a9 89 e3 89 db ba a6 ba ab 29 eb 00 00 15 15 15 15 00 00 00 00 00 00 00 00 00 00 00 00 00 00 00 00 00 00 00 00 00 00 00
00:aa 19 88 2b 02 38 00 00 00 00 00 00 00 00 00 00 00 00 00 00 00 00 00 00 00 00 00 00 00 00 00 00 00 00 00 00 00 00 00 00 00 00 00 00 00 00 00 00 00 00 00 00 00 00 00 00 00 00 00 00 00 00 00 00
00:aa 19 c0 2b 02 38 00 00 00 00 00 00 00 00 00 00 00 00 00 00 00 00 00 00 00 00 00 00 00 00 00 00 00 00 00 00 00 00 00 00 00 00 00 00 00 00 00 00 00 00 00 00 00 00 00 00 00 00 00 00 00 00 00 00
00:aa 19 f8 2b 02 38 00 00 00 00 00 00 00 00 00 00 00 00 00 00 00 00 00 00 00 00 00 00 00 00 00 00 00 00 00 00 00 00 00 00 00 00 00 00 00 00 00 00 00 00 00 00 00 00 00 00 00 00 00 00 00 00 00 00
00:aa 19 30 2c 02 38 00 00 00 00 00 00 00 00 00 00 00 00 00 00 00 00 00 00 00 00 00 00 00 00 00 00 00 00 00 00 00 00 00 00 00 00 00 00 00 00 00 00 00 00 00 00 00 00 00 00 00 00 00 00 00 00 00 00
00:aa 19 68 2c 02 38 00 00 00 00 00 00 00 00 00 00 00 00 00 00 00 00 00 00 00 00 00 00 00 00 00 00 00 00 00 00 00 00 00 00 00 00 00 00 00 00 00 00 00 00 00 00 00 00 00 00 00 00 00 00 00 00 00 00
00:aa 19 a0 2c 02 38 00 00 00 00 00 00 00 00 00 00 00 00 00 00 00 00 00 00 00 00 00 00 00 00 00 00 00 00 00 00 00 00 00 00 00 00 00 00 00 00 00 00 00 00 00 00 00 00 00 00 00 00 00 00 00 00 00 00
00:aa 19 d8 2c 02 38 00 00 00 89 e3 c4 85 00 40 00 40 89 e3 00 00 00 00 01 01 89 db 00 00 00 00 55 55 89 db 00 00 00 00 54 54 89 e3 89 db be ea aa e6 89 e3 00 00 00 00 05 05 89 db 00 00 00 00 55
00:aa 19 10 2d 02 38 00 00 55 a6 b4 00 00 00 00 55 55 a6 b4 00 00 00 00 55 55 89 e3 89 db a6 ee aa ae 89 e3 00 00 00 01 01 01 29 eb 00 00 00 55 55 55 89 e3 00 00 00 60 60 60 89 e3 89 db ab ba e6
00:aa 19 48 2d 02 38 00 00 ea 29 eb 00 00 15 15 15 15 00 00 00 00 00 00 00 00 00 00 00 00 00 00 00 00 00 00 00 00 00 00 00 00 00 00 00 00 00 00 00 00 00 00 00 00 00 00 00 00 00 00 00 00 00 00 00
00:aa 19 80 2d 02 38 00 00 00 00 00 00 00 00 00 00 00 00 00 00 00 00 00 00 00 00 00 00 00 00 00 00 00 00 00 00 00 00 00 00 00 00 00 00 00 00 00 00 00 00 00 00 00 00 00 00 00 00 00 00 00 00 00 00
00:aa 19 b8 2d 02 38 00 00 00 00 00 00 00 00 00 00 00 00 00 00 00 00 00 00 00 00 00 00 00 00 00 00 00 00 00 00 00 00 00 00 00 00 00 00 00 00 00 00 00 00 00 00 00 00 00 00 00 00 00 00 00 00 00 00
00:aa 19 f0 2d 02 38 00 00 00 00 00 00 00 00 00 00 00 00 00 00 00 00 00 00 00 00 00 00 00 00 00 00 00 00 00 00 00 00 00 00 00 00 00 00 00 00 00 00 00 00 00 00 00 00 00 00 00 00 00 00 00 00 00 00
00:aa 19 28 2e 02 38 00 00 00 00 00 00 00 00 00 00 00 00 00 00 00 00 00 00 00 00 00 00 00 00 00 00 00 00 00 00 00 00 00 00 00 00 00 00 00 00 00 00 00 00 00 00 00 00 00 00 00 00 00 00 00 00 00 00
00:aa 19 60 2e 02 38 00 00 00 00 00 00 00 00 00 00 00 00 00 00 00 00 00 00 00 00 00 00 00 00 00 00 00 00 00 00 00 00 00 00 00 00 00 00 00 00 00 00 00 00 00 00 00 00 00 00 00 00 00 00 00 00 00 00
00:aa 19 98 2e 02 38 00 00 00 00 00 00 00 00 00 00 00 00 00 00 00 00 00 00 00 00 00 00 00 00 00 00 00 00 00 00 00 00 00 00 00 89 e3 65 95 00 40 00 00 89 e3 00 00 01 01 01 01 00 00 00 00 00 00 00
00:aa 19 d0 2e 02 38 00 00 00 89 db 00 00 54 54 54 54 89 e3 89 db aa 9a 6b 9a 69 e3 00 00 05 05 05 05 00 00 00 00 00 00 00 00 00 00 00 00 00 00 00 00 00 00 00 00 00 00 00 00 89 e3 89 db aa aa aa
00:aa 19 08 2f 02 38 00 00 ae 89 e3 00 00 01 01 01 01 00 00 00 00 00 00 00 00 89 e3 00 00 60 60 60 60 89 e3 89 db a6 ba ea aa 29 eb 00 00 15 15 15 15 00 00 00 00 00 00 00 00 00 00 00 00 00 00 00
00:aa 19 40 2f 02 38 00 00 00 00 00 00 00 00 00 00 00 00 00 00 00 00 00 00 00 00 00 00 00 00 00 00 00 00 00 00 00 00 00 00 00 00 00 00 00 00 00 00 00 00 00 00 00 00 00 00 00 00 00 00 00 00 00 00
00:aa 19 78 2f 02 38 00 00 00 00 00 00 00 00 00 00 00 00 00 00 00 00 00 00 00 00 00 00 00 00 00 00 00 00 00 00 00 00 00 00 00 00 00 00 00 00 00 00 00 00 00 00 00 00 00 00 00 00 00 00 00 00 00 00
00:aa 19 b0 2f 02 38 00 00 00 00 00 00 00 00 00 00 00 00 00 00 00 00 00 00 00 00 00 00 00 00 00 00 00 00 00 00 00 00 00 00 00 00 00 00 00 00 00 00 00 00 00 00 00 00 00 00 00 00 00 00 00 00 00 00
00:aa 19 e8 2f 02 38 00 00 00 00 00 00 00 00 00 00 00 00 00 00 00 00 00 00 00 00 00 00 00 00 00 00 00 00 00 00 00 00 00 00 00 00 00 00 00 00 00 00 00 00 00 00 00 00 00 00 00 00 00 00 00 00 00 00
00:aa 19 20 30 02 38 00 00 00 00 00 00 00 00 00 00 00 00 00 00 00 00 00 00 00 00 00 00 00 00 00 00 00 00 00 00 00 00 00 00 00 00 00 00 00 00 00 00 00 00 00 00 00 00 00 00 00 00 00 00 00 00 00 00
00:aa 19 58 30 02 38 00 00 00 00 00 00 00 00 00 00 00 00 00 00 00 00 00 00 00 00 00 00 00 00 00 00 00 00 00 00 00 00 00 00 00 00 00 00 00 00 00 00 00 00 00 00 00 00 00 00 00 00 00 00 00 00 00 00
00:aa 19 90 30 02 38 00 00 00 00 00 00 00 00 00 00 00 89 e3 c4 85 40 00 40 00 89 e3 00 00 01 01 01 01 00 00 00 00 00 00 00 00 89 db 00 00 54 54 54 54 89 e3 89 db ab ee 6a aa 69 e3 00 00 05 05 05
00:aa 19 c8 30 02 38 00 00 05 00 00 00 00 00 00 00 00 00 00 00 00 00 00 00 00 00 00 00 00 00 00 00 00 89 e3 89 db ae aa aa ae 89 e3 00 00 01 01 01 01 00 00 00 00 00 00 00 00 89 e3 00 00 60 60 60
00:aa 19 00 31 02 38 00 00 60 89 e3 89 db aa e6 ea ee 29 eb 00 00 15 15 15 15 00 00 00 00 00 00 00 00 00 00 00 00 00 00 00 00 00 00 00 00 00 00 00 00 00 00 00 00 00 00 00 00 00 00 00 00 00 00 00
00:aa 19 38 31 02 38 00 00 00 00 00 00 00 00 00 00 00 00 00 00 00 00 00 00 00 00 00 00 00 00 00 00 00 00 00 00 00 00 00 00 00 00 00 00 00 00 00 00 00 00 00 00 00 00 00 00 00 00 00 00 00 00 00 00
00:aa 19 70 31 02 38 00 00 00 00 00 00 00 00 00 00 00 00 00 00 00 00 00 00 00 00 00 00 00 00 00 00 00 00 00 00 00 00 00 00 00 00 00 00 00 00 00 00 00 00 00 00 00 00 00 00 00 00 00 00 00 00 00 00
00:aa 19 a8 31 02 38 00 00 00 00 00 00 00 00 00 00 00 00 00 00 00 00 00 00 00 00 00 00 00 00 00 00 00 00 00 00 00 00 00 00 00 00 00 00 00 00 00 00 00 00 00 00 00 00 00 00 00 00 00 00 00 00 00 00
00:aa 19 e0 31 02 38 00 00 00 00 00 00 00 00 00 00 00 00 00 00 00 00 00 00 00 00 00 00 00 00 00 00 00 00 00 00 00 00 00 00 00 00 00 00 00 00 00 00 00 00 00 00 00 00 00 00 00 00 00 00 00 00 00 00
00:aa 19 18 32 02 38 00 00 00 00 00 00 00 00 00 00 00 00 00 00 00 00 00 00 00 00 00 00 00 00 00 00 00 00 00 00 00 00 00 00 00 00 00 00 00 00 00 00 00 00 00 00 00 00 00 00 00 00 00 00 00 00 00 00
00:aa 19 50 32 02 38 00 00 00 00 00 00 00 00 00 00 00 00 00 00 00 00 00 00 00 00 00 00 00 00 00 00 00 00 00 00 00 00 00 00 00 00 00 00 00 00 00 00 00 89 e3 c4 85 40 00 c0 00 89 e3 00 00 01 01 01
00:aa 19 88 32 02 38 00 00 01 00 00 00 00 00 00 00 00 89 db 00 00 54 54 54 54 89 e3 89 db bb ea ba 00 69 e3 00 00 05 05 05 05 00 00 00 00 00 00 00 00 00 00 00 00 00 00 00 00 00 00 00 00 00 00 00
00:aa 19 c0 32 02 38 00 00 00 69 e3 89 db 9d bf bf 00 89 e3 00 00 01 01 01 01 00 00 00 00 00 00 00 00 89 e3 00 00 60 60 60 60 89 e3 49 e3 00 00 00 ff 29 eb 00 00 15 15 15 15 00 00 00 00 00 00 00
00:aa 19 f8 32 02 38 00 00 00 00 00 00 00 00 00 00 00 00 00 00 00 00 00 00 00 00 00 00 00 00 00 00 00 00 00 00 00 00 00 00 00 00 00 00 00 00 00 00 00 00 00 00 00 00 00 00 00 00 00 00 00 00 00 00
00:aa 19 30 33 02 38 00 00 00 00 00 00 00 00 00 00 00 00 00 00 00 00 00 00 00 00 00 00 00 00 00 00 00 00 00 00 00 00 00 00 00 00 00 00 00 00 00 00 00 00 00 00 00 00 00 00 00 00 00 00 00 00 00 00
00:aa 19 68 33 02 38 00 00 00 00 00 00 00 00 00 00 00 00 00 00 00 00 00 00 00 00 00 00 00 00 00 00 00 00 00 00 00 00 00 00 00 00 00 00 00 00 00 00 00 00 00 00 00 00 00 00 00 00 00 00 00 00 00 00
00:aa 19 a0 33 02 38 00 00 00 00 00 00 00 00 00 00 00 00 00 00 00 00 00 00 00 00 00 00 00 00 00 00 00 00 00 00 00 00 00 00 00 00 00 00 00 00 00 00 00 00 00 00 00 00 00 00 00 00 00 00 00 00 00 00
00:aa 19 d8 33 02 38 00 00 00 00 00 00 00 00 00 00 00 00 00 00 00 00 00 00 00 00 00 00 00 00 00 00 00 00 00 00 00 00 00 00 00 00 00 00 00 00 00 00 00 00 00 00 00 00 00 00 00 00 00 00 00 00 00 00
00:aa 19 10 34 02 38 00 00 00 00 00 00 00 00 00 00 00 00 00 00 00 00 00 00 00 00 00 00 00 00 00 00 00 00 00 00 00 00 00 00 00 00 00 00 00 00 00 00 00 00 00 00 00 00 00 00 00 00 00 00 00 00 00 00
00:aa 19 48 34 02 38 00 00 00 00 00 00 00 00 00 00 00 00 00 00 00 00 00 00 00 00 00 00 00 00 00 00 00 00 00 00 00 00 00 00 00 00 00 00 00 00 00 00 00 00 00 00 00 00 00 00 00 00 00 00 00 00 00 00
00:aa 19 80 34 02 38 00 00 00 00 00 00 00 00 00 00 00 00 00 00 00 00 00 00 00 00 00 00 00 00 00 00 00 00 00 00 00 00 00 00 00 00 00 00 00 00 00 00 00 00 00 00 00 00 00 00 00 00 00 00 00 00 00 00
00:aa 19 b8 34 02 38 00 00 00 00 00 00 00 00 00 00 00 00 00 00 00 00 00 00 00 00 00 00 00 00 00 00 00 00 00 00 00 00 00 00 00 00 00 00 00 00 00 00 00 00 00 00 00 00 00 00 00 00 00 00 00 00 00 00
00:aa 19 f0 34 02 38 00 00 00 00 00 00 00 00 00 00 00 00 00 00 00 00 00 00 00 00 00 00 00 00 00 00 00 00 00 00 00 00 00 00 00 00 00 00 00 00 00 00 00 00 00 00 00 00 00 00 00 00 00 00 00 00 00 00
00:aa 19 28 35 02 38 00 00 00 00 00 00 00 00 00 00 00 00 00 00 00 00 00 00 00 00 00 00 00 00 00 00 00 00 00 00 00 00 00 00 00 00 00 00 00 00 00 00 00 00 00 00 00 00 00 00 00 00 00 00 00 00 00 00
00:aa 19 60 35 02 38 00 00 00 00 00 00 00 00 00 00 00 00 00 00 00 00 00 00 00 00 00 00 00 00 00 00 00 00 00 00 00 00 00 00 00 00 00 00 00 00 00 00 00 00 00 00 00 00 00 00 00 00 00 00 00 00 00 00
00:aa 19 98 35 02 38 00 00 00 00 00 00 00 00 00 00 00 00 00 00 00 00 00 00 00 00 00 00 00 00 00 00 00 00 00 00 00 00 00 00 00 00 00 00 00 00 00 00 00 00 00 00 00 00 00 00 00 00 00 00 00 00 00 00
00:aa 19 d0 35 02 38 00 00 00 00 00 00 00 00 00 00 00 00 00 00 00 00 00 00 00 00 00 00 00 00 00 00 00 00 00 00 00 00 00 00 00 00 00 00 00 00 00 00 00 00 00 00 00 00 00 00 00 00 00 00 00 00 00 00
00:aa 19 08 36 02 38 00 00 00 00 00 00 00 00 00 00 00 00 00 00 00 00 00 00 00 00 00 00 00 00 00 00 00 00 00 00 00 00 00 00 00 00 00 00 00 00 00 00 00 00 00 00 00 00 00 00 00 00 00 00 00 00 00 00
00:aa 19 40 36 02 38 00 00 00 00 00 00 00 00 00 00 00 00 00 00 00 00 00 00 00 00 00 00 00 00 00 00 00 00 00 00 00 00 00 00 00 00 00 00 00 00 00 00 00 00 00 00 00 00 00 00 00 00 00 00 00 00 00 00
00:aa 19 78 36 02 38 00 00 00 00 00 00 00 00 00 00 00 00 00 00 00 00 00 00 00 00 00 00 00 00 00 00 00 00 00 00 00 00 00 00 00 00 00 00 00 00 00 00 00 00 00 00 00 00 00 00 00 00 00 00 00 00 00 00
00:aa 19 b0 36 02 38 00 00 00 00 00 00 00 00 00 00 00 00 00 00 00 00 00 00 00 00 00 00 00 00 00 00 00 00 00 00 00 00 00 00 00 00 00 00 00 00 00 00 00 00 00 00 00 00 00 00 00 00 00 00 00 00 00 00
00:aa 19 e8 36 02 38 00 00 00 00 00 00 00 00 00 00 00 00 00 00 00 00 00 00 00 00 00 00 00 00 00 00 00 00 00 00 00 00 00 00 00 00 00 00 00 00 00 00 00 00 00 00 00 00 00 00 00 00 00 00 00 00 00 00
00:aa 19 20 37 02 38 00 00 00 00 00 00 00 00 00 00 00 00 00 00 00 00 00 00 00 00 00 00 00 00 00 00 00 00 00 00 00 00 00 00 00 00 00 00 00 00 00 00 00 00 00 00 00 00 00 00 00 00 00 00 00 00 00 00
00:aa 19 58 37 02 38 00 00 00 00 00 00 00 00 00 00 00 00 00 00 00 00 00 00 00 00 00 00 00 00 00 00 00 00 00 00 00 00 00 00 00 00 00 00 00 00 00 00 00 00 00 00 00 00 00 00 00 00 00 00 00 00 00 00
00:aa 19 90 37 02 38 00 00 00 00 00 00 00 00 00 00 00 00 00 00 00 00 00 00 00 00 00 00 00 00 00 00 00 00 00 00 00 00 00 00 00 00 00 00 00 00 00 00 00 00 00 00 00 00 00 00 00 00 00 00 00 00 00 00
00:aa 19 c8 37 02 38 00 00 00 00 00 00 00 00 00 00 00 00 00 00 00 00 00 00 00 00 00 00 00 00 00 00 00 00 00 00 00 00 00 00 00 00 00 00 00 00 00 00 00 00 00 00 00 00 00 00 00 00 00 00 00 00 00 00
00:aa 19 00 38 02 38 00 00 00 00 00 00 00 00 00 00 00 00 00 00 00 00 00 00 00 00 00 00 00 00 00 00 00 00 00 00 00 00 00 00 00 00 00 00 00 00 00 00 00 00 00 00 00 00 00 00 00 00 00 00 00 00 00 00
00:aa 19 38 38 02 38 00 00 00 00 00 00 00 00 00 00 00 00 00 00 00 00 00 00 00 00 00 00 00 00 00 00 00 00 00 00 00 00 00 00 00 00 00 00 00 00 00 00 00 00 00 00 00 00 00 00 00 00 00 00 00 00 00 00
00:aa 19 70 38 02 38 00 00 00 00 00 00 00 00 00 00 00 00 00 00 00 00 00 00 00 00 00 00 00 00 00 00 00 00 00 00 00 00 00 00 00 00 00 00 00 00 00 00 00 00 00 00 00 00 00 00 00 00 00 00 00 00 00 00
00:aa 19 a8 38 02 38 00 00 00 00 00 00 00 00 00 00 00 00 00 00 00 00 00 00 00 00 00 00 00 00 00 00 00 00 00 00 00 00 00 00 00 00 00 00 00 00 00 00 00 00 00 00 00 00 00 00 00 00 00 00 00 00 00 00
00:aa 19 e0 38 02 38 00 00 00 00 00 00 00 00 00 00 00 00 00 00 00 00 00 00 00 00 00 00 00 00 00 00 00 00 00 00 00 00 00 00 00 00 00 00 00 00 00 00 00 00 00 00 00 00 00 00 00 00 00 00 00 00 00 00
00:aa 19 18 39 02 38 00 00 00 00 00 00 00 00 00 00 00 00 00 00 00 00 00 00 00 00 00 00 00 00 00 00 00 00 00 00 00 00 00 00 00 00 00 00 00 00 00 00 00 00 00 00 00 00 00 00 00 00 00 00 00 00 00 00
00:aa 19 50 39 02 38 00 00 00 00 00 00 00 00 00 00 00 00 00 00 00 00 00 00 00 00 00 00 00 00 00 00 00 00 00 00 00 00 00 00 00 00 00 00 00 00 00 00 00 00 00 00 00 00 00 00 00 00 00 00 00 00 00 00
00:aa 19 88 39 02 38 00 00 00 00 00 00 00 00 00 00 00 00 00 00 00 00 00 00 00 00 00 00 00 00 00 00 00 00 00 00 00 00 00 00 00 00 00 00 00 00 00 00 00 00 00 00 00 00 00 00 00 00 00 00 00 00 00 00
00:aa 19 c0 39 02 38 00 00 00 00 00 00 00 00 00 00 00 00 00 00 00 00 00 00 00 00 00 00 00 00 00 00 00 00 00 00 00 00 00 00 00 00 00 00 00 00 00 00 00 00 00 00 00 00 00 00 00 00 00 00 00 00 00 00
00:aa 19 f8 39 02 38 00 00 00 00 00 00 00 00 00 00 00 00 00 00 00 00 00 00 00 00 00 00 00 00 00 00 00 00 00 00 00 00 00 00 00 00 00 00 00 00 00 00 00 00 00 00 00 00 00 00 00 00 00 00 00 00 00 00
00:aa 19 30 3a 02 38 00 00 00 00 00 00 00 00 00 00 00 00 00 00 00 00 00 00 00 00 00 00 00 00 00 00 00 00 00 00 00 00 00 00 00 00 00 00 00 00 00 00 00 00 00 00 00 00 00 00 00 00 00 00 00 00 00 00
00:aa 19 68 3a 02 38 00 00 00 00 00 00 00 00 00 00 00 00 00 00 00 00 00 00 00 00 00 00 00 00 00 00 00 00 00 00 00 00 00 00 00 00 00 00 00 00 00 00 00 00 00 00 00 00 00 00 00 00 00 00 00 00 00 00
00:aa 19 a0 3a 02 38 00 00 00 00 00 00 00 00 00 00 00 00 00 00 00 00 00 00 00 00 00 00 00 00 00 00 00 00 00 00 00 00 00 00 00 00 00 00 00 00 00 00 00 00 00 00 00 00 00 00 00 00 00 00 00 00 00 00
00:aa 19 d8 3a 02 38 00 00 00 00 00 00 00 00 00 00 00 00 00 00 00 00 00 00 00 00 00 00 00 00 00 00 00 00 00 00 00 00 00 00 00 00 00 00 00 00 00 00 00 00 00 00 00 00 00 00 00 00 00 00 00 00 00 00
00:aa 19 10 3b 02 38 00 00 00 00 00 00 00 00 00 00 00 00 00 00 00 00 00 00 00 00 00 00 00 00 00 00 00 00 00 00 00 00 00 00 00 00 00 00 00 00 00 00 00 00 00 00 00 00 00 00 00 00 00 00 00 00 00 00
00:aa 19 48 3b 02 38 00 00 00 00 00 00 00 00 00 00 00 00 00 00 00 00 00 00 00 00 00 00 00 00 00 00 00 00 00 00 00 00 00 00 00 00 00 00 00 00 00 00 00 00 00 00 00 00 00 00 00 00 00 00 00 00 00 00
00:aa 19 80 3b 02 38 00 00 00 00 00 00 00 00 00 00 00 00 00 00 00 00 00 00 00 00 00 00 00 00 00 00 00 00 00 00 00 00 00 00 00 00 00 00 00 00 00 00 00 00 00 00 00 00 00 00 00 00 00 00 00 00 00 00
00:aa 19 b8 3b 02 38 00 00 00 00 00 00 00 00 00 00 00 00 00 00 00 00 00 00 00 00 00 00 00 00 00 00 00 00 00 00 00 00 00 00 00 00 00 00 00 00 00 00 00 00 00 00 00 00 00 00 00 00 00 00 00 00 00 00
00:aa 19 f0 3b 02 38 00 00 00 00 00 00 00 00 00 00 00 00 00 00 00 00 00 00 00 00 00 00 00 00 00 00 00 00 00 00 00 00 00 00 00 00 00 00 00 00 00 00 00 00 00 00 00 00 00 00 00 00 00 00 00 00 00 00
00:aa 19 28 3c 02 38 00 00 00 00 00 00 00 00 00 00 00 00 00 00 00 00 00 00 00 00 00 00 00 00 00 00 00 00 00 00 00 00 00 00 00 00 00 00 00 00 00 00 00 00 00 00 00 00 00 00 00 00 00 00 00 00 00 00
00:aa 19 60 3c 02 38 00 00 00 00 00 00 00 00 00 00 00 00 00 00 00 00 00 00 00 00 00 00 00 00 00 00 00 00 00 00 00 00 00 00 00 00 00 00 00 00 00 00 00 00 00 00 00 00 00 00 00 00 00 00 00 00 00 00
00:aa 19 98 3c 02 38 00 00 00 00 00 00 00 00 00 00 00 00 00 00 00 00 00 00 00 00 00 00 00 00 00 00 00 00 00 00 00 00 00 00 00 00 00 00 00 00 00 00 00 00 00 00 00 00 00 00 00 00 00 00 00 00 00 00
00:aa 19 d0 3c 02 38 00 00 00 00 00 00 00 00 00 00 00 00 00 00 00 00 00 00 00 00 00 00 00 00 00 00 00 00 00 00 00 00 00 00 00 00 00 00 00 00 00 00 00 00 00 00 00 00 00 00 00 00 00 00 00 00 00 00
00:aa 19 08 3d 02 38 00 00 00 00 00 00 00 00 00 00 00 00 00 00 00 00 00 00 00 00 00 00 00 00 00 00 00 00 00 00 00 00 00 00 00 00 00 00 00 00 00 00 00 00 00 00 00 00 00 00 00 00 00 00 00 00 00 00
00:aa 19 40 3d 02 38 00 00 00 00 00 00 00 00 00 00 00 00 00 00 00 00 00 00 00 00 00 00 00 00 00 00 00 00 00 00 00 00 00 00 00 00 00 00 00 00 00 00 00 00 00 00 00 00 00 00 00 00 00 00 00 00 00 00
00:aa 19 78 3d 02 38 00 00 00 00 00 00 00 00 00 00 00 00 00 00 00 00 00 00 00 00 00 00 00 00 00 00 00 00 00 00 00 00 00 00 00 00 00 00 00 00 00 00 00 00 00 00 00 00 00 00 00 00 00 00 00 00 00 00
00:aa 19 b0 3d 02 38 00 00 00 00 00 00 00 00 00 00 00 00 00 00 00 00 00 00 00 00 00 00 00 00 00 00 00 00 00 00 00 00 00 00 00 00 00 00 00 00 00 00 00 00 00 00 00 00 00 00 00 00 00 00 00 00 00 00
00:aa 19 e8 3d 02 38 00 00 00 00 00 00 00 00 00 00 00 00 00 00 00 00 00 00 00 00 00 00 00 00 00 00 00 00 00 00 00 00 00 00 00 00 00 00 00 00 00 00 00 00 00 00 00 00 00 00 00 00 00 00 00 00 00 00
00:aa 19 20 3e 02 38 00 00 00 00 00 00 00 00 00 00 00 00 00 00 00 00 00 00 00 00 00 00 00 00 00 00 00 00 00 00 00 00 00 00 00 00 00 00 00 00 00 00 00 00 00 00 00 00 00 00 00 00 00 00 00 00 00 00
00:aa 19 58 3e 02 38 00 00 00 00 00 00 00 00 00 00 00 00 00 00 00 00 00 00 00 00 00 00 00 00 00 00 00 00 00 00 00 00 00 00 00 00 00 00 00 00 00 00 00 00 00 00 00 00 00 00 00 00 00 00 00 00 00 00
00:aa 19 90 3e 02 38 00 00 00 00 00 00 00 00 00 00 00 00 00 00 00 00 00 00 00 00 00 00 00 00 00 00 00 00 00 00 00 00 00 00 00 00 00 00 00 00 00 00 00 00 00 00 00 00 00 00 00 00 00 00 00 00 00 00
00:aa 19 c8 3e 02 38 00 00 00 00 00 00 00 00 00 00 00 00 00 00 00 00 00 00 00 00 00 00 00 00 00 00 00 00 00 00 00 00 00 00 00 00 00 00 00 00 00 00 00 00 00 00 00 00 00 00 00 00 00 00 00 00 00 00
00:aa 19 00 3f 02 38 00 00 00 00 00 00 00 00 00 00 00 00 00 00 00 00 00 00 00 00 00 00 00 00 00 00 00 00 00 00 00 00 00 00 00 00 00 00 00 00 00 00 00 00 00 00 00 00 00 00 00 00 00 00 00 00 00 00
00:aa 19 38 3f 02 38 00 00 00 00 00 00 00 00 00 00 00 00 00 00 00 00 00 00 00 00 00 00 00 00 00 00 00 00 00 00 00 00 00 00 00 00 00 00 00 00 00 00 00 00 00 00 00 00 00 00 00 00 00 00 00 00 00 00
00:aa 19 70 3f 02 38 00 00 00 00 00 00 00 00 00 00 00 00 00 00 00 00 00 00 00 00 00 00 00 00 00 00 00 00 00 00 00 00 00 00 00 00 00 00 00 00 00 00 00 00 00 00 00 00 00 00 00 00 00 00 00 00 00 00
00:aa 19 a8 3f 02 38 00 00 00 00 00 00 00 00 00 00 00 00 00 00 00 00 00 00 00 00 00 00 00 00 00 00 00 00 00 00 00 00 00 00 00 00 00 00 00 00 00 00 00 00 00 00 00 00 00 00 00 00 00 00 00 00 00 00
00:aa 19 e0 3f 02 38 00 00 00 00 00 00 00 00 00 00 00 00 00 00 00 00 00 00 00 00 00 00 00 00 00 00 00 00 00 00 00 00 00 00 00 00 00 00 00 00 00 00 00 00 00 00 00 00 00 00 00 00 00 00 00 00 00 00
00:aa 19 18 40 02 38 00 00 00 00 00 00 00 00 00 00 00 00 00 00 00 00 00 00 00 00 00 00 00 00 00 00 00 00 00 00 00 00 00 00 00 00 00 00 00 00 00 00 00 00 00 00 00 00 00 00 00 00 00 00 00 00 00 00
00:aa 19 50 40 02 38 00 00 00 00 00 00 00 00 00 00 00 00 00 00 00 00 00 00 00 00 00 00 00 00 00 00 00 00 00 00 00 00 00 00 00 00 00 00 00 00 00 00 00 00 00 00 00 00 00 00 00 00 00 00 00 00 00 00
00:aa 19 88 40 02 38 00 00 00 00 00 00 00 00 00 00 00 00 00 00 00 00 00 00 00 00 00 00 00 00 00 00 00 00 00 00 00 00 00 00 00 00 00 00 00 00 00 00 00 00 00 00 00 00 00 00 00 00 00 00 00 00 00 00
00:aa 19 c0 40 02 38 00 00 00 00 00 00 00 00 00 00 00 00 07 ff ff ff fe 00 00 00 7f ff ff ff e0 00 00 07 ff ff ff fe 00 00 00 7f ff ff ff e0 00 00 07 ff ff ff fe 00 00 00 7f ff ff ff e0 00 00 07
00:aa 19 f8 40 02 38 00 00 ff ff ff fe 00 00 00 7f ff ff ff e0 00 00 07 ff ff ff fe 00 00 00 7f ff ff ff e0 00 00 07 ff ff ff fe 00 00 00 7f ff ff ff e0 00 00 07 ff ff ff fe 00 00 00 7f ff ff ff
00:aa 19 30 41 02 38 00 00 e0 00 00 07 ff ff ff fe 00 00 00 7f ff ff ff e0 00 00 07 ff ff ff fe 00 00 00 7f ff ff ff e0 00 00 07 ff ff ff fe 00 00 00 7f ff ff ff e0 00 00 07 ff ff ff fe 00 00 00
00:aa 19 68 41 02 38 00 00 7f ff ff ff e0 00 00 07 ff ff ff fe 00 00 00 7f ff ff ff e0 00 00 07 ff ff ff fe 00 00 00 7f ff ff ff e0 00 00 07 ff ff ff fe 00 00 00 7f ff ff ff e0 00 00 07 ff ff ff
00:aa 19 a0 41 02 38 00 00 fe 00 00 00 7f ff ff ff e0 00 00 07 ff ff ff fe 00 00 00 7f ff ff ff e0 00 00 07 ff ff ff fe 00 00 00 7f ff ff ff e0 00 00 00 00 00 00 00 00 00 00 00 00 00 00 00 00 00
00:aa 19 d8 41 02 38 00 00 00 00 00 00 00 00 00 00 00 00 00 00 00 00 00 00 00 00 00 00 00 00 00 00 00 00 00 00 00 00 00 00 00 00 00 00 00 00 00 00 00 00 00 00 00 00 00 00 00 00 00 00 00 00 00 00
00:aa 19 10 42 02 38 00 00 00 00 00 00 00 00 00 00 00 00 00 00 00 00 00 00 00 00 00 00 00 00 00 00 00 00 00 00 00 00 00 00 00 00 00 00 00 00 00 00 00 00 00 00 00 00 00 00 00 00 00 00 00 00 00 00
00:aa 19 48 42 02 38 00 00 00 00 00 00 00 00 00 00 00 00 00 00 00 00 00 00 00 00 00 00 00 00 00 00 00 00 00 00 00 00 00 00 00 00 00 00 00 00 00 00 00 00 00 00 00 00 00 00 00 00 00 00 00 00 00 00
00:aa 19 80 42 02 38 00 00 00 00 00 00 00 00 00 00 00 00 00 00 00 00 00 00 00 00 00 00 00 00 00 00 00 00 00 00 00 00 00 00 00 00 00 00 00 00 00 00 00 00 00 00 00 00 00 00 00 00 00 00 00 00 00 00
00:aa 19 b8 42 02 38 00 00 00 00 00 00 00 00 00 00 00 00 00 00 00 00 00 00 00 00 00 00 00 00 00 00 00 00 00 00 00 00 00 00 00 00 00 00 00 00 00 00 00 00 00 00 00 00 00 00 00 00 00 00 00 00 00 00
00:aa 19 f0 42 02 38 00 00 00 00 00 00 00 00 00 00 00 00 00 00 00 00 00 00 00 00 00 00 00 00 00 00 00 00 00 00 00 00 00 00 00 00 00 00 00 00 00 00 00 00 00 00 00 00 00 00 00 00 00 00 00 00 00 00
00:aa 19 28 43 02 38 00 00 00 00 00 00 00 00 00 00 00 00 00 00 00 00 00 00 00 00 00 00 00 00 00 00 00 00 00 00 00 00 00 00 00 00 00 00 00 00 00 00 00 00 00 00 00 00 00 00 00 00 00 00 00 00 00 00
00:aa 19 60 43 02 38 00 00 00 00 00 00 00 00 00 00 00 00 00 00 00 00 00 00 00 00 00 00 00 00 00 00 00 00 00 00 00 00 00 00 00 00 00 00 00 00 00 00 00 00 00 00 00 00 00 00 00 00 00 00 00 00 00 00
00:aa 19 98 43 02 38 00 00 00 00 00 00 00 00 00 00 00 00 00 00 00 00 00 00 00 00 00 00 00 00 00 00 00 00 00 00 00 00 00 00 00 00 00 00 00 00 00 00 00 00 00 00 00 00 00 00 00 00 00 00 00 00 00 00
00:aa 19 d0 43 02 38 00 00 00 00 00 00 00 00 00 00 00 00 00 00 00 00 00 00 00 00 00 00 00 00 00 00 00 00 00 00 00 00 00 00 00 00 00 00 00 00 00 00 00 00 00 00 00 00 00 00 00 00 00 00 00 00 00 00
00:aa 19 08 44 02 38 00 00 00 00 00 00 00 00 00 00 00 00 00 00 00 00 00 00 00 00 00 00 00 00 00 00 00 00 00 00 00 00 00 00 00 00 00 00 00 00 00 00 00 00 00 00 00 00 00 00 00 00 00 00 00 00 00 00
00:aa 19 40 44 02 38 00 00 00 00 00 00 00 00 00 00 00 00 00 00 00 00 00 00 00 00 00 00 00 00 00 00 00 00 00 00 00 00 00 00 00 00 00 00 00 00 00 00 00 00 00 00 00 00 00 00 00 00 00 00 00 00 00 00
00:aa 19 78 44 02 38 00 00 00 00 00 00 00 00 00 00 00 00 00 00 00 00 00 00 00 00 00 00 00 00 00 00 00 00 00 00 00 00 00 00 00 00 00 00 00 00 00 00 00 00 00 00 00 00 00 00 00 00 00 00 00 00 00 00
00:aa 19 b0 44 02 38 00 00 00 00 00 00 00 00 00 00 00 00 00 00 00 00 00 00 00 00 00 00 00 00 00 00 00 00 00 00 00 00 00 00 00 00 00 00 00 00 00 00 00 00 00 00 00 00 00 00 00 00 00 00 00 00 00 00
00:aa 19 e8 44 02 38 00 00 00 00 00 00 00 00 00 00 00 00 00 00 00 00 00 00 00 00 00 00 00 00 00 00 00 00 00 00 00 00 00 00 00 00 00 00 00 00 00 00 00 00 00 00 00 00 00 00 00 00 00 00 00 00 00 00
00:aa 19 20 45 02 38 00 00 00 00 00 00 00 00 00 00 00 00 00 00 00 00 00 00 00 00 00 00 00 00 00 00 00 00 00 00 00 00 00 00 00 00 00 00 00 00 00 00 00 00 00 00 00 00 00 00 00 00 00 00 00 00 00 00
00:aa 19 58 45 02 38 00 00 00 00 00 00 00 00 00 00 00 00 00 00 00 00 00 00 00 00 00 00 00 00 00 00 00 00 00 00 00 00 00 00 00 00 00 00 00 00 00 00 00 00 00 00 00 00 00 00 00 00 00 00 00 00 00 00
00:aa 19 90 45 02 38 00 00 00 00 00 00 00 00 00 00 00 00 00 00 00 00 00 00 00 00 00 00 00 00 00 00 00 00 00 00 00 00 00 00 00 00 00 00 00 00 00 00 00 00 00 00 00 00 00 00 00 00 00 00 00 00 00 00
00:aa 19 c8 45 02 38 00 00 00 00 00 00 00 00 00 00 00 00 00 00 00 00 00 00 00 00 00 00 00 00 00 00 00 00 00 00 00 00 00 00 00 00 00 00 00 00 00 00 00 00 00 00 00 00 00 00 00 00 00 00 00 00 00 00
00:aa 19 00 46 02 38 00 00 00 00 00 00 00 00 00 00 00 00 00 00 00 00 00 00 00 00 00 00 00 00 00 00 00 00 00 00 00 00 00 00 00 00 00 00 00 00 00 00 00 00 00 00 00 00 00 00 00 00 00 00 00 00 00 00
00:aa 19 38 46 02 38 00 00 00 00 00 00 00 00 00 00 00 00 00 00 00 00 00 00 00 00 00 00 00 00 00 00 00 00 00 00 00 00 00 00 00 00 00 00 00 00 00 00 00 00 00 00 00 00 00 00 00 00 00 00 00 00 00 00
00:aa 19 70 46 02 38 00 00 00 00 00 00 00 00 00 00 00 00 00 00 00 00 00 00 00 00 00 00 00 00 00 00 00 00 00 00 00 00 00 00 00 00 00 00 00 00 00 00 00 00 00 00 00 00 00 00 00 00 00 00 00 00 00 00
00:aa 19 a8 46 02 38 00 00 00 00 00 00 00 00 00 00 00 00 00 00 00 00 00 00 00 00 00 00 00 00 00 00 00 00 00 00 00 00 00 00 00 00 00 00 00 00 00 00 00 00 00 00 00 00 00 00 00 00 00 00 00 00 00 00
00:aa 19 e0 46 02 38 00 00 00 00 00 00 00 00 00 00 00 00 00 00 00 00 00 00 00 00 00 00 00 00 00 00 00 00 00 00 00 00 00 00 00 00 00 00 00 00 00 00 00 00 00 00 00 00 00 00 00 00 00 00 00 00 00 00
00:aa 19 18 47 02 38 00 00 00 00 00 00 00 00 00 00 00 00 00 00 00 00 00 00 00 00 00 00 00 00 00 00 00 00 00 00 00 00 00 00 00 00 00 00 00 00 00 00 00 00 00 00 00 00 00 00 00 00 00 00 00 00 00 00
00:aa 19 50 47 02 38 00 00 00 00 00 00 00 00 00 00 00 00 00 00 00 00 00 00 00 00 00 00 00 00 00 00 00 00 00 00 00 00 00 00 00 00 00 00 00 00 00 00 00 00 00 00 00 00 00 00 00 00 00 00 00 00 00 00
00:aa 19 88 47 02 38 00 00 00 00 00 00 00 00 00 00 00 00 00 00 00 00 00 00 00 00 00 00 00 00 00 00 00 00 00 00 00 00 00 00 00 00 00 00 00 00 00 00 00 00 00 00 00 00 00 00 00 00 00 00 00 00 00 00
00:aa 19 c0 47 02 38 00 00 00 00 00 00 00 00 00 00 00 00 00 00 00 00 00 00 00 00 00 00 00 00 00 00 00 00 00 00 00 00 00 00 00 00 00 00 00 00 00 00 00 00 00 00 00 00 00 00 00 00 00 00 00 00 00 00
00:aa 19 f8 47 02 38 00 00 00 00 00 00 00 00 00 00 00 00 00 00 00 00 00 00 00 00 00 00 00 00 00 00 00 00 00 00 00 00 00 00 00 00 00 00 00 00 00 00 00 00 00 00 00 00 00 00 00 00 00 00 00 00 00 00
00:aa 19 30 48 02 38 00 00 00 00 00 00 00 00 00 00 00 00 00 00 00 00 00 00 00 00 00 00 00 00 00 00 00 00 00 00 00 00 00 00 00 00 00 00 00 00 00 00 00 00 00 00 00 00 00 00 00 00 00 00 00 00 00 00
00:aa 19 68 48 02 38 00 00 00 00 00 00 00 00 00 00 00 00 00 00 00 00 00 00 00 00 00 00 00 00 00 00 00 00 00 00 00 00 00 00 00 00 00 00 00 00 00 00 00 00 00 00 00 00 00 00 00 00 00 00 00 00 00 00
00:aa 19 a0 48 02 38 00 00 00 00 00 00 00 00 00 00 00 00 00 00 00 00 00 00 00 00 00 00 00 00 00 00 00 00 00 00 00 00 00 00 00 00 00 00 00 00 00 00 00 00 00 00 00 00 00 00 00 00 00 00 00 00 00 00
00:aa 19 d8 48 02 38 00 00 00 00 00 00 00 00 00 00 00 00 00 00 00 00 00 00 00 00 00 00 00 00 00 00 00 00 00 00 00 00 00 00 00 00 00 00 00 00 00 00 00 00 00 00 00 00 00 00 00 00 00 00 00 00 00 00
00:aa 19 10 49 02 38 00 00 00 00 00 00 00 00 00 00 00 00 00 00 00 00 00 00 00 00 00 00 00 00 00 00 00 00 00 00 00 00 00 00 00 00 00 00 00 00 00 00 00 00 00 00 00 00 00 00 00 00 00 00 00 00 00 00
00:aa 19 48 49 02 38 00 00 00 00 00 00 00 00 00 00 00 00 00 00 00 00 00 00 00 00 00 00 00 00 00 00 00 00 00 00 00 00 00 00 00 00 00 00 00 00 00 00 00 00 00 00 00 00 00 00 00 00 00 00 00 00 00 00
00:aa 19 80 49 02 38 00 00 00 00 00 00 00 00 00 00 00 00 00 00 00 00 00 00 00 00 00 00 00 00 00 00 00 00 00 00 00 00 00 00 00 00 00 00 00 00 00 00 00 00 00 00 00 00 00 00 00 00 00 00 00 00 00 00
00:aa 19 b8 49 02 38 00 00 00 00 00 00 00 00 00 00 00 00 00 00 00 00 00 00 00 00 00 00 00 00 00 00 00 00 00 00 00 00 00 00 00 00 00 00 00 00 00 00 00 00 00 00 00 00 00 00 00 00 00 00 00 00 00 00
00:aa 19 f0 49 02 38 00 00 00 00 00 00 00 00 00 00 00 00 00 00 00 00 00 00 00 00 00 00 00 00 00 00 00 00 00 00 00 00 00 00 00 00 00 00 00 00 00 00 00 00 00 00 00 00 00 00 00 00 00 00 00 00 00 00
00:aa 19 28 4a 02 38 00 00 00 00 00 00 00 00 00 00 00 00 00 00 00 00 00 00 00 00 00 00 00 00 00 00 00 00 00 00 00 00 00 00 00 00 00 00 00 00 00 00 00 00 00 00 00 00 00 00 00 00 00 00 00 00 00 00
00:aa 19 60 4a 02 38 00 00 00 00 00 00 00 00 00 00 00 00 00 00 00 00 00 00 00 00 00 00 00 00 00 00 00 00 00 00 00 00 00 00 00 00 00 00 00 00 00 00 00 00 00 00 00 00 00 00 00 00 00 00 00 00 00 00
00:aa 19 98 4a 02 38 00 00 00 00 00 00 00 00 00 00 00 00 00 00 00 00 00 00 0f 12 63 00 00 00 00 55 0f 12 63 00 00 00 00 55 0f 12 63 00 00 00 00 55 0f 12 63 00 00 00 00 55 0f 12 63 00 00 00 00 55
00:aa 19 d0 4a 02 38 00 00 0f 12 63 00 00 00 00 55 0f 12 63 00 00 00 00 55 00 00 00 00 00 00 00 00 00 00 00 00 00 00 00 00 00 00 00 00 00 00 00 00 00 00 00 00 00 00 00 00 00 00 00 00 00 00 00 00
00:aa 19 08 4b 02 38 00 00 00 00 00 00 00 00 00 00 00 00 00 00 00 00 00 00 00 00 00 00 00 00 00 00 00 00 00 00 00 00 00 00 00 00 00 00 00 00 00 00 00 00 00 00 00 00 00 00 00 00 00 00 00 00 00 00
00:aa 19 40 4b 02 38 00 00 00 00 00 00 00 00 00 00 00 00 00 00 00 00 00 00 00 00 00 00 00 00 00 00 00 00 00 00 00 00 00 00 00 00 00 00 00 00 00 00 00 00 00 00 00 00 00 00 00 00 00 00 00 00 00 00
00:aa 19 78 4b 02 38 00 00 00 00 00 00 00 00 00 00 00 00 00 00 00 00 00 00 00 00 00 00 00 00 00 00 00 00 00 00 00 00 00 00 00 00 00 00 00 00 00 00 0f 12 00 00 55 55 55 40 0f 12 00 00 40 40 40 15
00:aa 19 b0 4b 02 38 00 00 0f 12 00 00 01 01 01 55 00 00 00 00 00 00 00 00 00 00 00 00 00 00 00 00 00 00 00 00 00 00 00 00 00 00 00 00 00 00 00 00 00 00 00 00 00 00 00 00 00 00 00 00 00 00 00 00
00:aa 19 e8 4b 02 38 00 00 00 00 00 00 00 00 00 00 0f 12 00 00 00 00 80 55 0f 12 00 00 0d 0d 0d 54 0f 12 00 00 55 55 55 01 00 00 00 00 00 00 00 00 00 00 00 00 00 00 00 00 00 00 00 00 00 00 00 00
00:aa 19 20 4c 02 38 00 00 00 00 00 00 00 00 00 00 00 00 00 00 00 00 00 00 00 00 00 00 00 00 00 00 00 00 00 00 00 00 00 00 00 00 00 00 00 00 00 00 00 00 00 00 00 00 00 00 00 00 00 00 00 00 00 00
00:aa 19 58 4c 02 38 00 00 00 00 00 00 00 00 00 00 00 00 00 00 00 00 00 00 00 00 00 00 00 00 00 00 00 00 00 00 00 00 00 00 00 00 00 00 00 00 00 00 00 00 00 00 00 00 00 00 00 00 00 00 00 00 00 00
00:aa 19 90 4c 02 38 00 00 00 00 00 00 00 00 00 00 00 00 00 00 00 00 00 00 00 00 00 00 00 00 00 00 0f 12 00 00 55 55 55 60 ef 11 00 00 40 40 40 15 0f 12 00 00 15 15 15 55 00 00 00 00 00 00 00 00
00:aa 19 c8 4c 02 38 00 00 00 00 00 00 00 00 00 00 00 00 00 00 00 00 00 00 00 00 00 00 00 00 00 00 00 00 00 00 00 00 00 00 00 00 00 00 00 00 00 00 00 00 00 00 00 00 00 00 00 00 00 00 00 00 00 00
00:aa 19 00 4d 02 38 00 00 00 00 00 00 00 00 00 00 0f 12 00 00 54 54 54 55 0f 12 00 00 01 01 01 57 0f 12 00 00 55 55 55 01 00 00 00 00 00 00 00 00 00 00 00 00 00 00 00 00 00 00 00 00 00 00 00 00
00:aa 19 38 4d 02 38 00 00 00 00 00 00 00 00 00 00 00 00 00 00 00 00 00 00 00 00 00 00 00 00 00 00 00 00 00 00 00 00 00 00 00 00 00 00 00 00 00 00 00 00 00 00 00 00 00 00 00 00 00 00 00 00 00 00
00:aa 19 70 4d 02 38 00 00 00 00 00 00 00 00 00 00 00 00 00 00 00 00 00 00 00 00 00 00 00 00 00 00 00 00 00 00 00 00 00 00 00 00 00 00 00 00 00 00 00 00 00 00 00 00 00 00 00 00 00 00 00 00 00 00
00:aa 19 a8 4d 02 38 00 00 00 00 00 00 00 00 00 00 00 00 00 00 00 00 00 00 0f 12 00 00 60 60 60 60 0f 12 00 00 15 15 15 15 00 00 00 00 00 00 00 00 00 00 00 00 00 00 00 00 00 00 00 00 00 00 00 00
00:aa 19 e0 4d 02 38 00 00 00 00 00 00 00 00 00 00 89 db 00 00 55 55 54 54 69 e3 00 00 55 55 00 00 69 e3 00 00 55 55 00 00 69 e3 00 00 55 55 00 00 69 e3 00 00 55 55 00 00 69 e3 00 00 55 55 00 00
00:aa 19 18 4e 02 38 00 00 69 e3 00 00 55 55 00 00 69 e3 00 00 55 55 03 03 0f 12 00 00 01 01 01 00 0f 12 00 00 55 55 55 05 00 00 00 00 00 00 00 00 00 00 00 00 00 00 00 00 00 00 00 00 00 00 00 00
00:aa 19 50 4e 02 38 00 00 00 00 00 00 00 00 00 00 00 00 00 00 00 00 00 00 00 00 00 00 00 00 00 00 00 00 00 00 00 00 00 00 00 00 00 00 00 00 00 00 00 00 00 00 00 00 00 00 00 00 00 00 00 00 00 00
00:aa 19 88 4e 02 38 00 00 00 00 00 00 00 00 00 00 00 00 00 00 00 00 00 00 00 00 00 00 00 00 00 00 00 00 00 00 00 00 00 00 00 00 00 00 00 00 00 00 00 00 00 00 00 00 00 00 00 00 00 00 00 00 00 00
00:aa 19 c0 4e 02 38 00 00 00 00 00 00 00 00 00 00 0f 12 00 00 60 60 60 60 89 db 0f 12 55 40 40 40 89 db 00 00 55 00 00 00 89 db 00 00 55 00 00 00 89 db 00 00 55 00 00 00 89 db 00 00 55 00 00 00
00:aa 19 f8 4e 02 38 00 00 89 db 00 00 54 00 00 00 89 db 00 00 00 00 00 00 89 db 00 00 00 00 00 00 89 db 00 00 00 00 00 00 89 db 00 00 00 00 00 00 89 db 00 00 00 00 00 00 89 db 00 00 00 00 00 00
00:aa 19 30 4f 02 38 00 00 89 db 0f 1a 01 01 01 01 0f 12 00 00 00 00 00 00 0f 12 00 00 05 00 00 00 0f 12 00 00 55 35 35 35 00 00 00 00 00 00 00 00 00 00 00 00 00 00 00 00 00 00 00 00 00 00 00 00
00:aa 19 68 4f 02 38 00 00 00 00 00 00 00 00 00 00 00 00 00 00 00 00 00 00 00 00 00 00 00 00 00 00 00 00 00 00 00 00 00 00 00 00 00 00 00 00 00 00 00 00 00 00 00 00 00 00 00 00 00 00 00 00 00 00
00:aa 19 a0 4f 02 38 00 00 00 00 00 00 00 00 00 00 00 00 00 00 00 00 00 00 00 00 00 00 00 00 00 00 00 00 00 00 00 00 00 00 00 00 00 00 00 00 00 00 00 00 00 00 00 00 00 00 cf 11 00 00 55 50 50 50
00:aa 19 d8 4f 02 38 00 00 0f 12 00 00 60 00 00 00 89 db 0f 1a 40 40 40 40 89 db 00 00 00 00 00 00 89 db 00 00 00 00 00 00 89 db 00 00 00 00 00 00 89 db 00 00 00 00 00 00 89 db 00 00 00 00 00 00
00:aa 19 10 50 02 38 00 00 89 db 00 00 00 00 00 00 89 db 00 00 00 00 00 00 89 db 00 00 00 00 00 00 89 db 00 10 00 15 15 15 89 db 00 08 00 40 40 40 89 db 20 18 00 01 01 01 89 db 00 10 03 57 57 57
00:aa 19 48 50 02 38 00 00 0f 12 00 00 00 00 00 00 0f 12 00 00 00 00 00 00 0f 12 00 00 35 35 35 35 00 00 00 00 00 00 00 00 00 00 00 00 00 00 00 00 00 00 00 00 00 00 00 00 00 00 00 00 00 00 00 00
00:aa 19 80 50 02 38 00 00 00 00 00 00 00 00 00 00 00 00 00 00 00 00 00 00 00 00 00 00 00 00 00 00 00 00 00 00 00 00 00 00 00 00 00 00 00 00 00 00 00 00 00 00 00 00 00 00 00 00 00 00 00 00 00 00
00:aa 19 b8 50 02 38 00 00 00 00 00 00 00 00 00 00 00 00 00 00 00 00 00 00 00 00 00 00 00 00 00 00 00 00 00 00 00 00 00 00 ce 11 00 00 50 50 50 50 0f 12 ce 11 50 00 00 00 0f 12 00 00 00 00 00 00
00:aa 19 f0 50 02 38 00 00 0f 12 00 10 35 15 15 15 89 db 00 10 40 40 40 40 89 db e7 ba 01 01 01 01 03 49 00 10 54 54 54 54 89 db 00 00 00 00 00 00 89 db 00 00 00 00 00 00 89 db 00 00 00 00 00 00
00:aa 19 28 51 02 38 00 00 89 db 00 00 00 00 00 00 89 db 00 00 00 00 00 00 89 db 00 10 15 00 00 00 89 db 00 10 40 15 15 15 89 db 00 10 01 54 54 54 89 db 0f 1a 55 01 01 01 0f 12 00 00 00 00 00 00
00:aa 19 60 51 02 38 00 00 0f 12 00 00 00 00 00 00 0f 12 00 00 35 35 35 35 00 00 00 00 00 00 00 00 00 00 00 00 00 00 00 00 00 00 00 00 00 00 00 00 00 00 00 00 00 00 00 00 00 00 00 00 00 00 00 00
00:aa 19 98 51 02 38 00 00 00 00 00 00 00 00 00 00 00 00 00 00 00 00 00 00 00 00 00 00 00 00 00 00 00 00 00 00 00 00 00 00 00 00 00 00 00 00 00 00 00 00 00 00 00 00 00 00 00 00 00 00 00 00 00 00
00:aa 19 d0 51 02 38 00 00 00 00 00 00 00 00 00 00 00 00 00 00 00 00 00 00 00 00 00 00 00 00 00 00 0f 12 00 00 50 50 50 50 0f 12 00 00 00 00 00 00 0f 12 00 00 00 00 00 00 89 db 0f 1a 40 40 40 40
00:aa 19 08 52 02 38 00 00 89 db 00 00 15 15 15 2a 25 8a 00 10 57 57 57 00 a9 e3 89 db 00 ff ff ff 89 db 00 00 00 00 00 00 89 db 00 00 00 00 00 00 89 db 00 00 00 00 00 00 89 db 00 00 00 00 00 00
00:aa 19 40 52 02 38 00 00 89 db 00 00 00 00 00 00 89 db 00 00 00 00 00 00 89 db c7 aa 15 00 00 00 89 db c7 aa 54 00 00 00 89 db 0f 1a 01 01 01 01 0f 12 00 00 00 00 00 00 0f 12 00 00 00 00 00 00
00:aa 19 78 52 02 38 00 00 0f 12 00 00 35 35 35 35 00 00 00 00 00 00 00 00 00 00 00 00 00 00 00 00 00 00 00 00 00 00 00 00 00 00 00 00 00 00 00 00 00 00 00 00 00 00 00 00 00 00 00 00 00 00 00 00
00:aa 19 b0 52 02 38 00 00 00 00 00 00 00 00 00 00 00 00 00 00 00 00 00 00 00 00 00 00 00 00 00 00 00 00 00 00 00 00 00 00 00 00 00 00 00 00 00 00 00 00 00 00 00 00 00 00 00 00 00 00 00 00 00 00
00:aa 19 e8 52 02 38 00 00 00 00 00 00 00 00 00 00 00 00 00 00 00 00 00 00 0f 12 00 00 50 50 50 50 0f 12 00 00 00 00 00 00 0f 12 00 00 00 00 00 00 89 db 0f 1a 40 40 40 40 89 db 00 00 00 00 00 00
00:aa 19 20 53 02 38 00 00 89 db 00 00 00 00 00 00 89 db 00 00 00 00 00 00 89 db 00 00 00 00 00 00 89 db 00 00 00 00 00 00 89 db 00 00 00 00 00 00 89 db 00 00 00 00 00 00 89 db 00 00 00 00 00 00
00:aa 19 58 53 02 38 00 00 89 db 00 00 00 00 00 00 89 db 00 00 00 00 00 00 89 db 00 00 00 00 00 00 89 db 0f 1a 01 01 01 01 0f 12 00 00 00 00 00 00 0a a3 0f 12 55 55 55 58 89 db 0f 12 70 70 70 a0
00:aa 19 90 53 02 38 00 00 89 db 00 00 00 00 00 00 89 db 00 00 00 00 00 00 08 c4 00 00 15 15 15 15 00 00 00 00 00 00 00 00 00 00 00 00 00 00 00 00 00 00 00 00 00 00 00 00 00 00 00 00 00 00 00 00
00:aa 19 c8 53 02 38 00 00 00 00 00 00 00 00 00 00 00 00 00 00 00 00 00 00 00 00 00 00 00 00 00 00 00 00 00 00 00 00 00 00 00 00 00 00 00 00 00 00 00 00 00 00 00 00 00 00 00 00 00 00 00 00 00 00
00:aa 19 00 54 02 38 00 00 00 00 00 00 00 00 00 00 b0 11 00 00 50 50 5a 55 0f 12 00 00 00 00 a0 50 0f 12 00 00 00 00 00 00 89 db 0f 1a 40 40 40 40 89 db 00 00 00 00 00 00 89 db 00 00 00 00 00 00
00:aa 19 38 54 02 38 00 00 89 db 00 00 00 00 00 00 89 db 00 00 00 00 00 00 89 db 00 00 00 00 00 00 89 db 00 00 00 00 00 00 89 db 00 00 00 00 00 00 89 db 00 00 00 00 00 00 89 db 00 00 00 00 00 00
00:aa 19 70 54 02 38 00 00 89 db 00 00 00 00 00 00 89 db 00 00 00 00 00 00 89 db 0f 1a 01 01 01 02 2a bb 0f 12 55 55 55 00 89 db 0f 12 58 58 58 a0 89 db 00 00 00 00 00 00 89 db 00 00 00 00 00 00
00:aa 19 a8 54 02 38 00 00 89 db 00 00 00 00 00 00 08 c4 00 00 15 15 15 15 00 00 00 00 00 00 00 00 00 00 00 00 00 00 00 00 00 00 00 00 00 00 00 00 00 00 00 00 00 00 00 00 00 00 00 00 00 00 00 00
00:aa 19 e0 54 02 38 00 00 00 00 00 00 00 00 00 00 00 00 00 00 00 00 00 00 00 00 00 00 00 00 00 00 00 00 00 00 00 00 00 00 00 00 00 00 00 00 00 00 00 00 00 00 00 00 00 00 00 00 00 00 00 00 00 00
00:aa 19 18 55 02 38 00 00 00 00 00 00 00 00 00 00 0f 12 00 00 50 50 5a 55 0f 12 00 00 00 00 aa 55 89 db 0f 12 40 40 c0 80 89 db 00 00 00 00 00 00 89 db 00 00 00 00 00 00 89 db 00 00 00 00 00 00
00:aa 19 50 55 02 38 00 00 89 db 00 00 00 00 00 00 89 db 00 00 00 00 00 00 89 db 00 00 00 00 00 00 89 db 00 00 00 00 00 00 89 db 00 00 00 00 00 00 89 db 00 00 00 00 00 00 89 db 00 00 00 00 00 00
00:aa 19 88 55 02 38 00 00 89 db 00 00 00 00 00 00 89 db 00 00 00 00 00 00 89 db 00 00 00 00 00 00 89 db 00 00 00 00 00 00 89 db 00 00 00 00 00 00 89 db 00 00 00 00 00 00 89 db 00 00 00 00 00 00
00:aa 19 c0 55 02 38 00 00 08 c4 00 00 15 15 15 15 00 00 00 00 00 00 00 00 00 00 00 00 00 00 00 00 00 00 00 00 00 00 00 00 00 00 00 00 00 00 00 00 00 00 00 00 00 00 00 00 00 00 00 00 00 00 00 00
00:aa 19 f8 55 02 38 00 00 00 00 00 00 00 00 00 00 00 00 00 00 00 00 00 00 00 00 00 00 00 00 00 00 00 00 00 00 00 00 00 00 00 00 00 00 00 00 00 00 00 00 00 00 00 00 00 00 69 e3 00 00 55 55 54 54
00:aa 19 30 56 02 38 00 00 89 db 00 00 55 55 00 00 89 db 00 00 55 55 00 00 89 db c4 85 40 40 00 00 89 db 00 00 00 00 00 00 89 db 00 00 00 00 00 00 89 db 00 00 00 00 00 00 89 db 00 00 00 00 00 00
00:aa 19 68 56 02 38 00 00 89 db 00 00 00 00 00 00 89 db 00 00 00 00 00 00 89 db 00 00 00 00 00 00 89 db 00 00 00 00 00 00 89 db 00 00 00 00 00 00 89 db 00 00 00 00 00 00 89 db 00 00 00 00 00 00
00:aa 19 a0 56 02 38 00 00 89 db 00 00 00 00 00 00 89 db 00 00 00 00 00 00 89 db 00 00 00 00 00 00 89 db 00 00 00 00 0a 05 89 db 00 00 00 00 aa 55 89 db 00 00 00 00 aa 55 08 c4 00 00 15 15 95 55
00:aa 19 d8 56 02 38 00 00 00 00 00 00 00 00 00 00 00 00 00 00 00 00 00 00 00 00 00 00 00 00 00 00 00 00 00 00 00 00 00 00 00 00 00 00 00 00 00 00 00 00 00 00 00 00 00 00 00 00 00 00 00 00 00 00
00:aa 19 10 57 02 38 00 00 00 00 00 00 00 00 00 00 00 00 00 00 00 00 00 00 00 00 00 00 00 00 00 00 00 00 00 00 00 00 00 00 00 00 00 00 00 00 00 00 69 e3 00 00 54 54 54 54 89 db 00 00 00 00 00 00
00:aa 19 48 57 02 38 00 00 89 db 00 00 00 00 00 00 89 db 00 00 00 00 00 00 89 db 00 00 00 00 00 00 89 db 00 00 00 00 00 00 89 db 00 00 00 00 00 00 89 db 00 00 00 00 00 00 89 db 00 00 00 00 00 00
00:aa 19 80 57 02 38 00 00 89 db 00 00 00 00 00 00 89 db 00 00 00 00 00 00 89 db 00 00 00 00 00 00 89 db 00 00 00 00 00 00 89 db 00 00 00 00 00 00 89 db 00 00 00 00 00 00 89 db 00 00 00 00 00 00
00:aa 19 b8 57 02 38 00 00 89 db 00 00 00 00 00 00 89 db 00 00 00 00 00 00 06 a5 00 00 05 05 05 05 00 00 00 00 00 00 00 00 00 00 00 00 00 00 00 00 00 00 00 00 00 00 00 00 00 00 00 00 00 00 00 00
00:aa 19 f0 57 02 38 00 00 00 00 00 00 00 00 00 00 00 00 00 00 00 00 00 00 00 00 00 00 00 00 00 00 00 00 00 00 00 00 00 00 00 00 00 00 00 00 00 00 00 00 00 00 00 00 00 00 00 00 00 00 00 00 00 00
00:aa 19 28 58 02 38 00 00 00 00 00 00 00 00 00 00 00 00 00 00 00 00 00 00 00 00 00 00 00 00 00 00 00 00 00 00 00 00 00 00 69 e3 00 00 54 54 54 54 89 db 00 00 00 00 00 00 89 db 00 00 00 00 00 00
00:aa 19 60 58 02 38 00 00 89 db 00 00 00 00 00 00 89 db 00 00 00 00 00 00 89 db 00 00 00 00 00 00 89 db 00 00 00 00 00 00 89 db 00 00 00 00 00 00 89 db 00 00 00 00 00 00 89 db 00 00 00 00 00 00
00:aa 19 98 58 02 38 00 00 89 db 00 00 00 00 00 00 89 db 00 00 00 00 00 00 89 db 00 00 00 00 00 00 89 db 00 00 00 00 00 00 89 db 00 00 00 00 00 00 89 db 00 00 00 00 00 00 89 db 00 00 00 00 00 00
00:aa 19 d0 58 02 38 00 00 89 db 00 00 00 00 00 00 89 db 00 00 05 00 00 00 89 db 00 00 55 25 25 25 00 00 00 00 00 00 00 00 00 00 00 00 00 00 00 00 00 00 00 00 00 00 00 00 00 00 00 00 00 00 00 00
00:aa 19 08 59 02 38 00 00 00 00 00 00 00 00 00 00 00 00 00 00 00 00 00 00 00 00 00 00 00 00 00 00 00 00 00 00 00 00 00 00 00 00 00 00 00 00 00 00 00 00 00 00 00 00 00 00 00 00 00 00 00 00 00 00
00:aa 19 40 59 02 38 00 00 00 00 00 00 00 00 00 00 00 00 00 00 00 00 00 00 00 00 00 00 00 00 00 00 69 e3 00 00 54 54 54 54 69 e3 89 db ff ff ff aa 69 e3 89 db ff ff ff aa 69 e3 89 db ff ff ff aa
00:aa 19 78 59 02 38 00 00 89 e3 89 db ff ff ff bf 89 db 00 00 00 00 00 00 89 db 00 00 00 00 00 00 89 db 00 00 00 00 00 00 89 db 00 00 00 00 00 00 89 db 00 00 00 00 00 00 89 db 00 00 00 00 00 00
00:aa 19 b0 59 02 38 00 00 89 db 00 00 00 00 00 00 89 db 00 00 00 00 00 00 89 db 00 00 00 00 00 00 89 db 00 00 00 00 00 00 89 db 00 00 00 00 00 00 89 db 00 00 00 00 00 00 89 db 00 00 00 00 00 00
00:aa 19 e8 59 02 38 00 00 89 db 00 00 00 00 00 00 89 db 00 00 25 25 25 25 00 00 00 00 00 00 00 00 00 00 00 00 00 00 00 00 00 00 00 00 00 00 00 00 00 00 00 00 00 00 00 00 00 00 00 00 00 00 00 00
00:aa 19 20 5a 02 38 00 00 00 00 00 00 00 00 00 00 00 00 00 00 00 00 00 00 00 00 00 00 00 00 00 00 00 00 00 00 00 00 00 00 00 00 00 00 00 00 00 00 00 00 00 00 00 00 00 00 00 00 00 00 00 00 00 00
00:aa 19 58 5a 02 38 00 00 00 00 00 00 00 00 00 00 00 00 00 00 00 00 00 00 00 00 00 00 00 00 00 00 00 00 00 00 00 00 00 00 00 00 00 00 00 00 00 00 00 00 00 00 00 00 00 00 89 db 65 95 40 40 40 40
00:aa 19 90 5a 02 38 00 00 89 db 00 00 00 00 00 00 69 e3 89 db ff ff ff aa 69 e3 89 db ff ff ff ab 89 db 00 00 00 00 00 00 69 e3 89 db ff ff ff fe 69 e3 89 db ff ff ff aa 69 e3 89 db ff ff ff aa
00:aa 19 c8 5a 02 38 00 00 69 e3 89 db ff ff ff aa 69 e3 89 db ff ff ff ab 89 db 00 00 00 00 00 00 89 db 00 00 00 01 01 01 29 eb 00 00 00 55 55 55 89 db 00 00 00 70 70 70 89 db 00 00 00 00 00 00
00:aa 19 00 5b 02 38 00 00 89 db 00 00 25 25 25 25 00 00 00 00 00 00 00 00 00 00 00 00 00 00 00 00 00 00 00 00 00 00 00 00 00 00 00 00 00 00 00 00 00 00 00 00 00 00 00 00 00 00 00 00 00 00 00 00
00:aa 19 38 5b 02 38 00 00 00 00 00 00 00 00 00 00 00 00 00 00 00 00 00 00 00 00 00 00 00 00 00 00 00 00 00 00 00 00 00 00 00 00 00 00 00 00 00 00 00 00 00 00 00 00 00 00 00 00 00 00 00 00 00 00
00:aa 19 70 5b 02 38 00 00 00 00 00 00 00 00 00 00 00 00 00 00 00 00 00 00 00 00 00 00 00 00 00 00 00 00 00 00 00 00 00 00 00 00 00 00 00 00 00 00 89 db 65 95 40 40 40 40 89 db 00 00 00 00 00 00
00:aa 19 a8 5b 02 38 00 00 62 39 00 00 15 15 15 15 89 db 00 00 54 54 54 54 89 db 00 00 00 00 00 00 89 db 00 00 01 01 01 01 00 00 00 00 00 00 00 00 00 00 00 00 00 00 00 00 00 00 00 00 00 00 00 00
00:aa 19 e0 5b 02 38 00 00 41 10 00 00 54 54 54 54 89 db 00 00 00 00 00 00 89 db 00 00 01 01 01 01 00 00 00 00 00 00 00 00 89 db 00 00 70 70 70 70 89 db 00 00 00 00 00 00 89 db 00 00 25 25 25 25
00:aa 19 18 5c 02 38 00 00 00 00 00 00 00 00 00 00 00 00 00 00 00 00 00 00 00 00 00 00 00 00 00 00 00 00 00 00 00 00 00 00 00 00 00 00 00 00 00 00 00 00 00 00 00 00 00 00 00 00 00 00 00 00 00 00
00:aa 19 50 5c 02 38 00 00 00 00 00 00 00 00 00 00 00 00 00 00 00 00 00 00 00 00 00 00 00 00 00 00 00 00 00 00 00 00 00 00 00 00 00 00 00 00 00 00 00 00 00 00 00 00 00 00 00 00 00 00 00 00 00 00
00:aa 19 88 5c 02 38 00 00 00 00 00 00 00 00 00 00 00 00 00 00 00 00 00 00 00 00 00 00 00 00 00 00 00 00 00 00 00 00 00 00 89 db 65 95 40 40 40 40 89 db 00 00 00 00 00 00 62 39 00 00 15 15 15 15
00:aa 19 c0 5c 02 38 00 00 89 db 00 00 54 54 54 54 89 db 00 00 00 00 00 00 89 db 00 00 01 01 01 01 00 00 00 00 00 00 00 00 00 00 00 00 00 00 00 00 00 00 00 00 00 00 00 00 41 10 00 00 54 54 54 54
00:aa 19 f8 5c 02 38 00 00 89 db 00 00 00 00 00 00 89 db 00 00 01 01 01 01 00 00 00 00 00 00 00 00 89 db 00 00 70 70 70 55 89 db 00 00 00 00 00 55 89 db 00 00 25 25 25 55 00 00 00 00 00 00 00 00
00:aa 19 30 5d 02 38 00 00 00 00 00 00 00 00 00 00 00 00 00 00 00 00 00 00 00 00 00 00 00 00 00 00 00 00 00 00 00 00 00 00 00 00 00 00 00 00 00 00 00 00 00 00 00 00 00 00 00 00 00 00 00 00 00 00
00:aa 19 68 5d 02 38 00 00 00 00 00 00 00 00 00 00 00 00 00 00 00 00 00 00 00 00 00 00 00 00 00 00 00 00 00 00 00 00 00 00 00 00 00 00 00 00 00 00 00 00 00 00 00 00 00 00 00 00 00 00 00 00 00 00
00:aa 19 a0 5d 02 38 00 00 00 00 00 00 00 00 00 00 00 00 00 00 00 00 00 00 00 00 00 00 00 00 00 00 89 db 65 95 40 40 40 40 89 db 00 00 00 00 00 00 62 39 00 00 15 15 15 15 89 db 00 00 54 54 54 54
00:aa 19 d8 5d 02 38 00 00 89 db 00 00 00 00 00 00 89 db 00 00 01 01 01 01 00 00 00 00 00 00 00 00 00 00 00 00 00 00 00 00 00 00 00 00 00 00 00 00 41 10 00 00 54 54 57 55 89 db 00 00 00 00 ff 55
00:aa 19 10 5e 02 38 00 00 89 db 00 00 01 01 fd 55 00 00 00 00 00 00 00 00 00 00 00 00 00 00 00 00 00 00 00 00 00 00 00 00 00 00 00 00 00 00 00 00 00 00 00 00 00 00 00 00 00 00 00 00 00 00 00 00
00:aa 19 48 5e 02 38 00 00 00 00 00 00 00 00 00 00 00 00 00 00 00 00 00 00 00 00 00 00 00 00 00 00 00 00 00 00 00 00 00 00 00 00 00 00 00 00 00 00 00 00 00 00 00 00 00 00 00 00 00 00 00 00 00 00
00:aa 19 80 5e 02 38 00 00 00 00 00 00 00 00 00 00 00 00 00 00 00 00 00 00 00 00 00 00 00 00 00 00 00 00 00 00 00 00 00 00 00 00 00 00 00 00 00 00 00 00 00 00 00 00 00 00 00 00 00 00 00 00 00 00
00:aa 19 b8 5e 02 38 00 00 00 00 00 00 00 00 00 00 00 00 00 00 00 00 00 00 89 db 00 00 80 80 7f 55 89 db 00 00 00 00 ff 55 62 39 00 00 15 15 55 55 89 db 00 00 54 54 57 55 89 db 00 00 00 00 ff 55
00:aa 19 f0 5e 02 38 00 00 89 db 00 00 01 01 f5 55 00 00 00 00 00 00 00 00 00 00 00 00 00 00 00 00 00 00 00 00 00 00 00 00 00 00 00 00 00 00 00 00 00 00 00 00 00 00 00 00 00 00 00 00 00 00 00 00
00:aa 19 28 5f 02 38 00 00 00 00 00 00 00 00 00 00 00 00 00 00 00 00 00 00 00 00 00 00 00 00 00 00 00 00 00 00 00 00 00 00 00 00 00 00 00 00 00 00 00 00 00 00 00 00 00 00 00 00 00 00 00 00 00 00
00:aa 19 60 5f 02 38 00 00 00 00 00 00 00 00 00 00 00 00 00 00 00 00 00 00 00 00 00 00 00 00 00 00 00 00 00 00 00 00 00 00 00 00 00 00 00 00 00 00 00 00 00 00 00 00 00 00 00 00 00 00 00 00 00 00
00:aa 19 98 5f 02 38 00 00 00 00 00 00 00 00 00 00 00 00 00 00 00 00 00 00 00 00 00 00 00 00 00 00 00 00 00 00 00 00 00 00 00 00 00 00 00 00 00 00 00 00 00 00 00 00 00 00 00 00 00 00 00 00 00 00
00:aa 19 d0 5f 02 38 00 00 00 00 00 00 00 00 00 00 00 00 00 00 00 00 00 00 00 00 00 00 00 00 00 00 00 00 00 00 00 00 00 00 00 00 00 00 00 00 00 00 00 00 00 00 00 00 00 00 00 00 00 00 00 00 00 00
00:aa 19 08 60 02 38 00 00 00 00 00 00 00 00 00 00 00 00 00 00 00 00 00 00 00 00 00 00 00 00 00 00 00 00 00 00 00 00 00 00 00 00 00 00 00 00 00 00 00 00 00 00 00 00 00 00 00 00 00 00 00 00 00 00
00:aa 19 40 60 02 38 00 00 00 00 00 00 00 00 00 00 00 00 00 00 00 00 00 00 00 00 00 00 00 00 00 00 00 00 00 00 00 00 00 00 00 00 00 00 00 00 00 00 00 00 00 00 00 00 00 00 00 00 00 00 00 00 00 00
00:aa 19 78 60 02 38 00 00 00 00 00 00 00 00 00 00 00 00 00 00 00 00 00 00 00 00 00 00 00 00 00 00 00 00 00 00 00 00 00 00 00 00 00 00 00 00 00 00 00 00 00 00 00 00 00 00 00 00 00 00 00 00 00 00
00:aa 19 b0 60 02 38 00 00 00 00 00 00 00 00 00 00 00 00 00 00 00 00 00 00 00 00 00 00 00 00 00 00 00 00 00 00 00 00 00 00 00 00 00 00 00 00 00 00 00 00 00 00 00 00 00 00 00 00 00 00 00 00 00 00
00:aa 19 e8 60 02 38 00 00 00 00 00 00 00 00 00 00 00 00 00 00 00 00 00 00 00 00 00 00 00 00 00 00 00 00 00 00 00 00 00 00 00 00 00 00 00 00 00 00 00 00 00 00 00 00 00 00 00 00 00 00 00 00 00 00
00:aa 19 20 61 02 38 00 00 00 00 00 00 00 00 00 00 00 00 00 00 00 00 00 00 00 00 00 00 00 00 00 00 00 00 00 00 00 00 00 00 00 00 00 00 00 00 00 00 00 00 00 00 00 00 00 00 00 00 00 00 00 00 00 00
00:aa 19 58 61 02 38 00 00 00 00 00 00 00 00 00 00 00 00 00 00 00 00 00 00 00 00 00 00 00 00 00 00 00 00 00 00 00 00 00 00 00 00 00 00 00 00 00 00 00 00 00 00 00 00 00 00 00 00 00 00 00 00 00 00
00:aa 19 90 61 02 38 00 00 00 00 00 00 00 00 00 00 00 00 00 00 00 00 00 00 00 00 00 00 00 00 00 00 00 00 00 00 00 00 00 00 00 00 00 00 00 00 00 00 00 00 00 00 00 00 00 00 00 00 00 00 00 00 00 00
00:aa 19 c8 61 02 38 00 00 00 00 00 00 00 00 00 00 00 00 00 00 00 00 00 00 00 00 00 00 00 00 00 00 00 00 00 00 00 00 00 00 00 00 00 00 00 00 00 00 00 00 00 00 00 00 00 00 00 00 00 00 00 00 00 00
00:aa 19 00 62 02 38 00 00 00 00 00 00 00 00 00 00 00 00 00 00 00 00 00 00 00 00 00 00 00 00 00 00 00 00 00 00 00 00 00 00 00 00 00 00 00 00 00 00 00 00 00 00 00 00 00 00 00 00 00 00 00 00 00 00
00:aa 19 38 62 02 38 00 00 00 00 00 00 00 00 00 00 00 00 00 00 00 00 00 00 00 00 00 00 00 00 00 00 00 00 00 00 00 00 00 00 00 00 00 00 00 00 00 00 00 00 00 00 00 00 00 00 00 00 00 00 00 00 00 00
00:aa 19 70 62 02 38 00 00 00 00 00 00 00 00 00 00 00 00 00 00 00 00 00 00 00 00 00 00 00 00 00 00 00 00 00 00 00 00 00 00 00 00 00 00 00 00 00 00 00 00 00 00 00 00 00 00 00 00 00 00 00 00 00 00
00:aa 19 a8 62 02 38 00 00 00 00 00 00 00 00 00 00 00 00 00 00 00 00 00 00 00 00 00 00 00 00 00 00 00 00 00 00 00 00 00 00 00 00 00 00 00 00 00 00 00 00 00 00 00 00 00 00 00 00 00 00 00 00 00 00
00:aa 19 e0 62 02 38 00 00 00 00 00 00 00 00 00 00 00 00 00 00 00 00 00 00 00 00 00 00 00 00 00 00 00 00 00 00 00 00 00 00 00 00 00 00 00 00 00 00 00 00 00 00 00 00 00 00 00 00 00 00 00 00 00 00
00:aa 19 18 63 02 38 00 00 00 00 00 00 00 00 00 00 00 00 00 00 00 00 00 00 00 00 00 00 00 00 00 00 00 00 00 00 00 00 00 00 00 00 00 00 00 00 00 00 00 00 00 00 00 00 00 00 00 00 00 00 00 00 00 00
00:aa 19 50 63 02 38 00 00 00 00 00 00 00 00 00 00 00 00 00 00 00 00 00 00 00 00 00 00 00 00 00 00 00 00 00 00 00 00 00 00 00 00 00 00 00 00 00 00 00 00 00 00 00 00 00 00 00 00 00 00 00 00 00 00
00:aa 19 88 63 02 38 00 00 00 00 00 00 00 00 00 00 00 00 00 00 00 00 00 00 00 00 00 00 00 00 00 00 00 00 00 00 00 00 00 00 00 00 00 00 00 00 00 00 00 00 00 00 00 00 00 00 00 00 00 00 00 00 00 00
00:aa 19 c0 63 02 38 00 00 00 00 00 00 00 00 00 00 00 00 00 00 00 00 00 00 00 00 00 00 00 00 00 00 00 00 00 00 00 00 00 00 00 00 00 00 00 00 00 00 00 00 00 00 00 00 00 00 00 00 00 00 00 00 00 00
00:aa 19 f8 63 02 38 00 00 00 00 00 00 00 00 00 00 00 00 00 00 00 00 00 00 00 00 00 00 00 00 00 00 00 00 00 00 00 00 00 00 00 00 00 00 00 00 00 00 00 00 00 00 00 00 00 00 00 00 00 00 00 00 00 00
00:aa 19 30 64 02 38 00 00 00 00 00 00 00 00 00 00 00 00 00 00 00 00 00 00 00 00 00 00 00 00 00 00 00 00 00 00 00 00 00 00 00 00 00 00 00 00 00 00 00 00 00 00 00 00 00 00 00 00 00 00 00 00 00 00
00:aa 19 68 64 02 38 00 00 00 00 00 00 00 00 00 00 00 00 00 00 00 00 00 00 00 00 00 00 00 00 00 00 00 00 00 00 00 00 00 00 00 00 00 00 00 00 00 00 00 00 00 00 00 00 00 00 00 00 00 00 00 00 00 00
00:aa 19 a0 64 02 38 00 00 00 00 00 00 00 00 00 00 00 00 00 00 00 00 00 00 00 00 00 00 00 00 00 00 00 00 00 00 00 00 00 00 00 00 00 00 00 00 00 00 00 00 00 00 00 00 00 00 00 00 00 00 00 00 00 00
00:aa 19 d8 64 02 38 00 00 00 00 00 00 00 00 00 00 00 00 00 00 00 00 00 00 00 00 00 00 00 00 00 00 00 00 00 00 00 00 00 00 00 00 00 00 00 00 00 00 00 00 00 00 00 00 00 00 00 00 00 00 00 00 00 00
00:aa 19 10 65 02 38 00 00 00 00 00 00 00 00 00 00 00 00 00 00 00 00 00 00 00 00 00 00 00 00 00 00 00 00 00 00 00 00 00 00 00 00 00 00 00 00 00 00 00 00 00 00 00 00 00 00 00 00 00 00 00 00 00 00
00:aa 19 48 65 02 38 00 00 00 00 00 00 00 00 00 00 00 00 00 00 00 00 00 00 00 00 00 00 00 00 00 00 00 00 00 00 00 00 00 00 00 00 00 00 00 00 00 00 00 00 00 00 00 00 00 00 00 00 00 00 00 00 00 00
00:aa 19 80 65 02 38 00 00 00 00 00 00 00 00 00 00 00 00 00 00 00 00 00 00 00 00 00 00 00 00 00 00 00 00 00 00 00 00 00 00 00 00 00 00 00 00 00 00 00 00 00 00 00 00 00 00 00 00 00 00 00 00 00 00
00:aa 19 b8 65 02 38 00 00 00 00 00 00 00 00 00 00 00 00 00 00 00 00 00 00 00 00 00 00 00 00 00 00 00 00 00 00 00 00 00 00 00 00 00 00 00 00 00 00 00 00 00 00 00 00 00 00 00 00 00 00 00 00 00 00
00:aa 19 f0 65 02 38 00 00 00 00 00 00 00 00 00 00 00 00 00 00 00 00 00 00 00 00 00 00 00 00 00 00 00 00 00 00 00 00 00 00 00 00 00 00 00 00 00 00 00 00 00 00 00 00 00 00 00 00 00 00 00 00 00 7f
00:aa 19 28 66 02 38 00 00 80 00 00 00 00 00 3f fe 00 00 00 00 00 07 c0 70 00 00 00 00 00 71 ff 80 00 00 00 00 07 ff fc 00 00 00 00 00 ff ff c0 00 00 00 00 1f ff fe 00 00 00 00 01 ff ff e0 00 00
00:aa 19 60 66 02 38 00 00 00 00 1f ff ff 80 00 00 00 01 ff ff f8 00 00 00 00 1f ff ff 80 00 00 00 01 ff ff f8 00 00 00 00 1f ff ff 80 00 00 00 01 ff ff e0 00 00 00 00 1f ff fe 00 00 00 00 00 3f
00:aa 19 98 66 02 38 00 00 ff e0 00 00 00 00 03 f8 fe 00 00 00 00 00 3f 8f e0 00 00 00 00 03 f8 fc 00 00 00 00 00 3f 8d c0 00 00 00 00 00 00 00 00 00 00 00 00 00 00 00 00 00 00 00 00 00 00 00 00
00:aa 19 d0 66 02 38 00 00 00 00 00 00 00 00 00 00 00 00 00 00 00 00 00 00 00 00 00 00 00 00 00 0f 12 00 00 55 56 54 54 0f 12 00 00 55 aa 00 00 0f 12 00 00 55 aa 00 00 0f 12 00 00 55 aa 00 00 0f
00:aa 19 08 67 02 38 00 00 12 00 00 55 aa 00 00 0f 12 00 00 55 aa 00 00 0f 12 00 00 55 aa 00 00 0f 12 00 00 55 a9 01 01 00 00 00 00 00 00 00 00 00 00 00 00 00 00 00 00 0f 12 00 00 55 00 00 00 0f
00:aa 19 40 67 02 38 00 00 12 00 00 54 01 01 01 0f 12 00 00 00 55 55 55 0f 12 00 00 00 55 55 55 0f 12 00 00 00 55 55 55 0f 12 00 00 00 55 55 55 0f 12 00 00 00 55 55 55 0f 12 00 00 00 55 55 55 0f
00:aa 19 78 67 02 38 00 00 12 00 00 01 55 55 55 0f 12 00 00 55 00 00 00 0f 12 00 00 55 0d 0d 0d 00 00 00 00 00 00 00 00 00 00 00 00 00 00 00 00 0f 12 00 00 55 01 01 01 0f 12 00 00 00 55 55 55 0f
00:aa 19 b0 67 02 38 00 00 12 00 00 01 55 55 55 00 00 00 00 00 00 00 00 0f 12 00 00 57 54 54 54 0f 12 00 00 f5 25 25 25 00 00 00 00 00 00 00 00 0f 12 00 00 55 01 01 01 0f 12 00 00 01 55 55 55 00
00:aa 19 e8 67 02 38 00 00 00 00 00 00 00 00 00 00 00 00 00 00 00 00 00 00 00 00 00 00 00 00 00 00 00 00 00 00 00 00 00 00 00 00 00 00 00 00 00 00 00 00 00 00 00 00 00 00 00 00 00 00 00 00 00 0f
00:aa 19 20 68 02 38 00 00 12 00 00 54 55 55 55 0f 12 00 00 25 50 50 50 0f 12 00 00 55 25 25 25 00 00 00 00 00 00 00 00 0f 12 21 00 01 01 01 03 00 00 00 00 00 00 00 00 00 00 00 00 00 00 00 00 00
00:aa 19 58 68 02 38 00 00 00 00 00 00 00 00 00 00 00 00 00 00 00 00 00 00 00 00 00 00 00 00 00 00 00 00 00 00 00 00 00 00 00 00 00 00 00 00 00 00 00 00 00 00 00 00 00 00 00 00 00 00 00 00 00 00
00:aa 19 90 68 02 38 00 00 00 00 00 00 00 00 00 00 00 00 00 00 00 00 00 00 00 00 00 00 00 00 00 0f 12 00 00 50 50 50 50 0f 12 00 00 25 25 25 25 00 00 00 00 00 00 00 00 0f 12 00 00 55 55 55 60 0f
00:aa 19 c8 68 02 38 00 00 12 63 00 40 40 40 00 0f 1a 0f 12 a8 a8 a8 a8 89 db 00 00 00 00 00 00 89 db 00 00 00 00 00 00 89 db 00 00 00 00 00 00 89 db 00 00 00 00 00 00 89 db 00 00 00 00 00 00 89
00:aa 19 00 69 02 38 00 00 db 00 00 00 00 00 00 89 db 00 00 00 00 00 00 89 db 00 00 00 00 00 00 89 db 00 00 00 00 00 00 89 db 00 00 00 00 00 00 89 db 00 00 00 00 00 00 89 db 00 00 00 00 00 00 89
00:aa 19 38 69 02 38 00 00 db 0f 12 25 25 25 25 0f 12 00 00 00 00 00 00 8e 11 00 00 15 15 15 15 00 00 00 00 00 00 00 00 0f 12 00 00 60 60 60 60 0f 12 00 00 00 00 00 00 0f 1a 0f 12 a8 a8 a8 aa a9
00:aa 19 70 69 02 38 00 00 e3 00 10 00 00 00 57 89 db 00 00 00 00 00 00 89 db 00 10 00 00 00 05 89 db 21 10 00 00 00 50 89 db 00 00 00 00 00 00 89 db 00 00 00 00 00 00 89 db 00 00 00 00 00 00 89
00:aa 19 a8 69 02 38 00 00 db 00 00 00 00 00 00 89 db c2 38 00 00 00 01 89 db 00 10 00 00 a8 56 89 db 00 00 00 00 00 00 89 db 00 10 00 00 0a 05 89 db 0f 12 25 25 a5 55 0f 12 00 00 00 00 00 00 0f
00:aa 19 e0 69 02 38 00 00 12 00 00 00 00 00 00 4d 11 00 00 15 15 15 15 00 00 00 00 00 00 00 00 0f 12 00 00 60 60 60 60 0f 12 00 00 00 00 00 00 0f 1a 0f 12 aa aa aa a8 89 db 00 10 57 57 57 02 89
00:aa 19 18 6a 02 38 00 00 db 00 10 00 00 00 55 89 db 21 10 05 05 05 50 89 db 21 10 50 50 50 00 89 db 00 00 00 00 00 00 89 db 00 00 00 00 00 00 89 db 00 00 00 00 00 00 89 db 00 00 00 00 00 00 89
00:aa 19 50 6a 02 38 00 00 db c2 38 01 01 02 00 89 db 00 10 56 56 fe 01 89 db 00 10 00 00 aa 55 89 db 00 10 05 05 af 50 0f 12 00 10 70 70 f0 00 0f 12 00 00 00 00 00 00 0f 12 00 00 00 00 00 00 4d
00:aa 19 88 6a 02 38 00 00 11 00 00 15 15 15 15 00 00 00 00 00 00 00 00 0f 12 00 00 60 60 60 60 0f 12 00 00 00 00 00 00 0f 1a 0f 12 a8 a8 a8 a8 89 db 47 8a 01 01 00 00 89 db 00 08 55 55 00 00 89
00:aa 19 c0 6a 02 38 00 00 db 00 08 50 50 00 00 89 db 00 00 00 00 00 00 89 db 00 00 00 00 00 00 89 db 00 00 00 00 00 00 89 db 00 00 00 00 00 00 89 db 00 00 00 00 00 00 89 db 00 00 00 00 00 00 89
00:aa 19 f8 6a 02 38 00 00 db a2 30 01 01 00 00 89 db 21 18 55 55 00 00 89 db 21 10 50 50 00 00 89 db 0f 12 25 25 25 25 0f 12 00 00 00 00 00 00 0f 12 00 00 00 00 00 00 4d 11 00 00 15 15 15 15 00
00:aa 19 30 6b 02 38 00 00 00 00 00 00 00 00 00 00 00 00 00 00 00 00 00 89 db 00 00 55 60 40 40 89 db ef 09 55 35 00 00 0f 12 00 00 00 00 00 00 0f 1a 0f 12 a8 a8 a8 a8 89 db 00 00 00 00 00 00 89
00:aa 19 68 6b 02 38 00 00 db 00 00 00 00 00 00 89 db 00 00 00 00 00 00 89 db 00 00 00 00 00 00 89 db 00 00 00 00 00 00 89 db 00 00 00 00 00 00 89 db 00 00 00 00 00 00 89 db 00 00 00 00 00 00 89
00:aa 19 a0 6b 02 38 00 00 db 00 00 00 00 00 00 89 db 00 00 00 00 00 00 89 db 00 00 00 00 00 00 89 db 00 00 00 00 00 00 89 db 0f 12 25 25 25 25 0f 12 00 00 00 00 00 00 89 db 0f 12 55 55 40 40 89
00:aa 19 d8 6b 02 38 00 00 db 00 00 d5 d5 00 00 89 db 00 00 55 55 00 00 89 db 00 00 55 55 01 01 89 db 00 00 40 40 40 40 89 db 69 d3 03 00 00 00 89 db 0f 12 55 00 00 00 89 db 0f 12 55 00 00 00 89
00:aa 19 10 6c 02 38 00 00 db 00 00 00 00 00 00 89 db 00 00 00 00 00 00 89 db 00 00 00 00 00 00 89 db 00 00 00 00 00 00 89 db 00 00 00 00 00 00 89 db 00 00 00 00 00 00 89 db 00 00 00 00 00 00 89
00:aa 19 48 6c 02 38 00 00 db 00 00 00 00 00 00 89 db 00 00 00 00 00 00 89 db 00 00 00 00 00 00 89 db 00 00 00 00 00 00 89 db 00 00 00 00 00 00 89 db 0f 12 25 25 00 00 89 db 0f 12 55 70 00 00 89
00:aa 19 80 6c 02 38 00 00 db ef 11 40 00 00 00 89 db 00 00 00 00 00 00 89 db 00 00 00 00 00 00 89 db 00 00 01 01 01 01 89 db 00 00 40 40 40 40 89 db 00 00 00 00 00 00 89 db 00 00 00 00 00 00 89
00:aa 19 b8 6c 02 38 00 00 db 00 00 00 00 00 00 89 db 00 00 00 00 00 00 89 db 00 00 00 00 00 00 89 db 00 00 00 00 00 00 89 db 00 00 00 00 00 00 89 db 00 00 00 00 00 00 89 db 00 00 00 00 00 00 89
00:aa 19 f0 6c 02 38 00 00 db 00 00 00 00 00 00 89 db 00 00 00 00 00 00 89 db 00 00 00 00 00 00 89 db 00 00 00 00 00 00 89 db 00 00 00 00 00 00 89 db 00 00 00 00 00 00 89 db 00 00 00 00 00 00 89
00:aa 19 28 6d 02 38 00 00 db 00 00 00 00 00 00 89 db 00 00 00 00 00 00 89 db 00 00 00 00 00 00 89 db 00 00 00 00 00 00 89 db 00 00 01 01 01 01 89 db 00 00 40 40 40 55 89 db 00 00 00 00 00 55 89
00:aa 19 60 6d 02 38 00 00 db 00 00 00 00 00 55 89 db 00 00 00 00 00 00 89 db 00 00 00 00 00 00 89 db 00 00 00 00 00 00 89 db 00 00 00 00 00 00 89 db 00 00 00 00 00 00 89 db 00 00 00 00 00 00 89
00:aa 19 98 6d 02 38 00 00 db 00 00 00 00 00 00 89 db 00 00 00 00 00 00 89 db 00 00 00 00 00 00 89 db 00 00 00 00 00 00 89 db 00 00 00 00 00 00 89 db 00 00 00 00 00 00 89 db 00 00 00 00 00 00 89
00:aa 19 d0 6d 02 38 00 00 db 00 00 00 00 00 00 89 db 00 00 00 00 00 00 89 e3 89 db ff ff ff fe 89 e3 89 db ff ff ff bf 89 e3 89 db ff ff ff ee 89 db 00 00 01 01 01 01 00 00 00 00 00 00 00 00 00
00:aa 19 08 6e 02 38 00 00 00 00 00 00 00 00 00 00 00 00 00 00 00 00 00 89 db 00 00 00 00 00 00 89 db 00 00 00 00 00 00 89 db 00 00 00 00 00 00 89 db 00 00 00 00 00 00 89 db 00 00 00 00 00 00 89
00:aa 19 40 6e 02 38 00 00 db 00 00 00 00 00 00 89 db 00 00 00 00 00 00 89 db 00 00 00 00 00 00 89 db 00 00 00 00 00 00 89 db 00 00 00 00 00 00 89 db 00 00 00 00 00 00 89 db 00 00 00 00 00 00 89
00:aa 19 78 6e 02 38 00 00 db 00 00 00 00 00 00 89 db 00 00 00 00 00 00 89 db 00 00 00 00 00 00 69 e3 00 00 15 15 15 15 00 00 00 00 00 00 00 00 00 00 00 00 00 00 00 00 00 00 00 00 00 00 00 00 00
00:aa 19 b0 6e 02 38 00 00 00 00 00 00 00 00 00 89 db 00 00 00 00 00 54 89 db 00 00 00 00 00 00 89 db 00 00 00 00 00 00 89 db 00 00 00 00 00 00 89 db 00 00 00 00 00 00 89 db 00 00 00 00 00 00 89
00:aa 19 e8 6e 02 38 00 00 db 00 00 00 00 00 00 89 db 00 00 00 00 00 00 89 db 00 00 00 00 00 00 89 db 00 00 00 00 00 00 89 db 00 00 00 00 00 00 89 db 00 00 00 00 00 00 89 db 00 00 00 00 00 00 89
00:aa 19 20 6f 02 38 00 00 db 00 00 00 00 00 00 89 db 00 00 00 00 00 00 69 e3 00 00 15 15 15 15 00 00 00 00 00 00 00 00 89 db 00 00 54 54 54 54 89 db 00 00 00 00 00 00 89 db 00 00 00 00 01 01 89
00:aa 19 58 6f 02 38 00 00 db 00 00 00 00 69 55 89 db 00 00 00 00 90 50 89 db 00 00 00 00 00 00 89 db 00 00 00 00 15 15 89 db 00 00 00 00 66 55 89 db 00 00 00 00 6d 55 89 db 00 00 00 00 65 55 89
00:aa 19 90 6f 02 38 00 00 db 00 00 00 00 00 00 89 db 60 11 00 00 09 09 89 db 00 00 00 00 67 55 89 db 00 00 00 00 b0 70 89 db 00 00 00 00 00 00 69 e3 00 00 15 15 15 15 00 00 00 00 00 00 00 00 89
00:aa 19 c8 6f 02 38 00 00 db 00 00 54 54 54 54 89 db 00 00 00 00 00 00 69 e3 00 00 01 01 01 01 00 00 00 00 00 00 00 00 89 db 00 00 50 50 50 50 89 db 00 00 00 00 00 00 89 db 00 00 15 15 15 15 89
00:aa 19 00 70 02 38 00 00 db 00 00 00 00 00 00 89 db 00 00 0d 0d 09 09 00 00 00 00 00 00 00 00 89 db 00 00 70 70 70 70 89 db 00 00 00 00 00 00 69 e3 00 00 15 15 15 15 00 00 00 00 00 00 00 00 89
00:aa 19 38 70 02 38 00 00 db 00 00 54 54 54 54 89 db 00 00 00 00 00 00 69 e3 00 00 01 01 01 01 00 00 00 00 00 00 00 00 89 db 00 00 50 50 50 50 89 db 00 00 00 00 00 00 89 db 00 00 15 15 15 15 89
00:aa 19 70 70 02 38 00 00 db 00 00 00 00 00 00 89 db 00 00 09 09 09 09 00 00 00 00 00 00 00 00 89 db 00 00 70 70 70 70 89 db 00 00 00 00 00 00 69 e3 00 00 15 15 15 15 00 00 00 00 00 00 00 00 89
00:aa 19 a8 70 02 38 00 00 db 00 00 54 54 54 54 89 db 00 00 00 00 00 00 69 e3 00 00 01 01 01 01 00 00 00 00 00 00 00 00 89 db 00 00 50 50 50 50 89 db 00 00 00 00 00 00 89 db 00 00 15 15 15 15 89
00:aa 19 e0 70 02 38 00 00 db 00 00 00 00 00 00 89 db 00 00 09 09 09 09 00 00 00 00 00 00 00 00 89 db 00 00 70 70 70 70 89 db 00 00 00 00 00 00 69 e3 00 00 15 15 15 15 89 db 00 00 54 56 55 55 89
00:aa 19 18 71 02 38 00 00 db 00 00 00 aa 55 55 89 db 00 00 01 ad 55 55 00 00 00 00 00 00 00 00 28 c4 00 00 50 55 55 55 28 c4 00 00 00 55 55 55 28 c4 00 00 15 55 55 55 28 c4 00 00 00 55 55 55 28
00:aa 19 50 71 02 38 00 00 c4 00 00 0d 55 55 55 28 c4 00 00 70 55 55 55 28 c4 00 00 00 55 55 55 e7 bb 00 00 15 55 55 55 00 00 00 00 00 00 00 00 00 00 00 00 00 00 00 00 00 00 00 00 00 00 00 00 00
00:aa 19 88 71 02 38 00 00 00 00 00 00 00 00 00 00 00 00 00 00 00 00 00 00 00 00 00 00 00 00 00 00 00 00 00 00 00 00 00 00 00 00 00 00 00 00 00 00 00 00 00 00 00 04 00 00 00 00 00 00 00 40 00 00
00:aa 19 c0 71 02 38 00 00 00 00 00 00 00 00 80 00 00 00 00 00 00 00 00 00 00 00 00 1f ff 00 00 00 00 00 03 ff f0 00 00 00 00 00 3f ff 00 00 00 00 00 39 ff f0 00 00 00 00 03 9f ff 78 00 00 00 00
00:aa 19 f8 71 02 38 00 00 3f ff ff 80 00 00 00 03 ff ff f8 00 00 00 00 1f ff ff 80 00 00 00 00 3f ff f0 00 00 00 00 03 ff fc 00 00 00 00 00 3f ff c0 00 00 00 00 03 f9 fc 00 00 00 00 00 3f 9f c0
00:aa 19 30 72 02 38 00 00 00 00 00 00 03 f9 fc 00 00 00 00 00 3b 8d c0 00 00 00 00 00 00 00 00 00 00 00 00 00 00 00 00 00 00 00 00 00 00 00 00 00 00 00 00 00 00 00 00 00 00 00 00 00 00 00 00 00
00:aa 19 68 72 02 38 00 00 00 00 00 00 00 00 0f 12 00 00 54 01 01 01 0f 12 00 00 01 55 55 55 0f 12 00 00 55 25 25 25 89 db 00 00 00 00 00 00 89 db 00 00 00 00 00 00 89 db 00 00 00 00 00 00 89 db
00:aa 19 a0 72 02 38 00 00 00 00 00 00 00 00 89 db 00 00 00 00 00 00 89 db 00 00 00 00 00 00 89 db 00 00 00 00 00 00 89 db 00 00 00 00 00 00 89 db 00 00 00 00 00 00 89 db 00 00 00 00 00 00 89 db
00:aa 19 d8 72 02 38 00 00 00 00 00 00 00 00 89 db 00 00 00 00 00 00 89 db 0f 12 25 25 25 25 0f 1a 0f 12 a8 a8 a8 aa a9 e3 01 08 00 00 00 57 89 db 00 00 00 00 00 00 89 db 01 08 00 00 00 05 89 db
00:aa 19 10 73 02 38 00 00 01 10 00 00 00 50 89 db 00 00 00 00 00 00 89 db 00 00 00 00 00 00 89 db 00 00 00 00 00 00 89 db 00 00 00 00 00 00 89 db 08 62 00 00 00 01 89 db 01 08 00 00 a8 56 89 db
00:aa 19 48 73 02 38 00 00 00 00 00 00 00 00 89 db 01 08 00 00 0a 05 89 db 0f 12 25 25 a5 55 0f 1a 0f 12 aa aa aa a8 89 db 41 10 57 57 57 02 89 db 01 08 00 00 00 55 89 db 01 10 05 05 05 50 89 db
00:aa 19 80 73 02 38 00 00 01 10 50 50 50 00 89 db 00 00 00 00 00 00 89 db 00 00 00 00 00 00 89 db 00 00 00 00 00 00 89 db 00 00 00 00 00 00 89 db 08 62 01 01 03 00 89 db 01 08 56 56 fe 03 89 db
00:aa 19 b8 73 02 38 00 00 01 08 00 00 aa 55 89 db 01 08 05 05 af 50 0f 12 01 08 70 70 f0 00 89 db 00 00 55 55 50 50 89 db 00 00 55 55 00 00 89 db 0f 12 55 55 35 35 89 db 46 8a 01 01 00 00 89 db
00:aa 19 f0 73 02 38 00 00 00 08 55 55 00 00 89 db 00 08 50 50 00 00 89 db 00 00 00 00 00 00 89 db 00 00 00 00 00 00 89 db 00 00 00 00 00 00 89 db 00 00 00 00 00 00 89 db 00 00 00 00 00 00 89 db
00:aa 19 28 74 02 38 00 00 00 00 00 00 00 00 89 db c7 59 01 01 00 00 89 db 21 18 55 55 00 00 89 db 21 10 50 50 00 00 89 db 0f 12 25 25 25 25 69 e3 00 00 50 50 50 50 89 db 00 00 00 00 00 00 89 db
00:aa 19 60 74 02 38 00 00 ef 09 35 35 00 00 89 db 00 00 00 00 00 00 89 db 00 00 00 00 00 00 89 db 00 00 00 00 00 00 89 db 00 00 00 00 00 00 89 db 00 00 00 00 00 00 89 db 00 00 00 00 00 00 89 db
00:aa 19 98 74 02 38 00 00 00 00 00 00 00 00 89 db 00 00 00 00 00 00 89 db 00 00 00 00 00 00 89 db 00 00 00 00 00 00 89 db 00 00 00 00 00 00 89 db 00 00 00 00 00 00 89 db 0f 12 25 25 25 25 0f 12
00:aa 19 d0 74 02 38 00 00 00 00 00 00 15 15 4d 11 00 00 15 15 55 55 00 00 00 00 00 00 00 00 00 00 00 00 00 00 00 00 69 e3 00 00 50 50 50 50 89 db 00 00 00 00 00 00 89 db 69 db 03 00 00 00 89 db
00:aa 19 08 75 02 38 00 00 0f 12 55 00 00 00 89 db 0f 12 55 00 00 00 89 db 00 00 00 00 00 00 89 db 00 00 00 00 00 00 89 db 00 00 00 00 00 00 89 db 00 00 00 00 00 00 89 db 00 00 00 00 00 00 89 db
00:aa 19 40 75 02 38 00 00 00 00 00 00 00 00 89 db 00 00 00 00 00 00 89 db 00 00 00 00 00 00 89 db 00 00 00 00 00 00 89 db 00 00 00 00 00 00 89 db 00 00 00 00 00 00 89 db 00 00 00 00 00 00 89 db
00:aa 19 78 75 02 38 00 00 0f 12 25 25 00 00 89 db 0f 12 55 55 00 00 89 db 0f 12 40 40 00 00 69 e3 89 db aa ff ff ff 89 db 00 00 01 01 01 01 00 00 00 00 00 00 00 00 69 e3 00 00 50 50 50 55 89 db
00:aa 19 b0 75 02 38 00 00 00 00 00 00 00 55 89 db 00 00 00 00 00 55 89 db 00 00 00 00 00 55 89 db 23 49 00 00 00 40 89 db 00 00 00 00 00 00 89 db 00 00 00 00 00 00 89 db 00 00 00 00 00 00 89 db
00:aa 19 e8 75 02 38 00 00 00 00 00 00 00 00 89 db 00 00 00 00 00 00 89 db 00 00 00 00 00 00 89 db 00 00 00 00 00 00 89 db 00 00 00 00 00 00 89 db 00 00 00 00 00 00 89 db 00 00 00 00 00 00 89 db
00:aa 19 20 76 02 38 00 00 00 00 00 00 00 00 89 db 00 00 00 00 00 00 89 db 00 00 00 00 00 00 89 db 00 00 00 00 00 00 89 db 00 00 00 00 00 00 89 db 00 00 00 00 00 00 89 db 00 00 01 01 01 01 00 00
00:aa 19 58 76 02 38 00 00 00 00 00 00 00 00 00 00 00 00 00 00 00 00 00 00 00 00 00 00 00 00 00 00 00 00 00 00 00 00 89 db c4 85 40 40 40 40 89 db 00 00 00 00 00 00 89 db 00 00 00 00 00 00 89 db
00:aa 19 90 76 02 38 00 00 00 00 00 00 00 00 89 db 00 00 00 00 00 00 89 db 00 00 00 00 00 00 89 db 00 00 00 00 00 00 89 db 00 00 00 00 00 00 89 db 00 00 00 00 00 00 89 db 00 00 00 00 00 00 89 db
00:aa 19 c8 76 02 38 00 00 00 00 00 00 00 00 89 db 00 00 00 00 00 00 89 db 00 00 00 00 00 00 89 db 00 00 00 00 00 00 89 db 00 00 00 00 00 00 89 db 00 00 00 00 00 00 89 db 00 00 00 00 00 00 89 db
00:aa 19 00 77 02 38 00 00 00 00 01 01 01 01 00 00 00 00 00 00 00 00 89 db c4 85 40 40 40 40 89 db 00 00 00 00 00 00 89 db 00 00 00 00 00 00 89 db 00 00 00 00 00 00 89 db 00 00 00 00 00 00 89 db
00:aa 19 38 77 02 38 00 00 00 00 00 00 00 00 89 db 00 00 00 00 00 00 89 db 00 00 00 00 00 00 89 db 00 00 00 00 00 00 89 db 00 00 00 00 00 00 89 db 00 00 00 00 00 00 89 db 00 00 00 00 00 00 89 db
00:aa 19 70 77 02 38 00 00 00 00 00 00 00 00 89 db 00 00 00 00 00 00 89 db 00 00 00 00 2a 15 89 db 00 00 00 00 aa 55 89 db 00 00 00 00 aa 55 89 db 00 00 01 01 a9 55 89 db c4 85 40 40 40 40 89 db
00:aa 19 a8 77 02 38 00 00 00 00 00 00 00 00 89 db 00 00 00 00 00 00 89 db 00 00 00 00 00 00 89 db 00 00 00 00 00 00 89 db 00 00 00 00 00 00 89 db 00 00 00 00 00 00 89 db 00 00 00 00 00 00 89 db
00:aa 19 e0 77 02 38 00 00 00 00 00 00 00 00 89 db 00 00 00 00 00 00 89 db 00 00 00 00 00 00 89 db 00 00 00 00 00 00 89 db 00 00 00 00 00 00 89 db 00 00 00 00 00 00 29 eb 00 00 15 15 15 15 00 00
00:aa 19 18 78 02 38 00 00 00 00 00 00 00 00 89 db c4 85 40 40 40 40 89 db 00 00 00 02 01 01 89 db 00 00 00 00 55 55 89 db 00 00 00 00 54 54 89 db 00 00 00 00 00 00 89 db 00 00 00 00 05 05 89 db
00:aa 19 50 78 02 38 00 00 00 00 00 00 55 55 89 db 00 00 00 00 55 55 89 db 00 00 00 00 55 55 69 e3 89 db ff ff bf bf 89 db 00 00 00 01 01 01 29 eb 00 00 00 55 55 55 89 db 00 00 00 70 70 70 89 db
00:aa 19 88 78 02 38 00 00 00 00 00 00 00 00 29 eb 00 00 15 15 15 15 00 00 00 00 00 00 00 00 89 db c4 85 40 40 40 40 89 db 00 00 01 01 01 01 00 00 00 00 00 00 00 00 89 db 00 00 54 54 54 54 89 db
00:aa 19 c0 78 02 38 00 00 00 00 00 00 00 00 69 e3 00 00 05 05 05 05 00 00 00 00 00 00 00 00 69 e3 89 db bf bf bf bf 89 db 00 00 01 01 01 01 00 00 00 00 00 00 00 00 89 db 00 00 70 70 70 70 89 db
00:aa 19 f8 78 02 38 00 00 00 00 00 00 00 00 29 eb 00 00 15 15 15 15 00 00 00 00 00 00 00 00 89 db c4 85 40 40 40 40 89 db 00 00 01 01 01 01 00 00 00 00 00 00 00 00 89 db 00 00 54 54 54 54 89 db
00:aa 19 30 79 02 38 00 00 00 00 00 00 00 00 69 e3 00 00 05 05 05 05 00 00 00 00 00 00 00 00 69 e3 89 db bf bf bf bf 89 db 00 00 01 01 01 01 00 00 00 00 00 00 00 00 89 db 00 00 70 70 70 70 89 db
00:aa 19 68 79 02 38 00 00 00 00 00 00 00 00 29 eb 00 00 15 15 15 15 00 00 00 00 00 00 00 00 89 db c4 85 40 40 40 40 89 db 00 00 01 01 01 01 00 00 00 00 00 00 00 00 89 db 00 00 54 54 54 54 69 e3
00:aa 19 a0 79 02 38 00 00 89 db ff ff ff 00 69 e3 00 00 05 05 05 05 00 00 00 00 00 00 00 00 69 e3 89 db bf bf bf 00 89 db 00 00 01 01 01 01 00 00 00 00 00 00 00 00 89 db 00 00 70 70 70 70 69 e3
00:aa 19 d8 79 02 38 00 00 89 db ff ff ff 00 29 eb 00 00 15 15 15 15 00 00 00 00 00 00 00 00 00 00 00 00 00 00 00 00 00 00 00 00 00 00 00 00 00 00 00 00 00 00 00 00 00 00 00 00 00 00 00 00 00 00
00:aa 19 10 7a 02 38 00 00 00 00 00 00 00 00 00 00 00 00 00 00 00 00 00 00 00 00 00 00 00 00 00 00 00 00 00 00 00 00 00 00 00 00 00 00 00 00 00 00 00 00 00 00 00 00 00 00 00 00 00 00 00 00 00 00
00:aa 19 48 7a 02 38 00 00 00 00 00 00 00 00 00 00 00 00 00 00 00 00 00 00 00 00 00 00 00 00 00 00 00 00 00 00 00 00 00 00 00 00 00 00 00 00 00 00 00 00 00 00 00 00 00 00 00 00 00 00 00 00 00 00
00:aa 19 80 7a 02 38 00 00 00 00 00 00 00 7f 80 00 00 00 00 00 0c 06 00 00 00 00 00 01 40 10 00 00 00 00 00 20 01 80 00 00 00 00 02 00 08 00 00 00 00 00 bf ff 40 00 00 00 00 0b ff f2 00 00 00 00
00:aa 19 b8 7a 02 38 00 00 00 bf ff 20 00 00 00 00 3b ff f2 00 00 00 00 03 bf ff 60 00 00 00 00 3f ff ff 00 00 00 00 03 ff ff f0 00 00 00 00 3f ff ff 00 00 00 00 03 ff ff f0 00 00 00 00 03 ff f0
00:aa 19 f0 7a 02 38 00 00 00 00 00 00 00 3f fb 00 00 00 00 00 03 71 b0 00 00 00 00 00 37 1b 00 00 00 00 00 03 71 b0 00 00 00 00 00 00 00 00 00 00 00 00 00 00 00 00 00 00 00 00 00 00 00 00 00 00
00:aa 19 28 7b 02 38 00 00 00 00 00 00 00 00 00 00 00 00 00 00 00 00 00 00 00 00 00 00 00 00 00 00 00 00 00 00 00 0f 12 00 00 55 56 54 54 0f 12 00 00 55 aa 00 00 0f 12 00 00 55 aa 00 00 0f 12 00
00:aa 19 60 7b 02 38 00 00 00 55 aa 00 00 0f 12 00 00 55 aa 00 00 0f 12 00 00 55 aa 00 00 0f 12 00 00 55 aa 00 00 0f 12 00 00 55 a9 01 01 0f 12 00 00 55 00 00 00 0f 12 00 00 54 01 01 01 0f 12 00
00:aa 19 98 7b 02 38 00 00 00 55 00 00 00 0f 12 00 00 55 0d 0d 0d 0f 12 00 00 55 01 01 01 0f 12 00 00 01 55 55 55 0f 12 00 00 f5 25 25 25 0f 12 00 00 55 01 01 01 0f 12 00 00 25 50 50 50 0f 12 00
00:aa 19 d0 7b 02 38 00 00 00 55 25 25 25 0f 12 21 00 01 01 01 03 0f 12 00 00 25 25 25 25 0f 12 00 00 55 55 55 60 0f 1a 0f 12 a8 a8 a8 a8 89 e3 89 db ee aa ae eb 89 e3 89 db ab 9a f9 9a 89 e3 89
00:aa 19 08 7c 02 38 00 00 db ab 9a 9a ae 89 e3 89 db ae aa ae 9a 89 e3 89 db 6b aa aa 6f 89 e3 89 db ba aa ae 7a 89 e3 89 db a6 aa ee aa 89 e3 89 db aa aa ee ae 89 e3 89 db 9a aa e6 aa 89 e3 89
00:aa 19 40 7c 02 38 00 00 db ea aa 9a aa 89 e3 89 db e9 aa ee ab 89 e3 89 db aa aa aa ff 89 e3 0f 1a 25 25 25 25 6f 11 00 00 15 15 15 15 0f 12 00 00 60 60 60 60 0f 1a 0f 12 a8 a8 a8 aa 89 e3 01
00:aa 19 78 7c 02 38 00 00 08 00 00 00 57 89 e3 89 db e9 b9 ae ab 89 e3 01 08 00 00 00 05 89 e3 01 10 00 00 00 50 89 e3 89 db fa af 9a ae 89 e3 89 db 67 66 a7 a7 89 e3 89 db ab aa 9b bb 89 e3 89
00:aa 19 b0 7c 02 38 00 00 db 69 97 9a ba 89 e3 c5 69 00 00 02 01 89 e3 01 08 00 00 a8 56 89 e3 89 db ae 9a b9 ab 89 e3 01 08 00 00 0a 05 89 e3 0f 12 25 25 a5 55 4d 11 00 00 15 15 15 15 0f 12 00
00:aa 19 e8 7c 02 38 00 00 00 60 60 60 60 0f 1a 0f 12 aa aa aa a8 89 e3 41 10 57 57 57 02 89 e3 01 08 00 00 00 55 89 db 01 10 05 05 05 50 89 db 01 10 50 50 50 00 89 e3 89 db aa 67 aa aa 89 e3 89
00:aa 19 20 7d 02 38 00 00 db ba bb aa ee 89 e3 89 db aa bb aa aa 89 e3 89 db 97 eb a6 bb 89 e3 c5 69 01 01 01 00 89 e3 01 08 56 56 fe 03 89 e3 01 08 00 00 aa 55 89 db 01 08 05 05 af 50 0f 12 01
00:aa 19 58 7d 02 38 00 00 08 70 70 f0 00 4d 11 00 00 15 15 15 15 00 00 00 00 00 00 00 00 00 00 00 00 00 00 00 00 0f 12 00 00 60 60 60 60 0f 1a 0f 12 a8 a8 a8 a8 89 e3 06 7a 01 01 00 00 89 db 00
00:aa 19 90 7d 02 38 00 00 08 55 55 00 00 89 e3 00 08 50 50 00 00 89 e3 89 db ab 6b aa 66 89 e3 89 db 9b aa ab aa 89 e3 89 db 9b 6a 6a ba 89 e3 89 db be 6a 95 ea 89 e3 89 db ea aa aa ee 89 e3 89
00:aa 19 c8 7d 02 38 00 00 db 99 aa aa ae 89 e3 85 61 01 01 00 00 89 e3 21 18 55 55 00 00 89 e3 21 10 50 50 00 00 89 e3 0f 1a 25 25 25 25 4d 11 00 00 15 15 15 15 00 00 00 00 00 00 00 00 00 00 00
00:aa 19 00 7e 02 38 00 00 00 00 00 00 00 0f 12 00 00 60 60 7a 55 0f 1a 0f 12 a8 a8 a8 a8 89 e3 89 db 9a d9 ba a7 89 e3 89 db ab ea aa 6e 89 e3 89 db ba af aa 7e 89 e3 89 db ba 6e be ea 89 e3 89
00:aa 19 38 7e 02 38 00 00 db eb ae 66 aa 89 e3 89 db aa ba aa ab 89 e3 89 db aa 66 ea 6f 89 e3 89 db ae ea 96 ea 89 e3 89 db fa aa 6d aa 89 e3 89 db aa ea ae ae 89 e3 89 db aa f9 aa 66 89 e3 89
00:aa 19 70 7e 02 38 00 00 db be aa aa aa 89 e3 0f 1a 25 25 25 25 0f 12 00 00 00 00 15 15 4d 11 00 00 15 15 55 55 69 e3 00 00 55 50 50 50 89 db 00 00 55 00 00 00 89 db 00 00 55 00 00 00 89 e3 0f
00:aa 19 a8 7e 02 38 00 00 12 55 55 ff 00 89 e3 0f 1a 55 55 ff 00 89 e3 89 db da aa a9 aa 89 e3 89 db ae a9 aa ae 89 e3 89 db ae 9b 6a aa 89 e3 89 db aa db aa 9e 89 e3 89 db e6 aa 9b aa 89 e3 89
00:aa 19 e0 7e 02 38 00 00 db fa aa a7 79 89 e3 89 db aa aa eb b6 89 e3 89 db b9 ab 9a aa 89 e3 89 db af 99 ba da 89 e3 89 db ba ea e5 da 89 e3 89 db aa a9 be a5 89 e3 89 db e9 aa 96 ea 89 e3 0f
00:aa 19 18 7f 02 38 00 00 12 25 25 00 00 89 e3 0f 12 55 55 00 00 89 e3 0f 12 40 40 00 00 89 e3 69 e3 55 00 00 00 89 e3 00 00 01 01 01 01 69 e3 00 00 50 50 50 50 89 e3 89 db ee 76 ba ba 89 e3 89
00:aa 19 50 7f 02 38 00 00 db ea aa 66 ea 89 e3 89 db aa ae ba ae 89 e3 89 db ea 66 aa ad 89 e3 89 db ed ea d5 9a 89 e3 89 db ae aa 66 6e 89 e3 89 db eb 9b aa ba 89 e3 89 db fa ae 6a 6e 89 e3 89
00:aa 19 88 7f 02 38 00 00 db ae db ab 6a 89 e3 89 db ee aa ae aa 89 e3 89 db ee aa 6a aa 89 e3 89 db ea 9e aa a6 89 e3 89 db aa da a7 fa 89 e3 89 db aa 99 ea aa 89 e3 89 db ba aa a5 ae 89 e3 89
00:aa 19 c0 7f 02 38 00 00 db f6 e6 ea 96 89 e3 89 db e7 6f a9 a6 89 e3 89 db aa ba aa a6 89 e3 89 db bb 6e 9a 9a 89 e3 89 db be 9b aa a6 89 db 00 00 01 01 01 01 69 e3 00 00 50 50 50 50 89 e3 89
00:aa 19 f8 7f 02 38 00 00 db eb fa ba bb 89 e3 89 db a7 aa aa bb 89 e3 89 db ea ba af eb 89 e3 89 db aa bb 6e aa 89 e3 89 db 7f aa aa 66 89 e3 89 db ee ae ae aa 89 e3 89 db aa aa ea ab 89 e3 89
00:aa 19 30 80 02 38 00 00 db aa e6 6a a6 89 e3 89 db aa eb a6 ea 89 e3 89 db e6 aa a6 aa 89 e3 89 db 6e aa 6a aa 89 e3 89 db aa ae ea ae 89 e3 89 db ae 6a aa 66 89 e3 89 db f6 aa aa 7a 89 e3 89
00:aa 19 68 80 02 38 00 00 db fb aa b9 ae 89 e3 89 db aa bb 7e e9 89 e3 89 db aa ba 6a aa 89 e3 89 db ae ad a9 6a 89 e3 89 db ab 99 ab 9a 89 e3 89 db aa e6 fa 6e 89 e3 00 00 01 01 01 01 69 e3 00
00:aa 19 a0 80 02 38 00 00 00 50 50 50 5a 89 e3 87 b4 00 00 00 5d 89 e3 87 b4 00 00 00 55 89 e3 46 9a 00 00 00 95 89 e3 89 db ed aa aa 6f 89 e3 89 db aa ea aa ba 89 e3 89 db aa 9f 6f ba 89 e3 89
00:aa 19 d8 80 02 38 00 00 db af fa aa ba 89 e3 89 db aa ee aa e9 89 e3 89 db ae ab ae aa 89 e3 89 db ba aa 6a aa 89 e3 89 db ba bb a6 aa 89 e3 89 db ea aa ea a9 89 e3 89 db aa ea aa aa 89 e3 89
00:aa 19 10 81 02 38 00 00 db e9 9a a9 d6 89 e3 89 db be a7 b6 a9 89 e3 89 db eb f9 66 aa 89 e3 89 db aa ba ab f6 89 e3 00 00 00 00 3a 15 89 e3 00 00 00 00 ee 55 89 e3 00 00 00 00 ee 55 89 db 00
00:aa 19 48 81 02 38 00 00 00 01 01 a9 55 89 e3 03 49 40 40 40 c0 89 e3 89 db ab 9e 9a ab 89 e3 89 db fb aa b9 aa 89 e3 89 db ba ae 9b 9b 89 e3 89 db aa a9 ea fa 89 e3 89 db aa ba aa 6e 89 e3 89
00:aa 19 80 81 02 38 00 00 db b9 aa 59 aa 89 e3 89 db ba aa 9e bb 89 e3 89 db aa b9 aa ee 89 e3 89 db 9a ad ba ea 89 e3 89 db ae d9 a6 aa 89 e3 89 db fb aa eb e6 89 e3 89 db ae aa 9e a9 89 e3 89
00:aa 19 b8 81 02 38 00 00 db ba a6 ba ab 89 e3 03 49 40 80 40 80 89 e3 00 00 00 03 01 01 89 db 00 00 00 00 55 55 89 db 00 00 00 00 54 54 89 e3 89 db be ea aa e6 89 e3 00 00 00 00 05 05 89 db 00
00:aa 19 f0 81 02 38 00 00 00 00 00 55 55 a6 b4 00 00 00 00 55 55 a6 b4 00 00 00 00 55 55 89 e3 89 db a6 ee aa ae 89 e3 00 00 00 01 01 01 89 e3 00 00 00 70 70 70 89 e3 89 db ab ba e6 ea 89 e3 03
00:aa 19 28 82 02 38 00 00 49 40 c0 40 40 89 e3 00 00 01 01 01 01 89 db 00 00 54 54 54 54 89 e3 89 db aa 9a 6b 9a 69 e3 00 00 05 05 05 05 89 e3 89 db aa aa aa ae 89 e3 00 00 01 01 01 01 89 e3 00
00:aa 19 60 82 02 38 00 00 00 70 70 70 70 89 e3 89 db a6 ba ea aa 89 e3 03 49 80 40 80 40 89 e3 00 00 01 01 01 01 89 db 00 00 54 54 54 54 89 e3 89 db ab ee 6a aa 69 e3 00 00 05 05 05 05 89 e3 89
00:aa 19 98 82 02 38 00 00 db ae aa aa ae 89 e3 00 00 01 01 01 01 89 e3 00 00 70 70 70 70 89 e3 89 db aa e6 ea ee 89 e3 83 51 80 40 c0 40 89 e3 00 00 01 01 01 01 89 db 00 00 54 54 54 54 89 e3 89
00:aa 19 d0 82 02 38 00 00 db bb ea ba 00 69 e3 00 00 05 05 05 05 69 e3 89 db 9d bf bf 00 89 e3 00 00 01 01 01 01 89 e3 00 00 70 70 70 70 89 e3 49 e3 00 00 00 ff 00 00 00 00 00 00 00 00 00 00 00
00:aa 19 08 83 02 38 00 00 00 00 00 00 00 00 00 00 00 00 00 00 00 00 00 00 00 00 00 00 00 00 00 00 00 00 00 00 00 00 00 00 00 00 00 00 00 00 00 00 00 00 00 00 00 00 00 00 00 00 00 00 7f e0 00 00
00:aa 19 40 83 02 38 00 00 00 00 00 0f ff c0 00 00 00 00 01 e0 3e 00 00 00 00 00 3f fb e0 00 00 00 00 03 ff fe 00 00 00 00 00 ff ff f0 00 00 00 00 0f ff ff 80 00 00 00 00 ff ff f8 00 00 00 00 1f
00:aa 19 78 83 02 38 00 00 ff ff 80 00 00 00 01 ff ff f8 00 00 00 00 3f ff ff 00 00 00 00 03 ff ff f8 00 00 00 00 3f ff ff 80 00 00 00 03 ff ff f8 00 00 00 00 07 ff ff 80 00 00 00 00 7f ff 80 00
00:aa 19 b0 83 02 38 00 00 00 00 00 07 71 f8 00 00 00 00 00 77 1f 80 00 00 00 00 03 71 f8 00 00 00 00 00 00 1f 80 00 00 00 00 00 00 00 00 00 00 00 00 00 00 00 00 00 00 00 00 00 00 00 00 00 00 00
00:aa 19 e8 83 02 38 00 00 00 00 00 00 00 00 00 00 00 00 00 00 00 00 00 00 00 00 00 00 00 00 00 00 00 00 00 00 00 00 00 00 00 00 00 00 00 00 00 00 00 00 00 00 0f 12 63 00 00 00 00 55 0f 12 63 00
00:aa 19 20 84 02 38 00 00 00 00 00 55 0f 12 63 00 00 00 00 55 0f 12 63 00 00 00 00 55 0f 12 63 00 00 00 00 55 0f 12 63 00 00 00 00 55 0f 12 63 00 00 00 00 55 00 00 00 00 00 00 00 00 0f 12 00 00
00:aa 19 58 84 02 38 00 00 55 55 55 40 0f 12 00 00 70 70 70 15 0f 12 00 00 00 00 02 55 00 00 00 00 00 00 00 00 00 00 00 00 00 00 00 00 00 00 00 00 00 00 00 00 00 00 00 00 00 00 00 00 00 00 00 00
00:aa 19 90 84 02 38 00 00 00 00 00 00 00 00 00 00 00 00 00 00 00 00 00 00 00 00 00 00 0f 12 00 00 40 40 40 55 0f 12 00 00 01 01 01 54 0f 12 00 00 55 55 55 01 00 00 00 00 00 00 00 00 0f 12 00 00
00:aa 19 c8 84 02 38 00 00 55 55 55 40 0f 12 00 00 40 40 40 d5 0f 12 00 00 15 15 15 55 00 00 00 00 00 00 00 00 00 00 00 00 00 00 00 00 0f 12 00 00 54 54 54 55 ef 11 00 00 01 01 01 54 0f 12 00 00
00:aa 19 00 85 02 38 00 00 55 55 55 09 00 00 00 00 00 00 00 00 0f 12 00 00 55 55 55 50 0f 12 00 00 40 40 40 00 69 e3 00 00 55 55 c0 c0 69 e3 00 00 55 55 00 00 69 e3 00 00 55 55 00 00 69 e3 00 00
00:aa 19 38 85 02 38 00 00 55 55 00 00 69 e3 00 00 55 55 00 00 69 e3 00 00 55 55 00 00 69 e3 00 00 55 55 00 00 69 e3 00 00 55 55 15 15 00 00 00 00 00 00 00 00 00 00 00 00 00 00 00 00 00 00 00 00
00:aa 19 70 85 02 38 00 00 00 00 00 00 0f 12 00 00 54 54 54 54 0f 12 00 00 09 09 09 09 0f 12 00 00 55 5c 5c 5c 0f 12 00 00 50 00 00 00 0f 12 00 00 00 00 00 00 89 db 0f 1a 40 40 40 40 89 db 00 00
00:aa 19 a8 85 02 38 00 00 00 00 00 00 89 db 00 00 00 00 00 00 89 db 00 00 00 00 00 00 89 db 00 00 00 00 00 00 89 db 00 00 00 00 00 00 89 db 00 00 00 00 00 00 89 db 00 00 15 00 00 00 89 db 00 00
00:aa 19 e0 85 02 38 00 00 55 00 00 00 89 db 00 00 55 00 00 00 89 db 00 00 55 00 00 00 89 db 00 00 55 00 00 00 89 db 0f 12 55 01 01 01 0f 12 00 00 09 09 09 09 00 00 00 00 00 00 00 00 00 00 00 00
00:aa 19 18 86 02 38 00 00 00 00 00 00 0f 12 00 00 5c 5c 5c 5c 0f 12 00 00 00 00 00 00 0f 12 00 00 00 00 00 00 89 db 00 10 c0 d5 d5 d5 89 db 20 18 00 40 40 40 89 db 00 10 00 01 01 01 89 db 20 10
00:aa 19 50 86 02 38 00 00 00 54 54 54 89 db 00 00 00 00 00 00 89 db 00 00 00 00 00 00 89 db 00 00 00 00 00 00 89 db 00 00 00 00 00 00 89 db 00 00 00 00 00 00 89 db 89 db 00 00 00 00 89 db 00 00
00:aa 19 88 86 02 38 00 00 00 00 00 00 89 db 89 db 00 00 00 00 89 db 0f 12 01 01 01 01 0f 12 00 00 09 00 00 00 cf 11 00 00 55 05 05 05 00 00 00 00 00 00 00 00 00 00 00 00 00 00 00 00 0f 12 00 00
00:aa 19 c0 86 02 38 00 00 5c 5c 5c 5c 0f 12 00 00 00 00 00 00 0f 12 00 00 00 00 00 00 89 db 0f 1a 55 40 40 40 89 db 00 10 40 15 15 15 89 db 00 10 01 54 54 54 89 db 00 10 54 00 00 00 89 db 00 00
00:aa 19 f8 86 02 38 00 00 00 00 00 00 89 db 00 00 00 00 00 00 89 db 00 00 00 00 00 00 89 db 00 00 00 00 00 00 89 db 00 00 00 00 00 00 03 49 00 10 15 15 15 15 89 db e7 ba 40 40 40 40 89 e3 00 10
00:aa 19 30 87 02 38 00 00 01 01 01 01 0f 12 00 10 5c 54 54 54 0f 12 00 00 00 00 00 00 0f 12 ae 11 05 00 00 00 b0 11 00 00 05 05 05 05 00 00 00 00 00 00 00 00 00 00 00 00 00 00 00 00 0f 12 00 00
00:aa 19 68 87 02 38 00 00 5c 5c 5c 5c 0f 12 00 00 00 00 00 00 0f 12 00 00 00 00 00 00 89 db 0f 1a 40 40 40 40 89 db 07 bb 15 00 00 00 89 db 07 bb 54 00 00 00 89 db 00 00 00 00 00 00 89 db 00 00
00:aa 19 a0 87 02 38 00 00 00 00 00 00 89 db 00 00 00 00 00 00 89 db 00 00 00 00 00 00 89 db 00 00 00 00 00 00 89 db 00 00 00 00 00 00 a9 e3 89 db 00 ff ff ff 25 8a 00 10 d5 d5 d5 00 89 db 00 08
00:aa 19 d8 87 02 38 00 00 54 54 54 a8 89 db 0f 12 01 01 01 01 0f 12 00 00 00 00 00 00 0f 12 00 00 00 00 00 00 0f 12 00 00 05 05 05 05 28 c4 00 00 54 54 54 54 89 db 00 00 00 00 00 00 89 db 00 00
00:aa 19 10 88 02 38 00 00 00 00 00 00 89 db 0f 12 0d 0d 0d 0a 0a a3 0f 12 55 55 55 05 0f 12 00 00 00 00 00 00 89 db 0f 1a 40 40 40 40 89 db 00 00 00 00 00 00 89 db 00 00 00 00 00 00 89 db 00 00
00:aa 19 48 88 02 38 00 00 00 00 00 00 89 db 00 00 00 00 00 00 89 db 00 00 00 00 00 00 89 db 00 00 00 00 00 00 89 db 00 00 00 00 00 00 89 db 00 00 00 00 00 00 89 db 00 00 00 00 00 00 89 db 00 00
00:aa 19 80 88 02 38 00 00 00 00 00 00 89 db 00 00 00 00 00 00 89 db 0f 12 01 01 01 01 0f 12 00 00 00 00 00 00 0f 12 00 00 00 00 00 00 0f 12 00 00 05 05 05 05 28 c4 00 00 54 54 54 54 89 db 00 00
00:aa 19 b8 88 02 38 00 00 00 00 00 00 89 db 00 00 00 00 00 00 89 db 00 00 00 00 00 00 89 db 0f 12 05 05 05 0a 4a bb 0f 12 55 55 55 00 89 db 0f 1a 40 40 40 80 89 db 00 00 00 00 00 00 89 db 00 00
00:aa 19 f0 88 02 38 00 00 00 00 00 00 89 db 00 00 00 00 00 00 89 db 00 00 00 00 00 00 89 db 00 00 00 00 00 00 89 db 00 00 00 00 00 00 89 db 00 00 00 00 00 00 89 db 00 00 00 00 00 00 89 db 00 00
00:aa 19 28 89 02 38 00 00 00 00 00 00 89 db 00 00 00 00 00 00 89 db 00 00 00 00 00 00 89 db 0f 12 01 01 01 01 0f 12 00 00 00 00 00 00 0f 12 00 00 00 00 0a 05 b0 11 00 00 05 05 a5 55 00 00 00 00
00:aa 19 60 89 02 38 00 00 00 00 00 00 28 c4 00 00 54 54 54 54 89 db 00 00 00 00 00 00 89 db 00 00 00 00 00 00 89 db 00 00 00 00 00 00 89 db 00 00 00 00 00 00 89 db 00 00 00 00 00 00 89 db 00 00
00:aa 19 98 89 02 38 00 00 00 00 00 00 89 db 00 00 00 00 00 00 89 db 00 00 00 00 00 00 89 db 00 00 00 00 00 00 89 db 00 00 00 00 00 00 89 db 00 00 00 00 00 00 89 db 00 00 00 00 00 00 89 db 00 00
00:aa 19 d0 89 02 38 00 00 00 00 00 00 89 db 00 00 00 00 00 00 89 db 00 00 00 00 00 00 89 db 00 00 00 00 00 00 89 db 00 00 00 00 00 00 89 db 0f 12 01 01 03 02 0f 12 00 00 00 00 aa 55 0f 12 00 00
00:aa 19 08 8a 02 38 00 00 05 05 a5 55 00 00 00 00 00 00 00 00 28 c4 00 00 54 54 56 55 89 db 00 00 00 00 aa 55 89 db 00 00 00 00 aa 55 89 db 00 00 00 00 a0 50 89 db 00 00 00 00 00 00 89 db 00 00
00:aa 19 40 8a 02 38 00 00 00 00 00 00 89 db 00 00 00 00 00 00 89 db 00 00 00 00 00 00 89 db 00 00 00 00 00 00 89 db 00 00 00 00 00 00 89 db 00 00 00 00 00 00 89 db 00 00 00 00 00 00 89 db 00 00
00:aa 19 78 8a 02 38 00 00 00 00 00 00 89 db 00 00 00 00 00 00 89 db 00 00 00 00 00 00 89 db 00 00 00 00 00 00 89 db 00 00 00 00 00 00 89 db 00 00 00 00 00 00 89 db c4 85 01 01 00 00 89 db 00 00
00:aa 19 b0 8a 02 38 00 00 55 55 00 00 89 db 00 00 55 55 00 00 69 e3 00 00 55 55 15 15 00 00 00 00 00 00 00 00 00 00 00 00 00 00 00 00 00 00 00 00 00 00 00 00 00 00 00 00 00 00 00 00 06 a5 00 00
00:aa 19 e8 8a 02 38 00 00 50 50 50 50 89 db 00 00 00 00 00 00 89 db 00 00 00 00 00 00 89 db 00 00 00 00 00 00 89 db 00 00 00 00 00 00 89 db 00 00 00 00 00 00 89 db 00 00 00 00 00 00 89 db 00 00
00:aa 19 20 8b 02 38 00 00 00 00 00 00 89 db 00 00 00 00 00 00 89 db 00 00 00 00 00 00 89 db 00 00 00 00 00 00 89 db 00 00 00 00 00 00 89 db 00 00 00 00 00 00 89 db 00 00 00 00 00 00 89 db 00 00
00:aa 19 58 8b 02 38 00 00 00 00 00 00 89 db 00 00 00 00 00 00 89 db 00 00 00 00 00 00 89 db 00 00 00 00 00 00 69 e3 00 00 15 15 15 15 00 00 00 00 00 00 00 00 00 00 00 00 00 00 00 00 00 00 00 00
00:aa 19 90 8b 02 38 00 00 00 00 00 00 89 db 00 00 55 58 58 58 89 db 00 00 50 00 00 00 89 db 00 00 00 00 00 00 89 db 00 00 00 00 00 00 89 db 00 00 00 00 00 00 89 db 00 00 00 00 00 00 89 db 00 00
00:aa 19 c8 8b 02 38 00 00 00 00 00 00 89 db 00 00 00 00 00 00 89 db 00 00 00 00 00 00 89 db 00 00 00 00 00 00 89 db 00 00 00 00 00 00 89 db 00 00 00 00 00 00 89 db 00 00 00 00 00 00 89 db 00 00
00:aa 19 00 8c 02 38 00 00 00 00 00 00 89 db 00 00 00 00 00 00 89 db 00 00 00 00 00 00 89 db 00 00 00 00 00 00 89 db 00 00 00 00 00 00 89 db 00 00 00 00 00 00 69 e3 00 00 15 15 15 15 89 db 00 00
00:aa 19 38 8c 02 38 00 00 58 58 58 58 89 db 00 00 00 00 00 00 89 db 00 00 00 00 00 00 89 db 00 00 00 00 00 00 89 db 00 00 00 00 00 00 89 db 00 00 00 00 00 00 89 db 00 00 00 00 00 00 89 db 00 00
00:aa 19 70 8c 02 38 00 00 00 00 00 00 89 db 00 00 00 00 00 00 89 db 00 00 00 00 00 00 89 db 00 00 00 00 00 00 89 db 00 00 00 00 00 00 89 db 00 00 00 00 00 00 89 db 00 00 00 00 00 00 89 db 00 00
00:aa 19 a8 8c 02 38 00 00 00 00 00 00 69 e3 89 db ff ff ff fe 69 e3 89 db ff ff ff aa 69 e3 89 db ff ff ff aa 69 e3 89 db ff ff ff aa 69 e3 00 00 15 15 15 15 89 db 00 00 58 58 58 58 89 db 00 00
00:aa 19 e0 8c 02 38 00 00 00 00 00 00 89 db 00 00 00 0d 0d 0d 29 eb 00 00 00 55 55 55 89 db 00 00 00 40 40 40 89 db 00 00 00 00 00 00 69 e3 89 db ff ff ff ea 69 e3 89 db ff ff ff aa 69 e3 89 db
00:aa 19 18 8d 02 38 00 00 ff ff ff aa 69 e3 89 db ff ff ff aa 69 e3 89 db ff ff ff bf 89 db 00 00 00 00 00 00 69 e3 89 db ff ff ff ea 69 e3 89 db ff ff ff aa 89 db 00 00 00 00 00 00 89 db 65 95
00:aa 19 50 8d 02 38 00 00 01 01 01 01 89 db 00 00 58 58 58 58 89 db 00 00 00 00 00 00 89 db 00 00 0d 0d 0d 0d 89 db 00 00 40 40 40 40 89 db 00 00 00 00 00 00 41 10 00 00 15 15 15 15 89 db 00 00
00:aa 19 88 8d 02 38 00 00 40 40 40 40 89 db 00 00 00 00 00 00 89 db 00 00 15 15 15 15 62 39 00 00 54 54 54 54 89 db 00 00 00 00 00 00 89 db 65 95 01 01 01 01 89 db 00 00 58 58 58 55 89 db 00 00
00:aa 19 c0 8d 02 38 00 00 00 00 00 55 89 db 00 00 0d 0d 0d 55 89 db 00 00 40 40 40 40 89 db 00 00 00 00 00 00 41 10 00 00 15 15 15 15 89 db 00 00 40 40 40 40 89 db 00 00 00 00 00 00 89 db 00 00
00:aa 19 f8 8d 02 38 00 00 15 15 15 15 62 39 00 00 54 54 54 54 89 db 00 00 00 00 00 00 89 db 65 95 01 01 01 01 00 00 00 00 00 00 00 00 00 00 00 00 00 00 00 00 89 db 00 00 40 40 7f 55 89 db 00 00
00:aa 19 30 8e 02 38 00 00 00 00 ff 55 41 10 00 00 15 15 d5 55 89 db 00 00 40 40 40 40 89 db 00 00 00 00 00 00 89 db 00 00 15 15 15 15 62 39 00 00 54 54 54 54 89 db 00 00 00 00 00 00 89 db 65 95
00:aa 19 68 8e 02 38 00 00 01 01 01 01 89 db 00 00 40 40 5f 55 89 db 00 00 00 00 ff 55 89 db 00 00 15 15 d5 55 62 39 00 00 54 54 55 55 89 db 00 00 00 00 ff 55 89 db 00 00 02 02 fd 55 00 00 00 00
00:aa 19 a0 8e 02 38 00 00 00 00 00 00 00 00 00 00 00 00 00 00 00 00 00 00 00 00 00 00 00 00 00 00 00 00 00 00 00 00 00 00 00 00 00 00 00 00 00 00 00 00 00 00 00 00 00 00 00 00 00 00 00 00 00 00
00:aa 19 d8 8e 02 38 00 00 00 00 00 1f e0 00 00 00 00 00 07 ff c0 00 00 00 00 00 e0 3e 00 00 00 00 00 1f f8 e0 00 00 00 00 03 ff fe 00 00 00 00 00 3f ff f0 00 00 00 00 07 ff ff 80 00 00 00 00 7f
00:aa 19 10 8f 02 38 00 00 ff f8 00 00 00 00 1f ff ff 80 00 00 00 01 ff ff f8 00 00 00 00 1f ff ff 80 00 00 00 01 ff ff f8 00 00 00 00 1f ff ff 80 00 00 00 00 7f ff f8 00 00 00 00 07 ff ff 80 00
00:aa 19 48 8f 02 38 00 00 00 00 00 7f ff c0 00 00 00 00 07 f1 fc 00 00 00 00 00 7f 1f c0 00 00 00 00 03 f1 fc 00 00 00 00 00 3b 1f c0 00 00 00 00 00 00 00 00 00 00 00 00 00 00 00 00 00 00 00 00
00:aa 19 80 8f 02 38 00 00 00 00 00 00 00 00 00 00 00 00 00 00 00 00 00 00 00 00 00 00 00 00 00 00 00 00 00 0f 12 00 00 55 6a 40 40 0f 12 00 00 55 aa 00 00 0f 12 00 00 55 aa 00 00 0f 12 00 00 55
00:aa 19 b8 8f 02 38 00 00 aa 00 00 0f 12 00 00 55 aa 00 00 0f 12 00 00 55 aa 00 00 0f 12 00 00 55 aa 00 00 0f 12 00 00 55 95 15 15 0f 12 00 00 55 70 70 70 0f 12 00 00 55 00 00 00 0f 12 00 00 40
00:aa 19 f0 8f 02 38 00 00 55 55 55 0f 12 00 00 00 55 55 55 0f 12 00 00 00 55 55 55 0f 12 00 00 00 55 55 55 0f 12 00 00 00 55 55 55 0f 12 00 00 00 55 55 55 0f 12 00 00 00 55 55 55 0f 12 00 00 15
00:aa 19 28 90 02 38 00 00 40 40 40 0f 12 00 00 55 00 00 00 00 00 00 00 00 00 00 00 00 00 00 00 00 00 00 00 0f 12 00 00 5f 58 58 58 0f 12 00 00 d5 15 15 15 00 00 00 00 00 00 00 00 0f 12 00 00 40
00:aa 19 60 90 02 38 00 00 55 55 55 0f 12 00 00 00 55 55 55 0f 12 00 00 55 40 40 40 00 00 00 00 00 00 00 00 00 00 00 00 00 00 00 00 0f 12 00 00 55 58 58 58 0f 12 00 00 58 05 05 05 0f 12 00 00 15
00:aa 19 98 90 02 38 00 00 55 55 55 00 00 00 00 00 00 00 00 00 00 00 00 00 00 00 00 00 00 00 00 00 00 00 00 00 00 00 00 00 00 00 00 00 00 00 00 00 00 00 00 00 00 00 00 00 00 00 00 00 00 00 00 00
00:aa 19 d0 90 02 38 00 00 00 00 00 0f 12 00 00 40 55 55 55 0f 12 00 00 55 40 40 40 00 00 00 00 00 00 00 00 00 00 00 00 00 00 00 00 0f 12 00 00 58 58 58 58 0f 12 00 00 05 05 05 05 00 00 00 00 00
00:aa 19 08 91 02 38 00 00 00 00 00 00 00 00 00 00 00 00 00 00 00 00 00 00 00 00 00 00 00 00 00 00 00 00 00 00 00 00 00 00 00 00 00 00 00 00 00 00 00 00 00 00 00 00 00 00 00 00 00 00 00 00 00 00
00:aa 19 40 91 02 38 00 00 00 00 00 00 00 00 00 00 00 00 00 00 00 00 00 00 00 00 00 00 00 00 00 00 00 00 00 00 00 00 00 00 00 00 00 0f 12 21 00 40 40 40 c0 00 00 00 00 00 00 00 00 6f 11 00 00 54
00:aa 19 78 91 02 38 00 00 54 54 54 0f 12 00 00 00 00 00 00 89 db 0f 12 58 58 58 58 89 db 00 00 00 00 00 00 89 db 00 00 00 00 00 00 89 db 00 00 00 00 00 00 89 db 00 00 00 00 00 00 89 db 00 00 00
00:aa 19 b0 91 02 38 00 00 00 00 00 89 db 00 00 00 00 00 00 89 db 00 00 00 00 00 00 89 db 00 00 00 00 00 00 89 db 00 00 00 00 00 00 89 db 00 00 00 00 00 00 89 db 00 00 00 00 00 00 89 db 00 00 00
00:aa 19 e8 91 02 38 00 00 00 00 00 0f 1a 0f 12 2a 2a 2a 2a 0f 12 63 00 01 01 01 00 0f 12 00 00 55 55 55 09 4d 11 00 00 54 54 54 54 0f 12 00 00 00 00 00 00 0f 12 00 00 00 00 00 00 89 db 0f 12 58
00:aa 19 20 92 02 38 00 00 58 5a 55 89 db 00 08 00 00 a0 50 89 db 00 00 00 00 00 00 89 db 00 08 00 00 2a 95 89 db c5 71 00 00 80 40 89 db 00 00 00 00 00 00 89 db 00 00 00 00 00 00 89 db 00 00 00
00:aa 19 58 92 02 38 00 00 00 00 00 89 db 00 00 00 00 00 00 89 db 00 08 00 00 00 05 89 db 00 08 00 00 00 50 89 db 00 00 00 00 00 00 89 db 00 08 00 00 00 95 0f 1a 0f 12 2a 2a 2a aa 0f 12 00 00 00
00:aa 19 90 92 02 38 00 00 00 00 00 0f 12 00 00 09 09 09 09 00 00 00 00 00 00 00 00 4d 11 00 00 54 54 54 54 0f 12 00 00 00 00 00 00 0f 12 00 00 00 00 00 00 0f 12 00 08 0d 0d 0f 00 89 db 00 08 50
00:aa 19 c8 92 02 38 00 00 50 fa 05 89 db 00 08 00 00 aa 55 89 db 00 08 95 95 bf c0 89 db c5 71 40 40 c0 00 89 db 00 00 00 00 00 00 89 db 00 00 00 00 00 00 89 db 00 00 00 00 00 00 89 db 00 00 00
00:aa 19 00 93 02 38 00 00 00 00 00 89 db 41 10 05 05 05 00 89 db 00 08 50 50 50 05 89 db 00 08 00 00 00 55 89 db 00 08 95 95 95 80 0f 1a 0f 12 aa aa aa 2a 0f 12 00 00 00 00 00 00 0f 12 00 00 09
00:aa 19 38 93 02 38 00 00 09 09 09 00 00 00 00 00 00 00 00 00 00 00 00 00 00 00 00 00 00 00 00 00 00 00 00 4d 11 00 00 54 54 54 54 0f 12 00 00 00 00 00 00 0f 12 00 00 00 00 00 00 89 db 0f 12 58
00:aa 19 70 93 02 38 00 00 58 58 58 89 db 21 10 05 05 00 00 89 db 00 08 55 55 00 00 89 db a4 69 40 40 00 00 89 db 00 00 00 00 00 00 89 db 00 00 00 00 00 00 89 db 00 00 00 00 00 00 89 db 00 00 00
00:aa 19 a8 93 02 38 00 00 00 00 00 89 db 00 00 00 00 00 00 89 db 00 00 00 00 00 00 89 db 00 08 05 05 00 00 89 db 00 08 55 55 00 00 89 db c5 71 40 40 00 00 0f 1a 0f 12 2a 2a 2a 2a 0f 12 00 00 00
00:aa 19 e0 93 02 38 00 00 00 00 00 0f 12 00 00 09 09 09 09 00 00 00 00 00 00 00 00 89 db 00 00 55 55 40 40 89 db 00 00 55 55 00 00 89 db 00 00 57 57 00 00 89 db ef 11 55 55 01 01 0f 12 00 00 00
00:aa 19 18 94 02 38 00 00 00 00 00 89 db 0f 12 58 58 58 58 89 db 00 00 00 00 00 00 89 db 00 00 00 00 00 00 89 db 00 00 00 00 00 00 89 db 00 00 00 00 00 00 89 db 00 00 00 00 00 00 89 db 00 00 00
00:aa 19 50 94 02 38 00 00 00 00 00 89 db 00 00 00 00 00 00 89 db 00 00 00 00 00 00 89 db 00 00 00 00 00 00 89 db 00 00 00 00 00 00 89 db 00 00 00 00 00 00 89 db 00 00 00 00 00 00 0f 1a 0f 12 2a
00:aa 19 88 94 02 38 00 00 2a 2a 2a 0f 12 00 00 00 00 00 00 89 db ef 09 55 5c 00 00 89 db 00 00 55 01 01 01 89 db 00 00 40 40 40 40 89 db 00 00 00 00 00 00 89 db 00 00 00 00 00 00 89 db ef 11 01
00:aa 19 c0 94 02 38 00 00 00 00 00 89 db ef 11 55 0d 00 00 89 db 0f 12 58 58 00 00 89 db 00 00 00 00 00 00 89 db 00 00 00 00 00 00 89 db 00 00 00 00 00 00 89 db 00 00 00 00 00 00 89 db 00 00 00
00:aa 19 f8 94 02 38 00 00 00 00 00 89 db 00 00 00 00 00 00 89 db 00 00 00 00 00 00 89 db 00 00 00 00 00 00 89 db 00 00 00 00 00 00 89 db 00 00 00 00 00 00 89 db 00 00 00 00 00 00 89 db 00 00 00
00:aa 19 30 95 02 38 00 00 00 00 00 89 db ef 11 55 00 00 00 89 db ef 11 55 00 00 00 89 db 69 db aa aa aa aa 89 db 00 00 01 01 01 01 89 db 00 00 40 40 40 40 89 db 00 00 00 00 00 00 89 db 00 00 00
00:aa 19 68 95 02 38 00 00 00 00 00 89 db 00 00 00 00 00 00 89 db 00 00 00 00 00 00 89 db 00 00 00 00 00 00 89 db 00 00 00 00 00 00 89 db 00 00 00 00 00 00 89 db 00 00 00 00 00 00 89 db 00 00 00
00:aa 19 a0 95 02 38 00 00 00 00 00 89 db 00 00 00 00 00 00 89 db 00 00 00 00 00 00 89 db 00 00 00 00 00 00 89 db 00 00 00 00 00 00 89 db 00 00 00 00 00 00 89 db 00 00 00 00 00 00 89 db 00 00 00
00:aa 19 d8 95 02 38 00 00 00 00 00 89 db 00 00 00 00 00 00 89 db 00 00 00 00 00 00 89 db 00 00 00 00 00 00 89 db 00 00 00 00 00 00 89 db 00 00 01 01 01 01 89 db 00 00 40 40 40 40 69 e3 89 db ff
00:aa 19 10 96 02 38 00 00 ff ff fe 69 e3 89 db ff ff ff eb 69 e3 89 db ff ff ff bf 89 db 00 00 00 00 00 00 89 db 00 00 00 00 00 00 89 db 00 00 00 00 00 00 89 db 00 00 00 00 00 00 89 db 00 00 00
00:aa 19 48 96 02 38 00 00 00 00 00 89 db 00 00 00 00 00 00 89 db 00 00 00 00 00 00 89 db 00 00 00 00 00 00 89 db 00 00 00 00 00 00 89 db 00 00 00 00 00 00 89 db 00 00 00 00 00 00 89 db 00 00 00
00:aa 19 80 96 02 38 00 00 00 00 00 89 db 00 00 00 00 00 00 89 db 00 00 00 00 00 00 89 db 00 00 00 00 00 00 89 db 00 00 00 00 00 55 89 db 00 00 00 00 00 55 89 db 00 00 01 01 01 55 00 00 00 00 00
00:aa 19 b8 96 02 38 00 00 00 00 00 69 e3 00 00 54 54 54 54 89 db 00 00 00 00 00 00 89 db 00 00 00 00 00 00 89 db 00 00 00 00 00 00 89 db 00 00 00 00 00 00 89 db 00 00 00 00 00 00 89 db 00 00 00
00:aa 19 f0 96 02 38 00 00 00 00 00 89 db 00 00 00 00 00 00 89 db 00 00 00 00 00 00 89 db 00 00 00 00 00 00 89 db 00 00 00 00 00 00 89 db 00 00 00 00 00 00 89 db 00 00 00 00 00 00 89 db 00 00 00
00:aa 19 28 97 02 38 00 00 00 00 00 89 db 00 00 00 00 00 00 89 db 00 00 00 00 00 00 00 00 00 00 00 00 00 00 00 00 00 00 00 00 00 00 00 00 00 00 00 00 00 00 00 00 00 00 00 00 00 00 69 e3 00 00 54
00:aa 19 60 97 02 38 00 00 54 54 54 89 db 00 00 00 00 00 00 89 db 00 00 00 00 00 00 89 db 00 00 00 00 00 00 89 db 00 00 00 00 00 00 89 db 00 00 00 00 00 00 89 db 00 00 00 00 00 00 89 db 00 00 00
00:aa 19 98 97 02 38 00 00 00 00 00 89 db 00 00 00 00 00 00 89 db 00 00 00 00 00 00 89 db 00 00 00 00 00 00 89 db 00 00 00 00 00 00 89 db 00 00 00 00 00 00 89 db 00 00 00 00 00 00 89 db 00 00 00
00:aa 19 d0 97 02 38 00 00 00 00 00 89 db 00 00 00 00 00 15 00 00 00 00 00 00 00 00 00 00 00 00 00 00 00 00 00 00 00 00 00 00 00 00 00 00 00 00 00 00 00 00 69 e3 00 00 54 54 54 54 89 db 00 00 00
00:aa 19 08 98 02 38 00 00 00 00 00 89 db 00 00 00 00 0a 0d 89 db 00 00 00 00 aa 55 89 db c2 56 00 00 70 f0 89 db 00 00 00 00 00 00 89 db 00 00 00 00 6a 55 89 db 00 00 00 00 aa 55 89 db 00 00 00
00:aa 19 40 98 02 38 00 00 00 aa 55 89 db 00 00 00 00 a8 54 89 db 00 00 00 00 00 00 89 db 00 00 00 00 0a 05 89 db 00 00 00 00 aa 55 89 db 00 00 00 00 80 40 89 db 00 00 00 00 00 00 89 db 00 00 15
00:aa 19 78 98 02 38 00 00 15 15 15 00 00 00 00 00 00 00 00 69 e3 00 00 54 54 54 54 89 db 00 00 00 00 00 00 89 db 00 00 0d 0d 0d 0d 00 00 00 00 00 00 00 00 89 db 00 00 60 60 60 60 89 db 00 00 00
00:aa 19 b0 98 02 38 00 00 00 00 00 89 db 00 00 54 54 54 54 89 db 00 00 00 00 00 00 89 db 00 00 05 05 05 05 00 00 00 00 00 00 00 00 89 db 00 00 40 40 40 40 89 db 00 00 00 00 00 00 89 db 00 00 15
00:aa 19 e8 98 02 38 00 00 15 15 15 00 00 00 00 00 00 00 00 69 e3 00 00 54 54 54 54 89 db 00 00 00 00 00 00 89 db 00 00 0d 0d 0d 0d 00 00 00 00 00 00 00 00 89 db 00 00 60 60 60 60 89 db 00 00 00
00:aa 19 20 99 02 38 00 00 00 00 00 89 db 00 00 54 54 54 54 89 db 00 00 00 00 00 00 89 db 00 00 05 05 05 05 00 00 00 00 00 00 00 00 89 db 00 00 40 40 40 40 89 db 00 00 00 00 00 00 89 db 00 00 15
00:aa 19 58 99 02 38 00 00 15 15 15 69 e3 00 00 54 54 54 54 89 db 00 00 00 00 00 00 89 db 00 00 0d 0d 0d 0d 00 00 00 00 00 00 00 00 89 db 00 00 60 60 60 60 89 db 00 00 00 00 00 00 89 db 00 00 54
00:aa 19 90 99 02 38 00 00 54 54 54 89 db 00 00 00 00 00 00 89 db 00 00 05 05 05 05 00 00 00 00 00 00 00 00 89 db 00 00 40 40 40 40 89 db 00 00 00 00 00 00 89 db 00 00 15 15 15 15 e7 bb 00 00 54
00:aa 19 c8 99 02 38 00 00 55 55 55 28 c4 00 00 00 55 55 55 28 c4 00 00 0d 55 55 55 28 c4 00 00 70 55 55 55 28 c4 00 00 00 55 55 55 28 c4 00 00 54 55 55 55 28 c4 00 00 00 55 55 55 28 c4 00 00 05
00:aa 19 00 9a 02 38 00 00 55 55 55 00 00 00 00 00 00 00 00 89 db 00 00 40 7a 55 55 89 db 00 00 00 aa 55 55 69 db 00 00 15 95 55 55 00 00 00 00 00 00 00 00 00 00 00 00 00 00 00 00 00 00 00 00 00
00:aa 19 38 9a 02 38 00 00 00 00 00 00 00 00 00 00 00 00 00 00 00 00 00 00 00 00 00 00 00 00 00 00 00 00 00 00 00 00 00 00 00 00 00 00 00 00 00 00 00 00 00 20 00 00 00 00 00 04 02 00 00 00 00 00
00:aa 19 70 9a 02 38 00 00 00 c0 20 00 00 00 00 00 10 00 00 00 00 00 00 00 00 04 00 00 00 00 00 2f ff f0 00 00 00 00 04 ff fc 00 00 00 00 00 4f ff c0 00 00 00 00 04 ff fd c0 00 00 00 01 ef ff dc
00:aa 19 a8 9a 02 38 00 00 00 00 00 00 1f ff ff c0 00 00 00 01 ff ff fc 00 00 00 00 1f ff ff 80 00 00 00 00 ff ff c0 00 00 00 00 03 ff fc 00 00 00 00 00 3f ff c0 00 00 00 00 03 f9 fc 00 00 00 00
00:aa 19 e0 9a 02 38 00 00 00 3f 9f c0 00 00 00 00 03 f9 fc 00 00 00 00 00 3b 1d c0 00 00 00 00 00 00 00 00 00 00 00 00 00 00 00 00 00 00 00 00 00 00 00 00 00 00 00 00 00 00 00 00 00 00 00 00 00
00:aa 19 18 9b 02 38 00 00 00 00 00 00 00 00 00 00 00 00 0f 12 00 00 55 95 15 15 0f 12 00 00 55 70 70 70 cf 11 00 00 15 40 40 40 0f 12 00 00 5f 58 58 58 0f 12 00 00 d5 15 15 15 0f 12 00 00 40 55
00:aa 19 50 9b 02 38 00 00 55 55 0f 12 00 00 55 58 58 58 0f 12 21 00 40 40 40 c0 6f 11 00 00 54 54 54 54 89 db 0f 12 50 50 50 50 89 db 00 00 00 00 00 00 89 db 00 00 00 00 00 00 89 db 00 00 00 00
00:aa 19 88 9b 02 38 00 00 00 00 89 db 00 00 00 00 00 00 89 db 00 00 00 00 00 00 89 db 00 00 00 00 00 00 89 db 00 00 00 00 00 00 89 db 00 00 00 00 00 00 89 db 00 00 00 00 00 00 89 db 00 00 00 00
00:aa 19 c0 9b 02 38 00 00 00 00 89 db 00 00 00 00 00 00 89 db 00 00 00 00 00 00 0f 12 0f 12 00 00 00 00 0f 12 63 00 01 01 01 00 0f 12 00 00 55 55 55 09 4d 11 00 00 54 54 54 54 89 db 0f 12 50 50
00:aa 19 f8 9b 02 38 00 00 58 55 89 db 00 08 00 00 a0 50 89 db 00 00 00 00 00 00 89 db 00 08 00 00 2a 95 89 db c5 69 00 00 80 40 89 db 00 00 00 00 00 00 89 db 00 00 00 00 00 00 89 db 00 00 00 00
00:aa 19 30 9c 02 38 00 00 00 00 89 db 00 00 00 00 00 00 89 db 00 08 00 00 00 05 89 db 00 08 00 00 00 50 89 db 00 00 00 00 00 00 89 db 00 08 00 00 00 d5 0f 12 ef 11 00 00 00 c0 4d 11 00 00 54 54
00:aa 19 68 9c 02 38 00 00 54 54 0f 12 00 08 0d 0d 0f 00 89 db 00 08 50 50 fa 05 89 db 00 08 00 00 aa 55 89 db 00 08 95 95 bf c0 89 db c5 69 40 40 c0 00 89 db 00 00 00 00 00 00 89 db 00 00 00 00
00:aa 19 a0 9c 02 38 00 00 00 00 89 db 00 00 00 00 00 00 89 db 00 00 00 00 00 00 89 db 41 10 05 05 05 00 89 db 00 08 50 50 50 05 89 db 00 08 00 00 00 55 89 db 41 10 d5 d5 d5 80 0f 12 ef 11 c0 c0
00:aa 19 d8 9c 02 38 00 00 80 00 4d 11 00 00 54 54 54 54 89 db 0f 12 50 50 50 50 89 db 21 10 05 05 00 00 89 db 00 08 55 55 00 00 89 db 85 61 40 40 00 00 89 db 00 00 00 00 00 00 89 db 00 00 00 00
00:aa 19 10 9d 02 38 00 00 00 00 89 db 00 00 00 00 00 00 89 db 00 00 00 00 00 00 89 db 00 00 00 00 00 00 89 db 00 00 00 00 00 00 89 db 00 08 05 05 00 00 89 db 00 08 55 55 00 00 89 db 05 82 40 40
00:aa 19 48 9d 02 38 00 00 00 00 0f 12 0f 12 00 00 00 00 89 db 0f 12 55 55 5c 5c 89 db 00 00 55 55 00 00 89 db 00 00 55 55 05 05 00 00 00 00 00 00 00 00 00 00 00 00 00 00 00 00 4d 11 00 00 54 54
00:aa 19 80 9d 02 38 00 00 55 55 0f 12 00 00 00 00 54 54 89 db 0f 12 50 50 50 50 89 db 00 00 00 00 00 00 89 db 00 00 00 00 00 00 89 db 00 00 00 00 00 00 89 db 00 00 00 00 00 00 89 db 00 00 00 00
00:aa 19 b8 9d 02 38 00 00 00 00 89 db 00 00 00 00 00 00 89 db 00 00 00 00 00 00 89 db 00 00 00 00 00 00 89 db 00 00 00 00 00 00 89 db 00 00 00 00 00 00 89 db 00 00 00 00 00 00 89 db 00 00 00 00
00:aa 19 f0 9d 02 38 00 00 00 00 0f 12 0f 12 00 00 00 00 89 db ef 09 5c 5c 00 00 89 db 00 00 00 00 00 00 69 e3 00 00 05 05 05 05 00 00 00 00 00 00 00 00 89 db 00 00 40 40 40 40 69 e3 89 db aa ff
00:aa 19 28 9e 02 38 00 00 ff ff 89 db 0f 12 01 01 00 00 89 db 0f 12 55 55 00 00 89 db 0f 12 50 50 00 00 89 db 00 00 00 00 00 00 89 db 00 00 00 00 00 00 89 db 00 00 00 00 00 00 89 db 00 00 00 00
00:aa 19 60 9e 02 38 00 00 00 00 89 db 00 00 00 00 00 00 89 db 00 00 00 00 00 00 89 db 00 00 00 00 00 00 89 db 00 00 00 00 00 00 89 db 00 00 00 00 00 00 89 db 00 00 00 00 00 00 89 db 00 00 00 00
00:aa 19 98 9e 02 38 00 00 00 00 89 db 00 00 00 00 00 00 89 db 0f 12 55 00 00 00 89 db 0f 12 55 00 00 00 89 db 69 db c0 00 00 00 89 db 00 00 00 00 00 00 69 e3 00 00 05 05 05 05 00 00 00 00 00 00
00:aa 19 d0 9e 02 38 00 00 00 00 89 db 00 00 40 40 40 40 89 db 00 00 00 00 00 00 89 db 00 00 00 00 00 00 89 db 00 00 00 00 00 00 89 db 00 00 00 00 00 00 89 db 00 00 00 00 00 00 89 db 00 00 00 00
00:aa 19 08 9f 02 38 00 00 00 00 89 db 00 00 00 00 00 00 89 db 00 00 00 00 00 00 89 db 00 00 00 00 00 00 89 db 00 00 00 00 00 00 89 db 00 00 00 00 00 00 89 db 00 00 00 00 00 00 89 db 00 00 00 00
00:aa 19 40 9f 02 38 00 00 00 00 89 db 00 00 00 00 00 00 89 db 00 00 00 00 00 00 89 db 00 00 00 00 00 00 89 db 03 49 00 00 00 01 89 db 00 00 00 00 00 55 89 db 00 00 00 00 00 55 89 db 00 00 00 00
00:aa 19 78 9f 02 38 00 00 00 55 69 e3 00 00 05 05 05 55 00 00 00 00 00 00 00 00 89 db 00 00 40 40 40 40 89 db 00 00 00 00 00 00 89 db 00 00 00 00 00 00 89 db 00 00 00 00 00 00 89 db 00 00 00 00
00:aa 19 b0 9f 02 38 00 00 00 00 89 db 00 00 00 00 00 00 89 db 00 00 00 00 00 00 89 db 00 00 00 00 00 00 89 db 00 00 00 00 00 00 89 db 00 00 00 00 00 00 89 db 00 00 00 00 00 00 89 db 00 00 00 00
00:aa 19 e8 9f 02 38 00 00 00 00 89 db 00 00 00 00 00 00 89 db 00 00 00 00 00 00 89 db 00 00 00 00 00 00 89 db 00 00 00 00 00 00 89 db 00 00 00 00 00 00 89 db c4 85 01 01 01 01 00 00 00 00 00 00
00:aa 19 20 a0 02 38 00 00 00 00 00 00 00 00 00 00 00 00 00 00 00 00 00 00 00 00 89 db 00 00 40 40 6a 55 89 db 00 00 00 00 aa 55 89 db 00 00 00 00 aa 55 89 db 00 00 00 00 a8 54 89 db 00 00 00 00
00:aa 19 58 a0 02 38 00 00 00 00 89 db 00 00 00 00 00 00 89 db 00 00 00 00 00 00 89 db 00 00 00 00 00 00 89 db 00 00 00 00 00 00 89 db 00 00 00 00 00 00 89 db 00 00 00 00 00 00 89 db 00 00 00 00
00:aa 19 90 a0 02 38 00 00 00 00 89 db 00 00 00 00 00 00 89 db 00 00 00 00 00 00 89 db 00 00 00 00 00 00 89 db 00 00 00 00 00 00 89 db 00 00 00 00 00 00 89 db c4 85 01 01 01 01 00 00 00 00 00 00
00:aa 19 c8 a0 02 38 00 00 00 00 29 eb 00 00 54 54 54 54 89 db 00 00 00 00 00 00 89 db 00 00 00 00 00 00 89 db 00 00 00 00 00 00 89 db 00 00 00 00 00 00 89 db 00 00 00 00 00 00 89 db 00 00 00 00
00:aa 19 00 a1 02 38 00 00 00 00 89 db 00 00 00 00 00 00 89 db 00 00 00 00 00 00 89 db 00 00 00 00 00 00 89 db 00 00 00 00 00 00 89 db 00 00 00 00 00 00 89 db 00 00 00 00 00 00 89 db 00 00 00 00
00:aa 19 38 a1 02 38 00 00 00 00 89 db c4 85 01 01 01 01 00 00 00 00 00 00 00 00 29 eb 00 00 54 54 54 54 89 db 00 00 00 00 00 00 89 db 00 00 00 0d 0d 0d 29 eb 00 00 00 55 55 55 89 db 00 00 00 40
00:aa 19 70 a1 02 38 00 00 40 40 69 e3 89 db ff fe fe fe 89 db 00 00 00 00 55 55 89 db 00 00 00 00 55 55 89 db 00 00 00 00 55 55 89 db 00 00 00 00 50 50 89 db 00 00 00 00 00 00 89 db 00 00 00 00
00:aa 19 a8 a1 02 38 00 00 15 15 89 db 00 00 00 00 55 55 89 db 00 00 00 80 40 40 89 db c4 85 01 01 01 01 00 00 00 00 00 00 00 00 29 eb 00 00 54 54 54 54 89 db 00 00 00 00 00 00 89 db 00 00 0d 0d
00:aa 19 e0 a1 02 38 00 00 0d 0d 00 00 00 00 00 00 00 00 89 db 00 00 40 40 40 40 69 e3 89 db fe fe fe fe 00 00 00 00 00 00 00 00 69 e3 00 00 50 50 50 50 89 db 00 00 00 00 00 00 89 db 00 00 15 15
00:aa 19 18 a2 02 38 00 00 15 15 00 00 00 00 00 00 00 00 89 db 00 00 40 40 40 40 89 db c4 85 01 01 01 01 00 00 00 00 00 00 00 00 29 eb 00 00 54 54 54 54 89 db 00 00 00 00 00 00 89 db 00 00 0d 0d
00:aa 19 50 a2 02 38 00 00 0d 0d 00 00 00 00 00 00 00 00 89 db 00 00 40 40 40 40 69 e3 89 db fe fe fe fe 00 00 00 00 00 00 00 00 69 e3 00 00 50 50 50 50 89 db 00 00 00 00 00 00 89 db 00 00 15 15
00:aa 19 88 a2 02 38 00 00 15 15 00 00 00 00 00 00 00 00 89 db 00 00 40 40 40 40 89 db c4 85 01 01 01 01 00 00 00 00 00 00 00 00 29 eb 00 00 54 54 54 54 49 e3 89 db 55 55 55 00 89 db 00 00 0d 0d
00:aa 19 c0 a2 02 38 00 00 0d 0d 00 00 00 00 00 00 00 00 89 db 00 00 40 40 40 40 69 e3 89 db fe fe fe 00 00 00 00 00 00 00 00 00 69 e3 00 00 50 50 50 50 49 e3 89 db 55 55 55 00 89 db 00 00 15 15
00:aa 19 f8 a2 02 38 00 00 15 15 00 00 00 00 00 00 00 00 89 db 00 00 40 40 40 40 89 db c4 85 01 01 01 01 00 00 00 00 00 00 00 00 00 00 00 00 00 00 00 00 00 00 00 00 00 00 00 00 00 00 00 00 00 00
00:aa 19 30 a3 02 38 00 00 00 00 00 00 00 00 00 00 00 00 00 00 00 00 00 00 00 00 00 00 00 00 00 00 00 00 00 00 00 00 00 00 00 00 00 00 00 00 00 00 00 00 00 00 00 00 00 00 00 00 00 00 00 00 00 00
00:aa 19 68 a3 02 38 00 00 00 00 00 00 00 00 00 00 00 00 00 00 00 00 00 00 00 00 00 00 00 00 00 00 00 00 00 00 00 00 00 00 00 00 00 00 00 00 00 00 00 00 00 00 00 00 00 00 00 00 00 00 00 00 00 00
00:aa 19 a0 a3 02 38 00 00 00 00 00 00 00 00 00 00 00 1f e0 00 00 00 00 00 06 03 00 00 00 00 00 00 c0 28 00 00 00 00 00 18 00 40 00 00 00 00 01 00 04 00 00 00 00 00 28 00 70 00 00 00 00 04 d8 6d
00:aa 19 d8 a3 02 38 00 00 00 00 00 00 00 4f 87 d0 00 00 00 00 04 d0 2d c0 00 00 00 00 68 00 5c 00 00 00 00 03 80 07 c0 00 00 00 00 00 00 7c 00 00 00 00 00 00 07 c0 00 00 00 00 f0 00 7c 00 00 00
00:aa 19 10 a4 02 38 00 00 00 01 00 04 00 00 00 00 00 17 7b 40 00 00 00 00 01 40 84 00 00 00 00 00 14 08 40 00 00 00 00 01 40 84 00 00 00 00 00 00 00 00 00 00 00 00 00 00 00 00 00 00 00 00 00 00
00:aa 19 48 a4 02 38 00 00 00 00 00 00 00 00 00 00 00 00 00 00 00 00 00 00 00 00 00 00 00 00 00 00 00 00 00 00 00 00 00 00 00 0f 12 00 00 55 6a 40 40 0f 12 00 00 55 aa 00 00 0f 12 00 00 55 aa 00
00:aa 19 80 a4 02 38 00 00 00 0f 12 00 00 55 aa 00 00 0f 12 00 00 55 aa 00 00 0f 12 00 00 55 aa 00 00 0f 12 00 00 55 aa 00 00 0f 12 00 00 55 95 15 15 0f 12 00 00 55 70 70 70 0f 12 00 00 55 00 00
00:aa 19 b8 a4 02 38 00 00 00 0f 12 00 00 15 40 40 40 0f 12 00 00 55 00 00 00 0f 12 00 00 5f 58 58 58 0f 12 00 00 d5 15 15 15 0f 12 00 00 40 55 55 55 0f 12 00 00 55 40 40 40 0f 12 00 00 55 58 58
00:aa 19 f0 a4 02 38 00 00 58 0f 12 00 00 58 05 05 05 0f 12 00 00 55 40 40 40 0f 12 00 00 58 58 58 58 0f 12 21 00 40 40 40 c0 6f 11 00 00 54 54 54 54 89 db 0f 12 58 58 58 58 2f 1a 0f 12 3f 3f 3f
00:aa 19 28 a5 02 38 00 00 3f 0f 12 63 00 01 01 01 00 0f 12 00 00 55 55 55 09 4d 11 00 00 54 54 54 54 89 db 0f 12 58 58 5a 55 89 db 00 08 00 00 a0 50 89 db 00 08 00 00 2a 95 89 db e5 79 00 00 80
00:aa 19 60 a5 02 38 00 00 40 89 db 00 08 00 00 00 05 89 db 00 08 00 00 00 50 89 db 00 08 00 00 00 95 2f 1a 0f 12 3f 3f 3f ff 0f 12 00 00 09 09 09 09 4d 11 00 00 54 54 54 54 0f 12 00 08 0d 0d 0b
00:aa 19 98 a5 02 38 00 00 00 89 db 21 08 50 50 fa 05 89 db 00 08 00 00 aa 55 89 db 00 08 95 95 bf c0 89 db e5 79 40 40 40 00 89 db 41 10 05 05 05 00 89 db 00 08 50 50 50 05 89 db 00 08 00 00 00
00:aa 19 d0 a5 02 38 00 00 55 89 db 00 08 95 95 95 80 0f 1a 0f 12 aa aa aa 2a 0f 12 00 00 09 09 09 09 4d 11 00 00 54 54 54 54 89 db 0f 12 58 58 58 58 89 db 21 10 05 05 00 00 89 db c5 69 40 40 00
00:aa 19 08 a6 02 38 00 00 00 89 db 00 08 05 05 00 00 89 db c5 71 40 40 00 00 2f 1a 0f 12 3f 3f 3f 3f 0f 12 00 00 09 09 09 09 00 00 00 00 00 00 00 00 00 00 00 00 00 00 00 00 4d 11 00 00 54 54 55
00:aa 19 40 a6 02 38 00 00 55 0f 12 00 00 00 00 54 54 89 db 0f 12 58 58 58 58 2f 1a 0f 12 3f 3f 3f 3f 0f 12 00 00 09 09 ad 55 00 00 00 00 00 00 00 00 00 00 00 00 00 00 00 00 89 db 0f 12 01 01 00
00:aa 19 78 a6 02 38 00 00 00 89 db 0f 12 55 55 00 00 89 db 0f 12 58 58 00 00 89 db 2f 1a 55 55 ff 00 89 db 0f 12 55 55 ff 00 89 db 00 00 55 00 00 00 89 db 00 00 55 00 00 00 69 e3 00 00 55 05 05
00:aa 19 b0 a6 02 38 00 00 05 89 db 00 00 00 00 00 00 89 db 00 00 00 00 00 00 89 db 00 00 00 00 00 00 89 db 00 00 00 00 00 00 69 e3 00 00 05 05 05 05 89 db 00 00 00 00 00 00 89 db 00 00 00 00 00
00:aa 19 e8 a6 02 38 00 00 00 89 db 00 00 00 00 00 00 89 db 00 00 00 00 00 00 69 e3 00 00 05 05 05 05 89 db 00 00 40 40 6a 55 89 db 00 00 00 00 aa 55 89 db 00 00 00 00 aa 55 89 db 00 00 00 00 a8
00:aa 19 20 a7 02 38 00 00 54 89 db 08 cc 00 00 00 01 89 db 87 b4 00 00 00 55 89 db 87 b4 00 00 00 55 89 db 87 b4 00 00 00 55 69 e3 00 00 05 05 05 25 29 eb 00 00 54 54 54 54 89 db c4 85 01 01 01
00:aa 19 58 a7 02 38 00 00 01 29 eb 00 00 54 54 54 54 89 db 00 00 00 0d 0d 0d 29 eb 00 00 00 55 55 55 89 db 00 00 00 40 40 40 89 db 00 00 00 00 55 55 89 db 00 00 00 00 55 55 89 db 00 00 00 00 55
00:aa 19 90 a7 02 38 00 00 55 89 db 00 00 00 00 50 50 89 db 00 00 00 00 15 15 89 db 00 00 00 00 55 55 89 db c4 85 01 01 01 01 29 eb 00 00 54 54 54 54 89 db 00 00 0d 0d 0d 0d 69 e3 00 00 50 50 50
00:aa 19 c8 a7 02 38 00 00 50 89 db c4 85 01 01 01 01 29 eb 00 00 54 54 54 54 89 db 00 00 0d 0d 0d 0d 69 e3 00 00 50 50 50 50 89 db c4 85 01 01 01 01 29 eb 00 00 54 54 54 54 89 db 00 00 0d 0d 0d
00:aa 19 00 a8 02 38 00 00 0d 69 e3 00 00 50 50 50 50 89 db c4 85 01 01 01 01 00 07 ff ff ff fe 00 00 00 7f ff ff ff e0 00 00 07 ff ff ff fe 00 00 00 7f ff ff ff e0 00 00 07 ff ff ff fe 00 00 00
00:aa 19 38 a8 02 38 00 00 7f ff ff ff e0 00 00 07 ff ff ff fe 00 00 00 7f ff ff ff e0 00 00 07 ff ff ff fe 00 00 00 7f ff ff ff e0 00 00 07 ff ff ff fe 00 00 00 7f ff ff ff e0 00 00 07 ff ff ff
00:aa 19 70 a8 02 38 00 00 fe 00 00 00 7f ff ff ff e0 00 00 07 ff ff ff fe 00 00 00 7f ff ff ff e0 00 00 07 ff ff ff fe 00 00 00 7f ff ff ff e0 00 00 07 ff ff ff fe 00 00 00 7f ff ff ff e0 00 00
00:aa 19 a8 a8 02 38 00 00 07 ff ff ff fe 00 00 00 7f ff ff ff e0 00 00 07 ff ff ff fe 00 00 00 7f ff ff ff e0 00 00 07 ff ff ff fe 00 00 00 7f ff ff ff e0 00 00 07 ff ff ff fe 00 00 00 7f ff ff
00:aa 19 e0 a8 02 38 00 00 ff e0 00 00 07 ff ff ff fe 00 00 00 7f ff ff ff e0 00 00 07 ff ff ff fe 00 00 00 7f ff ff ff e0 00 00 07 ff ff ff fe 00 00 00 7f ff ff ff e0 00 00 00 00 00 00 00 00 00
00:aa 19 18 a9 02 38 00 00 00 00 00 00 00 00 00 00 00 00 00 00 00 00 00 00 00 00 00 00 00 00 00 00 00 00 00 00 00 00 00 00 00 00 00 00 00 00 00 00 00 00 00 00 00 00 00 00 00 00 00 00 00 00 00 00
00:aa 19 50 a9 02 38 00 00 00 00 00 00 00 00 00 00 00 00 00 00 00 00 00 00 00 00 00 00 00 00 00 00 00 00 00 00 00 00 00 00 00 00 00 00 00 00 00 00 00 00 00 00 00 00 00 00 00 00 00 00 00 00 00 00
00:aa 19 88 a9 02 38 00 00 00 00 00 00 00 00 00 00 00 00 00 00 00 00 00 00 00 00 00 00 00 00 00 00 00 00 00 00 00 00 00 00 00 00 00 00 00 00 00 00 00 00 00 00 00 00 00 00 00 00 00 00 00 00 00 00
00:aa 19 c0 a9 02 38 00 00 00 00 00 00 00 00 00 00 00 00 00 00 00 00 00 00 00 00 00 00 00 00 00 00 00 00 00 00 00 00 00 00 00 00 00 00 00 00 00 00 00 00 00 00 00 00 00 00 00 00 00 00 00 00 00 00
00:aa 19 f8 a9 02 38 00 00 00 00 00 00 00 00 00 00 00 00 00 00 00 00 00 00 00 00 00 00 00 00 00 00 00 00 00 00 00 00 00 00 00 00 00 00 00 00 00 00 00 00 00 00 00 00 00 00 00 00 00 00 00 00 00 00
00:aa 19 30 aa 02 38 00 00 00 00 00 00 00 00 00 00 00 00 00 00 00 00 00 00 00 00 00 00 00 00 00 00 00 00 00 00 00 00 00 00 00 00 00 00 00 00 00 00 00 00 00 00 00 00 00 00 00 00 00 00 00 00 00 00
00:aa 19 68 aa 02 38 00 00 00 00 00 00 00 00 00 00 00 00 00 00 00 00 00 00 00 00 00 00 00 00 00 00 00 00 00 00 00 00 00 00 00 00 00 00 00 00 00 00 00 00 00 00 00 00 00 00 00 00 00 00 00 00 00 00
00:aa 19 a0 aa 02 38 00 00 00 00 00 00 00 00 00 00 00 00 00 00 00 00 00 00 00 00 00 00 00 00 00 00 00 00 00 00 00 00 00 00 00 00 00 00 00 00 00 00 00 00 00 00 00 00 00 00 00 00 00 00 00 00 00 00
00:aa 19 d8 aa 02 38 00 00 00 00 00 00 00 00 00 00 00 00 00 00 00 00 00 00 00 00 00 00 00 00 00 00 00 00 00 00 00 00 00 00 00 00 00 00 00 00 00 00 00 00 00 00 00 00 00 00 00 00 00 00 00 00 00 00
00:aa 19 10 ab 02 38 00 00 00 00 00 00 00 00 00 00 00 00 00 00 00 00 00 00 00 00 00 00 00 00 00 00 00 00 00 00 00 00 00 00 00 00 00 00 00 00 00 00 00 00 00 00 00 00 00 00 00 00 00 00 00 00 00 00
00:aa 19 48 ab 02 38 00 00 00 00 00 00 00 00 00 00 00 00 00 00 00 00 00 00 00 00 00 00 00 00 00 00 00 00 00 00 00 00 00 00 00 00 00 00 00 00 00 00 00 00 00 00 00 00 00 00 00 00 00 00 00 00 00 00
00:aa 19 80 ab 02 38 00 00 00 00 00 00 00 00 00 00 00 00 00 00 00 00 00 00 00 00 00 00 00 00 00 00 00 00 00 00 00 00 00 00 00 00 00 00 00 00 00 00 00 00 00 00 00 00 00 00 00 00 00 00 00 00 00 00
00:aa 19 b8 ab 02 38 00 00 00 00 00 00 00 00 00 00 00 00 00 00 00 00 00 00 00 00 00 00 00 00 00 00 00 00 00 00 00 00 00 00 00 00 00 00 00 00 00 00 00 00 00 00 00 00 00 00 00 00 00 00 00 00 00 00
00:aa 19 f0 ab 02 38 00 00 00 00 00 00 00 00 00 00 00 00 00 00 00 00 00 00 00 00 00 00 00 00 00 00 00 00 00 00 00 00 00 00 00 00 00 00 00 00 00 00 00 00 00 00 00 00 00 00 00 00 00 00 00 00 00 00
00:aa 19 28 ac 02 38 00 00 00 00 00 00 00 00 00 00 00 00 00 00 00 00 00 00 00 00 00 00 00 00 00 00 00 00 00 00 00 00 00 00 00 00 00 00 00 00 00 00 00 00 00 00 00 00 00 00 00 00 00 00 00 00 00 00
00:aa 19 60 ac 02 38 00 00 00 00 00 00 00 00 00 00 00 00 00 00 00 00 00 00 00 00 00 00 00 00 00 00 00 00 00 00 00 00 00 00 00 00 00 00 00 00 00 00 00 00 00 00 00 00 00 00 00 00 00 00 00 00 00 00
00:aa 19 98 ac 02 38 00 00 00 00 00 00 00 00 00 00 00 00 00 00 00 00 00 00 00 00 00 00 00 00 00 00 00 00 00 00 00 00 00 00 00 00 00 00 00 00 00 00 00 00 00 00 00 00 00 00 00 00 00 00 00 00 00 00
00:aa 19 d0 ac 02 38 00 00 00 00 00 00 00 00 00 00 00 00 00 00 00 00 00 00 00 00 00 00 00 00 00 00 00 00 00 00 00 00 00 00 00 00 00 00 00 00 00 00 00 00 00 00 00 00 00 00 00 00 00 00 00 00 00 00
00:aa 19 08 ad 02 38 00 00 00 00 00 00 00 00 00 00 00 00 00 00 00 00 00 00 00 00 00 00 00 00 00 00 00 00 00 00 00 00 00 00 00 00 00 00 00 00 00 00 00 00 00 00 00 00 00 00 00 00 00 00 00 00 00 00
00:aa 19 40 ad 02 38 00 00 00 00 00 00 00 00 00 00 00 00 00 00 00 00 00 00 00 00 00 00 00 00 00 00 00 00 00 00 00 00 00 00 00 00 00 00 00 00 00 00 00 00 00 00 00 00 00 00 00 00 00 00 00 00 00 00
00:aa 19 78 ad 02 38 00 00 00 00 00 00 00 00 00 00 00 00 00 00 00 00 00 00 00 00 00 00 00 00 00 00 00 00 00 00 00 00 00 00 00 00 00 00 00 00 00 00 00 00 00 00 00 00 00 00 00 00 00 00 00 00 00 00
00:aa 19 b0 ad 02 38 00 00 00 00 00 00 00 00 00 00 00 00 00 00 00 00 00 00 00 00 00 00 00 00 00 00 00 00 00 00 00 00 00 00 00 00 00 00 00 00 00 00 00 00 00 00 00 00 00 00 00 00 00 00 00 00 00 00
00:aa 19 e8 ad 02 38 00 00 00 00 00 00 00 00 00 00 00 00 00 00 00 00 00 00 00 00 00 00 00 00 00 00 00 00 00 00 00 00 00 00 00 00 00 00 00 00 00 00 00 00 00 00 00 00 00 00 00 00 00 00 00 00 00 00
00:aa 19 20 ae 02 38 00 00 00 00 00 00 00 00 00 00 00 00 00 00 00 00 00 00 00 00 00 00 00 00 00 00 00 00 00 00 00 00 00 00 00 00 00 00 00 00 00 00 00 00 00 00 00 00 00 00 00 00 00 00 00 00 00 00
00:aa 19 58 ae 02 38 00 00 00 00 00 00 00 00 00 00 00 00 00 00 00 00 00 00 00 00 00 00 00 00 00 00 00 00 00 00 00 00 00 00 00 00 00 00 00 00 00 00 00 00 00 00 00 00 00 00 00 00 00 00 00 00 00 00
00:aa 19 90 ae 02 38 00 00 00 00 00 00 00 00 00 00 00 00 00 00 00 00 00 00 00 00 00 00 00 00 00 00 00 00 00 00 00 00 00 00 00 00 00 00 00 00 00 00 00 00 00 00 00 00 00 00 00 00 00 00 00 00 00 00
00:aa 19 c8 ae 02 38 00 00 00 00 00 00 00 00 00 00 00 00 00 00 00 00 00 00 00 00 00 00 00 00 00 00 00 00 00 00 00 00 00 00 00 00 00 00 00 00 00 00 00 00 00 00 00 00 00 00 00 00 00 00 00 00 00 00
00:aa 19 00 af 02 38 00 00 00 00 00 00 00 00 00 00 00 00 00 00 00 00 00 00 00 00 00 00 00 00 00 00 00 00 00 00 00 00 00 00 00 00 00 00 00 00 00 00 00 00 00 00 00 00 00 00 00 00 00 00 00 00 00 00
00:aa 19 38 af 02 38 00 00 00 00 00 00 00 00 00 00 00 00 00 00 00 00 00 00 00 00 00 00 00 00 00 00 00 00 00 00 00 00 00 00 00 00 00 00 00 00 00 00 00 00 00 00 00 00 00 00 00 00 00 00 00 00 00 00
00:aa 19 70 af 02 38 00 00 00 00 00 00 00 00 00 00 00 00 00 00 00 00 00 00 00 00 00 00 00 00 00 00 00 00 00 00 00 00 00 00 00 00 00 00 00 00 00 00 00 00 00 00 00 00 00 00 00 00 00 00 00 00 00 00
00:aa 19 a8 af 02 38 00 00 00 00 00 00 00 00 00 00 00 00 00 00 00 00 00 00 00 00 00 00 00 00 00 00 00 00 00 00 00 00 00 00 00 00 00 00 00 00 00 00 00 00 00 00 00 00 00 00 00 00 00 00 00 00 00 00
00:aa 19 e0 af 02 38 00 00 00 00 00 00 00 00 00 00 00 00 00 00 00 00 00 00 00 00 00 00 00 00 00 00 00 00 00 00 00 00 00 00 00 00 00 00 00 00 00 00 00 00 00 00 00 00 00 00 00 00 00 00 00 00 00 00
00:aa 19 18 b0 02 38 00 00 00 00 00 00 00 00 00 00 00 00 00 00 00 00 00 00 00 00 00 00 00 00 00 00 00 00 00 00 00 00 00 00 00 00 00 00 00 00 00 00 00 00 00 00 00 00 00 00 00 00 00 00 00 00 00 00
00:aa 19 50 b0 02 38 00 00 00 00 00 00 00 00 00 00 00 00 00 00 00 00 00 00 00 00 00 00 00 00 00 00 00 00 00 00 00 00 00 00 00 00 00 00 00 00 00 00 00 00 00 00 00 00 00 00 00 00 00 00 00 00 00 00
00:aa 19 88 b0 02 38 00 00 00 00 00 00 00 00 00 00 00 00 00 00 00 00 00 00 00 00 00 00 00 00 00 00 00 00 00 00 00 00 00 00 00 00 00 00 00 00 00 00 00 00 00 00 00 00 00 00 00 00 00 00 00 00 00 00
00:aa 19 c0 b0 02 38 00 00 00 00 00 00 00 00 00 00 00 00 00 00 00 00 00 00 00 00 00 00 00 00 00 00 00 00 00 00 00 00 00 00 00 00 00 00 00 00 00 00 00 00 00 00 00 00 00 00 00 00 00 00 00 00 00 00
00:aa 19 f8 b0 02 38 00 00 00 00 00 00 00 00 00 00 00 00 00 00 00 00 00 00 00 00 00 00 00 00 00 00 00 00 00 00 00 00 00 00 00 00 00 00 00 00 00 00 00 00 00 00 00 00 00 00 00 00 00 00 00 00 00 00
00:aa 19 30 b1 02 38 00 00 00 00 00 00 00 00 00 00 00 00 00 00 00 00 00 00 00 00 00 00 00 00 00 00 00 00 00 00 00 00 00 00 00 00 00 00 00 00 00 00 00 00 00 00 00 00 00 00 00 00 00 00 00 00 00 00
00:aa 19 68 b1 02 38 00 00 00 00 00 00 00 00 00 00 00 00 00 00 00 00 00 00 00 00 00 00 00 00 00 00 00 00 00 00 00 00 00 00 00 00 00 00 00 00 00 00 00 00 00 00 00 00 00 00 00 00 00 00 00 00 00 00
00:aa 19 a0 b1 02 38 00 00 00 00 00 00 00 00 00 00 00 00 00 00 00 00 00 00 00 00 00 00 00 00 00 00 00 00 00 00 00 00 00 00 00 00 00 00 00 00 00 00 00 00 00 00 00 00 00 00 00 00 00 00 00 00 00 00
00:aa 19 d8 b1 02 38 00 00 00 00 00 00 00 00 00 00 00 00 00 00 00 00 00 00 00 00 00 00 00 00 00 00 0f 12 00 00 55 54 54 54 0f 12 00 00 55 00 00 00 0f 12 00 00 55 00 00 00 0f 12 00 00 55 00 00 00
00:aa 19 10 b2 02 38 00 00 0f 12 00 00 55 00 00 00 0f 12 00 00 55 00 00 00 0f 12 00 00 55 00 00 00 0f 12 00 00 55 01 01 01 00 00 00 00 00 00 00 00 00 00 00 00 00 00 00 00 00 00 00 00 00 00 00 00
00:aa 19 48 b2 02 38 00 00 00 00 00 00 00 00 00 00 00 00 00 00 00 00 00 00 00 00 00 00 00 00 00 00 00 00 00 00 00 00 00 00 00 00 00 00 00 00 00 00 00 00 00 00 00 00 00 00 00 00 00 00 00 00 00 00
00:aa 19 80 b2 02 38 00 00 00 00 00 00 00 00 00 00 00 00 00 00 00 00 00 00 00 00 00 00 00 00 00 00 00 00 00 00 00 00 00 00 00 00 00 00 00 00 00 00 00 00 00 00 00 00 00 00 00 00 00 00 00 00 00 00
00:aa 19 b8 b2 02 38 00 00 00 00 00 00 00 00 00 00 00 00 00 00 00 00 00 00 00 00 00 00 00 00 00 00 00 00 00 00 00 00 00 00 00 00 00 00 00 00 00 00 00 00 00 00 00 00 00 00 00 00 00 00 00 00 00 00
00:aa 19 f0 b2 02 38 00 00 00 00 00 00 00 00 00 00 0f 12 00 00 55 00 00 00 d0 11 00 00 54 01 01 01 0f 12 00 00 00 55 55 55 0f 12 00 00 00 55 55 55 0f 12 00 00 00 55 55 55 0f 12 00 00 00 55 55 55
00:aa 19 28 b3 02 38 00 00 0f 12 00 00 00 55 55 55 0f 12 00 00 00 55 55 55 0f 12 00 00 01 54 54 54 0f 12 00 00 55 00 00 00 b0 11 00 00 55 01 01 01 00 00 00 00 00 00 00 00 00 00 00 00 00 00 00 00
00:aa 19 60 b3 02 38 00 00 00 00 00 00 00 00 00 00 00 00 00 00 00 00 00 00 00 00 00 00 00 00 00 00 00 00 00 00 00 00 00 00 00 00 00 00 00 00 00 00 00 00 00 00 00 00 00 00 00 00 00 00 00 00 00 00
00:aa 19 98 b3 02 38 00 00 00 00 00 00 00 00 00 00 00 00 00 00 00 00 00 00 00 00 00 00 00 00 00 00 00 00 00 00 00 00 00 00 00 00 00 00 00 00 00 00 00 00 00 00 00 00 00 00 00 00 00 00 00 00 00 00
00:aa 19 d0 b3 02 38 00 00 00 00 00 00 00 00 00 00 00 00 00 00 00 00 00 00 00 00 00 00 00 00 00 00 00 00 00 00 00 00 00 00 00 00 00 00 00 00 00 00 00 00 00 00 00 00 00 00 0f 12 00 00 55 01 01 01
00:aa 19 08 b4 02 38 00 00 0f 12 00 00 00 55 55 55 0f 12 00 00 01 55 55 55 00 00 00 00 00 00 00 00 00 00 00 00 00 00 00 00 00 00 00 00 00 00 00 00 00 00 00 00 00 00 00 00 00 00 00 00 00 00 00 00
00:aa 19 40 b4 02 38 00 00 00 00 00 00 00 00 00 00 00 00 00 00 00 00 00 00 00 00 00 00 00 00 00 00 0f 12 00 00 54 54 54 54 b0 11 00 00 05 05 05 05 00 00 00 00 00 00 00 00 00 00 00 00 00 00 00 00
00:aa 19 78 b4 02 38 00 00 00 00 00 00 00 00 00 00 00 00 00 00 00 00 00 00 00 00 00 00 00 00 00 00 00 00 00 00 00 00 00 00 00 00 00 00 00 00 00 00 00 00 00 00 00 00 00 00 00 00 00 00 00 00 00 00
00:aa 19 b0 b4 02 38 00 00 00 00 00 00 00 00 00 00 00 00 00 00 00 00 00 00 00 00 00 00 00 00 00 00 00 00 00 00 00 00 00 00 00 00 00 00 00 00 00 00 00 00 00 00 00 00 00 00 00 00 00 00 00 00 00 00
00:aa 19 e8 b4 02 38 00 00 00 00 00 00 00 00 00 00 00 00 00 00 00 00 00 00 00 00 00 00 00 00 00 00 00 00 00 00 00 00 00 00 0f 12 00 00 55 00 00 00 0f 12 00 00 01 55 55 55 00 00 00 00 00 00 00 00
00:aa 19 20 b5 02 38 00 00 00 00 00 00 00 00 00 00 00 00 00 00 00 00 00 00 00 00 00 00 00 00 00 00 00 00 00 00 00 00 00 00 00 00 00 00 00 00 00 00 00 00 00 00 00 00 00 00 00 00 00 00 00 00 00 00
00:aa 19 58 b5 02 38 00 00 00 00 00 00 00 00 00 00 00 00 00 00 00 00 00 00 0f 12 00 00 54 55 55 55 0f 12 00 00 05 50 50 50 b0 11 00 00 55 05 05 05 00 00 00 00 00 00 00 00 00 00 00 00 00 00 00 00
00:aa 19 90 b5 02 38 00 00 00 00 00 00 00 00 00 00 00 00 00 00 00 00 00 00 00 00 00 00 00 00 00 00 00 00 00 00 00 00 00 00 00 00 00 00 00 00 00 00 00 00 00 00 00 00 00 00 00 00 00 00 00 00 00 00
00:aa 19 c8 b5 02 38 00 00 00 00 00 00 00 00 00 00 00 00 00 00 00 00 00 00 00 00 00 00 00 00 00 00 00 00 00 00 00 00 00 00 00 00 00 00 00 00 00 00 00 00 00 00 00 00 00 00 00 00 00 00 00 00 00 00
00:aa 19 00 b6 02 38 00 00 00 00 00 00 00 00 00 00 00 00 00 00 00 00 00 00 00 00 00 00 00 00 00 00 0f 1a 0f 12 aa aa aa a8 00 00 00 00 00 00 00 00 00 00 00 00 00 00 00 00 00 00 00 00 00 00 00 00
00:aa 19 38 b6 02 38 00 00 00 00 00 00 00 00 00 00 00 00 00 00 00 00 00 00 00 00 00 00 00 00 00 00 00 00 00 00 00 00 00 00 00 00 00 00 00 00 00 00 00 00 00 00 00 00 00 00 00 00 00 00 00 00 00 00
00:aa 19 70 b6 02 38 00 00 00 00 00 00 00 00 00 00 00 00 00 00 00 00 00 00 0f 12 00 00 50 50 50 50 b0 11 00 00 05 05 05 05 00 00 00 00 00 00 00 00 00 00 00 00 00 00 00 00 00 00 00 00 00 00 00 00
00:aa 19 a8 b6 02 38 00 00 00 00 00 00 00 00 00 00 00 00 00 00 00 00 00 00 00 00 00 00 00 00 00 00 00 00 00 00 00 00 00 00 00 00 00 00 00 00 00 00 00 00 00 00 00 00 00 00 00 00 00 00 00 00 00 00
00:aa 19 e0 b6 02 38 00 00 00 00 00 00 00 00 00 00 00 00 00 00 00 00 00 00 00 00 00 00 00 00 00 00 00 00 00 00 00 00 00 00 00 00 00 00 00 00 00 00 00 00 00 00 00 00 00 00 00 00 00 00 00 00 00 00
00:aa 19 18 b7 02 38 00 00 0f 12 00 00 55 55 55 40 0f 12 b0 11 40 40 40 00 0f 1a 0f 12 a8 a8 a8 a8 89 e3 89 db ee aa ae eb 89 e3 89 db ab 9a f9 9a 89 e3 89 db ab 9a 9a ae 89 e3 89 db ae aa ae 9a
00:aa 19 50 b7 02 38 00 00 89 e3 89 db 6b aa aa 6f 89 e3 89 db ba aa ae 7a 89 e3 89 db a6 aa ee aa 89 e3 89 db aa aa ee ae 89 e3 89 db 9a aa e6 aa 89 e3 89 db ea aa 9a aa 89 e3 89 db e9 aa ee ab
00:aa 19 88 b7 02 38 00 00 89 e3 89 db aa aa aa ff 89 e3 0f 1a 25 25 25 25 0f 12 00 00 00 00 00 00 b0 11 00 00 15 15 15 15 00 00 00 00 00 00 00 00 00 00 00 00 00 00 00 00 00 00 00 00 00 00 00 00
00:aa 19 c0 b7 02 38 00 00 00 00 00 00 00 00 00 00 00 00 00 00 00 00 00 00 00 00 00 00 00 00 00 00 00 00 00 00 00 00 00 00 00 00 00 00 00 00 00 00 00 00 00 00 00 00 00 00 00 00 00 00 00 00 00 00
00:aa 19 f8 b7 02 38 00 00 00 00 00 00 00 00 00 00 00 00 00 00 00 00 00 00 00 00 00 00 00 00 00 00 00 00 00 00 00 00 00 00 00 00 00 00 00 00 00 00 00 00 00 00 00 00 00 00 0f 12 00 00 40 40 40 40
00:aa 19 30 b8 02 38 00 00 0f 12 00 00 00 00 00 00 0f 1a 0f 12 a8 a8 a8 aa 89 e3 01 08 00 00 00 57 89 e3 89 db e9 b9 ae ab 89 e3 01 08 00 00 00 05 89 e3 01 10 00 00 00 50 89 e3 89 db fa af 9a ae
00:aa 19 68 b8 02 38 00 00 89 e3 89 db 67 66 a7 a7 89 e3 89 db ab aa 9b bb 89 e3 89 db 69 97 9a ba 89 e3 c5 69 00 00 02 01 89 e3 01 08 00 00 a8 56 89 e3 89 db ae 9a b9 ab 89 e3 01 08 00 00 0a 05
00:aa 19 a0 b8 02 38 00 00 89 e3 0f 12 25 25 a5 55 0f 12 00 00 00 00 00 00 0f 12 00 00 00 00 00 00 90 11 00 00 15 15 15 15 00 00 00 00 00 00 00 00 00 00 00 00 00 00 00 00 00 00 00 00 00 00 00 00
00:aa 19 d8 b8 02 38 00 00 00 00 00 00 00 00 00 00 00 00 00 00 00 00 00 00 00 00 00 00 00 00 00 00 00 00 00 00 00 00 00 00 00 00 00 00 00 00 00 00 00 00 00 00 00 00 00 00 00 00 00 00 00 00 00 00
00:aa 19 10 b9 02 38 00 00 00 00 00 00 00 00 00 00 00 00 00 00 00 00 00 00 00 00 00 00 00 00 00 00 00 00 00 00 00 00 00 00 00 00 00 00 00 00 00 00 0f 12 00 00 40 40 40 40 0f 12 00 00 00 00 00 00
00:aa 19 48 b9 02 38 00 00 0f 1a 0f 12 aa aa aa a8 89 e3 41 10 57 57 57 02 89 e3 01 08 00 00 00 55 89 db 01 10 05 05 05 50 89 db 01 10 50 50 50 00 89 e3 89 db aa 67 aa aa 89 e3 89 db ba bb aa ee
00:aa 19 80 b9 02 38 00 00 89 e3 89 db aa bb aa aa 89 e3 89 db 97 eb a6 bb 89 e3 c5 69 01 01 01 00 89 e3 01 08 56 56 fe 03 89 e3 01 08 00 00 aa 55 89 db 01 08 05 05 af 50 0f 12 01 08 70 70 f0 00
00:aa 19 b8 b9 02 38 00 00 0f 12 00 00 00 00 00 00 0f 12 00 00 00 00 00 00 90 11 00 00 15 15 15 15 00 00 00 00 00 00 00 00 00 00 00 00 00 00 00 00 00 00 00 00 00 00 00 00 00 00 00 00 00 00 00 00
00:aa 19 f0 b9 02 38 00 00 00 00 00 00 00 00 00 00 00 00 00 00 00 00 00 00 00 00 00 00 00 00 00 00 00 00 00 00 00 00 00 00 00 00 00 00 00 00 00 00 00 00 00 00 00 00 00 00 00 00 00 00 00 00 00 00
00:aa 19 28 ba 02 38 00 00 00 00 00 00 00 00 00 00 00 00 00 00 00 00 00 00 00 00 00 00 00 00 00 00 00 00 00 00 00 00 00 00 0f 12 00 00 40 40 40 40 0f 12 00 00 00 00 00 00 0f 1a 0f 12 a8 a8 a8 a8
00:aa 19 60 ba 02 38 00 00 89 e3 06 7a 01 01 00 00 89 db 00 08 55 55 00 00 89 e3 00 08 50 50 00 00 89 e3 89 db ab 6b aa 66 89 e3 89 db 9b aa ab aa 89 e3 89 db 9b 6a 6a ba 89 e3 89 db be 6a 95 ea
00:aa 19 98 ba 02 38 00 00 89 e3 89 db ea aa aa ee 89 e3 89 db 99 aa aa ae 89 e3 85 61 01 01 00 00 89 e3 21 18 55 55 00 00 89 e3 21 10 50 50 00 00 89 e3 0f 1a 25 25 25 25 0f 12 00 00 00 00 00 00
00:aa 19 d0 ba 02 38 00 00 0f 12 00 00 00 00 00 00 90 11 00 00 15 15 15 15 00 00 00 00 00 00 00 00 00 00 00 00 00 00 00 00 00 00 00 00 00 00 00 00 00 00 00 00 00 00 00 00 00 00 00 00 00 00 00 00
00:aa 19 08 bb 02 38 00 00 00 00 00 00 00 00 00 00 00 00 00 00 00 00 00 00 00 00 00 00 00 00 00 00 00 00 00 00 00 00 00 00 00 00 00 00 00 00 00 00 00 00 00 00 00 00 00 00 00 00 00 00 00 00 00 00
00:aa 19 40 bb 02 38 00 00 00 00 00 00 00 00 00 00 00 00 00 00 00 00 00 00 00 00 00 00 00 00 00 00 b0 11 00 00 40 40 40 55 0f 12 00 00 00 00 00 00 0f 1a 0f 12 a8 a8 a8 a8 89 e3 89 db 9a d9 ba a7
00:aa 19 78 bb 02 38 00 00 89 e3 89 db ab ea aa 6e 89 e3 89 db ba af aa 7e 89 e3 89 db ba 6e be ea 89 e3 89 db eb ae 66 aa 89 e3 89 db aa ba aa ab 89 e3 89 db aa 66 ea 6f 89 e3 89 db ae ea 96 ea
00:aa 19 b0 bb 02 38 00 00 89 e3 89 db fa aa 6d aa 89 e3 89 db aa ea ae ae 89 e3 89 db aa f9 aa 66 89 e3 89 db be aa aa aa 89 e3 0f 1a 25 25 25 25 0f 12 00 00 00 00 00 00 b0 11 00 00 00 00 15 15
00:aa 19 e8 bb 02 38 00 00 90 11 00 00 15 15 55 55 00 00 00 00 00 00 00 00 00 00 00 00 00 00 00 00 00 00 00 00 00 00 00 00 00 00 00 00 00 00 00 00 00 00 00 00 00 00 00 00 00 00 00 00 00 00 00 00
00:aa 19 20 bc 02 38 00 00 00 00 00 00 00 00 00 00 00 00 00 00 00 00 00 00 00 00 00 00 00 00 00 00 00 00 00 00 00 00 00 00 00 00 00 00 00 00 00 00 00 00 00 00 00 00 00 00 00 00 00 00 00 00 00 00
00:aa 19 58 bc 02 38 00 00 69 e3 00 00 55 50 50 50 89 db 00 00 55 00 00 00 89 db 00 00 55 00 00 00 89 e3 0f 12 55 55 ff 00 89 e3 0f 1a 55 55 ff 00 89 e3 89 db da aa a9 aa 89 e3 89 db ae a9 aa ae
00:aa 19 90 bc 02 38 00 00 89 e3 89 db ae 9b 6a aa 89 e3 89 db aa db aa 9e 89 e3 89 db e6 aa 9b aa 89 e3 89 db fa aa a7 79 89 e3 89 db aa aa eb b6 89 e3 89 db b9 ab 9a aa 89 e3 89 db af 99 ba da
00:aa 19 c8 bc 02 38 00 00 89 e3 89 db ba ea e5 da 89 e3 89 db aa a9 be a5 89 e3 89 db e9 aa 96 ea 89 e3 0f 12 25 25 00 00 89 e3 0f 12 55 55 00 00 89 e3 0f 12 40 40 00 00 89 e3 69 e3 55 00 00 00
00:aa 19 00 bd 02 38 00 00 89 e3 00 00 01 01 01 01 00 00 00 00 00 00 00 00 00 00 00 00 00 00 00 00 00 00 00 00 00 00 00 00 00 00 00 00 00 00 00 00 00 00 00 00 00 00 00 00 00 00 00 00 00 00 00 00
00:aa 19 38 bd 02 38 00 00 00 00 00 00 00 00 00 00 00 00 00 00 00 00 00 00 00 00 00 00 00 00 00 00 00 00 00 00 00 00 00 00 00 00 00 00 00 00 00 00 00 00 00 00 00 00 00 00 69 e3 00 00 50 50 50 50
00:aa 19 70 bd 02 38 00 00 89 e3 89 db ee 76 ba ba 89 e3 89 db ea aa 66 ea 89 e3 89 db aa ae ba ae 89 e3 89 db ea 66 aa ad 89 e3 89 db ed ea d5 9a 89 e3 89 db ae aa 66 6e 89 e3 89 db eb 9b aa ba
00:aa 19 a8 bd 02 38 00 00 89 e3 89 db fa ae 6a 6e 89 e3 89 db ae db ab 6a 89 e3 89 db ee aa ae aa 89 e3 89 db ee aa 6a aa 89 e3 89 db ea 9e aa a6 89 e3 89 db aa da a7 fa 89 e3 89 db aa 99 ea aa
00:aa 19 e0 bd 02 38 00 00 89 e3 89 db ba aa a5 ae 89 e3 89 db f6 e6 ea 96 89 e3 89 db e7 6f a9 a6 89 e3 89 db aa ba aa a6 89 e3 89 db bb 6e 9a 9a 89 e3 89 db be 9b aa a6 89 db 00 00 01 01 01 01
00:aa 19 18 be 02 38 00 00 00 00 00 00 00 00 00 00 00 00 00 00 00 00 00 00 00 00 00 00 00 00 00 00 00 00 00 00 00 00 00 00 00 00 00 00 00 00 00 00 00 00 00 00 00 00 00 00 00 00 00 00 00 00 00 00
00:aa 19 50 be 02 38 00 00 00 00 00 00 00 00 00 00 00 00 00 00 00 00 00 00 00 00 00 00 00 00 00 00 00 00 00 00 00 00 00 00 00 00 00 00 00 00 00 00 69 e3 00 00 50 50 50 50 89 e3 89 db eb fa ba bb
00:aa 19 88 be 02 38 00 00 89 e3 89 db a7 aa aa bb 89 e3 89 db ea ba af eb 89 e3 89 db aa bb 6e aa 89 e3 89 db 7f aa aa 66 89 e3 89 db ee ae ae aa 89 e3 89 db aa aa ea ab 89 e3 89 db aa e6 6a a6
00:aa 19 c0 be 02 38 00 00 89 e3 89 db aa eb a6 ea 89 e3 89 db e6 aa a6 aa 89 e3 89 db 6e aa 6a aa 89 e3 89 db aa ae ea ae 89 e3 89 db ae 6a aa 66 89 e3 89 db f6 aa aa 7a 89 e3 89 db fb aa b9 ae
00:aa 19 f8 be 02 38 00 00 89 e3 89 db aa bb 7e e9 89 e3 89 db aa ba 6a aa 89 e3 89 db ae ad a9 6a 89 e3 89 db ab 99 ab 9a 89 e3 89 db aa e6 fa 6e 89 e3 00 00 01 01 01 01 00 00 00 00 00 00 00 00
00:aa 19 30 bf 02 38 00 00 00 00 00 00 00 00 00 00 00 00 00 00 00 00 00 00 00 00 00 00 00 00 00 00 00 00 00 00 00 00 00 00 00 00 00 00 00 00 00 00 00 00 00 00 00 00 00 00 00 00 00 00 00 00 00 00
00:aa 19 68 bf 02 38 00 00 00 00 00 00 00 00 00 00 00 00 00 00 00 00 00 00 00 00 00 00 00 00 00 00 00 00 00 00 00 00 00 00 69 e3 00 00 50 50 50 50 89 e3 87 b4 00 00 00 51 89 e3 87 b4 00 00 00 55
00:aa 19 a0 bf 02 38 00 00 89 e3 47 bc 00 00 00 42 89 e3 89 db ed aa aa 6f 89 e3 89 db aa ea aa ba 89 e3 89 db aa 9f 6f ba 89 e3 89 db af fa aa ba 89 e3 89 db aa ee aa e9 89 e3 89 db ae ab ae aa
00:aa 19 d8 bf 02 38 00 00 89 e3 89 db ba aa 6a aa 89 e3 89 db ba bb a6 aa 89 e3 89 db ea aa ea a9 89 e3 89 db aa ea aa aa 89 e3 89 db e9 9a a9 d6 89 e3 89 db be a7 b6 a9 89 e3 89 db eb f9 66 aa
00:aa 19 10 c0 02 38 00 00 89 e3 89 db aa ba ab f6 89 e3 00 00 00 00 0a 15 89 e3 00 00 00 00 22 55 89 e3 00 00 00 00 22 55 89 e3 00 00 01 01 a9 55 00 00 00 00 00 00 00 00 00 00 00 00 00 00 00 00
00:aa 19 48 c0 02 38 00 00 00 00 00 00 00 00 00 00 00 00 00 00 00 00 00 00 00 00 00 00 00 00 00 00 00 00 00 00 00 00 00 00 00 00 00 00 00 00 00 00 00 00 00 00 00 00 00 00 00 00 00 00 00 00 00 00
00:aa 19 80 c0 02 38 00 00 00 00 00 00 00 00 00 00 00 00 00 00 00 00 00 00 00 00 00 00 00 00 00 00 00 00 00 00 00 00 00 00 00 00 00 00 00 00 00 00 00 00 00 00 00 00 00 00 00 00 00 00 00 00 00 00
00:aa 19 b8 c0 02 38 00 00 89 e3 45 95 00 00 00 40 89 e3 89 db ab 9e 9a ab 89 e3 89 db fb aa b9 aa 89 e3 89 db ba ae 9b 9b 89 e3 89 db aa a9 ea fa 89 e3 89 db aa ba aa 6e 89 e3 89 db b9 aa 59 aa
00:aa 19 f0 c0 02 38 00 00 89 e3 89 db ba aa 9e bb 89 e3 89 db aa b9 aa ee 89 e3 89 db 9a ad ba ea 89 e3 89 db ae d9 a6 aa 89 e3 89 db fb aa eb e6 89 e3 89 db ae aa 9e a9 89 e3 89 db ba a6 ba ab
00:aa 19 28 c1 02 38 00 00 29 eb 00 00 15 15 15 15 00 00 00 00 00 00 00 00 00 00 00 00 00 00 00 00 00 00 00 00 00 00 00 00 00 00 00 00 00 00 00 00 00 00 00 00 00 00 00 00 00 00 00 00 00 00 00 00
00:aa 19 60 c1 02 38 00 00 00 00 00 00 00 00 00 00 00 00 00 00 00 00 00 00 00 00 00 00 00 00 00 00 00 00 00 00 00 00 00 00 00 00 00 00 00 00 00 00 00 00 00 00 00 00 00 00 00 00 00 00 00 00 00 00
00:aa 19 98 c1 02 38 00 00 00 00 00 00 00 00 00 00 00 00 00 00 00 00 00 00 00 00 00 00 00 00 00 00 00 00 00 00 00 00 00 00 00 00 00 00 00 00 00 00 00 00 00 00 00 00 00 00 89 e3 c4 85 00 40 00 40
00:aa 19 d0 c1 02 38 00 00 89 e3 00 00 00 00 01 01 89 db 00 00 00 00 55 55 89 db 00 00 00 00 54 54 89 e3 89 db be ea aa e6 89 e3 00 00 00 00 05 05 89 db 00 00 00 00 55 55 a6 b4 00 00 00 00 55 55
00:aa 19 08 c2 02 38 00 00 a6 b4 00 00 00 00 55 55 89 e3 89 db a6 ee aa ae 89 e3 00 00 00 01 01 01 29 eb 00 00 00 55 55 55 89 e3 00 00 00 60 60 60 89 e3 89 db ab ba e6 ea 29 eb 00 00 15 15 15 15
00:aa 19 40 c2 02 38 00 00 00 00 00 00 00 00 00 00 00 00 00 00 00 00 00 00 00 00 00 00 00 00 00 00 00 00 00 00 00 00 00 00 00 00 00 00 00 00 00 00 00 00 00 00 00 00 00 00 00 00 00 00 00 00 00 00
00:aa 19 78 c2 02 38 00 00 00 00 00 00 00 00 00 00 00 00 00 00 00 00 00 00 00 00 00 00 00 00 00 00 00 00 00 00 00 00 00 00 00 00 00 00 00 00 00 00 00 00 00 00 00 00 00 00 00 00 00 00 00 00 00 00
00:aa 19 b0 c2 02 38 00 00 00 00 00 00 00 00 00 00 00 00 00 00 00 00 00 00 00 00 00 00 00 00 00 00 00 00 00 00 00 00 00 00 00 00 00 00 00 00 00 00 89 e3 65 95 00 40 00 00 89 e3 00 00 01 01 01 01
00:aa 19 e8 c2 02 38 00 00 00 00 00 00 00 00 00 00 89 db 00 00 54 54 54 54 89 e3 89 db aa 9a 6b 9a 69 e3 00 00 05 05 05 05 00 00 00 00 00 00 00 00 00 00 00 00 00 00 00 00 00 00 00 00 00 00 00 00
00:aa 19 20 c3 02 38 00 00 89 e3 89 db aa aa aa ae 89 e3 00 00 01 01 01 01 00 00 00 00 00 00 00 00 89 e3 00 00 60 60 60 60 89 e3 89 db a6 ba ea aa 29 eb 00 00 15 15 15 15 00 00 00 00 00 00 00 00
00:aa 19 58 c3 02 38 00 00 00 00 00 00 00 00 00 00 00 00 00 00 00 00 00 00 00 00 00 00 00 00 00 00 00 00 00 00 00 00 00 00 00 00 00 00 00 00 00 00 00 00 00 00 00 00 00 00 00 00 00 00 00 00 00 00
00:aa 19 90 c3 02 38 00 00 00 00 00 00 00 00 00 00 00 00 00 00 00 00 00 00 00 00 00 00 00 00 00 00 00 00 00 00 00 00 00 00 00 00 00 00 00 00 00 00 00 00 00 00 00 00 00 00 00 00 00 00 00 00 00 00
00:aa 19 c8 c3 02 38 00 00 00 00 00 00 00 00 00 00 00 00 00 00 00 00 00 00 00 00 00 00 00 00 00 00 00 00 00 00 00 00 00 00 89 e3 c4 85 40 00 40 00 89 e3 00 00 01 01 01 01 00 00 00 00 00 00 00 00
00:aa 19 00 c4 02 38 00 00 89 db 00 00 54 54 54 54 89 e3 89 db ab ee 6a aa 69 e3 00 00 05 05 05 05 00 00 00 00 00 00 00 00 00 00 00 00 00 00 00 00 00 00 00 00 00 00 00 00 89 e3 89 db ae aa aa ae
00:aa 19 38 c4 02 38 00 00 89 e3 00 00 01 01 01 01 00 00 00 00 00 00 00 00 89 e3 00 00 60 60 60 60 89 e3 89 db aa e6 ea ee 29 eb 00 00 15 15 15 15 00 00 00 00 00 00 00 00 00 00 00 00 00 00 00 00
00:aa 19 70 c4 02 38 00 00 00 00 00 00 00 00 00 00 00 00 00 00 00 00 00 00 00 00 00 00 00 00 00 00 00 00 00 00 00 00 00 00 00 00 00 00 00 00 00 00 00 00 00 00 00 00 00 00 00 00 00 00 00 00 00 00
00:aa 19 a8 c4 02 38 00 00 00 00 00 00 00 00 00 00 00 00 00 00 00 00 00 00 00 00 00 00 00 00 00 00 00 00 00 00 00 00 00 00 00 00 00 00 00 00 00 00 00 00 00 00 00 00 00 00 00 00 00 00 00 00 00 00
00:aa 19 e0 c4 02 38 00 00 00 00 00 00 00 00 00 00 00 00 00 00 00 00 00 00 00 00 00 00 00 00 00 00 89 e3 c4 85 40 00 c0 00 89 e3 00 00 01 01 01 01 00 00 00 00 00 00 00 00 89 db 00 00 54 54 54 54
00:aa 19 18 c5 02 38 00 00 89 e3 89 db bb ea ba 00 69 e3 00 00 05 05 05 05 00 00 00 00 00 00 00 00 00 00 00 00 00 00 00 00 00 00 00 00 00 00 00 00 69 e3 89 db 9d bf bf 00 89 e3 00 00 01 01 01 01
00:aa 19 50 c5 02 38 00 00 00 00 00 00 00 00 00 00 89 e3 00 00 60 60 60 60 89 e3 49 e3 00 00 00 ff 29 eb 00 00 15 15 15 15 00 00 00 00 00 00 00 00 00 00 00 00 00 00 00 00 00 00 00 00 00 00 00 00
00:aa 19 88 c5 02 38 00 00 00 00 00 00 00 00 00 00 00 00 00 00 00 00 00 00 00 00 00 00 00 00 00 00 00 00 00 00 00 00 00 00 00 00 00 00 00 00 00 00 00 00 00 00 00 00 00 00 00 00 00 00 00 00 00 00
00:aa 19 c0 c5 02 38 00 00 00 00 00 00 00 00 00 00 00 00 00 00 00 00 00 00 00 00 00 00 00 00 00 00 00 00 00 00 00 00 00 00 00 00 00 00 00 00 00 00 00 00 00 00 00 00 00 00 00 00 00 00 00 00 00 00
00:aa 19 f8 c5 02 38 00 00 00 00 00 00 00 00 00 00 00 00 00 00 00 00 00 00 00 00 00 00 00 00 00 00 00 00 00 00 00 00 00 00 00 00 00 00 00 00 00 00 00 00 00 00 00 00 00 00 00 00 00 00 00 00 00 00
00:aa 19 30 c6 02 38 00 00 00 00 00 00 00 00 00 00 00 00 00 00 00 00 00 00 00 00 00 00 00 00 00 00 00 00 00 00 00 00 00 00 00 00 00 00 00 00 00 00 00 00 00 00 00 00 00 00 00 00 00 00 00 00 00 00
00:aa 19 68 c6 02 38 00 00 00 00 00 00 00 00 00 00 00 00 00 00 00 00 00 00 00 00 00 00 00 00 00 00 00 00 00 00 00 00 00 00 00 00 00 00 00 00 00 00 00 00 00 00 00 00 00 00 00 00 00 00 00 00 00 00
00:aa 19 a0 c6 02 38 00 00 00 00 00 00 00 00 00 00 00 00 00 00 00 00 00 00 00 00 00 00 00 00 00 00 00 00 00 00 00 00 00 00 00 00 00 00 00 00 00 00 00 00 00 00 00 00 00 00 00 00 00 00 00 00 00 00
00:aa 19 d8 c6 02 38 00 00 00 00 00 00 00 00 00 00 00 00 00 00 00 00 00 00 00 00 00 00 00 00 00 00 00 00 00 00 00 00 00 00 00 00 00 00 00 00 00 00 00 00 00 00 00 00 00 00 00 00 00 00 00 00 00 00
00:aa 19 10 c7 02 38 00 00 00 00 00 00 00 00 00 00 00 00 00 00 00 00 00 00 00 00 00 00 00 00 00 00 00 00 00 00 00 00 00 00 00 00 00 00 00 00 00 00 00 00 00 00 00 00 00 00 00 00 00 00 00 00 00 00
00:aa 19 48 c7 02 38 00 00 00 00 00 00 00 00 00 00 00 00 00 00 00 00 00 00 00 00 00 00 00 00 00 00 00 00 00 00 00 00 00 00 00 00 00 00 00 00 00 00 00 00 00 00 00 00 00 00 00 00 00 00 00 00 00 00
00:aa 19 80 c7 02 38 00 00 00 00 00 00 00 00 00 00 00 00 00 00 00 00 00 00 00 00 00 00 00 00 00 00 00 00 00 00 00 00 00 00 00 00 00 00 00 00 00 00 00 00 00 00 00 00 00 00 00 00 00 00 00 00 00 00
00:aa 19 b8 c7 02 38 00 00 00 00 00 00 00 00 00 00 00 00 00 00 00 00 00 00 00 00 00 00 00 00 00 00 00 00 00 00 00 00 00 00 00 00 00 00 00 00 00 00 00 00 00 00 00 00 00 00 00 00 00 00 00 00 00 00
00:aa 19 f0 c7 02 38 00 00 00 00 00 00 00 00 00 00 00 00 00 00 00 00 00 00 00 00 00 00 00 00 00 00 00 00 00 00 00 00 00 00 00 00 00 00 00 00 00 00 00 00 00 00 00 00 00 00 00 00 00 00 00 00 00 00
00:aa 19 28 c8 02 38 00 00 00 00 00 00 00 00 00 00 00 00 00 00 00 00 00 00 00 00 00 00 00 00 00 00 00 00 00 00 00 00 00 00 00 00 00 00 00 00 00 00 00 00 00 00 00 00 00 00 00 00 00 00 00 00 00 00
00:aa 19 60 c8 02 38 00 00 00 00 00 00 00 00 00 00 00 00 00 00 00 00 00 00 00 00 00 00 00 00 00 00 00 00 00 00 00 00 00 00 00 00 00 00 00 00 00 00 00 00 00 00 00 00 00 00 00 00 00 00 00 00 00 00
00:aa 19 98 c8 02 38 00 00 00 00 00 00 00 00 00 00 00 00 00 00 00 00 00 00 00 00 00 00 00 00 00 00 00 00 00 00 00 00 00 00 00 00 00 00 00 00 00 00 00 00 00 00 00 00 00 00 00 00 00 00 00 00 00 00
00:aa 19 d0 c8 02 38 00 00 00 00 00 00 00 00 00 00 00 00 00 00 00 00 00 00 00 00 00 00 00 00 00 00 00 00 00 00 00 00 00 00 00 00 00 00 00 00 00 00 00 00 00 00 00 00 00 00 00 00 00 00 00 00 00 00
00:aa 19 08 c9 02 38 00 00 00 00 00 00 00 00 00 00 00 00 00 00 00 00 00 00 00 00 00 00 00 00 00 00 00 00 00 00 00 00 00 00 00 00 00 00 00 00 00 00 00 00 00 00 00 00 00 00 00 00 00 00 00 00 00 00
00:aa 19 40 c9 02 38 00 00 00 00 00 00 00 00 00 00 00 00 00 00 00 00 00 00 00 00 00 00 00 00 00 00 00 00 00 00 00 00 00 00 00 00 00 00 00 00 00 00 00 00 00 00 00 00 00 00 00 00 00 00 00 00 00 00
00:aa 19 78 c9 02 38 00 00 00 00 00 00 00 00 00 00 00 00 00 00 00 00 00 00 00 00 00 00 00 00 00 00 00 00 00 00 00 00 00 00 00 00 00 00 00 00 00 00 00 00 00 00 00 00 00 00 00 00 00 00 00 00 00 00
00:aa 19 b0 c9 02 38 00 00 00 00 00 00 00 00 00 00 00 00 00 00 00 00 00 00 00 00 00 00 00 00 00 00 00 00 00 00 00 00 00 00 00 00 00 00 00 00 00 00 00 00 00 00 00 00 00 00 00 00 00 00 00 00 00 00
00:aa 19 e8 c9 02 38 00 00 00 00 00 00 00 00 00 00 00 00 00 00 00 00 00 00 00 00 00 00 00 00 00 00 00 00 00 00 00 00 00 00 00 00 00 00 00 00 00 00 00 00 00 00 00 00 00 00 00 00 00 00 00 00 00 00
00:aa 19 20 ca 02 38 00 00 00 00 00 00 00 00 00 00 00 00 00 00 00 00 00 00 00 00 00 00 00 00 00 00 00 00 00 00 00 00 00 00 00 00 00 00 00 00 00 00 00 00 00 00 00 00 00 00 00 00 00 00 00 00 00 00
00:aa 19 58 ca 02 38 00 00 00 00 00 00 00 00 00 00 00 00 00 00 00 00 00 00 00 00 00 00 00 00 00 00 00 00 00 00 00 00 00 00 00 00 00 00 00 00 00 00 00 00 00 00 00 00 00 00 00 00 00 00 00 00 00 00
00:aa 19 90 ca 02 38 00 00 00 00 00 00 00 00 00 00 00 00 00 00 00 00 00 00 00 00 00 00 00 00 00 00 00 00 00 00 00 00 00 00 00 00 00 00 00 00 00 00 00 00 00 00 00 00 00 00 00 00 00 00 00 00 00 00
00:aa 19 c8 ca 02 38 00 00 00 00 00 00 00 00 00 00 00 00 00 00 00 00 00 00 00 00 00 00 00 00 00 00 00 00 00 00 00 00 00 00 00 00 00 00 00 00 00 00 00 00 00 00 00 00 00 00 00 00 00 00 00 00 00 00
00:aa 19 00 cb 02 38 00 00 00 00 00 00 00 00 00 00 00 00 00 00 00 00 00 00 00 00 00 00 00 00 00 00 00 00 00 00 00 00 00 00 00 00 00 00 00 00 00 00 00 00 00 00 00 00 00 00 00 00 00 00 00 00 00 00
00:aa 19 38 cb 02 38 00 00 00 00 00 00 00 00 00 00 00 00 00 00 00 00 00 00 00 00 00 00 00 00 00 00 00 00 00 00 00 00 00 00 00 00 00 00 00 00 00 00 00 00 00 00 00 00 00 00 00 00 00 00 00 00 00 00
00:aa 19 70 cb 02 38 00 00 00 00 00 00 00 00 00 00 00 00 00 00 00 00 00 00 00 00 00 00 00 00 00 00 00 00 00 00 00 00 00 00 00 00 00 00 00 00 00 00 00 00 00 00 00 00 00 00 00 00 00 00 00 00 00 00
00:aa 19 a8 cb 02 38 00 00 00 00 00 00 00 00 00 00 00 00 00 00 00 00 00 00 00 00 00 00 00 00 00 00 00 00 00 00 00 00 00 00 00 00 00 00 00 00 00 00 00 00 00 00 00 00 00 00 00 00 00 00 00 00 00 00
00:aa 19 e0 cb 02 38 00 00 00 00 00 00 00 00 00 00 00 00 00 00 00 00 00 00 00 00 00 00 00 00 00 00 00 00 00 00 00 00 00 00 00 00 00 00 00 00 00 00 00 00 00 00 00 00 00 00 00 00 00 00 00 00 00 00
00:aa 19 18 cc 02 38 00 00 00 00 00 00 00 00 00 00 00 00 00 00 00 00 00 00 00 00 00 00 00 00 00 00 00 00 00 00 00 00 00 00 00 00 00 00 00 00 00 00 00 00 00 00 00 00 00 00 00 00 00 00 00 00 00 00
00:aa 19 50 cc 02 38 00 00 00 00 00 00 00 00 00 00 00 00 00 00 00 00 00 00 00 00 00 00 00 00 00 00 00 00 00 00 00 00 00 00 00 00 00 00 00 00 00 00 00 00 00 00 00 00 00 00 00 00 00 00 00 00 00 00
00:aa 19 88 cc 02 38 00 00 00 00 00 00 00 00 00 00 00 00 00 00 00 00 00 00 00 00 00 00 00 00 00 00 00 00 00 00 00 00 00 00 00 00 00 00 00 00 00 00 00 00 00 00 00 00 00 00 00 00 00 00 00 00 00 00
00:aa 19 c0 cc 02 38 00 00 00 00 00 00 00 00 00 00 00 00 00 00 00 00 00 00 00 00 00 00 00 00 00 00 00 00 00 00 00 00 00 00 00 00 00 00 00 00 00 00 00 00 00 00 00 00 00 00 00 00 00 00 00 00 00 00
00:aa 19 f8 cc 02 38 00 00 00 00 00 00 00 00 00 00 00 00 00 00 00 00 00 00 00 00 00 00 00 00 00 00 00 00 00 00 00 00 00 00 00 00 00 00 00 00 00 00 00 00 00 00 00 00 00 00 00 00 00 00 00 00 00 00
00:aa 1a 00 00 00 00 00 00 00 00 00 00 00 00 00 00 00 00 00 00 00 00 00 00 00 00 00 00 00 00 00 00 00 00 00 00 00 00 00 00 00 00 00 00 00 00 00 00 00 00 00 00 00 00 00 00 00 00 00 00 00 00 00 00
00:aa 10 00 00 00 00 00 00 00 00 00 00 00 00 00 00 00 00 00 00 00 00 00 00 00 00 00 00 00 00 00 00 00 00 00 00 00 00 00 00 00 00 00 00 00 00 00 00 00 00 00 00 00 00 00 00 00 00 00 00 00 00 00 00
00:aa 17 00 00 00 38 00 00 02 00 02 06 00 09 03 01 06 01 06 03 07 04 07 00 00 00 00 00 00 00 00 00 00 00 00 00 00 00 00 00 00 00 00 00 00 00 00 00 00 00 00 00 00 00 00 00 00 00 00 00 00 00 00 00
00:aa 11 00 00 00 00 00 00 00 00 00 00 00 00 00 00 00 00 00 00 00 00 00 00 00 00 00 00 00 00 00 00 00 00 00 00 00 00 00 00 00 00 00 00 00 00 00 00 00 00 00 00 00 00 00 00 00 00 00 00 00 00 00 00
00:aa 11 00 00 00 00 00 00 00 00 00 00 00 00 00 00 00 00 00 00 00 00 00 00 00 00 00 00 00 00 00 00 00 00 00 00 00 00 00 00 00 00 00 00 00 00 00 00 00 00 00 00 00 00 00 00 00 00 00 00 00 00 00 00
00:aa 1c 00 00 00 00 00 00 00 00 00 00 00 00 00 00 00 00 00 00 00 00 00 00 00 00 00 00 00 00 00 00 00 00 00 00 00 00 00 00 00 00 00 00 00 00 00 00 00 00 00 00 00 00 00 00 00 00 00 00 00 00 00 00
00:aa 1c 00 00 00 00 00 00 00 00 00 00 00 00 00 00 00 00 00 00 00 00 00 00 00 00 00 00 00 00 00 00 00 00 00 00 00 00 00 00 00 00 00 00 00 00 00 00 00 00 00 00 00 00 00 00 00 00 00 00 00 00 00 00
00:aa 1c 00 00 00 00 00 00 00 00 00 00 00 00 00 00 00 00 00 00 00 00 00 00 00 00 00 00 00 00 00 00 00 00 00 00 00 00 00 00 00 00 00 00 00 00 00 00 00 00 00 00 00 00 00 00 00 00 00 00 00 00 00 00
00:aa 1c 00 00 00 00 00 00 00 00 00 00 00 00 00 00 00 00 00 00 00 00 00 00 00 00 00 00 00 00 00 00 00 00 00 00 00 00 00 00 00 00 00 00 00 00 00 00 00 00 00 00 00 00 00 00 00 00 00 00 00 00 00 00
00:aa 10 00 00 00 00 00 00 00 00 00 00 00 00 00 00 00 00 00 00 00 00 00 00 00 00 00 00 00 00 00 00 00 00 00 00 00 00 00 00 00 00 00 00 00 00 00 00 00 00 00 00 00 00 00 00 00 00 00 00 00 00 00 00
00:aa 17 00 00 00 38 00 00 02 00 02 06 00 09 03 01 06 01 06 03 07 05 07 00 00 00 00 00 00 00 00 00 00 00 00 00 00 00 00 00 00 00 00 00 00 00 00 00 00 00 00 00 00 00 00 00 00 00 00 00 00 00 00 00
00:aa 11 00 00 00 00 00 00 00 00 00 00 00 00 00 00 00 00 00 00 00 00 00 00 00 00 00 00 00 00 00 00 00 00 00 00 00 00 00 00 00 00 00 00 00 00 00 00 00 00 00 00 00 00 00 00 00 00 00 00 00 00 00 00
00:aa 1c 00 00 00 00 00 00 00 00 00 00 00 00 00 00 00 00 00 00 00 00 00 00 00 00 00 00 00 00 00 00 00 00 00 00 00 00 00 00 00 00 00 00 00 00 00 00 00 00 00 00 00 00 00 00 00 00 00 00 00 00 00 00
00:aa 1c 00 00 00 00 00 00 00 00 00 00 00 00 00 00 00 00 00 00 00 00 00 00 00 00 00 00 00 00 00 00 00 00 00 00 00 00 00 00 00 00 00 00 00 00 00 00 00 00 00 00 00 00 00 00 00 00 00 00 00 00 00 00
00:aa 1c 00 00 00 00 00 00 00 00 00 00 00 00 00 00 00 00 00 00 00 00 00 00 00 00 00 00 00 00 00 00 00 00 00 00 00 00 00 00 00 00 00 00 00 00 00 00 00 00 00 00 00 00 00 00 00 00 00 00 00 00 00 00
00:aa 1c 00 00 00 00 00 00 00 00 00 00 00 00 00 00 00 00 00 00 00 00 00 00 00 00 00 00 00 00 00 00 00 00 00 00 00 00 00 00 00 00 00 00 00 00 00 00 00 00 00 00 00 00 00 00 00 00 00 00 00 00 00 00
00:aa 1c 00 00 00 00 00 00 00 00 00 00 00 00 00 00 00 00 00 00 00 00 00 00 00 00 00 00 00 00 00 00 00 00 00 00 00 00 00 00 00 00 00 00 00 00 00 00 00 00 00 00 00 00 00 00 00 00 00 00 00 00 00 00
00:aa 1c 00 00 00 00 00 00 00 00 00 00 00 00 00 00 00 00 00 00 00 00 00 00 00 00 00 00 00 00 00 00 00 00 00 00 00 00 00 00 00 00 00 00 00 00 00 00 00 00 00 00 00 00 00 00 00 00 00 00 00 00 00 00
00:aa 1c 00 00 00 00 00 00 00 00 00 00 00 00 00 00 00 00 00 00 00 00 00 00 00 00 00 00 00 00 00 00 00 00 00 00 00 00 00 00 00 00 00 00 00 00 00 00 00 00 00 00 00 00 00 00 00 00 00 00 00 00 00 00
00:aa 1c 00 00 00 00 00 00 00 00 00 00 00 00 00 00 00 00 00 00 00 00 00 00 00 00 00 00 00 00 00 00 00 00 00 00 00 00 00 00 00 00 00 00 00 00 00 00 00 00 00 00 00 00 00 00 00 00 00 00 00 00 00 00
00:aa 1c 00 00 00 00 00 00 00 00 00 00 00 00 00 00 00 00 00 00 00 00 00 00 00 00 00 00 00 00 00 00 00 00 00 00 00 00 00 00 00 00 00 00 00 00 00 00 00 00 00 00 00 00 00 00 00 00 00 00 00 00 00 00
00:aa 1c 00 00 00 00 00 00 00 00 00 00 00 00 00 00 00 00 00 00 00 00 00 00 00 00 00 00 00 00 00 00 00 00 00 00 00 00 00 00 00 00 00 00 00 00 00 00 00 00 00 00 00 00 00 00 00 00 00 00 00 00 00 00
00:aa 1c 00 00 00 00 00 00 00 00 00 00 00 00 00 00 00 00 00 00 00 00 00 00 00 00 00 00 00 00 00 00 00 00 00 00 00 00 00 00 00 00 00 00 00 00 00 00 00 00 00 00 00 00 00 00 00 00 00 00 00 00 00 00
00:aa 1c 00 00 00 00 00 00 00 00 00 00 00 00 00 00 00 00 00 00 00 00 00 00 00 00 00 00 00 00 00 00 00 00 00 00 00 00 00 00 00 00 00 00 00 00 00 00 00 00 00 00 00 00 00 00 00 00 00 00 00 00 00 00
00:aa 1c 00 00 00 00 00 00 00 00 00 00 00 00 00 00 00 00 00 00 00 00 00 00 00 00 00 00 00 00 00 00 00 00 00 00 00 00 00 00 00 00 00 00 00 00 00 00 00 00 00 00 00 00 00 00 00 00 00 00 00 00 00 00
00:aa 1c 00 00 00 00 00 00 00 00 00 00 00 00 00 00 00 00 00 00 00 00 00 00 00 00 00 00 00 00 00 00 00 00 00 00 00 00 00 00 00 00 00 00 00 00 00 00 00 00 00 00 00 00 00 00 00 00 00 00 00 00 00 00
00:aa 1c 00 00 00 00 00 00 00 00 00 00 00 00 00 00 00 00 00 00 00 00 00 00 00 00 00 00 00 00 00 00 00 00 00 00 00 00 00 00 00 00 00 00 00 00 00 00 00 00 00 00 00 00 00 00 00 00 00 00 00 00 00 00
00:aa 1c 00 00 00 00 00 00 00 00 00 00 00 00 00 00 00 00 00 00 00 00 00 00 00 00 00 00 00 00 00 00 00 00 00 00 00 00 00 00 00 00 00 00 00 00 00 00 00 00 00 00 00 00 00 00 00 00 00 00 00 00 00 00
00:aa 1c 00 00 00 00 00 00 00 00 00 00 00 00 00 00 00 00 00 00 00 00 00 00 00 00 00 00 00 00 00 00 00 00 00 00 00 00 00 00 00 00 00 00 00 00 00 00 00 00 00 00 00 00 00 00 00 00 00 00 00 00 00 00
00:aa 1c 00 00 00 00 00 00 00 00 00 00 00 00 00 00 00 00 00 00 00 00 00 00 00 00 00 00 00 00 00 00 00 00 00 00 00 00 00 00 00 00 00 00 00 00 00 00 00 00 00 00 00 00 00 00 00 00 00 00 00 00 00 00
00:aa 1c 00 00 00 00 00 00 00 00 00 00 00 00 00 00 00 00 00 00 00 00 00 00 00 00 00 00 00 00 00 00 00 00 00 00 00 00 00 00 00 00 00 00 00 00 00 00 00 00 00 00 00 00 00 00 00 00 00 00 00 00 00 00
00:aa 1c 00 00 00 00 00 00 00 00 00 00 00 00 00 00 00 00 00 00 00 00 00 00 00 00 00 00 00 00 00 00 00 00 00 00 00 00 00 00 00 00 00 00 00 00 00 00 00 00 00 00 00 00 00 00 00 00 00 00 00 00 00 00
00:aa 1c 00 00 00 00 00 00 00 00 00 00 00 00 00 00 00 00 00 00 00 00 00 00 00 00 00 00 00 00 00 00 00 00 00 00 00 00 00 00 00 00 00 00 00 00 00 00 00 00 00 00 00 00 00 00 00 00 00 00 00 00 00 00
00:aa 1b 00 00 00 38 00 00 00 00 00 00 00 00 00 00 00 00 00 00 00 00 00 00 00 00 00 00 00 00 00 00 00 00 00 00 00 00 00 00 00 00 00 00 00 00 00 00 00 00 00 00 00 00 00 00 00 00 00 00 00 00 00 00
00:aa e3 00 00 00 01 00 00 03 00 00 00 00 00 00 00 00 00 00 00 00 00 00 00 00 00 00 00 00 00 00 00
00:aa 14 00 00 00 38 00 00 00 00 00 00 00 00 00 00 00 00 00 00 00 00 00 00 00 00 00 00 00 00 00 00 00 00 00 00 00 00 00 00 00 00 00 00 00 00 00 00 00 00 00 00 00 00 00 00 00 00 00 00 00 00 00 00
00:aa 15 00 00 00 38 00 00 00 03 03 00 00 c8 41 00 01 00 c8 41 00 02 00 30 cd 00 00 00 00 00 00 00 00 00 00 00 00 00 00 00 00 00 00 00 00 00 00 00 00 00 00 00 00 00 00 00 00 00 00 00 00 00 00 00
00:aa 15 38 00 00 38 00 00 00 00 00 00 00 00 00 00 00 00 00 00 00 00 00 00 00 00 00 00 00 00 00 00 00 00 00 00 00 00 00 00 00 00 00 00 00 00 00 00 00 00 00 00 00 00 00 00 00 00 00 00 00 00 00 00
00:aa 15 70 00 00 10 00 00 00 00 00 00 00 00 00 00 00 00 00 00 00 00 00 00 00 00 00 00 00 00 00 00 00 00 00 00 00 00 00 00 00 00 00 00 00 00 00 00 00 00 00 00 00 00 00 00 00 00 00 00 00 00 00 00
00:aa 16 00 00 00 38 00 00 00 00 00 00 00 00 00 00 00 00 00 00 00 00 00 00 00 00 00 00 00 00 00 00 00 00 00 00 00 00 00 00 00 00 00 00 00 00 00 00 00 00 00 00 00 00 00 00 00 00 00 00 00 00 00 00
00:aa 18 00 00 00 01 00 00 03 00 00 00 00 00 00 00 00 00 00 00 00 00 00 00 00 00 00 00 00 00 00 00 00 00 00 00 00 00 00 00 00 00 00 00 00 00 00 00 00 00 00 00 00 00 00 00 00 00 00 00 00 00 00 00
00:aa 19 00 00 00 38 00 00 51 47 49 46 00 27 00 01 3b 21 ff ff ff ff ff ff ff ff ff ff ff ff ff ff ff ff ff ff ff ff ff ff ff ff ff ff ff ff ff ff ff ff ff ff ff ff ff ff ff ff ff ff ff ff ff ff
00:aa 19 38 00 00 38 00 00 ff ff ff ff ff ff ff ff ff ff ff ff ff ff ff ff ff ff ff ff ff ff ff ff ff ff ff ff ff ff ff ff ff ff ff ff ff ff ff ff ff ff ff ff ff ff ff ff ff ff ff ff ff ff ff ff
00:aa 19 70 00 00 38 00 00 ff ff ff ff ff ff ff ff ff ff ff ff ff ff ff ff ff ff ff ff ff ff ff ff ff ff ff ff ff ff ff ff ff ff ff ff ff ff ff ff ff ff ff ff ff ff ff ff ff ff ff ff ff ff ff ff
00:aa 19 a8 00 00 38 00 00 ff ff ff ff ff ff ff ff ff ff ff ff ff ff ff ff ff ff ff ff ff ff ff ff ff ff ff ff ff ff ff ff ff ff ff ff ff ff ff ff ff ff ff ff ff ff ff ff ff ff ff ff ff ff ff ff
00:aa 19 e0 00 00 38 00 00 ff ff ff ff ff ff ff ff ff ff ff ff ff ff ff ff ff ff ff ff ff ff ff ff ff ff ff ff ff ff ff ff ff ff ff ff ff ff ff ff ff 00 00 00 00 00 00 00 00 00 00 00 00 00 00 00
00:aa 19 18 01 00 38 00 00 00 00 00 00 00 00 00 00 00 00 00 00 00 00 00 00 00 00 00 00 00 00 00 00 00 00 00 00 00 00 00 00 00 00 00 00 00 00 00 00 00 00 00 00 00 00 00 00 00 00 00 00 00 00 00 00
00:aa 19 50 01 00 38 00 00 00 00 00 00 00 00 00 00 00 00 00 00 00 00 00 00 00 00 00 00 00 00 00 00 00 00 00 00 00 00 00 00 00 00 00 00 00 00 00 00 00 00 00 00 00 00 00 00 00 00 00 00 00 00 00 00
00:aa 19 88 01 00 38 00 00 00 00 00 00 00 00 00 00 00 00 00 00 00 00 00 00 00 00 00 00 00 00 00 00 00 00 00 00 00 00 00 00 00 00 00 00 00 00 00 00 00 00 00 00 00 00 00 00 00 00 00 00 00 00 00 00
00:aa 19 c0 01 00 38 00 00 00 00 00 00 00 00 00 00 00 00 00 00 00 00 00 00 00 00 00 00 00 00 00 00 00 00 00 00 00 00 00 00 00 00 00 00 00 00 00 00 00 00 00 00 00 00 00 00 00 00 00 00 00 00 00 00
00:aa 19 f8 01 00 38 00 00 00 00 00 00 00 00 00 00 00 00 00 00 00 00 00 00 00 00 00 00 00 00 00 00 00 00 00 00 00 00 00 00 00 00 00 00 00 00 00 00 00 00 00 00 00 00 00 00 00 00 00 00 00 00 00 00
00:aa 19 30 02 00 38 00 00 00 00 00 00 00 00 00 00 00 00 00 00 00 00 00 00 00 00 00 00 00 00 00 00 00 00 00 00 00 00 00 00 00 00 00 00 00 00 00 00 00 00 00 00 00 00 00 00 00 00 00 00 00 00 00 00
00:aa 19 68 02 00 38 00 00 00 00 00 00 00 00 00 00 00 00 00 00 00 00 00 00 00 00 00 00 00 00 00 00 00 00 00 00 00 00 00 00 00 00 00 00 00 00 00 00 00 00 00 00 00 00 00 00 00 00 00 00 00 00 00 00
00:aa 19 a0 02 00 38 00 00 00 00 00 00 00 00 00 00 00 00 00 00 00 00 00 00 00 00 00 00 00 00 00 00 00 00 00 00 00 00 00 00 00 00 00 00 00 00 00 00 00 00 00 00 00 00 00 00 00 00 00 00 00 00 00 00
00:aa 19 d8 02 00 38 00 00 00 00 00 00 00 00 00 00 00 00 00 00 00 00 00 00 00 00 00 00 00 00 00 00 00 00 00 00 00 00 00 00 00 00 00 00 00 00 00 00 00 00 00 00 00 00 00 00 00 00 00 00 00 00 00 00
00:aa 19 10 03 00 38 00 00 00 00 00 00 00 00 00 00 00 00 00 00 00 00 00 00 00 00 00 00 00 00 00 00 00 00 00 00 00 00 00 00 00 00 00 00 00 00 00 00 00 00 00 00 00 00 00 00 00 00 00 00 00 00 00 00
00:aa 19 48 03 00 38 00 00 00 00 00 00 00 00 00 00 00 00 00 00 00 00 00 00 00 00 00 00 00 00 00 00 00 00 00 00 00 00 00 00 00 00 00 00 00 00 00 00 00 00 00 00 00 00 00 00 00 00 00 00 00 00 00 00
00:aa 19 80 03 00 38 00 00 00 00 00 00 00 00 00 00 00 00 00 00 00 00 00 00 00 00 00 00 00 00 00 00 00 00 00 00 00 00 00 00 00 00 00 00 00 00 00 00 00 00 00 00 00 00 00 00 00 00 00 00 00 00 00 00
00:aa 19 b8 03 00 38 00 00 00 00 00 00 00 00 00 00 00 00 00 00 00 00 00 00 00 00 00 00 00 00 00 00 00 00 00 00 00 00 00 00 00 00 00 00 00 00 00 00 00 00 00 00 00 00 00 00 00 00 00 00 00 00 00 00
00:aa 19 f0 03 00 38 00 00 00 00 00 00 00 00 00 00 00 00 00 00 00 00 00 00 00 00 00 00 00 00 00 00 00 00 00 00 00 00 00 00 00 00 00 00 00 00 00 00 00 00 00 00 00 00 00 00 00 00 00 00 00 00 00 00
00:aa 19 28 04 00 38 00 00 00 00 00 00 00 00 00 00 00 00 00 00 00 00 00 00 00 00 00 00 00 00 00 00 00 00 00 00 00 00 00 00 00 00 00 00 00 00 00 00 00 00 00 00 00 00 00 00 00 00 00 00 00 00 00 00
00:aa 19 60 04 00 38 00 00 00 00 00 00 00 00 00 00 00 00 00 00 00 00 00 00 00 00 00 00 00 00 00 00 00 00 00 00 00 00 00 00 00 00 00 00 00 00 00 00 00 00 00 00 00 00 00 00 00 00 00 00 00 00 00 00
00:aa 19 98 04 00 38 00 00 00 00 00 00 00 00 00 00 00 00 00 00 00 00 00 00 00 00 00 00 00 00 00 00 00 00 00 00 00 00 00 00 00 00 00 00 00 00 00 00 00 00 00 00 00 00 00 00 00 00 00 00 00 00 00 00
00:aa 19 d0 04 00 38 00 00 00 00 00 00 00 00 00 00 00 00 00 00 00 00 00 00 00 00 00 00 00 00 00 00 00 00 00 00 00 00 00 00 00 00 00 00 00 00 00 00 00 00 00 00 00 00 00 00 00 00 00 00 00 00 00 00
00:aa 19 08 05 00 38 00 00 00 00 00 00 00 00 00 00 00 00 00 00 00 00 00 00 00 00 00 00 00 00 00 00 00 00 00 00 00 00 00 00 00 00 00 00 00 00 00 00 00 00 00 00 00 00 00 00 00 00 00 00 00 00 00 00
00:aa 19 40 05 00 38 00 00 00 00 00 00 00 00 00 00 00 00 00 00 00 00 00 00 00 00 00 00 00 00 00 00 00 00 00 00 00 00 00 00 00 00 00 00 00 00 00 00 00 00 00 00 00 00 00 00 00 00 00 00 00 00 00 00
00:aa 19 78 05 00 38 00 00 00 00 00 00 00 00 00 00 00 00 00 00 00 00 00 00 00 00 00 00 00 00 00 00 00 00 00 00 00 00 00 00 00 00 00 00 00 00 00 00 00 00 00 00 00 00 00 00 00 00 00 00 00 00 00 00
00:aa 19 b0 05 00 38 00 00 00 00 00 00 00 00 00 00 00 00 00 00 00 00 00 00 00 00 00 00 00 00 00 00 00 00 00 00 00 00 00 00 00 00 00 00 00 00 00 00 00 00 00 00 00 00 00 00 00 00 00 00 00 00 00 00
00:aa 19 e8 05 00 38 00 00 00 00 00 00 00 00 00 00 00 00 00 00 00 00 00 00 00 00 00 00 00 00 00 00 00 00 00 00 00 00 00 00 00 00 00 00 00 00 00 00 00 00 00 00 00 00 00 00 00 00 00 00 00 00 00 00
00:aa 19 20 06 00 38 00 00 00 00 00 00 00 00 00 00 00 00 00 00 00 00 00 00 00 00 00 00 00 00 00 00 00 00 00 00 00 00 00 00 00 00 00 00 00 00 00 00 00 00 00 00 00 00 00 00 00 00 00 00 00 00 00 00
00:aa 19 58 06 00 38 00 00 00 00 00 00 00 00 00 00 00 00 00 00 00 00 00 00 00 00 00 00 00 00 00 00 00 00 00 00 00 00 00 00 00 00 00 00 00 00 00 00 00 00 00 00 00 00 00 00 00 00 00 00 00 00 00 00
00:aa 19 90 06 00 38 00 00 00 00 00 00 00 00 00 00 00 00 00 00 00 00 00 00 00 00 00 00 00 00 00 00 00 00 00 00 00 00 00 00 00 00 00 00 00 00 00 00 00 00 00 00 00 00 00 00 00 00 00 00 00 00 00 00
00:aa 19 c8 06 00 38 00 00 00 00 00 00 00 00 00 00 00 00 00 00 00 00 00 00 00 00 00 00 00 00 00 00 00 00 00 00 00 00 00 00 00 00 00 00 00 00 00 00 00 00 00 00 00 00 00 00 00 00 00 00 00 00 00 00
00:aa 19 00 07 00 38 00 00 00 00 00 00 00 00 00 00 00 00 00 00 00 00 00 00 00 00 00 00 00 00 00 00 00 00 00 00 00 00 00 00 00 00 00 00 00 00 00 00 00 00 00 00 00 00 00 00 00 00 00 00 00 00 00 00
00:aa 19 38 07 00 38 00 00 00 00 00 00 00 00 00 00 00 00 00 00 00 00 00 00 00 00 00 00 00 00 00 00 00 00 00 00 00 00 00 00 00 00 00 00 00 00 00 00 00 00 00 00 00 00 00 00 00 00 00 00 00 00 00 00
00:aa 19 70 07 00 38 00 00 00 00 00 00 00 00 00 00 00 00 00 00 00 00 00 00 00 00 00 00 00 00 00 00 00 00 00 00 00 00 00 00 00 00 00 00 00 00 00 00 00 00 00 00 00 00 00 00 00 00 00 00 00 00 00 00
00:aa 19 a8 07 00 38 00 00 00 00 00 00 00 00 00 00 00 00 00 00 00 00 00 00 00 00 00 00 00 00 00 00 00 00 00 00 00 00 00 00 00 00 00 00 00 00 00 00 00 00 00 00 00 00 00 00 00 00 00 00 00 00 00 00
00:aa 19 e0 07 00 38 00 00 00 00 00 00 00 00 00 00 00 00 00 00 00 00 00 00 00 00 00 00 00 00 00 00 00 00 00 00 00 00 00 00 00 00 00 00 00 00 00 00 00 00 00 00 00 00 00 00 00 00 00 00 00 00 00 00
00:aa 19 18 08 00 38 00 00 00 00 00 00 00 00 00 00 00 00 00 00 00 00 00 00 00 00 00 00 00 00 00 00 00 00 00 00 00 00 00 00 00 00 00 00 00 00 00 00 00 00 00 00 00 00 00 00 00 00 00 00 00 00 00 00
00:aa 19 50 08 00 38 00 00 00 00 00 00 00 00 00 00 00 00 00 00 00 00 00 00 00 00 00 00 00 00 00 00 00 00 00 00 00 00 00 00 00 00 00 00 00 00 00 00 00 00 00 00 00 00 00 00 00 00 00 00 00 00 00 00
00:aa 19 88 08 00 38 00 00 00 00 00 00 00 00 00 00 00 00 00 00 00 00 00 00 00 00 00 00 00 00 00 00 00 00 00 00 00 00 00 00 00 00 00 00 00 00 00 00 00 00 00 00 00 00 00 00 00 00 00 00 00 00 00 00
00:aa 19 c0 08 00 38 00 00 00 00 00 00 00 00 00 00 00 00 00 00 00 00 00 00 00 00 00 00 00 00 00 00 00 00 00 00 00 00 00 00 00 00 00 00 00 00 00 00 00 00 00 00 00 00 00 00 00 00 00 00 00 00 00 00
00:aa 19 f8 08 00 38 00 00 00 00 00 00 00 00 00 00 00 00 00 00 00 00 00 00 00 00 00 00 00 00 00 00 00 00 00 00 00 00 00 00 00 00 00 00 00 00 00 00 00 00 00 00 00 00 00 00 00 00 00 00 00 00 00 00
00:aa 19 30 09 00 38 00 00 00 00 00 00 00 00 00 00 00 00 00 00 00 00 00 00 00 00 00 00 00 00 00 00 00 00 00 00 00 00 00 00 00 00 00 00 00 00 00 00 00 00 00 00 00 00 00 00 00 00 00 00 00 00 00 00
00:aa 19 68 09 00 38 00 00 00 00 00 00 00 00 00 00 00 00 00 00 00 00 00 00 00 00 00 00 00 00 00 00 00 00 00 00 00 00 00 00 00 00 00 00 00 00 00 00 00 00 00 00 00 00 00 00 00 00 00 00 00 00 00 00
00:aa 19 a0 09 00 38 00 00 00 00 00 00 00 00 00 00 00 00 00 00 00 00 00 00 00 00 00 00 00 00 00 00 00 00 00 00 00 00 00 00 00 00 00 00 00 00 00 00 00 00 00 00 00 00 00 00 00 00 00 00 00 00 00 00
00:aa 19 d8 09 00 38 00 00 00 00 00 00 00 00 00 00 00 00 00 00 00 00 00 00 00 00 00 00 00 00 00 00 00 00 00 00 00 00 00 00 00 00 00 00 00 00 00 00 00 00 00 00 00 00 00 00 00 00 00 00 00 00 00 00
00:aa 19 10 0a 00 38 00 00 00 00 00 00 00 00 00 00 00 00 00 00 00 00 00 00 00 00 00 00 00 00 00 00 00 00 00 00 00 00 00 00 00 00 00 00 00 00 00 00 00 00 00 00 00 00 00 00 00 00 00 00 00 00 00 00
00:aa 19 48 0a 00 38 00 00 00 00 00 00 00 00 00 00 00 00 00 00 00 00 00 00 00 00 00 00 00 00 00 00 00 00 00 00 00 00 00 00 00 00 00 00 00 00 00 00 00 00 00 00 00 00 00 00 00 00 00 00 00 00 00 00
00:aa 19 80 0a 00 38 00 00 00 00 00 00 00 00 00 00 00 00 00 00 00 00 00 00 00 00 00 00 00 00 00 00 00 00 00 00 00 00 00 00 00 00 00 00 00 00 00 00 00 00 00 00 00 00 00 00 00 00 00 00 00 00 00 00
00:aa 19 b8 0a 00 38 00 00 00 00 00 00 00 00 00 00 00 00 00 00 00 00 00 00 00 00 00 00 00 00 00 00 00 00 00 00 00 00 00 00 00 00 00 00 00 00 00 00 00 00 00 00 00 00 00 00 00 00 00 00 00 00 00 00
00:aa 19 f0 0a 00 38 00 00 00 00 00 00 00 00 00 00 00 00 00 00 00 00 00 00 00 00 00 00 00 00 00 00 00 00 00 00 00 00 00 00 00 00 00 00 00 00 00 00 00 00 00 00 00 00 00 00 00 00 00 00 00 00 00 00
00:aa 19 28 0b 00 38 00 00 00 00 00 00 00 00 00 00 00 00 00 00 00 00 00 00 00 00 00 00 00 00 00 00 00 00 00 00 00 00 00 00 00 00 00 00 00 00 00 00 00 00 00 00 00 00 00 00 00 00 00 00 00 00 00 00
00:aa 19 60 0b 00 38 00 00 00 00 00 00 00 00 00 00 00 00 00 00 00 00 00 00 00 00 00 00 00 00 00 00 00 00 00 00 00 00 00 00 00 00 00 00 00 00 00 00 00 00 00 00 00 00 00 00 00 00 00 00 00 00 00 00
00:aa 19 98 0b 00 38 00 00 00 00 00 00 00 00 00 00 00 00 00 00 00 00 00 00 00 00 00 00 00 00 00 00 00 00 00 00 00 00 00 00 00 00 00 00 00 00 00 00 00 00 00 00 00 00 00 00 00 00 00 00 00 00 00 00
00:aa 19 d0 0b 00 38 00 00 00 00 00 00 00 00 00 00 00 00 00 00 00 00 00 00 00 00 00 00 00 00 00 00 00 00 00 00 00 00 00 00 00 00 00 00 00 00 00 00 00 00 00 00 00 00 00 00 00 00 00 00 00 00 00 00
00:aa 19 08 0c 00 38 00 00 00 00 00 00 00 00 00 00 00 00 00 00 00 00 00 00 00 00 00 00 00 00 00 00 00 00 00 00 00 00 00 00 00 00 00 00 00 00 00 00 00 00 00 00 00 00 00 00 00 00 00 00 00 00 00 00
00:aa 19 40 0c 00 38 00 00 00 00 00 00 00 00 00 00 00 00 00 00 00 00 00 00 00 00 00 00 00 00 00 00 00 00 00 00 00 00 00 00 00 00 00 00 00 00 00 00 00 00 00 00 00 00 00 00 00 00 00 00 00 00 00 00
00:aa 19 78 0c 00 38 00 00 00 00 00 00 00 00 00 00 00 00 00 00 00 00 00 00 00 00 00 00 00 00 00 00 00 00 00 00 00 00 00 00 00 00 00 00 00 00 00 00 00 00 00 00 00 00 00 00 00 00 00 00 00 00 00 00
00:aa 19 b0 0c 00 38 00 00 00 00 00 00 00 00 00 00 00 00 00 00 00 00 00 00 00 00 00 00 00 00 00 00 00 00 00 00 00 00 00 00 00 00 00 00 00 00 00 00 00 00 00 00 00 00 00 00 00 00 00 00 00 00 00 00
00:aa 19 e8 0c 00 38 00 00 00 00 00 00 00 00 00 00 00 00 00 00 00 00 00 00 00 00 00 00 00 00 00 00 00 00 00 00 00 00 00 00 00 00 00 00 00 00 00 00 00 00 00 00 00 00 00 00 00 00 00 00 00 00 00 00
00:aa 19 20 0d 00 38 00 00 00 00 00 00 00 00 00 00 00 00 00 00 00 00 00 00 00 00 00 00 00 00 00 00 00 00 00 00 00 00 00 00 00 00 00 00 00 00 00 00 00 00 00 00 00 00 00 00 00 00 00 00 00 00 00 00
00:aa 19 58 0d 00 38 00 00 00 00 00 00 00 00 00 00 00 00 00 00 00 00 00 00 00 00 00 00 00 00 00 00 00 00 00 00 00 00 00 00 00 00 00 00 00 00 00 00 00 00 00 00 00 00 00 00 00 00 00 00 00 00 00 00
00:aa 19 90 0d 00 38 00 00 00 00 00 00 00 00 00 00 00 00 00 00 00 00 00 00 00 00 00 00 00 00 00 00 00 00 00 00 00 00 00 00 00 00 00 00 00 00 00 00 00 00 00 00 00 00 00 00 00 00 00 00 00 00 00 00
00:aa 19 c8 0d 00 38 00 00 00 00 00 00 00 00 00 00 00 00 00 00 00 00 00 00 00 00 00 00 00 00 00 00 00 00 00 00 00 00 00 00 00 00 00 00 00 00 00 00 00 00 00 00 00 00 00 00 00 00 00 00 00 00 00 00
00:aa 19 00 0e 00 38 00 00 00 00 00 00 00 00 00 00 00 00 00 00 00 00 00 00 00 00 00 00 00 00 00 00 00 00 00 00 00 00 00 00 00 00 00 00 00 00 00 00 00 00 00 00 00 00 00 00 00 00 00 00 00 00 00 00
00:aa 19 38 0e 00 38 00 00 00 00 00 00 00 00 00 00 00 00 00 00 00 00 00 00 00 00 00 00 00 00 00 00 00 00 00 00 00 00 00 00 00 00 00 00 00 00 00 00 00 00 00 00 00 00 00 00 00 00 00 00 00 00 00 00
00:aa 19 70 0e 00 38 00 00 00 00 00 00 00 00 00 00 00 00 00 00 00 00 00 00 00 00 00 00 00 00 00 00 00 00 00 00 00 00 00 00 00 00 00 00 00 00 00 00 00 00 00 00 00 00 00 00 00 00 00 00 00 00 00 00
00:aa 19 a8 0e 00 38 00 00 00 00 00 00 00 00 00 00 00 00 00 00 00 00 00 00 00 00 00 00 00 00 00 00 00 00 00 00 00 00 00 00 00 00 00 00 00 00 00 00 00 00 00 00 00 00 00 00 00 00 00 00 00 00 00 00
00:aa 19 e0 0e 00 38 00 00 00 00 00 00 00 00 00 00 00 00 00 00 00 00 00 00 00 00 00 00 00 00 00 00 00 00 00 00 00 00 00 00 00 00 00 00 00 00 00 00 00 00 00 00 00 00 00 00 00 00 00 00 00 00 00 00
00:aa 19 18 0f 00 38 00 00 00 00 00 00 00 00 00 00 00 00 00 00 00 00 00 00 00 00 00 00 00 00 00 00 00 00 00 00 00 00 00 00 00 00 00 00 00 00 00 00 00 00 00 00 00 00 00 00 00 00 00 00 00 00 00 00
00:aa 19 50 0f 00 38 00 00 00 00 00 00 00 00 00 00 00 00 00 00 00 00 00 00 00 00 00 00 00 00 00 00 00 00 00 00 00 00 00 00 00 00 00 00 00 00 00 00 00 00 00 00 00 00 00 00 00 00 00 00 00 00 00 00
00:aa 19 88 0f 00 38 00 00 00 00 00 00 00 00 00 00 00 00 00 00 00 00 00 00 00 00 00 00 00 00 00 00 00 00 00 00 00 00 00 00 00 00 00 00 00 00 00 00 00 00 00 00 00 00 00 00 00 00 00 00 00 00 00 00
00:aa 19 c0 0f 00 38 00 00 00 00 00 00 00 00 00 00 00 00 00 00 00 00 00 00 00 00 00 00 00 00 00 00 00 00 00 00 00 00 00 00 00 00 00 00 00 00 00 00 00 00 00 00 00 00 00 00 00 00 00 00 00 00 00 00
00:aa 19 f8 0f 00 38 00 00 00 00 00 00 00 00 00 00 00 00 00 00 00 00 00 00 00 00 00 00 00 00 00 00 00 00 00 00 00 00 00 00 00 00 00 00 00 00 00 00 00 00 00 00 00 00 00 00 00 00 00 00 00 00 00 00
00:aa 19 30 10 00 38 00 00 00 00 00 00 00 00 00 00 00 00 00 00 00 00 00 00 00 00 00 00 00 00 00 00 00 00 00 00 00 00 00 00 00 00 00 00 00 00 00 00 00 00 00 00 00 00 00 00 00 00 00 00 00 00 00 00
00:aa 19 68 10 00 38 00 00 00 00 00 00 00 00 00 00 00 00 00 00 00 00 00 00 00 00 00 00 00 00 00 00 00 00 00 00 00 00 00 00 00 00 00 00 00 00 00 00 00 00 00 00 00 00 00 00 00 00 00 00 00 00 00 00
00:aa 19 a0 10 00 38 00 00 00 00 00 00 00 00 00 00 00 00 00 00 00 00 00 00 00 00 00 00 00 00 00 00 00 00 00 00 00 00 00 00 00 00 00 00 00 00 00 00 00 00 00 00 00 00 00 00 00 00 00 00 00 00 00 00
00:aa 19 d8 10 00 38 00 00 00 00 00 00 00 00 00 00 00 00 00 00 00 00 00 00 00 00 00 00 00 00 00 00 00 00 00 00 00 00 00 00 00 00 00 00 00 00 00 00 00 00 00 00 00 00 00 00 00 00 00 00 00 00 00 00
00:aa 19 10 11 00 38 00 00 00 00 00 00 00 00 00 00 00 00 00 00 00 00 00 00 00 00 00 00 00 00 00 00 00 00 00 00 00 00 00 00 00 00 00 00 00 00 00 00 00 00 00 00 00 00 00 00 00 00 00 00 00 00 00 00
00:aa 19 48 11 00 38 00 00 00 00 00 00 00 00 00 00 00 00 00 00 00 00 00 00 00 00 00 00 00 00 00 00 00 00 00 00 00 00 00 00 00 00 00 00 00 00 00 00 00 00 00 00 00 00 00 00 00 00 00 00 00 00 00 00
00:aa 19 80 11 00 38 00 00 00 00 00 00 00 00 00 00 00 00 00 00 00 00 00 00 00 00 00 00 00 00 00 00 00 00 00 00 00 00 00 00 00 00 00 00 00 00 00 00 00 00 00 00 00 00 00 00 00 00 00 00 00 00 00 00
00:aa 19 b8 11 00 38 00 00 00 00 00 00 00 00 00 00 00 00 00 00 00 00 00 00 00 00 00 00 00 00 00 00 00 00 00 00 00 00 00 00 00 00 00 00 00 00 00 00 00 00 00 00 00 00 00 00 00 00 00 00 00 00 00 00
00:aa 19 f0 11 00 38 00 00 00 00 00 00 00 00 00 00 00 00 00 00 00 00 00 00 00 00 00 00 00 00 00 00 00 00 00 00 00 00 00 00 00 00 00 00 00 00 00 00 00 00 00 00 00 00 00 00 00 00 00 00 00 00 00 00
00:aa 19 28 12 00 38 00 00 00 00 00 00 00 00 00 00 00 00 00 00 00 00 00 00 00 00 00 00 00 00 00 00 00 00 00 00 00 00 00 00 00 00 00 00 00 00 00 00 00 00 00 00 00 00 00 00 00 00 00 00 00 00 00 00
00:aa 19 60 12 00 38 00 00 00 00 00 00 00 00 00 00 00 00 00 00 00 00 00 00 00 00 00 00 00 00 00 00 00 00 00 00 00 00 00 00 00 00 00 00 00 00 00 00 00 00 00 00 00 00 00 00 00 00 00 00 00 00 00 00
00:aa 19 98 12 00 38 00 00 00 00 00 00 00 00 00 00 00 00 00 00 00 00 00 00 00 00 00 00 00 00 00 00 00 00 00 00 00 00 00 00 00 00 00 00 00 00 00 00 00 00 00 00 00 00 00 00 00 00 00 00 00 00 00 00
00:aa 19 d0 12 00 38 00 00 00 00 00 00 00 00 00 00 00 00 00 00 00 00 00 00 00 00 00 00 00 00 00 00 00 00 00 00 00 00 00 00 00 00 00 00 00 00 00 00 00 00 00 00 00 00 00 00 00 00 00 00 00 00 00 00
00:aa 19 08 13 00 38 00 00 00 00 00 00 00 00 00 00 00 00 00 00 00 00 00 00 00 00 00 00 00 00 00 00 00 00 00 00 00 00 00 00 00 00 00 00 00 00 00 00 00 00 00 00 00 00 00 00 00 00 00 00 00 00 00 00
00:aa 19 40 13 00 38 00 00 00 00 00 00 00 00 00 00 00 00 00 00 00 00 00 00 00 00 00 00 00 00 00 00 00 00 00 00 00 00 00 00 00 00 00 00 00 00 00 00 00 00 00 00 00 00 00 00 00 00 00 00 00 00 00 00
00:aa 19 78 13 00 38 00 00 00 00 00 00 00 00 00 00 00 00 00 00 00 00 00 00 00 00 00 00 00 00 00 00 00 00 00 00 00 00 00 00 00 00 00 00 00 00 00 00 00 00 00 00 00 00 00 00 00 00 00 00 00 00 00 00
00:aa 19 b0 13 00 38 00 00 00 00 00 00 00 00 00 00 00 00 00 00 00 00 00 00 00 00 00 00 00 00 00 00 00 00 00 00 00 00 00 00 00 00 00 00 00 00 00 00 00 00 00 00 00 00 00 00 00 00 00 00 00 00 00 00
00:aa 19 e8 13 00 38 00 00 00 00 00 00 00 00 00 00 00 00 00 00 00 00 00 00 00 00 00 00 00 00 00 00 00 00 00 00 00 00 00 00 00 00 00 00 00 00 00 00 00 00 00 00 00 00 00 00 00 00 00 00 00 00 00 00
00:aa 19 20 14 00 38 00 00 00 00 00 00 00 00 00 00 00 00 00 00 00 00 00 00 00 00 00 00 00 00 00 00 00 00 00 00 00 00 00 00 00 00 00 00 00 00 00 00 00 00 00 00 00 00 00 00 00 00 00 00 00 00 00 00
00:aa 19 58 14 00 38 00 00 00 00 00 00 00 00 00 00 00 00 00 00 00 00 00 00 00 00 00 00 00 00 00 00 00 00 00 00 00 00 00 00 00 00 00 00 00 00 00 00 00 00 00 00 00 00 00 00 00 00 00 00 00 00 00 00
00:aa 19 90 14 00 38 00 00 00 00 00 00 00 00 00 00 00 00 00 00 00 00 00 00 00 00 00 00 00 00 00 00 00 00 00 00 00 00 00 00 00 00 00 00 00 00 00 00 00 00 00 00 00 00 00 00 00 00 00 00 00 00 00 00
00:aa 19 c8 14 00 38 00 00 00 00 00 00 00 00 00 00 00 00 00 00 00 00 00 00 00 00 00 00 00 00 00 00 00 00 00 00 00 00 00 00 00 00 00 00 00 00 00 00 00 00 00 00 00 00 00 00 00 00 00 00 00 00 00 00
00:aa 19 00 15 00 38 00 00 00 00 00 00 00 00 00 00 00 00 00 00 00 00 00 00 00 00 00 00 00 00 00 00 00 00 00 00 00 00 00 00 00 00 00 00 00 00 00 00 00 00 00 00 00 00 00 00 00 00 00 00 00 00 00 00
00:aa 19 38 15 00 38 00 00 00 00 00 00 00 00 00 00 00 00 00 00 00 00 00 00 00 00 00 00 00 00 00 00 00 00 00 00 00 00 00 00 00 00 00 00 00 00 00 00 00 00 00 00 00 00 00 00 00 00 00 00 00 00 00 00
00:aa 19 70 15 00 38 00 00 00 00 00 00 00 00 00 00 00 00 00 00 00 00 00 00 00 00 00 00 00 00 00 00 00 00 00 00 00 00 00 00 00 00 00 00 00 00 00 00 00 00 00 00 00 00 00 00 00 00 00 00 00 00 00 00
00:aa 19 a8 15 00 38 00 00 00 ff ff 00 00 55 55 00 00 ff ff 00 00 55 55 00 00 ff ff 00 00 55 55 00 00 ff ff 00 00 55 55 00 00 ff ff 00 00 55 55 00 00 ff ff 00 00 55 55 00 00 ff ff 00 00 55 55 00
00:aa 19 e0 15 00 38 00 00 00 ff ff 00 00 55 55 00 00 ff ff 00 00 55 55 00 00 ff ff 00 00 55 55 00 00 ff ff 00 00 55 55 00 00 ff ff 00 00 55 55 00 00 ff ff 00 00 55 55 02 00 9d f7 00 00 55 55 8b
00:aa 19 18 16 00 38 00 00 00 ff ff 00 00 55 55 80 00 ff ff 00 00 55 55 0e 0a bd f7 00 00 55 55 8e 82 bd ff 00 00 55 55 b2 80 ff ff 00 00 55 55 8b 02 fa e6 00 00 55 55 33 82 d6 bd 00 00 55 55 00
00:aa 19 50 16 00 38 00 00 00 ff ff 00 00 55 55 00 00 ff ff 00 00 55 55 00 00 ff ff 00 00 55 55 00 00 ff ff 00 00 55 55 00 00 ff ff 00 00 55 55 00 00 ff ff 00 00 55 55 00 00 ff ff 00 00 55 55 00
00:aa 19 88 16 00 38 00 00 00 ff ff 00 00 55 55 00 00 ff ff 00 00 55 55 00 00 ff ff 00 00 55 55 00 00 ff ff 00 00 55 55 00 00 ff ff 00 00 55 55 00 00 ff ff 00 00 55 55 00 00 ff ff 00 00 55 55 00
00:aa 19 c0 16 00 38 00 00 00 ff ff 00 00 55 55 00 00 ff ff 00 00 55 55 00 00 ff ff 00 00 55 55 00 00 ff ff 00 00 55 55 00 00 ff ff 00 00 55 55 00 00 ff ff 00 00 55 55 00 00 ff ff 00 00 55 55 00
00:aa 19 f8 16 00 38 00 00 00 ff ff 00 00 55 55 00 00 ff ff 00 00 55 55 00 00 ff ff 00 00 55 55 00 00 ff ff 00 00 55 55 00 00 ff ff 00 00 55 55 00 00 ff ff 00 00 55 55 00 00 ff ff 00 00 55 55 00
00:aa 19 30 17 00 38 00 00 00 ff ff 00 00 55 55 00 00 ff ff 00 00 55 55 00 00 ff ff 00 00 55 55 00 00 ff ff 00 00 55 55 00 00 ff ff 00 00 55 55 00 00 ff ff 00 00 55 55 00 00 ff ff 00 00 55 55 00
00:aa 19 68 17 00 38 00 00 00 ff ff 00 00 55 55 00 00 ff ff 00 00 55 55 00 00 ff ff 00 00 55 55 00 00 ff ff 00 00 55 55 00 00 ff ff 00 00 00 00 00 00 ff ff 00 00 00 00 00 00 ff ff 00 00 00 00 00
00:aa 19 a0 17 00 38 00 00 00 ff ff 00 00 00 00 00 00 ff ff 00 00 00 00 00 00 ff ff 00 00 00 00 00 00 ff ff 00 00 00 00 00 00 ff ff 00 00 00 00 00 00 ff ff 00 00 00 00 00 00 ff ff 00 00 00 00 00
00:aa 19 d8 17 00 38 00 00 00 ff ff 00 00 00 00 00 00 ff ff 00 00 00 00 00 00 ff ff 00 00 00 00 00 00 ff ff 00 00 00 00 00 00 ff ff 00 00 00 00 00 00 ff ff 00 00 00 00 00 00 ff ff 00 00 00 00 00
00:aa 19 10 18 00 38 00 00 00 ff ff 00 00 00 00 00 00 ff ff 00 00 00 00 00 00 ff ff 00 00 00 00 00 00 ff ff 00 00 00 00 00 00 ff ff 00 00 00 00 00 00 ff ff 00 00 00 00 00 00 ff ff 00 00 00 00 00
00:aa 19 48 18 00 38 00 00 00 ff ff 00 00 00 00 00 00 ff ff 00 00 00 00 00 00 ff ff 00 00 00 00 00 00 ff ff 00 00 00 00 00 00 ff ff 00 00 00 00 00 00 ff ff 00 00 00 00 00 00 ff ff 00 00 00 00 00
00:aa 19 80 18 00 38 00 00 00 ff ff 00 00 00 00 00 00 ff ff 00 00 00 00 00 00 ff ff 00 00 00 00 00 00 ff ff 00 00 00 00 00 00 ff ff 00 00 00 00 00 00 ff ff 00 00 00 00 00 00 ff ff 00 00 00 00 00
00:aa 19 b8 18 00 38 00 00 00 ff ff 00 00 00 00 00 00 ff ff 00 00 00 00 00 00 ff ff 00 00 00 00 00 00 ff ff 00 00 00 00 00 00 ff ff 00 00 00 00 00 00 ff ff 00 00 00 00 00 00 ff ff 00 00 00 00 00
00:aa 19 f0 18 00 38 00 00 00 ff ff 00 00 00 00 00 00 ff ff 00 00 00 00 00 00 ff ff 00 00 00 00 00 00 ff ff 00 00 00 00 00 00 ff ff 00 00 00 00 00 00 ff ff 00 00 00 00 00 00 ff ff 00 00 00 00 00
00:aa 19 28 19 00 38 00 00 00 ff ff 00 00 00 00 00 00 ff ff 00 00 00 00 00 00 ff ff 00 00 00 00 00 00 ff ff 00 00 00 00 00 00 ff ff 00 00 00 00 00 00 ff ff 00 00 00 00 00 00 ff ff 00 00 00 00 00
00:aa 19 60 19 00 38 00 00 00 ff ff 00 00 00 00 00 00 ff ff 00 00 00 00 00 00 ff ff 00 00 00 00 00 00 ff ff 00 00 00 00 00 00 ff ff 00 00 00 00 00 00 ff ff 00 00 00 00 00 00 ff ff 00 00 00 00 00
00:aa 19 98 19 00 38 00 00 00 ff ff 00 00 00 00 00 00 ff ff 00 00 00 00 00 00 ff ff 00 00 00 00 00 00 ff ff 00 00 00 00 00 00 ff ff 00 00 00 00 00 00 ff ff 00 00 00 00 00 00 ff ff 00 00 00 00 00
00:aa 19 d0 19 00 38 00 00 00 ff ff 00 00 00 00 00 00 ff ff 00 00 00 00 00 00 ff ff 00 00 00 00 00 00 ff ff 00 00 00 00 00 00 ff ff 00 00 00 00 00 00 ff ff 00 00 00 00 00 00 ff ff 00 00 00 00 00
00:aa 19 08 1a 00 38 00 00 00 ff ff 00 00 00 00 00 00 ff ff 00 00 00 00 00 00 ff ff 00 00 00 00 00 00 ff ff c3 e8 00 aa d5 5f ff ff c3 e8 00 aa 55 ff ff ff c3 e8 00 aa 55 ff ff ff c3 e8 00 aa 55
00:aa 19 40 1a 00 38 00 00 ff ff ff c3 e8 00 aa 55 ff ff ff c3 e8 00 aa 55 ff ff ff c3 e8 00 aa 55 ff ff ff c3 e8 00 aa 55 ff ff ff c3 e8 00 a8 54 d4 ff ff 00 00 00 00 00 00 ff ff 00 00 00 00 00
00:aa 19 78 1a 00 38 00 00 00 ff ff 00 00 00 00 00 00 ff ff 00 00 00 00 00 00 ff ff 00 00 00 00 00 00 ff ff 00 00 00 00 00 00 ff ff 00 00 00 00 00 00 ff ff 00 00 00 00 00 00 ff ff 00 00 00 00 00
00:aa 19 b0 1a 00 38 00 00 00 ff ff 00 00 00 00 00 00 ff ff 00 00 00 00 00 00 ff ff 00 00 00 00 00 00 ff ff 00 00 00 00 00 00 ff ff 00 00 00 00 00 00 ff ff 00 00 00 00 00 00 ff ff 00 00 00 00 00
00:aa 19 e8 1a 00 38 00 00 00 ff ff 00 00 00 00 00 00 ff ff 00 00 00 00 00 00 ff ff 00 00 00 00 00 00 ff ff 00 00 00 00 00 00 ff ff 00 00 00 00 00 00 ff ff 00 00 00 00 00 00 ff ff 00 00 00 00 00
00:aa 19 20 1b 00 38 00 00 00 ff ff 00 00 00 00 00 00 ff ff 00 00 00 00 00 00 ff ff 00 00 00 00 00 00 ff ff 00 00 00 00 00 00 ff ff 00 00 00 00 00 00 ff ff 00 00 00 00 00 00 ff ff 00 00 00 00 00
00:aa 19 58 1b 00 38 00 00 00 ff ff 00 00 00 00 00 00 ff ff 00 00 00 00 00 00 ff ff 00 00 00 00 00 00 ff ff 00 00 00 00 00 00 ff ff 00 00 00 00 00 00 ff ff 00 00 00 00 00 00 ff ff 30 8c 00 00 00
00:aa 19 90 1b 00 38 00 00 10 ff ff f8 b5 00 00 00 34 ff ff 00 00 00 00 00 00 ff ff 00 00 00 00 00 00 ff ff 00 00 00 00 00 00 ff ff 53 b5 00 00 00 09 ff ff 10 84 00 00 00 63 ff ff 30 84 00 00 00
00:aa 19 c8 1b 00 38 00 00 70 ff ff 10 84 00 00 00 0d ff ff 10 84 00 00 00 cd ff ff 97 ad 00 00 00 40 ff ff 10 84 00 00 00 17 ff ff 10 84 00 00 00 37 ff ff 10 84 00 00 00 35 ff ff 91 94 00 00 00
00:aa 19 00 1c 00 38 00 00 a5 ff ff 00 e8 d0 d0 d0 50 ff ff 31 84 00 00 00 58 ff ff 10 84 00 00 00 09 ff ff 92 8c 00 00 00 69 ff ff 10 84 00 00 00 60 ff ff 10 84 00 00 00 25 ff ff 10 84 00 00 00
00:aa 19 38 1c 00 38 00 00 a5 ff ff 3d d7 00 00 00 40 ff ff 00 e8 34 34 34 34 ff ff 00 00 00 00 00 00 ff ff 00 00 00 00 00 00 ff ff 00 00 00 00 00 00 ff ff 00 00 00 00 00 00 ff ff 00 00 00 00 00
00:aa 19 70 1c 00 38 00 00 00 ff ff 00 00 00 00 00 00 ff ff 00 00 00 00 00 00 ff ff 00 00 00 00 00 00 ff ff 00 00 00 00 00 00 ff ff 00 00 00 00 00 00 ff ff 00 00 00 00 00 00 ff ff 00 00 00 00 00
00:aa 19 a8 1c 00 38 00 00 00 ff ff 00 00 00 00 00 00 ff ff 00 00 00 00 00 00 ff ff 00 00 00 00 00 00 ff ff 00 00 00 00 00 00 ff ff 00 00 00 00 00 00 ff ff 00 00 00 00 00 00 ff ff 00 00 00 00 00
00:aa 19 e0 1c 00 38 00 00 00 ff ff 00 00 00 00 00 00 ff ff 00 00 00 00 00 00 ff ff 00 00 00 00 00 00 ff ff 00 00 00 00 00 00 ff ff 00 00 00 00 00 00 ff ff 00 00 00 00 00 00 ff ff 00 00 00 00 00
00:aa 19 18 1d 00 38 00 00 00 ff ff 00 00 00 00 00 00 ff ff 00 00 00 00 00 00 ff ff 00 00 00 00 00 00 ff ff 00 00 00 00 00 00 ff ff 00 00 00 00 00 00 ff ff 00 00 00 00 00 00 ff ff 00 00 00 00 00
00:aa 19 50 1d 00 38 00 00 00 ff ff 00 00 00 00 00 00 ff ff 00 00 00 00 00 00 ff ff 00 00 00 00 00 00 ff ff a2 18 10 10 10 10 ff ff cd 73 3e 35 35 35 fa de 63 10 22 e6 84 84 da de 65 39 82 ea f9
00:aa 19 88 1d 00 38 00 00 fe be ef a2 18 80 e0 60 e0 ff ff ee 4a 09 0d 0d 0d d5 cd 67 29 f1 11 13 92 ff ff 66 39 d8 9c 5f 9e 5a e7 c8 31 2f 3c 5c be f5 cd 22 00 ce 4e 4b 48 ff ff 87 29 e0 60 7d
00:aa 19 c0 1d 00 38 00 00 ea fa e6 29 4a 9d 09 26 18 18 be ca 39 9f b1 b1 99 db de e6 51 1d 01 07 14 f9 de a7 31 af b5 3f 3b ff ff 60 d0 52 52 52 52 db ce cb 31 7c 66 e6 64 7d ef c1 40 8f 86 06
00:aa 19 f8 1d 00 38 00 00 06 d1 ac 49 4a e3 1a 1a 9a 3c e7 6a 4a 72 93 90 d0 3c d7 cb 5a 35 1b 1b 1f 96 de 08 3a bf d8 d0 9a ff ff 0a 11 c0 40 40 40 ff ff 00 e8 34 34 34 34 ff ff 00 00 00 00 00
00:aa 19 30 1e 00 38 00 00 00 ff ff 00 00 00 00 00 00 ff ff 00 00 00 00 00 00 ff ff 00 00 00 00 00 00 ff ff 00 00 00 00 00 00 ff ff 00 00 00 00 00 00 ff ff 00 00 00 00 00 00 ff ff 00 00 00 00 00
00:aa 19 68 1e 00 38 00 00 00 ff ff 00 00 00 00 00 00 ff ff 00 00 00 00 00 00 ff ff 00 00 00 00 00 00 ff ff 00 00 00 00 00 00 ff ff 00 00 00 00 00 00 ff ff 00 00 00 00 00 00 ff ff 00 00 00 00 00
00:aa 19 a0 1e 00 38 00 00 00 ff ff 00 00 00 00 00 00 ff ff 00 00 00 00 00 00 ff ff 00 00 00 00 00 00 ff ff 00 00 00 00 00 00 ff ff 00 00 00 00 00 00 ff ff 00 00 00 00 00 00 ff ff 00 00 00 00 00
00:aa 19 d8 1e 00 38 00 00 00 ff ff 00 00 00 00 00 00 ff ff 00 00 00 00 00 00 ff ff 00 00 00 00 00 00 ff ff 00 00 00 00 00 00 ff ff 00 00 00 00 00 00 ff ff 00 00 00 00 00 00 ff ff 00 00 00 00 00
00:aa 19 10 1f 00 38 00 00 00 ff ff 00 00 00 00 00 00 ff ff 00 00 00 00 00 00 ff ff 00 00 00 00 00 00 ff ff 00 00 00 00 00 00 ff ff 00 00 00 00 00 00 ff ff 00 00 00 00 00 00 ff ff 00 00 00 00 00
00:aa 19 48 1f 00 38 00 00 00 ff ff a2 10 15 00 00 00 ff ff 69 4a 7f 00 00 00 ff ff e5 20 84 00 00 00 ff ff 04 21 fd 00 00 00 ff ff 10 22 7d 0b 00 00 ff ff 4a 7b 09 00 00 00 ff ff c3 18 63 00 00
00:aa 19 80 1f 00 38 00 00 00 ff ff a3 18 70 00 00 00 ff ff a3 18 0d 00 00 00 ff ff c4 18 8d 00 00 00 ff ff f2 6b 40 00 00 00 ff ff a2 10 d7 00 00 00 ff ff a3 18 b6 00 00 00 ff ff c3 18 95 00 00
00:aa 19 b8 1f 00 38 00 00 00 ff ff 26 19 e5 00 00 00 ff ff 00 e8 50 d0 d0 d0 ff ff 26 19 d8 00 00 00 ff ff c3 20 c1 00 00 00 ff ff 26 52 69 00 00 00 ff ff c4 18 61 00 00 00 ff ff c3 20 27 00 00
00:aa 19 f0 1f 00 38 00 00 00 ff ff 64 39 a5 00 00 00 ff ff dd be 40 00 00 00 ff ff 00 e8 34 34 34 34 ff ff 00 00 00 00 00 00 ff ff 00 00 00 00 00 00 ff ff 00 00 00 00 00 00 ff ff 00 00 00 00 00
00:aa 19 28 20 00 38 00 00 00 ff ff 00 00 00 00 00 00 ff ff 00 00 00 00 00 00 ff ff 00 00 00 00 00 00 ff ff 00 00 00 00 00 00 ff ff 00 00 00 00 00 00 ff ff 00 00 00 00 00 00 ff ff 00 00 00 00 00
00:aa 19 60 20 00 38 00 00 00 ff ff 00 00 00 00 00 00 ff ff 00 00 00 00 00 00 ff ff 00 00 00 00 00 00 ff ff 00 00 00 00 00 00 ff ff 00 00 00 00 00 00 ff ff 00 00 00 00 00 00 ff ff 00 00 00 00 00
00:aa 19 98 20 00 38 00 00 00 ff ff 00 00 00 00 00 00 ff ff 00 00 00 00 00 00 ff ff 00 00 00 00 00 00 ff ff 00 00 00 00 00 00 ff ff 00 00 00 00 00 00 ff ff 00 00 00 00 00 00 ff ff 00 00 00 00 00
00:aa 19 d0 20 00 38 00 00 00 ff ff 00 00 00 00 00 00 ff ff 00 00 00 00 00 00 ff ff 00 00 00 00 00 00 ff ff 00 00 00 00 00 00 ff ff 00 00 00 00 00 00 ff ff 00 00 00 00 00 00 ff ff 00 00 00 00 00
00:aa 19 08 21 00 38 00 00 00 ff ff 00 00 00 00 00 00 ff ff 00 00 00 00 00 00 ff ff 00 00 00 00 00 00 ff ff 00 00 00 00 00 00 ff ff 00 00 00 00 00 00 ff ff 00 00 00 00 00 00 ff ff 00 00 00 00 00
00:aa 19 40 21 00 38 00 00 00 ff ff 00 00 00 00 00 00 ff ff 00 00 00 00 00 00 ff ff 00 00 00 00 00 00 ff ff 00 00 00 00 00 00 ff ff 00 00 00 00 00 00 ff ff 00 00 00 00 00 00 ff ff 00 00 00 00 00
00:aa 19 78 21 00 38 00 00 00 ff ff 00 00 00 00 00 00 ff ff 00 00 00 00 00 00 ff ff 00 00 00 00 00 00 ff ff 00 00 00 00 00 00 ff ff 00 00 00 00 00 00 ff ff 00 e8 df d5 2a 00 ff ff 00 e8 ff 55 aa
00:aa 19 b0 21 00 38 00 00 00 ff ff 00 e8 ff 55 aa 00 ff ff 00 e8 ff 55 aa 00 ff ff 00 e8 ff 55 aa 00 ff ff 00 e8 ff 55 aa 00 ff ff 00 e8 ff 55 aa 00 ff ff 00 e8 ff 55 aa 00 ff ff 00 e8 d4 54 a8
00:aa 19 e8 21 00 38 00 00 00 ff ff 00 00 00 00 00 00 ff ff 00 00 00 00 00 00 ff ff 00 00 00 00 00 00 ff ff 00 00 00 00 00 00 ff ff 00 00 00 00 00 00 ff ff 00 00 00 00 00 00 ff ff 00 00 00 00 00
00:aa 19 20 22 00 38 00 00 00 ff ff 00 00 00 00 00 00 ff ff 00 00 00 00 00 00 ff ff 00 00 00 00 00 00 ff ff 00 00 00 00 00 00 ff ff 00 00 00 00 00 00 ff ff 00 00 00 00 00 00 ff ff 00 00 00 00 00
00:aa 19 58 22 00 38 00 00 00 ff ff 00 00 00 00 00 00 ff ff 00 00 00 00 00 00 ff ff 00 00 00 00 00 00 ff ff 00 00 00 00 00 00 ff ff 00 00 00 00 00 00 ff ff 00 00 00 00 00 00 ff ff 00 00 00 00 00
00:aa 19 90 22 00 38 00 00 00 ff ff 00 00 00 00 00 00 ff ff 00 00 00 00 00 00 ff ff 00 00 00 00 00 00 ff ff 00 00 00 00 00 00 ff ff 00 00 00 00 00 00 ff ff 00 00 00 00 00 00 ff ff 00 00 00 00 00
00:aa 19 c8 22 00 38 00 00 00 ff ff 00 00 00 00 00 00 ff ff 00 00 00 00 00 00 ff ff 00 00 00 00 00 00 ff ff 00 00 00 00 00 00 ff ff 00 00 00 00 00 00 ff ff 00 00 00 00 00 00 ff ff 00 00 00 00 00
00:aa 19 00 23 00 38 00 00 00 ff ff 00 00 00 00 00 00 ff ff 00 00 00 00 00 00 ff ff 00 00 00 00 00 00 ff ff 00 00 00 00 00 00 ff ff 00 00 00 00 00 00 ff ff 00 00 00 00 00 00 ff ff 00 00 00 00 00
00:aa 19 38 23 00 38 00 00 00 ff ff 00 00 00 00 00 00 ff ff 00 00 00 00 00 00 ff ff 00 00 00 00 00 00 ff ff 00 00 00 00 00 00 ff ff 00 00 00 00 00 00 ff ff 00 00 00 00 00 00 ff ff 00 00 00 00 00
00:aa 19 70 23 00 38 00 00 00 ff ff 00 00 00 00 00 00 ff ff 00 00 00 00 00 00 ff ff 00 00 00 00 00 00 ff ff 00 00 00 00 00 00 ff ff 00 00 00 00 00 00 ff ff 00 00 00 00 00 00 ff ff 00 00 00 00 00
00:aa 19 a8 23 00 38 00 00 00 ff ff 30 f4 01 01 01 01 ff ff c3 e8 55 55 60 60 ff ff 24 e9 55 55 00 00 ff ff 24 e9 55 55 00 00 ff ff 24 e9 55 55 00 00 ff ff 24 e9 55 55 00 00 ff ff 24 e9 55 55 00
00:aa 19 e0 23 00 38 00 00 00 ff ff 24 e9 55 55 00 00 ff ff 24 e9 55 55 00 00 ff ff 24 e9 55 55 00 00 ff ff 24 e9 55 55 00 00 ff ff 24 e9 55 55 00 00 ff ff 24 e9 55 55 00 00 ff ff 24 e9 55 55 00
00:aa 19 18 24 00 38 00 00 00 ff ff 24 e9 55 55 00 00 ff ff 24 e9 55 55 00 00 ff ff 24 e9 55 55 00 00 ff ff 24 e9 55 55 00 00 ff ff 24 e9 55 55 00 00 ff ff 24 e9 55 55 00 00 ff ff 24 e9 55 55 00
00:aa 19 50 24 00 38 00 00 00 ff ff 24 e9 55 55 00 00 ff ff 24 e9 55 55 00 00 ff ff 24 e9 55 55 00 00 ff ff 24 e9 55 55 00 00 ff ff 24 e9 55 55 00 00 ff ff 24 e9 55 55 00 00 ff ff 24 e9 55 55 00
00:aa 19 88 24 00 38 00 00 00 ff ff 24 e9 55 55 00 00 ff ff c3 e8 55 55 05 05 ff ff 00 00 00 00 00 00 ff ff 00 00 00 00 00 00 ff ff 00 00 00 00 00 00 ff ff 00 00 00 00 00 00 ff ff 00 00 00 00 00
00:aa 19 c0 24 00 38 00 00 00 ff ff 00 00 00 00 00 00 ff ff 00 00 00 00 00 00 ff ff 00 00 00 00 00 00 ff ff 00 00 00 00 00 00 ff ff 00 00 00 00 00 00 79 ce 65 29 00 38 1c 30 be f7 0c 63 00 73 59
00:aa 19 f8 24 00 38 00 00 75 3c e7 30 84 02 7f 54 54 de f7 e8 41 aa 6f 4d 4f ff ff 4d 6b a0 b4 d5 b9 fb de cf 7b 0a e5 4d 4d 9a d6 0c 63 00 9c 14 18 ff ff 0c 63 00 03 63 03 5c e7 e8 41 80 fb dd
00:aa 19 30 25 00 38 00 00 7b 79 ce e7 39 00 8e c7 07 9e f7 2c 63 08 ff 56 cd 3c e7 69 4a 08 bb 42 42 7d ef e7 39 00 9b 5d 7d 3c e7 a2 10 00 0c 2f 1f ff ff 66 31 00 0e 0d 0f be f7 e3 18 00 23 b1
00:aa 19 68 25 00 38 00 00 f9 3c e7 ae 73 0a 4d 4b 63 7d ef 45 29 20 b0 10 10 7d ef a6 31 08 ef 65 67 ff ff cb 5a 08 a4 97 95 ff ff 30 f4 21 91 91 91 00 e8 fb de 35 2d 2d 2d 18 c6 41 08 00 c0 6a
00:aa 19 a0 25 00 38 00 00 42 be f7 92 94 a0 56 a5 0d df ff 08 42 00 32 db 99 ff ff a7 39 00 e0 60 70 be f7 86 31 a0 6e 49 41 3c e7 0c 63 20 eb 59 e0 de f7 49 4a 82 ef c5 56 3c e7 24 21 00 a8 a6
00:aa 19 d8 25 00 38 00 00 26 3c e7 45 29 00 33 d1 51 ff ff 2c 63 82 ff 57 d7 5d ef 28 42 80 f3 11 11 be f7 6d 6b 08 26 36 0d be f7 cb 5a 08 fd 61 61 ff ff 2d 6b 00 02 d3 e3 3c e7 41 08 00 ab 8d
00:aa 19 10 26 00 38 00 00 8e ff ff a6 31 80 b0 38 5d ff ff cf 7b 28 d7 7d 79 7d ef a2 10 20 ec 4c d7 9d ef 65 29 08 2b 01 6e ff ff ae 73 28 9d 79 79 3c e7 49 4a 00 ba 39 39 ff ff cb 5a a0 f0 52
00:aa 19 48 26 00 38 00 00 9a 9d ef 8e 73 20 de 65 47 7d ef 86 31 08 3b 93 12 de f7 0c 63 28 9e 7f 7f de f7 ec 62 0a 27 5a 18 79 ce c3 18 00 aa 72 72 ff ff e3 e8 05 05 85 85 ff ff 00 00 00 00 00
00:aa 19 80 26 00 38 00 00 00 ff ff 00 00 00 00 00 00 ff ff 00 00 00 00 00 00 ff ff 00 00 00 00 00 00 ff ff 00 00 00 00 00 00 ff ff 00 00 00 00 00 00 ff ff 00 00 00 00 00 00 ff ff 00 00 00 00 00
00:aa 19 b8 26 00 38 00 00 00 ff ff 00 00 00 00 00 00 ff ff 00 00 00 00 00 00 ff ff cf 7b 9a 17 00 00 ff ff e4 20 e7 88 00 00 ff ff 51 8c 54 e8 00 00 ff ff a6 31 4f cb 00 00 ff ff 30 84 9a 70 00
00:aa 19 f0 26 00 38 00 00 00 ff ff e3 18 6b 8a 00 00 ff ff cf 7b 98 37 00 00 ff ff f3 9c c1 63 00 00 ff ff 51 8c 4d c9 00 00 ff ff cf 7b a6 7c 00 00 ff ff a7 39 e9 be 00 00 ff ff 4d 6b 79 36 00
00:aa 19 28 27 00 38 00 00 00 ff ff 45 29 f9 a2 00 00 ff ff cb 5a 99 e2 00 00 ff ff 10 84 c7 ca 00 00 ff ff c7 39 76 ac 00 00 ff ff 0c 63 db a2 00 00 ff ff e7 39 1a 0f 00 00 ff ff e8 41 6f 2a 00
00:aa 19 60 27 00 38 00 00 00 ff ff 8e 73 59 62 00 00 ff ff 49 ba 93 fd 03 03 ff ff 00 e8 70 60 60 60 ff ff ef 7b 69 5e 00 00 ff ff 71 8c 76 5e 00 00 ff ff 8a 52 1d 28 00 00 ff ff 71 8c d8 38 00
00:aa 19 98 27 00 38 00 00 00 ff ff 08 42 67 f8 00 00 ff ff 71 8c 6a 5d 00 00 ff ff 69 4a 96 cb 00 00 ff ff cf 7b 35 eb 00 00 ff ff aa 52 d1 23 00 00 ff ff 10 84 d5 73 00 00 ff ff e8 41 91 e3 00
00:aa 19 d0 27 00 38 00 00 00 ff ff cf 7b a9 77 00 00 ff ff 86 31 79 2e 00 00 ff ff f3 9c b3 10 00 00 ff ff 10 84 76 d9 00 00 ff ff 08 42 90 e0 00 00 ff ff 51 8c 57 14 00 00 ff ff 8a 52 24 f0 00
00:aa 19 08 28 00 38 00 00 00 ff ff cf 7b 36 35 00 00 ff ff e7 39 b9 3e 00 00 ff ff 49 4a f1 fe 00 00 ff ff 28 42 9a f0 00 00 ff ff ef 7b 77 9a 00 00 ff ff 69 4a 99 af 00 00 ff ff 8e 73 d7 3e 00
00:aa 19 40 28 00 38 00 00 00 ff ff 30 84 d7 c5 00 00 ff ff 08 42 7b 2e 00 00 ff ff e3 e8 05 05 05 05 ff ff 00 00 00 00 00 00 ff ff 00 00 00 00 00 00 ff ff 00 00 00 00 00 00 ff ff 00 00 00 00 00
00:aa 19 78 28 00 38 00 00 00 ff ff 00 00 00 00 00 00 ff ff 00 00 00 00 00 00 ff ff 00 00 00 00 00 00 ff ff 00 00 00 00 00 00 ff ff 00 00 00 00 00 00 ff ff 00 00 00 00 00 00 ff ff 00 00 00 00 00
00:aa 19 b0 28 00 38 00 00 00 ff ff 00 00 00 00 00 00 ff ff 00 00 00 00 00 00 ff ff 00 00 00 00 00 00 ff ff 00 00 00 00 00 00 ff ff 00 00 00 00 00 00 ff ff 00 00 00 00 00 00 ff ff 00 00 00 00 00
00:aa 19 e8 28 00 38 00 00 00 ff ff 00 00 00 00 00 00 ff ff 00 00 00 00 00 00 ff ff 00 00 00 00 00 00 ff ff 00 00 00 00 00 00 ff ff 00 00 00 00 00 00 ff ff 00 00 00 00 00 00 ff ff 00 00 00 00 00
00:aa 19 20 29 00 38 00 00 00 ff ff 00 00 00 00 00 00 ff ff 00 00 00 00 00 00 ff ff 00 00 00 00 00 00 ff ff 00 00 00 00 00 00 ff ff 00 00 00 00 00 00 ff ff 30 f4 01 01 01 01 ff ff 00 e8 60 60 7f
00:aa 19 58 29 00 38 00 00 55 ff ff 00 e8 00 00 ff 55 ff ff 00 e8 00 00 ff 55 ff ff 00 e8 00 00 ff 55 ff ff 00 e8 00 00 ff 55 ff ff 00 e8 00 00 ff 55 ff ff 00 e8 00 00 ff 55 ff ff 00 e8 00 00 ff
00:aa 19 90 29 00 38 00 00 55 ff ff 00 e8 00 00 ff 55 ff ff 00 e8 00 00 ff 55 ff ff 00 e8 00 00 ff 55 ff ff 00 e8 00 00 ff 55 ff ff 00 e8 00 00 ff 55 ff ff 00 e8 00 00 ff 55 ff ff 00 e8 00 00 ff
00:aa 19 c8 29 00 38 00 00 55 ff ff 00 e8 00 00 ff 55 ff ff 00 e8 00 00 ff 55 ff ff 00 e8 00 00 ff 55 ff ff 00 e8 00 00 ff 55 ff ff 00 e8 00 00 ff 55 ff ff 00 e8 00 00 ff 55 ff ff 00 e8 00 00 ff
00:aa 19 00 2a 00 38 00 00 55 ff ff 00 e8 00 00 ff 55 ff ff 00 e8 00 00 ff 55 ff ff 00 e8 00 00 ff 55 ff ff 00 e8 00 00 ff 55 ff ff 00 e8 00 00 ff 55 ff ff 00 e8 00 00 ff 55 ff ff 00 e8 05 05 f5
00:aa 19 38 2a 00 38 00 00 55 ff ff 00 00 00 00 00 00 ff ff 00 00 00 00 00 00 ff ff 00 00 00 00 55 55 ff ff 00 00 00 00 55 55 ff ff 00 00 00 00 55 55 ff ff 00 00 00 00 55 55 ff ff 00 00 00 00 55
00:aa 19 70 2a 00 38 00 00 55 ff ff 00 00 00 00 55 55 ff ff 00 00 00 00 55 55 ff ff 00 00 00 00 55 55 ff ff 00 00 00 00 55 55 ff ff 00 00 00 00 55 55 ff ff 00 00 00 00 55 55 ff ff 00 00 00 00 55
00:aa 19 a8 2a 00 38 00 00 55 ff ff 00 00 00 00 55 55 ff ff 00 00 00 00 55 55 ff ff 00 00 00 00 55 55 ff ff 00 00 00 00 55 55 ff ff 00 00 00 00 55 55 ff ff 00 00 00 00 55 55 ff ff 00 00 00 00 55
00:aa 19 e0 2a 00 38 00 00 55 ff ff 00 00 00 00 55 55 ff ff 00 00 00 00 55 55 ff ff 00 00 00 00 55 55 ff ff 00 00 00 00 55 55 ff ff 00 00 00 00 55 55 ff ff 00 00 00 00 55 55 ff ff 00 00 00 00 55
00:aa 19 18 2b 00 38 00 00 55 ff ff 00 00 00 00 55 55 ff ff 00 00 00 00 55 55 ff ff 00 00 00 00 55 55 ff ff 00 00 00 00 55 55 ff ff 00 00 00 00 55 55 ff ff 00 00 00 00 55 55 ff ff 00 00 00 00 55
00:aa 19 50 2b 00 38 00 00 55 ff ff 00 00 00 00 55 55 ff ff 00 00 00 00 55 55 ff ff 00 00 00 00 55 55 ff ff 00 00 00 00 55 55 ff ff 00 00 00 00 55 55 ff ff 00 00 00 00 55 55 ff ff 00 00 00 00 55
00:aa 19 88 2b 00 38 00 00 55 ff ff 00 00 00 00 55 55 ff ff 00 00 00 00 55 55 ff ff 00 00 00 00 55 55 ff ff 00 00 00 00 55 55 ff ff 00 00 00 00 55 55 ff ff 00 00 00 00 55 55 ff ff 00 00 00 00 55
00:aa 19 c0 2b 00 38 00 00 55 ff ff 00 00 00 00 55 55 ff ff 00 00 00 00 55 55 ff ff 00 00 00 00 55 55 ff ff 00 00 00 00 55 55 ff ff 00 00 00 00 55 55 ff ff 00 00 00 00 55 55 ff ff 00 00 00 00 55
00:aa 19 f8 2b 00 38 00 00 55 ff ff 00 00 00 00 55 55 ff ff 00 00 00 00 55 55 ff ff 00 00 00 00 55 55 ff ff 00 00 00 00 55 55 ff ff 00 00 00 00 55 55 ff ff 00 00 00 00 55 55 00 00 00 00 00 00 00
00:aa 19 30 2c 00 38 00 00 00 00 00 00 00 00 00 00 00 00 00 00 00 00 00 00 00 00 00 00 00 00 00 00 00 00 00 00 00 00 00 00 00 00 00 00 00 00 00 00 00 00 00 00 00 00 00 00 00 00 00 00 00 00 00 00
00:aa 19 68 2c 00 38 00 00 00 00 00 00 00 00 00 00 00 00 00 00 00 00 00 00 00 00 00 00 00 00 00 00 00 00 00 00 00 00 00 00 00 00 00 00 00 00 00 00 00 00 00 00 00 00 00 00 00 00 00 00 00 00 00 00
00:aa 19 a0 2c 00 38 00 00 00 00 00 00 00 00 00 00 00 00 00 00 00 00 00 00 00 00 00 00 00 00 00 00 00 00 00 00 00 00 00 00 00 00 00 00 00 00 00 00 00 00 00 00 00 00 00 00 00 00 00 00 00 00 00 00
00:aa 19 d8 2c 00 38 00 00 00 00 00 00 00 00 00 00 00 00 00 00 00 00 00 00 00 00 00 00 00 00 00 00 00 00 00 00 00 00 00 00 00 00 00 00 00 00 00 00 00 00 00 00 00 00 00 00 00 00 00 00 00 00 00 00
00:aa 19 10 2d 00 38 00 00 00 00 00 00 00 00 00 00 00 00 00 00 00 00 00 00 00 00 00 00 00 00 00 00 00 00 00 00 00 00 00 00 00 00 00 00 00 00 00 00 00 00 00 00 00 00 00 00 00 00 00 00 00 00 00 00
00:aa 19 48 2d 00 38 00 00 00 00 00 00 00 00 00 00 00 00 00 00 00 00 00 00 00 00 00 00 00 00 00 00 00 00 00 00 00 00 00 00 00 00 00 00 00 00 00 00 00 00 00 00 00 00 00 00 00 00 00 00 00 00 00 00
00:aa 19 80 2d 00 38 00 00 00 00 00 00 00 00 00 00 00 00 00 00 00 00 00 00 00 00 00 00 00 00 00 00 00 00 00 00 00 00 00 00 00 00 00 00 00 00 00 00 00 00 00 00 00 00 00 00 00 00 00 00 00 00 00 00
00:aa 19 b8 2d 00 38 00 00 00 00 00 00 00 00 00 00 00 00 00 00 00 00 00 00 00 00 00 00 00 00 00 00 00 00 00 00 00 00 00 00 00 00 00 00 00 00 00 00 00 00 00 00 00 00 00 00 00 00 00 00 00 00 00 00
00:aa 19 f0 2d 00 38 00 00 00 00 00 00 00 00 00 00 00 00 00 00 00 00 00 00 00 00 00 00 00 00 00 00 00 00 00 00 00 00 00 00 00 00 00 00 00 00 00 00 00 00 00 00 00 00 00 00 00 00 00 00 00 00 00 00
00:aa 19 28 2e 00 38 00 00 00 00 00 00 00 00 00 00 00 00 00 00 00 00 00 00 00 00 00 00 00 00 00 00 00 00 00 00 00 00 00 00 00 00 00 00 00 00 00 00 00 00 00 00 00 00 00 00 00 00 00 00 00 00 00 00
00:aa 19 60 2e 00 38 00 00 00 00 00 00 00 00 00 00 00 00 00 00 00 00 00 00 00 00 00 00 00 00 00 00 00 00 00 00 00 00 00 00 00 00 00 00 00 00 00 00 00 00 00 00 00 00 00 00 00 00 00 00 00 00 00 00
00:aa 19 98 2e 00 38 00 00 00 00 00 00 00 00 00 00 00 00 00 00 00 00 00 00 00 00 00 00 00 00 00 00 00 00 00 00 00 00 00 00 00 00 00 00 00 00 00 00 00 00 00 00 00 00 00 00 00 00 00 00 00 00 00 00
00:aa 19 d0 2e 00 38 00 00 00 00 00 00 00 00 00 00 00 00 00 00 00 00 00 00 00 00 00 00 00 00 00 00 00 00 00 00 00 00 00 00 00 00 00 00 00 00 00 00 00 00 00 00 00 00 00 00 00 00 00 00 00 00 00 00
00:aa 19 08 2f 00 38 00 00 00 00 00 00 00 00 00 00 00 00 00 00 00 00 00 00 00 00 00 00 00 00 00 00 00 00 00 00 00 00 00 00 00 00 00 00 00 00 00 00 00 00 00 00 00 00 00 00 00 00 00 00 00 00 00 00
00:aa 19 40 2f 00 38 00 00 00 00 00 00 00 00 00 00 00 00 00 00 00 00 00 00 00 00 00 00 00 00 00 00 00 00 00 00 00 00 00 00 00 00 00 00 00 00 00 00 00 00 00 00 00 00 00 00 00 00 00 00 00 00 00 00
00:aa 19 78 2f 00 38 00 00 00 00 00 00 00 00 00 00 00 00 00 00 00 00 00 00 00 00 00 00 00 00 00 00 00 00 00 00 00 00 00 00 00 00 00 00 00 00 00 00 00 00 00 00 00 00 00 00 00 00 00 00 00 00 00 00
00:aa 19 b0 2f 00 38 00 00 00 00 00 00 00 00 00 00 00 00 00 00 00 00 00 00 00 00 00 00 00 00 00 00 00 00 00 00 00 00 00 00 00 00 00 00 00 00 00 00 00 00 00 00 00 00 00 00 00 00 00 00 00 00 00 00
00:aa 19 e8 2f 00 38 00 00 00 00 00 00 00 00 00 00 00 00 00 00 00 00 00 00 00 00 00 00 00 00 00 00 00 00 00 00 00 00 00 00 00 00 00 00 00 00 00 00 00 00 00 00 00 00 00 00 00 00 00 00 00 00 00 00
00:aa 19 20 30 00 38 00 00 00 00 00 00 00 00 00 00 00 00 00 00 00 00 00 00 00 00 00 00 00 00 00 00 00 00 00 00 00 00 00 00 00 00 00 00 00 00 00 00 00 00 00 00 00 00 00 00 00 00 00 00 00 00 00 00
00:aa 19 58 30 00 38 00 00 00 00 00 00 00 00 00 00 00 00 00 00 00 00 00 00 00 00 00 00 00 00 00 00 00 00 00 00 00 00 00 00 00 00 00 00 00 00 00 00 00 00 00 00 00 00 00 00 00 00 00 00 00 00 00 00
00:aa 19 90 30 00 38 00 00 00 00 00 00 00 00 00 00 00 00 00 00 00 00 00 00 00 00 00 00 00 00 00 00 00 00 00 00 00 00 00 00 00 00 00 00 00 00 00 00 00 00 00 00 00 00 00 00 00 00 00 00 00 00 00 00
00:aa 19 c8 30 00 38 00 00 00 00 00 00 00 00 00 00 00 00 00 00 00 00 00 00 00 00 00 00 00 00 00 00 00 00 00 00 00 00 00 00 00 00 00 00 00 00 00 00 00 00 00 00 00 00 00 00 00 00 00 00 00 00 00 00
00:aa 19 00 31 00 38 00 00 00 00 00 00 00 00 00 00 00 00 00 00 00 00 00 00 00 00 00 00 00 00 00 00 00 00 00 00 00 00 00 00 00 00 00 00 00 00 00 00 00 00 00 00 00 00 00 00 00 00 00 00 00 00 00 00
00:aa 19 38 31 00 38 00 00 00 00 00 00 00 00 00 00 00 00 00 00 00 00 00 00 00 00 00 00 00 00 00 00 00 00 00 00 00 00 00 00 00 00 00 00 00 00 00 00 00 00 00 00 00 00 00 00 00 00 00 00 00 00 00 00
00:aa 19 70 31 00 38 00 00 00 00 00 00 00 00 00 00 00 00 00 00 00 00 00 00 00 00 00 00 00 00 00 00 00 00 00 00 00 00 00 00 00 00 00 00 00 00 00 00 00 00 00 00 00 00 00 00 00 00 00 00 00 00 00 00
00:aa 19 a8 31 00 38 00 00 00 00 00 00 00 00 00 00 00 00 00 00 00 00 00 00 00 00 00 00 00 00 00 00 00 00 00 00 00 00 00 00 00 00 00 00 00 00 00 00 00 00 00 00 00 00 00 00 00 00 00 00 00 00 00 00
00:aa 19 e0 31 00 38 00 00 00 00 00 00 00 00 00 00 00 00 00 00 00 00 00 00 00 00 00 00 00 00 00 00 00 00 00 00 00 00 00 00 00 00 00 00 00 00 00 00 00 00 00 00 00 00 00 00 00 00 00 00 00 00 00 00
00:aa 19 18 32 00 38 00 00 00 00 00 00 00 00 00 00 00 00 00 00 00 00 00 00 00 00 00 00 00 00 00 00 00 00 00 00 00 00 00 00 00 00 00 00 00 00 00 00 00 00 00 00 00 00 00 00 00 00 00 00 00 00 00 00
00:aa 19 50 32 00 38 00 00 00 00 00 00 00 00 00 00 00 00 00 00 00 00 00 00 00 00 00 00 00 00 00 00 00 00 00 00 00 00 00 00 00 00 00 00 00 00 00 00 00 00 00 00 00 00 00 00 00 00 00 00 00 00 00 00
00:aa 19 88 32 00 38 00 00 00 00 00 00 00 00 00 00 00 00 00 00 00 00 00 00 00 00 00 00 00 00 00 00 00 00 00 00 00 00 00 00 00 00 00 00 00 00 00 00 00 00 00 00 00 00 00 00 00 00 00 00 00 00 00 00
00:aa 19 c0 32 00 38 00 00 00 00 00 00 00 00 00 00 00 00 00 00 00 00 00 00 00 00 00 00 00 00 00 00 00 00 00 00 00 00 00 00 00 00 00 00 00 00 00 00 00 00 00 00 00 00 00 00 00 00 00 00 00 00 00 00
00:aa 19 f8 32 00 38 00 00 00 00 00 00 00 00 00 00 00 00 00 00 00 00 00 00 00 00 00 00 00 00 00 00 00 00 00 00 00 00 00 00 00 00 00 00 00 00 00 00 00 00 00 00 00 00 00 00 00 00 00 00 00 00 00 00
00:aa 19 30 33 00 38 00 00 00 00 00 00 00 00 00 00 00 00 00 00 00 00 00 00 00 00 00 00 00 00 00 00 00 00 00 00 00 00 00 00 00 00 00 00 00 00 00 00 00 00 00 00 00 00 00 00 00 00 00 00 00 00 00 00
00:aa 19 68 33 00 38 00 00 00 00 00 00 00 00 00 00 00 00 00 00 00 00 00 00 00 00 00 00 00 00 00 00 00 00 00 00 00 00 00 00 00 00 00 00 00 00 00 00 00 00 00 00 00 00 00 00 00 00 00 00 00 00 00 00
00:aa 19 a0 33 00 38 00 00 00 00 00 00 00 00 00 00 00 00 00 00 00 00 00 00 00 00 00 00 00 00 00 00 00 00 00 00 00 00 00 00 00 00 00 00 00 00 00 00 00 00 00 00 00 00 00 00 00 00 00 00 00 00 00 00
00:aa 19 d8 33 00 38 00 00 00 00 00 00 00 00 00 00 00 00 00 00 00 00 00 00 00 00 00 00 00 00 00 00 00 00 00 00 00 00 00 00 00 00 00 00 00 00 00 00 00 00 00 00 00 00 00 00 00 00 00 00 00 00 00 00
00:aa 19 10 34 00 38 00 00 00 00 00 00 00 00 00 00 00 00 00 00 00 00 00 00 00 00 00 00 00 00 00 00 00 00 00 00 00 00 00 00 00 00 00 00 00 00 00 00 00 00 00 00 00 00 00 00 00 00 00 00 00 00 00 00
00:aa 19 48 34 00 38 00 00 00 00 00 00 00 00 00 00 00 00 00 00 00 00 00 00 00 00 00 00 00 00 00 00 00 00 00 00 00 00 00 00 00 00 00 00 00 00 00 00 00 00 00 00 00 00 00 00 00 00 00 00 00 00 00 00
00:aa 19 80 34 00 38 00 00 00 00 00 00 00 00 00 00 00 00 00 00 00 00 00 00 00 00 00 00 00 00 00 00 00 00 00 00 00 00 00 00 00 00 00 00 00 00 00 00 00 00 00 00 00 00 00 00 00 00 00 00 00 00 00 00
00:aa 19 b8 34 00 38 00 00 00 00 00 00 00 00 00 00 00 00 00 00 00 00 00 00 00 00 00 00 00 00 00 00 00 00 00 00 00 00 00 00 00 00 00 00 00 00 00 00 00 00 00 00 00 00 00 00 00 00 00 00 00 00 00 00
00:aa 19 f0 34 00 38 00 00 00 00 00 00 00 00 00 00 00 00 00 00 00 00 00 00 00 00 00 00 00 00 00 00 00 00 00 00 00 00 00 00 00 00 00 00 00 00 00 00 00 00 00 00 00 00 00 00 00 00 00 00 00 00 00 00
00:aa 19 28 35 00 38 00 00 00 00 00 00 00 00 00 00 00 00 00 00 00 00 00 00 00 00 00 00 00 00 00 00 00 00 00 00 00 00 00 00 00 00 00 00 00 00 00 00 00 00 00 00 00 00 00 00 00 00 00 00 00 00 00 00
00:aa 19 60 35 00 38 00 00 00 00 00 00 00 00 00 00 00 00 00 00 00 00 00 00 00 00 00 00 00 00 00 00 00 00 00 00 00 00 00 00 00 00 00 00 00 00 00 00 00 00 00 00 00 00 00 00 00 00 00 00 00 00 00 00
00:aa 19 98 35 00 38 00 00 00 00 00 00 00 00 00 00 00 00 00 00 00 00 00 00 00 00 00 00 00 00 00 00 00 00 00 00 00 00 00 00 00 00 00 00 00 00 00 00 00 00 00 00 00 00 00 00 00 00 00 00 00 00 00 00
00:aa 19 d0 35 00 38 00 00 00 00 00 00 00 00 00 00 00 00 00 00 00 00 00 00 00 00 00 00 00 00 00 00 00 00 00 00 00 00 00 00 00 00 00 00 00 00 00 00 00 00 00 00 00 00 00 00 00 00 00 00 00 00 00 00
00:aa 19 08 36 00 38 00 00 00 00 00 00 00 00 00 00 00 00 00 00 00 00 00 00 00 00 00 00 00 00 00 00 00 00 00 00 00 00 00 00 00 00 00 00 00 00 00 00 00 00 00 00 00 00 00 00 00 00 00 00 00 00 00 00
00:aa 19 40 36 00 38 00 00 00 00 00 00 00 00 00 00 00 00 00 00 00 00 00 00 00 00 00 00 00 00 00 00 00 00 00 00 00 00 00 00 00 00 00 00 00 00 00 00 00 00 00 00 00 00 00 00 00 00 00 00 00 00 00 00
00:aa 19 78 36 00 38 00 00 00 00 00 00 00 00 00 00 00 00 00 00 00 00 00 00 00 00 00 00 00 00 00 00 00 00 00 00 00 00 00 00 00 00 00 00 00 00 00 00 00 00 00 00 00 00 00 00 00 00 00 00 00 00 00 00
00:aa 19 b0 36 00 38 00 00 00 00 00 00 00 00 00 00 00 00 00 00 00 00 00 00 00 00 00 00 00 00 00 00 00 00 00 00 00 00 00 00 00 00 00 00 00 00 00 00 00 00 00 00 00 00 00 00 00 00 00 00 00 00 00 00
00:aa 19 e8 36 00 38 00 00 00 00 00 00 00 00 00 00 00 00 00 00 00 00 00 00 00 00 00 00 00 00 00 00 00 00 00 00 00 00 00 00 00 00 00 00 00 00 00 00 00 00 00 00 00 00 00 00 00 00 00 00 00 00 00 00
00:aa 19 20 37 00 38 00 00 00 00 00 00 00 00 00 00 00 00 00 00 00 00 00 00 00 00 00 00 00 00 00 00 00 00 00 00 00 00 00 00 00 00 00 00 00 00 00 00 00 00 00 00 00 00 00 00 00 00 00 00 00 00 00 00
00:aa 19 58 37 00 38 00 00 00 00 00 00 00 00 00 00 00 00 00 00 00 00 00 00 00 00 00 00 00 00 00 00 00 00 00 00 00 00 00 00 00 00 00 00 00 00 00 00 00 00 00 00 00 00 00 00 00 00 00 00 00 00 00 00
00:aa 19 90 37 00 38 00 00 00 00 00 00 00 00 00 00 00 00 00 00 00 00 00 00 00 00 00 00 00 00 00 00 00 00 00 00 00 00 00 00 00 00 00 00 00 00 00 00 00 00 00 00 00 00 00 00 00 00 00 00 00 00 00 00
00:aa 19 c8 37 00 38 00 00 00 00 00 00 00 00 00 00 00 00 00 00 00 00 00 00 00 00 00 00 00 00 00 00 00 00 00 00 00 00 00 00 00 00 00 00 00 00 00 00 00 00 00 00 00 00 00 00 00 00 00 00 00 00 00 00
00:aa 19 00 38 00 38 00 00 00 00 00 00 00 00 00 00 00 00 00 00 00 00 00 00 00 00 00 00 00 00 00 00 00 00 00 00 00 00 00 00 00 00 00 00 00 00 00 00 00 00 00 00 00 00 00 00 00 00 00 00 00 00 00 00
00:aa 19 38 38 00 38 00 00 00 00 00 00 00 00 00 00 00 00 00 00 00 00 00 00 00 00 00 00 00 00 00 00 00 00 00 00 00 00 00 00 00 00 00 00 00 00 00 00 00 00 00 00 00 00 00 00 00 00 00 00 00 00 00 00
00:aa 19 70 38 00 38 00 00 00 00 00 00 00 00 00 00 00 00 00 00 00 00 00 00 00 00 00 00 00 00 00 00 00 00 00 00 00 00 00 00 00 00 00 00 00 00 00 00 00 00 00 00 00 00 00 00 00 00 00 00 00 00 00 00
00:aa 19 a8 38 00 38 00 00 00 00 00 00 00 00 00 00 00 00 00 00 00 00 00 00 00 00 00 00 00 00 00 00 00 00 00 00 00 00 00 00 00 00 00 00 00 00 00 00 00 00 00 00 00 00 00 00 00 00 00 00 00 00 00 00
00:aa 19 e0 38 00 38 00 00 00 00 00 00 00 00 00 00 00 00 00 00 00 00 00 00 00 00 00 00 00 00 00 00 00 00 00 00 00 00 00 00 00 00 00 00 00 00 00 00 00 00 00 00 00 00 00 00 00 00 00 00 00 00 00 00
00:aa 19 18 39 00 38 00 00 00 00 00 00 00 00 00 00 00 00 00 00 00 00 00 00 00 00 00 00 00 00 00 00 00 00 00 00 00 00 00 00 00 00 00 00 00 00 00 00 00 00 00 00 00 00 00 00 00 00 00 00 00 00 00 00
00:aa 19 50 39 00 38 00 00 00 00 00 00 00 00 00 00 00 00 00 00 00 00 00 00 00 00 00 00 00 00 00 00 00 00 00 00 00 00 00 00 00 00 00 00 00 00 00 00 00 00 00 00 00 00 00 00 00 00 00 00 00 00 00 00
00:aa 19 88 39 00 38 00 00 00 00 00 00 00 00 00 00 00 00 00 00 00 00 00 00 00 00 00 00 00 00 00 00 00 00 00 00 00 00 00 00 00 00 00 00 00 00 00 00 00 00 00 00 00 00 00 00 00 00 00 00 00 00 00 00
00:aa 19 c0 39 00 38 00 00 00 00 00 00 00 00 00 00 00 00 00 00 00 00 00 00 00 00 00 00 00 00 00 00 00 00 00 00 00 00 00 00 00 00 00 00 00 00 00 00 00 00 00 00 00 00 00 00 00 00 00 00 00 00 00 00
00:aa 19 f8 39 00 38 00 00 00 00 00 00 00 00 00 00 00 00 00 00 00 00 00 00 00 00 00 00 00 00 00 00 00 00 00 00 00 00 00 00 00 00 00 00 00 00 00 00 00 00 00 00 00 00 00 00 00 00 00 00 00 00 00 00
00:aa 19 30 3a 00 38 00 00 00 00 00 00 00 00 00 00 00 00 00 00 00 00 00 00 00 00 00 00 00 00 00 00 00 00 00 00 00 00 00 00 00 00 00 00 00 00 00 00 00 00 00 00 00 00 00 00 00 00 00 00 00 00 00 00
00:aa 19 68 3a 00 38 00 00 00 00 00 00 00 00 00 00 00 00 00 00 00 00 00 00 00 00 00 00 00 00 00 00 00 00 00 00 00 00 00 00 00 00 00 00 00 00 00 00 00 00 00 00 00 00 00 00 00 00 00 00 00 00 00 00
00:aa 19 a0 3a 00 38 00 00 00 00 00 00 00 00 00 00 00 00 00 00 00 00 00 00 00 00 00 00 00 00 00 00 00 00 00 00 00 00 00 00 00 00 00 00 00 00 00 00 00 00 00 00 00 00 00 00 00 00 00 00 00 00 00 00
00:aa 19 d8 3a 00 38 00 00 00 00 00 00 00 00 00 00 00 00 00 00 00 00 00 00 00 00 00 00 00 00 00 00 00 00 00 00 00 00 00 00 00 00 00 00 00 00 00 00 00 00 00 00 00 00 00 00 00 00 00 00 00 00 00 00
00:aa 19 10 3b 00 38 00 00 00 00 00 00 00 00 00 00 00 00 00 00 00 00 00 00 00 00 00 00 00 00 00 00 00 00 00 00 00 00 00 00 00 00 00 00 00 00 00 00 00 00 00 00 00 00 00 00 00 00 00 00 00 00 00 00
00:aa 19 48 3b 00 38 00 00 00 00 00 00 00 00 00 00 00 00 00 00 00 00 00 00 00 00 00 00 00 00 00 00 00 00 00 00 00 00 00 00 00 00 00 00 00 00 00 00 00 00 00 00 00 00 00 00 00 00 00 00 00 00 00 00
00:aa 19 80 3b 00 38 00 00 00 00 00 00 00 00 00 00 00 00 00 00 00 00 00 00 00 00 00 00 00 00 00 00 00 00 00 00 00 00 00 00 00 00 00 00 00 00 00 00 00 00 00 00 00 00 00 00 00 00 00 00 00 00 00 00
00:aa 19 b8 3b 00 38 00 00 00 00 00 00 00 00 00 00 00 00 00 00 00 00 00 00 00 00 00 00 00 00 00 00 00 00 00 00 00 00 00 00 00 00 00 00 00 00 00 00 00 00 00 00 00 00 00 00 00 00 00 00 00 00 00 00
00:aa 19 f0 3b 00 38 00 00 00 00 00 00 00 00 00 00 00 00 00 00 00 00 00 00 00 00 00 00 00 00 00 00 00 00 00 00 00 00 00 00 00 00 00 00 00 00 00 00 00 00 00 00 00 00 00 00 00 00 00 00 00 00 00 00
00:aa 19 28 3c 00 38 00 00 00 00 00 00 00 00 00 00 00 00 00 00 00 00 00 00 00 00 00 00 00 00 00 00 00 00 00 00 00 00 00 00 00 00 00 00 00 00 00 00 00 00 00 00 00 00 00 00 00 00 00 00 00 00 00 00
00:aa 19 60 3c 00 38 00 00 00 00 00 00 00 00 00 00 00 00 00 00 00 00 00 00 00 00 00 00 00 00 00 00 00 00 00 00 00 00 00 00 00 00 00 00 00 00 00 00 00 00 00 00 00 00 00 00 00 00 00 00 00 00 00 00
00:aa 19 98 3c 00 38 00 00 00 00 00 00 00 00 00 00 00 00 00 00 00 00 00 00 00 00 00 00 00 00 00 00 00 00 00 00 00 00 00 00 00 00 00 00 00 00 00 00 00 00 00 00 00 00 00 00 00 00 00 00 00 00 00 00
00:aa 19 d0 3c 00 38 00 00 00 00 00 00 00 00 00 00 00 00 00 00 00 00 00 00 00 00 00 00 00 00 00 00 00 00 00 00 00 00 00 00 00 00 00 00 00 00 00 00 00 00 00 00 00 00 00 00 00 00 00 00 00 00 00 00
00:aa 19 08 3d 00 38 00 00 00 00 00 00 00 00 00 00 00 00 00 00 00 00 00 00 00 00 00 00 00 00 00 00 00 00 00 00 00 00 00 00 00 00 00 00 00 00 00 00 00 00 00 00 00 00 00 00 00 00 00 00 00 00 00 00
00:aa 19 40 3d 00 38 00 00 00 00 00 00 00 00 00 00 00 00 00 00 00 00 00 00 00 00 00 00 00 00 00 00 00 00 00 00 00 00 00 00 00 00 00 00 00 00 00 00 00 00 00 00 00 00 00 00 00 00 00 00 00 00 00 00
00:aa 19 78 3d 00 38 00 00 00 00 00 00 00 00 00 00 00 00 00 00 00 00 00 00 00 00 00 00 00 00 00 00 00 00 00 00 00 00 00 00 00 00 00 00 00 00 00 00 00 00 00 00 00 00 00 00 00 00 00 00 00 00 00 00
00:aa 19 b0 3d 00 38 00 00 00 00 00 00 00 00 00 00 00 00 00 00 00 00 00 00 00 00 00 00 00 00 00 00 00 00 00 00 00 00 00 00 00 00 00 00 00 00 00 00 00 00 00 00 00 00 00 00 00 00 00 00 00 00 00 00
00:aa 19 e8 3d 00 38 00 00 00 00 00 00 00 00 00 00 00 00 00 00 00 00 00 00 00 00 00 00 00 00 00 00 00 00 00 00 00 00 00 00 00 00 00 00 00 00 00 00 00 00 00 00 00 00 00 00 00 00 00 00 00 00 00 00
00:aa 19 20 3e 00 38 00 00 00 00 00 00 00 00 00 00 00 00 00 00 00 00 00 00 00 00 00 00 00 00 00 00 00 00 00 00 00 00 00 00 00 00 00 00 00 00 00 00 00 00 00 00 00 00 00 00 00 00 00 00 00 00 00 00
00:aa 19 58 3e 00 38 00 00 00 00 00 00 00 00 00 00 00 00 00 00 00 00 00 00 00 00 00 00 00 00 00 00 00 00 00 00 00 00 00 00 00 00 00 00 00 00 00 00 00 00 00 00 00 00 00 00 00 00 00 00 00 00 00 00
00:aa 19 90 3e 00 38 00 00 00 00 00 00 00 00 00 00 00 00 00 00 00 00 00 00 00 00 00 00 00 00 00 00 00 00 00 00 00 00 00 00 00 00 00 00 00 00 00 00 00 00 00 00 00 00 00 00 00 00 00 00 00 00 00 00
00:aa 19 c8 3e 00 38 00 00 00 00 00 00 00 00 00 00 00 00 00 00 00 00 00 00 00 00 00 00 00 00 00 00 00 00 00 00 00 00 00 00 00 00 00 00 00 00 00 00 00 00 00 00 00 00 00 00 00 00 00 00 00 00 00 00
00:aa 19 00 3f 00 38 00 00 00 00 00 00 00 00 00 00 00 00 00 00 00 00 00 00 00 00 00 00 00 00 00 00 00 00 00 00 00 00 00 00 00 00 00 00 00 00 00 00 00 00 00 00 00 00 00 00 00 00 00 00 00 00 00 00
00:aa 19 38 3f 00 38 00 00 00 00 00 00 00 00 00 00 00 00 00 00 00 00 00 00 00 00 00 00 00 00 00 00 00 00 00 00 00 00 00 00 00 00 00 00 00 00 00 00 00 00 00 00 00 00 00 00 00 00 00 00 00 00 00 00
00:aa 19 70 3f 00 38 00 00 00 00 00 00 00 00 00 00 00 00 00 00 00 00 00 00 00 00 00 00 00 00 00 00 00 00 00 00 00 00 00 00 00 00 00 00 00 00 00 00 00 00 00 00 00 00 00 00 00 00 00 00 00 00 00 00
00:aa 19 a8 3f 00 38 00 00 00 00 00 00 00 00 00 00 00 00 00 00 00 00 00 00 00 00 00 00 00 00 00 00 00 00 00 00 00 00 00 00 00 00 00 00 00 00 00 00 00 00 00 00 00 00 00 00 00 00 00 00 00 00 00 00
00:aa 19 e0 3f 00 38 00 00 00 00 00 00 00 00 00 00 00 00 00 00 00 00 00 00 00 00 00 00 00 00 00 00 00 00 00 00 00 00 00 00 00 00 00 00 00 00 00 00 00 00 00 00 00 00 00 00 00 00 00 00 00 00 00 00
00:aa 19 18 40 00 38 00 00 00 00 00 00 00 00 00 00 00 00 00 00 00 00 00 00 00 00 00 00 00 00 00 00 00 00 00 00 00 00 00 00 00 00 00 00 00 00 00 00 00 00 00 00 00 00 00 00 00 00 00 00 00 00 00 00
00:aa 19 50 40 00 38 00 00 00 00 00 00 00 00 00 00 00 00 00 00 00 00 00 00 00 00 00 00 00 00 00 00 00 00 00 00 00 00 00 00 00 00 00 00 00 00 00 00 00 00 00 00 00 00 00 00 00 00 00 00 00 00 00 00
00:aa 19 88 40 00 38 00 00 00 00 00 00 00 00 00 00 00 00 00 00 00 00 00 00 00 00 00 00 00 00 00 00 00 00 00 00 00 00 00 00 00 00 00 00 00 00 00 00 00 00 00 00 00 00 00 00 00 00 00 00 00 00 00 00
00:aa 19 c0 40 00 38 00 00 00 00 00 00 00 00 00 00 00 00 00 00 00 00 00 00 00 00 00 00 00 00 00 00 00 00 00 00 00 00 00 00 00 00 00 00 00 00 00 00 00 00 00 00 00 00 00 00 00 00 00 00 00 00 00 00
00:aa 19 f8 40 00 38 00 00 00 00 00 00 00 00 00 00 00 00 00 00 00 00 00 00 00 00 00 00 00 00 00 00 00 00 00 00 00 00 00 00 00 00 00 00 00 00 00 00 00 00 00 00 00 00 00 00 00 00 00 00 00 00 00 00
00:aa 19 30 41 00 38 00 00 00 00 00 00 00 00 00 00 00 00 00 00 00 00 00 00 00 00 00 00 00 00 00 00 00 00 00 00 00 00 00 00 00 00 00 00 00 00 00 00 00 00 00 00 00 00 00 00 00 00 00 00 00 00 00 00
00:aa 19 68 41 00 38 00 00 00 00 00 00 00 00 00 00 00 00 00 00 00 00 00 00 00 00 00 00 00 00 00 00 00 00 00 00 00 00 00 00 00 00 00 00 00 00 00 00 00 00 00 00 00 00 00 00 00 00 00 00 00 00 00 00
00:aa 19 a0 41 00 28 00 00 00 00 00 00 00 00 00 00 00 00 00 00 00 00 00 00 00 00 00 00 00 00 00 00 00 00 00 00 00 00 00 00 00 00 00 00 00 00 00 00 00 00 00 00 00 00 00 00 00 00 00 00 00 00 00 00
00:aa 19 00 00 01 38 00 00 51 47 49 46 00 27 00 01 3b 21 ff ff ff ff ff ff ff ff ff ff ff ff ff ff ff ff ff ff ff ff ff ff ff ff ff ff ff ff ff ff ff ff ff ff ff ff ff ff ff ff ff ff ff ff ff ff
00:aa 19 38 00 01 38 00 00 ff ff ff ff ff ff ff ff ff ff ff ff ff ff ff ff ff ff ff ff ff ff ff ff ff ff ff ff ff ff ff ff ff ff ff ff ff ff ff ff ff ff ff ff ff ff ff ff ff ff ff ff ff ff ff ff
00:aa 19 70 00 01 38 00 00 ff ff ff ff ff ff ff ff ff ff ff ff ff ff ff ff ff ff ff ff ff ff ff ff ff ff ff ff ff ff ff ff ff ff ff ff ff ff ff ff ff ff ff ff ff ff ff ff ff ff ff ff ff ff ff ff
00:aa 19 a8 00 01 38 00 00 ff ff ff ff ff ff ff ff ff ff ff ff ff ff ff ff ff ff ff ff ff ff ff ff ff ff ff ff ff ff ff ff ff ff ff ff ff ff ff ff ff ff ff ff ff ff ff ff ff ff ff ff ff ff ff ff
00:aa 19 e0 00 01 38 00 00 ff ff ff ff ff ff ff ff ff ff ff ff ff ff ff ff ff ff ff ff ff ff ff ff ff ff ff ff ff ff ff ff ff ff ff ff ff ff ff ff ff 00 00 00 00 00 00 00 00 00 00 00 00 00 00 00
00:aa 19 18 01 01 38 00 00 00 00 00 00 00 00 00 00 00 00 00 00 00 00 00 00 00 00 00 00 00 00 00 00 00 00 00 00 00 00 00 00 00 00 00 00 00 00 00 00 00 00 00 00 00 00 00 00 00 00 00 00 00 00 00 00
00:aa 19 50 01 01 38 00 00 00 00 00 00 00 00 00 00 00 00 00 00 00 00 00 00 00 00 00 00 00 00 00 00 00 00 00 00 00 00 00 00 00 82 10 82 08 ea ea ea ea 82 10 82 10 00 00 00 00 08 42 82 10 55 55 57
00:aa 19 88 01 01 38 00 00 54 08 42 82 10 55 55 80 00 ab 5a a3 18 55 55 00 aa ec 62 c3 18 55 55 b5 89 c4 18 c3 18 fe fe fa ea e4 18 c4 18 e8 e8 a8 aa e4 20 e4 18 ff ff fe ea 04 21 e4 20 aa aa a8
00:aa 19 c0 01 01 38 00 00 a8 05 21 04 21 ec ee bf aa ec 5a 25 21 e0 55 55 55 0c 63 25 21 00 e0 57 55 0c 63 25 21 00 00 e0 57 0d 63 8a 52 aa 0a 22 5a 0c 63 eb 5a fd ff be ab 0c 63 eb 5a 5d f9 ad
00:aa 19 f8 01 01 38 00 00 a9 0c 63 49 52 aa 26 87 57 cb 62 49 4a af 2e 35 0c 6e 73 c7 39 f5 cf fd 95 49 4a 86 31 20 28 da 9d 8a 52 45 29 00 d4 fd f3 ab 52 08 42 02 00 a0 7a 8a 52 c7 39 00 00 00
00:aa 19 30 02 01 38 00 00 a1 6a 4a e4 18 02 09 b5 55 66 29 c3 18 15 55 55 55 a3 18 a3 10 af af af ae a3 10 82 10 af ab aa aa a3 10 82 10 ff ff af af 82 10 62 10 2b 2b 2b 0b 62 10 00 00 00 00 00
00:aa 19 68 02 01 38 00 00 00 62 08 62 08 00 00 00 00 62 08 41 08 aa aa aa aa 41 08 41 08 00 00 00 00 00 00 00 00 00 00 00 00 00 00 00 00 00 00 00 00 00 00 00 00 00 00 00 00 00 00 00 00 00 00 00
00:aa 19 a0 02 01 38 00 00 00 00 00 00 00 00 00 00 00 00 00 00 00 00 00 00 00 00 00 00 00 00 00 00 00 00 00 00 00 00 00 00 00 00 00 00 00 00 00 00 00 00 00 00 00 00 00 00 00 00 00 00 00 00 00 00
00:aa 19 d8 02 01 38 00 00 00 00 00 00 00 00 00 00 00 00 00 00 00 00 00 00 00 00 00 00 00 00 00 00 00 00 00 00 00 00 00 00 00 00 00 00 00 00 00 00 00 00 00 00 00 00 00 00 00 00 00 00 00 00 00 00
00:aa 19 10 03 01 38 00 00 00 00 00 00 00 00 00 00 00 00 00 00 00 00 00 00 00 00 00 00 00 00 00 00 00 00 00 00 00 00 00 00 00 00 00 00 00 00 00 00 00 00 00 00 00 00 00 00 00 00 00 00 00 00 00 00
00:aa 19 48 03 01 38 00 00 00 00 00 00 00 00 00 00 00 82 10 62 08 ea e0 e0 aa 82 10 82 10 00 00 00 00 08 3a 82 10 5c 56 55 55 0c 63 c3 18 ff e0 f8 55 f0 7b 04 21 ff a8 02 55 2d 63 c3 18 ab 2b bd
00:aa 19 80 03 01 38 00 00 55 e4 18 c4 18 7b aa aa aa e4 18 c4 18 aa 80 80 a0 e4 20 e4 18 ea fa fa fe 04 21 04 21 00 00 00 00 25 21 04 21 ea a8 a8 80 25 21 05 21 aa aa aa a8 45 29 25 21 57 7f 7f
00:aa 19 b8 03 01 38 00 00 aa 25 21 05 21 0a 00 00 02 66 29 25 21 d4 55 57 55 0c 63 25 21 e0 57 57 56 cb 5a 08 4a 23 ab de d7 eb 6a 86 39 70 b0 2a 8b eb 72 28 4a 06 be a0 c0 0f ac 69 5a 55 d7 d5
00:aa 19 f0 03 01 38 00 00 39 2c 73 c7 39 ff b5 8d ca 8a 52 65 31 bd e2 a9 99 29 4a 45 29 20 2d 56 ff 29 42 c3 18 8d f5 e5 ca 04 21 c4 18 d5 f5 f5 05 c4 18 c3 18 fd af af af c3 18 a3 10 af ab ab
00:aa 19 28 04 01 38 00 00 bf a3 10 82 10 aa aa aa 2a a3 10 82 10 ff bf af ab 82 10 62 10 0b 2e 2e 0b 62 10 62 08 aa aa aa aa 62 10 62 08 ab aa aa aa 62 08 41 08 aa aa aa aa 41 08 41 08 00 00 00
00:aa 19 60 04 01 38 00 00 00 00 00 00 00 00 00 00 00 00 00 00 00 00 00 00 00 00 00 00 00 00 00 00 00 00 00 00 00 00 00 00 00 00 00 00 00 00 00 00 00 00 00 00 00 00 00 00 00 00 00 00 00 00 00 00
00:aa 19 98 04 01 38 00 00 00 00 00 00 00 00 00 00 00 00 00 00 00 00 00 00 00 00 00 00 00 00 00 00 00 00 00 00 00 00 00 00 00 00 00 00 00 00 00 00 00 00 00 00 00 00 00 00 00 00 00 00 00 00 00 00
00:aa 19 d0 04 01 38 00 00 00 00 00 00 00 00 00 00 00 00 00 00 00 00 00 00 00 00 00 00 00 00 00 00 00 00 00 00 00 00 00 00 00 00 00 00 00 00 00 00 00 00 00 00 00 00 00 00 00 00 00 00 00 00 00 00
00:aa 19 08 05 01 38 00 00 00 00 00 00 00 00 00 00 00 00 00 00 00 00 00 00 00 00 00 00 00 00 00 00 00 00 00 00 00 00 00 00 00 00 00 00 00 00 00 00 00 05 21 82 10 55 55 bd 00 e4 20 82 10 55 55 55
00:aa 19 40 05 01 38 00 00 2b 83 10 82 10 ff ff ff aa a3 10 82 10 aa a8 ea e0 a3 18 a3 10 be fe fa fa c4 18 a3 10 ea fa ea ea e4 18 c4 18 aa aa fa fa e4 18 e4 18 00 00 00 00 e4 20 e4 18 fe fe ea
00:aa 19 78 05 01 38 00 00 ea 05 21 e4 18 aa aa fa fa 25 21 05 21 aa aa c0 c0 45 29 25 21 7a fd fb fb 46 29 25 21 e0 7d 7d 7f 46 29 25 21 a9 a8 a8 aa 46 29 25 21 55 a5 af bf 6a 52 25 21 54 54 5c
00:aa 19 b0 05 01 38 00 00 5c 4e bc 6a 5a 55 55 5e 78 b4 dd 69 6a 57 58 a0 80 f6 e5 2f ac 7a 82 00 00 11 d5 0b 83 29 29 0b 0a ad a3 e7 49 ad ab 28 2b 2c 83 e7 41 55 bd 15 37 08 42 25 29 0f a5 cd
00:aa 19 e8 05 01 38 00 00 dd c7 39 c3 18 10 5e d5 a0 86 31 04 21 0a 97 95 0b e4 18 c3 18 ff 2a ba 2a c4 18 a3 10 bf 2b 2f 2f a3 10 a3 10 00 00 00 00 a3 10 82 10 ab ab aa aa 82 10 62 10 0a 0a 00
00:aa 19 20 06 01 38 00 00 00 82 10 62 08 ab 0b 2a 2a 62 10 62 08 aa aa aa aa 62 08 62 08 00 00 00 00 41 08 41 08 00 00 00 00 00 00 00 00 00 00 00 00 00 00 00 00 00 00 00 00 00 00 00 00 00 00 00
00:aa 19 58 06 01 38 00 00 00 00 00 00 00 00 00 00 00 00 00 00 00 00 00 00 00 00 00 00 00 00 00 00 00 00 00 00 00 00 00 00 00 00 00 00 00 00 00 00 00 00 00 00 00 00 00 00 00 00 00 00 00 00 00 00
00:aa 19 90 06 01 38 00 00 00 00 00 00 00 00 00 00 00 00 00 00 00 00 00 00 00 00 00 00 00 00 00 00 00 00 00 00 00 00 00 00 00 00 00 00 00 00 00 00 00 00 00 00 00 00 00 00 00 00 00 00 00 00 00 00
00:aa 19 c8 06 01 38 00 00 00 00 00 00 00 00 00 00 00 00 00 00 00 00 00 00 00 00 00 00 00 00 00 00 00 00 00 00 00 00 00 00 00 00 00 00 00 00 00 00 00 00 00 00 00 00 00 00 00 00 00 00 00 00 00 00
00:aa 19 00 07 01 38 00 00 00 00 00 00 00 00 00 00 00 00 00 00 00 00 00 00 00 46 29 25 29 7f 7a fa e8 66 29 25 29 ea aa 80 00 87 31 04 21 d5 aa a8 a8 87 31 83 10 55 af 00 00 a7 39 a3 10 55 55 af
00:aa 19 38 07 01 38 00 00 00 87 31 c3 18 55 55 55 0b e4 18 c4 18 fa fa 6e 9e e4 18 c4 18 80 80 80 a0 e4 20 e4 18 ef ef ef fe 25 21 e4 20 ea fa a0 a0 25 21 05 21 88 bc 28 80 45 29 25 21 ff af 5a
00:aa 19 70 07 01 38 00 00 fa 46 29 25 21 7f f2 af b5 45 29 25 21 2f f7 d7 57 25 21 25 21 00 00 00 00 0a 7b 25 21 5e 5e 5c 5c 6e cc c9 72 68 e0 e0 e0 f5 e5 f1 dc 78 78 f8 78 16 e6 b5 d5 28 28 b6
00:aa 19 a8 07 01 38 00 00 34 b4 e5 6f c4 2d 3f 2d 09 0d bc 48 6a 35 2f 0b 0a ce 9b c7 51 37 bf d5 95 e8 41 45 29 17 29 aa 90 e8 41 04 21 1d d5 d7 3b 08 42 04 21 7f 5d df 62 45 29 c4 18 95 95 15
00:aa 19 e0 07 01 38 00 00 15 c4 18 c3 18 ab ab aa aa c3 18 a3 10 ba 2a 2a aa a3 10 a3 10 00 00 00 00 a3 10 82 10 ab ab ab aa 82 10 62 08 2b 02 00 00 62 10 62 08 aa aa aa aa 62 10 62 08 ab ab ab
00:aa 19 18 08 01 38 00 00 ab 41 08 41 08 00 00 00 00 00 00 00 00 00 00 00 00 00 00 00 00 00 00 00 00 00 00 00 00 00 00 00 00 00 00 00 00 00 00 00 00 00 00 00 00 00 00 00 00 00 00 00 00 00 00 00
00:aa 19 50 08 01 38 00 00 00 00 00 00 00 00 00 00 00 00 00 00 00 00 00 00 00 00 00 00 00 00 00 00 00 00 00 00 00 00 00 00 00 00 00 00 00 00 00 00 00 00 00 00 00 00 00 00 00 00 00 00 00 00 00 00
00:aa 19 88 08 01 38 00 00 00 00 00 00 00 00 00 00 00 00 00 00 00 00 00 00 00 00 00 00 00 00 00 00 00 00 00 00 00 00 00 00 00 00 00 00 00 00 00 00 00 00 00 00 00 00 00 00 00 00 00 00 00 00 00 00
00:aa 19 c0 08 01 38 00 00 00 00 00 00 00 00 00 00 00 00 00 00 00 00 00 00 00 00 00 00 00 00 00 00 00 00 00 00 00 00 00 00 00 00 00 00 00 00 00 00 00 00 00 00 00 00 00 00 00 66 29 25 29 c0 e0 80
00:aa 19 f8 08 01 38 00 00 00 66 31 66 29 aa ba aa a0 a7 31 66 31 fe f8 a0 80 e8 39 a7 39 5f 7a 6a 68 09 42 a7 39 7e fa ea aa 29 42 e8 41 7f fa e0 a8 09 42 45 29 ad 00 00 00 29 42 e4 18 55 2b 00
00:aa 19 30 09 01 38 00 00 00 29 42 04 21 55 d5 0a 00 09 42 05 21 55 55 d5 02 25 21 04 21 80 bf bf 02 25 21 04 21 00 80 f8 a8 25 21 05 21 aa aa 2a aa 25 21 05 21 a8 aa aa ea 25 21 25 21 00 00 00
00:aa 19 68 09 01 38 00 00 00 0b 83 45 21 5c 5c 5e 5e f1 d4 2a 93 7c 78 f8 70 d4 e5 ad a3 80 a2 ba a5 b5 d5 6d 83 00 00 00 d5 f5 e5 70 b4 2d 0b b5 75 8f dc ea 82 ab 2a ab 8d f6 dd 07 62 f5 f5 a8
00:aa 19 a0 09 01 38 00 00 35 91 bc 25 31 55 d5 16 5c ed b3 45 29 55 f5 fd 2a 65 29 c3 18 03 7e db cf a6 39 e4 18 95 95 15 35 e4 18 c3 18 aa ab aa 2e c4 18 c3 18 b5 bd af bf c3 18 a3 10 ff ff ff
00:aa 19 d8 09 01 38 00 00 26 a3 18 82 10 bf ab ab 03 83 10 82 10 fd fd fd b5 82 10 62 08 2f ab ab 2a 62 10 62 08 ab ab ab aa 62 08 41 08 ba aa aa aa 00 00 00 00 00 00 00 00 00 00 00 00 00 00 00
00:aa 19 10 0a 01 38 00 00 00 00 00 00 00 00 00 00 00 00 00 00 00 00 00 00 00 00 00 00 00 00 00 00 00 00 00 00 00 00 00 00 00 00 00 00 00 00 00 00 00 00 00 00 00 00 00 00 00 00 00 00 00 00 00 00
00:aa 19 48 0a 01 38 00 00 00 00 00 00 00 00 00 00 00 00 00 00 00 00 00 00 00 00 00 00 00 00 00 00 00 00 00 00 00 00 00 00 00 00 00 00 00 00 00 00 00 00 00 00 00 00 00 00 00 00 00 00 00 00 00 00
00:aa 19 80 0a 01 38 00 00 00 00 00 00 00 00 00 00 00 00 00 00 00 00 00 00 00 00 00 00 00 00 00 00 00 00 00 00 00 00 00 00 00 00 00 00 00 00 00 00 00 00 00 00 00 00 00 00 00 00 00 00 00 00 00 00
00:aa 19 b8 0a 01 38 00 00 00 00 00 00 00 00 00 00 00 00 00 00 00 00 00 00 00 00 00 00 00 00 00 00 00 66 31 66 29 fa fa ea ea 87 31 66 31 7a 7a 78 e0 c8 39 a7 31 5f 5f 7a fa e8 41 e8 39 5f fa ea
00:aa 19 f0 0a 01 38 00 00 ea 09 42 08 42 fa ba aa a8 29 4a 09 42 57 5a 6a ea 4a 4a 29 42 57 fe fa e8 6a 4a 29 4a d7 f8 ea a8 6a 4a 49 4a ff 2a 00 00 6a 4a 49 4a ff a8 00 00 8b 52 6a 4a 75 6f ea
00:aa 19 28 0b 01 38 00 00 aa 8b 52 66 29 d5 0a 00 00 6a 4a 05 21 55 b5 02 00 6a 4a 25 21 55 55 bd 00 08 42 25 21 55 55 55 2d 07 5a 25 21 5c 5e 5f 5f 12 d5 c6 41 e8 ea fd 55 2e bc 47 6a 03 a2 5c
00:aa 19 60 0b 01 38 00 00 5c 2f b4 a6 49 d5 f5 2f 02 57 ee e7 51 7d 62 e2 ea b6 ed 2b 93 97 6b 83 0b a9 92 07 52 35 bf 2b 0b ad ab 07 5a 52 5d 5f 58 af dc 86 49 0a cb a9 09 a7 39 04 21 4b d5 75
00:aa 19 98 0b 01 38 00 00 95 86 31 a3 18 0b 41 cb 8f f1 73 c4 18 55 55 57 f0 b1 6b c4 18 55 57 a0 00 f1 73 a3 18 55 e8 00 00 d2 6b 83 20 55 aa 00 00 90 63 a3 18 55 ab 02 00 4f 63 82 10 55 f5 fd
00:aa 19 d0 0b 01 38 00 00 25 62 10 62 08 aa aa ab 2b 62 08 41 08 aa aa aa aa 00 00 00 00 00 00 00 00 00 00 00 00 00 00 00 00 00 00 00 00 00 00 00 00 00 00 00 00 00 00 00 00 00 00 00 00 00 00 00
00:aa 19 08 0c 01 38 00 00 00 00 00 00 00 00 00 00 00 00 00 00 00 00 00 00 00 00 00 00 00 00 00 00 00 00 00 00 00 00 00 00 00 00 00 00 00 00 00 00 00 00 00 00 00 00 00 00 00 00 00 00 00 00 00 00
00:aa 19 40 0c 01 38 00 00 00 00 00 00 00 00 00 00 00 00 00 00 00 00 00 00 00 00 00 00 00 00 00 00 00 00 00 00 00 00 00 00 00 00 00 00 00 00 00 00 00 00 00 00 00 00 00 00 00 00 00 00 00 00 00 00
00:aa 19 78 0c 01 38 00 00 00 00 00 00 00 00 00 00 00 00 00 00 00 00 00 00 00 00 00 00 00 00 00 00 00 00 00 00 00 00 00 00 00 00 00 00 00 00 00 00 00 00 00 00 00 00 00 00 00 00 00 00 00 00 00 00
00:aa 19 b0 0c 01 38 00 00 00 67 31 66 29 ea 6a 5a 6a a7 39 87 31 7b 7a 7a 78 e8 39 a7 39 7e 7a e2 f8 e8 41 e8 39 ea ea ea e0 29 4a 09 42 56 56 5e 7a 4a 4a 29 4a 7f fe ea ea 6a 52 4a 4a 56 5e 7b
00:aa 19 e8 0c 01 38 00 00 7a 8a 52 4a 4a d7 be aa 80 8a 52 6a 4a f5 ff af 0a 8b 52 6a 4a 5e 7e ea a8 8b 52 8a 52 aa aa aa a8 ab 52 00 00 00 00 00 00 8b 52 8a 52 aa aa aa aa 8b 52 6a 52 b5 af ab
00:aa 19 20 0d 01 38 00 00 bf 6a 4a 49 4a fd 0b 02 02 d2 ac 46 29 d5 ff e2 e0 54 c5 a6 39 57 56 98 ff fa f6 8b 9b f6 3e d6 56 77 f6 8f c4 55 de 1e 27 77 f6 6f c4 58 ba 00 00 36 ee 4b a3 09 25 35
00:aa 19 58 0d 01 38 00 00 2d c9 92 48 6a 2d 25 35 37 6d 93 27 62 5c 56 54 fc f2 cc 25 29 0d 29 2d 05 b1 63 47 29 a5 82 80 80 f2 6b 46 29 5c e0 00 00 33 74 0b 32 00 03 0f 04 b5 84 2f 53 5e 7a a2
00:aa 19 90 0d 01 38 00 00 0b 34 6c 0f 5b 02 0a a0 5e 74 74 4f 5b be 89 8d f5 4f 5b 68 21 0b 15 5e 62 ad 4a 86 29 8d a9 2a 2a 09 3a 62 10 55 55 d5 15 62 08 41 08 aa aa aa aa 00 00 00 00 00 00 00
00:aa 19 c8 0d 01 38 00 00 00 00 00 00 00 00 00 00 00 00 00 00 00 00 00 00 00 00 00 00 00 00 00 00 00 00 00 00 00 00 00 00 00 00 00 00 00 00 00 00 00 00 00 00 00 00 00 00 00 00 00 00 00 00 00 00
00:aa 19 00 0e 01 38 00 00 00 00 00 00 00 00 00 00 00 00 00 00 00 00 00 00 00 00 00 00 00 00 00 00 00 00 00 00 00 00 00 00 00 00 00 00 00 00 00 00 00 00 00 00 00 00 00 00 00 00 00 00 00 00 00 00
00:aa 19 38 0e 01 38 00 00 00 00 00 00 00 00 00 00 00 00 00 00 00 00 00 00 00 00 00 00 00 00 00 00 00 00 00 00 00 00 00 00 00 00 00 00 00 00 00 00 00 00 00 00 00 00 00 00 00 00 00 00 00 00 00 00
00:aa 19 70 0e 01 38 00 00 00 00 00 00 00 00 00 00 00 00 00 00 00 00 00 00 00 00 00 00 00 00 00 00 00 00 00 00 00 00 00 00 00 86 31 82 10 00 00 e0 57 c7 39 04 21 80 80 00 5e e8 39 c7 39 78 f8 f8
00:aa 19 a8 0e 01 38 00 00 58 09 42 08 42 7a ea ea c2 29 4a 29 42 ea e8 e8 ea 4a 4a 49 4a aa aa ae ff 6a 52 69 4a e0 f8 f8 78 8b 52 8a 52 aa a2 a0 80 8b 52 8a 52 af aa aa 00 8b 52 8a 52 aa aa aa
00:aa 19 e0 0e 01 38 00 00 0a 8b 52 8a 52 a8 a8 aa ba ab 52 8b 52 aa f5 f5 f5 8b 52 8a 52 aa aa aa aa 8b 52 8a 52 bf af af af 8a 52 4a 4a bf bd ab aa 6e 6b 4a 4a 5d 5b 5c 56 ac ab ab 5a 78 70 5c
00:aa 19 18 0f 01 38 00 00 d6 15 ee ed bb 5c 78 f8 57 b8 fe e6 69 0a 00 2d 97 b4 ed ea 92 80 a0 50 60 92 ed e9 92 2d 2d 2d ad ca 82 48 7a 16 d6 d8 f8 aa 72 85 39 00 29 2d 3d 37 ce 45 31 35 55 55
00:aa 19 50 0f 01 38 00 00 55 96 7c ee 5a 6a 68 6a 6a 95 84 13 6c d2 70 60 7d d5 84 ad 42 1c 90 e0 a0 d6 84 34 6c 5d 1d 2f 2b b5 84 ee 52 aa aa 02 09 f2 6b 67 21 0d 26 9e 78 70 53 ee 4a 69 3b 0b
00:aa 19 88 0f 01 38 00 00 09 ad 42 4b 3a 3d 35 35 25 e9 39 62 10 35 05 0d 09 62 08 62 08 00 00 00 00 00 00 00 00 00 00 00 00 00 00 00 00 00 00 00 00 00 00 00 00 00 00 00 00 00 00 00 00 00 00 00
00:aa 19 c0 0f 01 38 00 00 00 00 00 00 00 00 00 00 00 00 00 00 00 00 00 00 00 00 00 00 00 00 00 00 00 00 00 00 00 00 00 00 00 00 00 00 00 00 00 00 00 00 00 00 00 00 00 00 00 00 00 00 00 00 00 00
00:aa 19 f8 0f 01 38 00 00 00 00 00 00 00 00 00 00 00 00 00 00 00 00 00 00 00 00 00 00 00 00 00 00 00 00 00 00 00 00 00 00 00 00 00 00 00 00 00 00 00 00 00 00 00 00 00 00 00 00 00 00 00 00 00 00
00:aa 19 30 10 01 38 00 00 00 00 00 00 00 00 00 00 00 00 00 00 00 00 00 00 00 00 00 00 00 00 00 00 00 00 00 00 00 00 00 00 00 00 00 00 00 00 00 00 00 00 00 00 00 00 00 00 00 00 00 00 00 00 00 00
00:aa 19 68 10 01 38 00 00 00 00 00 00 00 00 00 00 00 a3 10 82 10 ea ea ea aa a3 18 a3 10 aa a8 e2 aa 25 21 c3 18 5c 55 55 55 29 42 e4 18 80 55 55 55 29 4a e4 18 00 fa 55 55 49 4a 04 21 00 80 5f
00:aa 19 a0 10 01 38 00 00 55 6a 4a 04 21 00 00 a0 55 ab 52 66 29 00 00 00 78 ab 52 8b 52 aa aa 3b 00 ab 52 8b 52 ad ad 8b 8a 8b 52 8a 52 a8 aa aa aa 8b 52 8b 52 00 00 00 00 8b 52 8b 52 00 00 00
00:aa 19 d8 10 01 38 00 00 00 8b 52 8a 52 af af bf bf 6a 52 6a 4a ba bf fb ab 6a 52 4a 4a 96 d5 77 6f 48 62 6a 4a 5e 57 55 55 0e ac 85 59 85 cd 6b 5b 93 e5 e7 61 58 78 e8 8a 36 f6 68 72 00 8a ab
00:aa 19 10 11 01 38 00 00 d5 f1 d4 89 82 2d b5 55 55 c9 8a a9 7a ab 0b e1 c1 28 62 65 39 37 37 96 d6 aa 7a a8 41 f5 b5 ad 0b 14 6c 0f 5b 40 c3 4a cf f3 6b 50 5b a8 cf 07 04 17 8d b0 6b 70 60 40
00:aa 19 48 11 01 38 00 00 80 d6 84 54 7c 3c 28 38 d1 f6 8c e9 31 29 a7 b6 da d2 63 2b 32 60 80 00 00 91 5b 0f 4b 2d 2d 0b 2d ce 42 2b 3a 25 2d 2f 2a 6b 42 e4 20 a9 29 2b 3a 82 10 41 08 bf af 2b
00:aa 19 80 11 01 38 00 00 3d 00 00 00 00 00 00 00 00 00 00 00 00 00 00 00 00 00 00 00 00 00 00 00 00 00 00 00 00 00 00 00 00 00 00 00 00 00 00 00 00 00 00 00 00 00 00 00 00 00 00 00 00 00 00 00
00:aa 19 b8 11 01 38 00 00 00 00 00 00 00 00 00 00 00 00 00 00 00 00 00 00 00 00 00 00 00 00 00 00 00 00 00 00 00 00 00 00 00 00 00 00 00 00 00 00 00 00 00 00 00 00 00 00 00 00 00 00 00 00 00 00
00:aa 19 f0 11 01 38 00 00 00 00 00 00 00 00 00 00 00 00 00 00 00 00 00 00 00 00 00 00 00 00 00 00 00 00 00 00 00 00 00 00 00 00 00 00 00 00 00 00 00 00 00 00 00 00 00 00 00 00 00 00 00 00 00 00
00:aa 19 28 12 01 38 00 00 00 00 00 00 00 00 00 00 00 00 00 00 00 00 00 00 00 00 00 00 00 00 00 00 00 00 00 00 00 00 00 00 00 00 00 00 00 00 00 00 00 82 10 62 08 a0 ea 80 00 a3 18 82 10 ea 5e ff
00:aa 19 60 12 01 38 00 00 ea c3 18 82 10 00 a0 5f aa e4 18 c3 18 ea ea 5f 55 04 21 a3 10 a8 a8 a8 7e 04 21 e4 18 aa aa aa 7e 05 21 04 21 57 55 55 ab 25 21 04 21 dc be fe fa a7 31 25 21 e0 55 5d
00:aa 19 98 12 01 38 00 00 55 ab 52 25 21 80 5e 56 56 ab 52 8b 52 fa 6a aa aa ab 52 8b 52 af af af aa 8b 52 8b 52 00 00 00 00 8b 52 8a 52 bf bf bf bf 6a 52 6a 4a ab ab aa af 6a 52 6a 4a 7f fe aa
00:aa 19 d0 12 01 38 00 00 fe 6a 52 6a 4a ab ab ab ab 49 4a 44 31 20 0e 09 00 54 dd 47 6a fd 5c e0 dd 91 bc c6 59 a0 0b 27 5f ee ab a9 82 e5 bd 7f 2b a9 82 04 31 02 03 0b 2d 68 62 24 29 dc 5c 5c
00:aa 19 08 13 01 38 00 00 58 ea 82 8c 5a 89 09 09 89 13 74 51 5b c7 b6 2c 30 f2 73 0f 53 24 36 b8 ec 37 95 54 74 02 0a 2e 87 94 7c ea 31 03 01 0d 05 f2 63 2a 32 60 40 80 80 54 6c d2 63 dd 89 b6
00:aa 19 40 13 01 38 00 00 eb 91 5b 0f 4b 2f 01 0d 2d ee 4a e6 18 02 09 27 fa 29 42 47 21 7a 6a 2e 18 87 31 82 10 d5 95 35 25 00 00 00 00 00 00 00 00 00 00 00 00 00 00 00 00 00 00 00 00 00 00 00
00:aa 19 78 13 01 38 00 00 00 00 00 00 00 00 00 00 00 00 00 00 00 00 00 00 00 00 00 00 00 00 00 00 00 00 00 00 00 00 00 00 00 00 00 00 00 00 00 00 00 00 00 00 00 00 00 00 00 00 00 00 00 00 00 00
00:aa 19 b0 13 01 38 00 00 00 00 00 00 00 00 00 00 00 00 00 00 00 00 00 00 00 00 00 00 00 00 00 00 00 00 00 00 00 00 00 00 00 00 00 00 00 00 00 00 00 00 00 00 00 00 00 00 00 00 00 00 00 00 00 00
00:aa 19 e8 13 01 38 00 00 00 00 00 00 00 00 00 00 00 00 00 00 00 00 00 00 00 00 00 00 00 00 00 00 00 00 00 00 00 00 00 00 00 00 00 00 00 00 00 00 00 00 00 00 00 00 00 00 00 00 00 00 00 00 00 00
00:aa 19 20 14 01 38 00 00 00 00 00 00 00 00 00 00 00 00 00 00 00 00 00 00 00 82 10 82 10 00 00 00 00 a3 10 82 10 ee a8 a8 a8 c3 18 a3 10 7f aa a0 a0 e4 18 c3 18 77 55 fe ea 04 21 c3 18 df 7e be
00:aa 19 58 14 01 38 00 00 a8 04 21 c3 18 f7 aa aa 00 05 21 e4 18 7e f5 fa aa 04 21 e4 18 a8 d5 aa b8 25 21 e4 18 00 a0 60 20 09 42 25 21 54 54 54 54 ab 5a ab 52 ff ff aa aa ab 52 ab 52 00 00 00
00:aa 19 90 14 01 38 00 00 00 8b 52 8a 52 aa aa aa 0a 8b 52 8a 52 bf bf bf bf 6a 52 6a 4a af ab 8b ab 6a 4a 4a 4a be aa aa aa 6a 52 6a 4a ab aa aa aa 6a 4a 49 4a b7 85 0a 02 6d 73 85 39 15 d7 fe
00:aa 19 c8 14 01 38 00 00 ff 4f c4 48 6a 58 f0 fa 75 8c a3 85 39 02 0b ad d5 86 41 24 29 0d 35 97 5c 89 6a 45 41 58 62 c0 aa a9 72 0e 5b 09 89 01 01 54 7c 91 5b 03 39 b5 07 f2 6b 70 5b cc af 2f
00:aa 19 00 15 01 38 00 00 fc f6 94 32 74 bf 36 2e 0c 74 84 4c 42 05 25 25 25 f2 63 ee 4a 80 80 62 64 13 6c 2f 53 02 05 de 4d 70 5b a9 21 09 0e aa a8 cd 4a 67 21 e8 20 01 37 8b 4a 67 21 98 5a 6f
00:aa 19 38 15 01 38 00 00 37 87 29 a3 18 05 09 0b 0a 00 00 00 00 00 00 00 00 00 00 00 00 00 00 00 00 00 00 00 00 00 00 00 00 00 00 00 00 00 00 00 00 00 00 00 00 00 00 00 00 00 00 00 00 00 00 00
00:aa 19 70 15 01 38 00 00 00 00 00 00 00 00 00 00 00 00 00 00 00 00 00 00 00 00 00 00 00 00 00 00 00 00 00 00 00 00 00 00 00 00 00 00 00 00 00 00 00 00 00 00 00 00 00 00 00 00 00 00 00 00 00 00
00:aa 19 a8 15 01 38 00 00 00 00 00 00 00 00 00 00 00 00 00 00 00 00 00 00 00 00 00 00 00 00 00 00 00 00 00 00 00 00 00 00 00 00 00 00 00 00 00 00 00 00 00 00 00 00 00 00 00 00 00 00 00 00 00 00
00:aa 19 e0 15 01 38 00 00 00 00 00 00 00 00 00 00 00 00 00 00 00 00 00 00 00 00 00 00 00 00 00 00 00 00 00 00 00 00 00 00 00 00 00 00 00 00 00 00 00 00 00 00 00 00 00 00 00 a3 10 82 10 fe fa aa
00:aa 19 18 16 01 38 00 00 aa c3 18 a3 10 fe fe ff fb e4 18 a3 18 5e 5e fe f8 e4 18 c4 18 a0 a0 a0 80 04 21 e4 18 ea ea fa fe 25 21 04 21 e0 e0 f8 f8 46 29 25 21 5f fe fa 35 86 31 25 21 7d ce ef
00:aa 19 50 16 01 38 00 00 67 86 31 25 21 5f 7b 63 63 29 42 25 21 54 54 54 54 cb 5a ab 52 ab ab 2a 2a ab 5a ab 52 aa aa af af ab 52 8b 52 0f 83 aa aa 8b 52 8a 52 af aa aa aa 8a 52 6a 4a ab 2a 0b
00:aa 19 88 16 01 38 00 00 0b 6a 4a 4a 4a a8 28 2c 28 8a 52 6a 4a ab ab ab ab 6a 52 6a 4a ff f5 fd ab 8b 52 c7 39 a9 a1 83 0b e7 51 25 21 8b fd b5 35 45 31 e3 18 03 ef 7e 62 c7 41 04 29 58 70 7c
00:aa 19 c0 16 01 38 00 00 56 28 5a 65 39 a0 e0 fe 5f 2e 6b e7 49 ff f7 55 54 f2 6b 0f 53 02 0a ba 36 94 84 91 63 5f 5f 48 6f f5 94 4e 5b 88 80 80 5f 94 84 e9 31 2d 2d 2d 2d 34 6c ac 42 7e 72 6a
00:aa 19 f8 16 01 38 00 00 f8 34 74 ef 4a 5e 82 8a 08 d2 63 8d 42 25 82 0a 00 50 53 0a 32 ea 01 09 25 2b 3a 87 29 56 5a e1 01 09 3a 05 21 e7 a5 8d 8d 00 00 00 00 00 00 00 00 00 00 00 00 00 00 00
00:aa 19 30 17 01 38 00 00 00 00 00 00 00 00 00 00 00 00 00 00 00 00 00 00 00 00 00 00 00 00 00 00 00 00 00 00 00 00 00 00 00 00 00 00 00 00 00 00 00 00 00 00 00 00 00 00 00 00 00 00 00 00 00 00
00:aa 19 68 17 01 38 00 00 00 00 00 00 00 00 00 00 00 00 00 00 00 00 00 00 00 00 00 00 00 00 00 00 00 00 00 00 00 00 00 00 00 00 00 00 00 00 00 00 00 00 00 00 00 00 00 00 00 00 00 00 00 00 00 00
00:aa 19 a0 17 01 38 00 00 00 00 00 00 00 00 00 00 00 00 00 00 00 00 00 00 00 00 00 00 00 00 00 00 00 00 00 00 00 00 00 00 00 00 00 00 00 00 00 00 00 00 00 00 00 00 00 00 00 00 00 00 00 00 00 00
00:aa 19 d8 17 01 38 00 00 00 00 00 00 00 00 00 00 00 00 00 00 00 00 00 00 00 00 00 00 00 00 00 00 00 c3 18 82 10 ef fe a0 80 e4 18 a3 18 7d 7f 6a e8 e4 18 a3 18 f8 a8 88 00 e4 20 e4 18 ff ff ff
00:aa 19 10 18 01 38 00 00 af 05 21 e4 18 fa fa fa e8 25 21 04 21 e8 a0 a0 00 46 29 25 21 37 3f 3d 2f 86 31 45 29 47 c7 c7 c7 86 31 25 21 63 63 43 43 29 42 45 29 54 54 54 54 cc 5a ab 5a bf b7 ae
00:aa 19 48 18 01 38 00 00 aa ab 5a ab 52 af af af 2a ab 5a ab 52 ff ff ff af ab 52 8b 52 d5 95 95 a9 8b 52 6a 52 af af af ab 8a 52 4a 4a ae aa be bd 8a 52 6a 4a ab 89 aa aa d4 94 6a 4a 55 5c 5a
00:aa 19 80 18 01 38 00 00 6b 73 84 2a 3a b5 bd 2d fd 4a 3a 25 21 35 35 bf 3f 92 94 04 21 59 5d 54 56 69 52 a2 18 ff 7f df 17 45 31 04 29 80 0a ad 75 d4 9c 45 31 5b 53 63 43 d0 73 05 19 8a b5 05
00:aa 19 b8 18 01 38 00 00 8f 12 74 c8 31 ab 55 ab 02 73 7c c8 31 54 5c f8 a0 12 74 e9 31 2d 2d 3d 35 54 74 cd 4a 70 48 fb 6f 34 74 ae 42 00 b7 70 00 d2 63 8d 42 02 8d 28 00 50 53 4b 3a 97 ea 02
00:aa 19 f0 18 01 38 00 00 02 ad 4a a8 29 ad 87 26 16 8c 4a c4 18 ad a5 25 35 00 00 00 00 00 00 00 00 00 00 00 00 00 00 00 00 00 00 00 00 00 00 00 00 00 00 00 00 00 00 00 00 00 00 00 00 00 00 00
00:aa 19 28 19 01 38 00 00 00 00 00 00 00 00 00 00 00 00 00 00 00 00 00 00 00 00 00 00 00 00 00 00 00 00 00 00 00 00 00 00 00 00 00 00 00 00 00 00 00 00 00 00 00 00 00 00 00 00 00 00 00 00 00 00
00:aa 19 60 19 01 38 00 00 00 00 00 00 00 00 00 00 00 00 00 00 00 00 00 00 00 00 00 00 00 00 00 00 00 00 00 00 00 00 00 00 00 00 00 00 00 00 00 00 00 00 00 00 00 00 00 00 00 00 00 00 00 00 00 00
00:aa 19 98 19 01 38 00 00 00 00 00 00 00 00 00 00 00 00 00 00 00 00 00 00 00 00 00 00 00 00 00 00 00 00 00 00 00 00 00 00 00 00 00 00 00 00 00 00 00 00 00 00 00 00 00 00 00 00 00 00 00 00 00 00
00:aa 19 d0 19 01 38 00 00 00 c3 18 a3 10 ea fa e8 80 e4 18 c3 18 c0 e0 e0 a0 04 21 e4 18 e0 fa ff fe 04 21 e4 20 aa aa aa aa 25 21 04 21 e0 e0 e0 e0 45 29 25 21 5b 7a 7a 7a 46 29 25 21 2f 2f 0f
00:aa 19 08 1a 01 38 00 00 0e 86 31 45 29 cb 83 01 01 86 31 25 21 43 43 41 41 29 42 25 21 54 54 54 54 cc 5a cb 5a bf eb eb ab cb 5a ab 5a aa aa aa aa ab 5a ab 52 ab 8b ab ab ab 52 8b 52 a9 ab aa
00:aa 19 40 1a 01 38 00 00 aa 8b 52 8a 52 ab af af af 8a 52 4a 4a bd bf bf ab 8b 52 6a 52 ff bb bb bb 12 74 ed 5a 4a 4a 4a 78 0e 53 8c 42 a5 ef c2 c0 6b 42 67 21 15 bf 2f 2f c8 31 25 21 f4 a6 af
00:aa 19 78 1a 01 38 00 00 00 14 a5 04 29 15 8d 32 cc 55 b5 04 29 55 56 f0 09 d4 9c c8 39 0e 3f 7f ce 73 7c 46 29 a7 97 d6 5c f5 8c 90 63 2d 0d 2d 37 94 84 d1 6b e9 e1 83 03 90 63 0a 32 35 37 35
00:aa 19 b0 1a 01 38 00 00 be b6 7c 70 5b f3 55 5e e8 75 74 d2 63 53 8d ba 20 75 74 91 5b ad bd 2d b5 50 53 ee 52 0b 29 2d 0d 8c 4a c9 31 14 38 30 31 2a 42 83 10 37 3f 95 55 00 00 00 00 00 00 00
00:aa 19 e8 1a 01 38 00 00 00 00 00 00 00 00 00 00 00 00 00 00 00 00 00 00 00 00 00 00 00 00 00 00 00 00 00 00 00 00 00 00 00 00 00 00 00 00 00 00 00 00 00 00 00 00 00 00 00 00 00 00 00 00 00 00
00:aa 19 20 1b 01 38 00 00 00 00 00 00 00 00 00 00 00 00 00 00 00 00 00 00 00 00 00 00 00 00 00 00 00 00 00 00 00 00 00 00 00 00 00 00 00 00 00 00 00 00 00 00 00 00 00 00 00 00 00 00 00 00 00 00
00:aa 19 58 1b 01 38 00 00 00 00 00 00 00 00 00 00 00 00 00 00 00 00 00 00 00 00 00 00 00 00 00 00 00 00 00 00 00 00 00 00 00 00 00 00 00 00 00 00 00 00 00 00 00 00 00 00 00 00 00 00 00 00 00 00
00:aa 19 90 1b 01 38 00 00 00 00 00 00 00 00 00 00 00 00 00 00 00 00 00 00 00 00 00 00 00 00 00 00 00 00 00 00 00 00 00 00 00 c3 18 a3 10 e0 e8 ea 5e e4 18 c3 18 e8 e8 ea 7e e4 18 e4 18 00 00 00
00:aa 19 c8 1b 01 38 00 00 00 04 21 e4 20 aa aa a8 a0 25 21 04 21 f2 f2 e2 f2 25 21 04 21 00 e0 a8 a0 46 29 25 21 8e f6 f7 f6 86 31 45 29 03 01 01 01 a7 31 25 21 69 49 49 41 29 42 25 21 54 54 54
00:aa 19 00 1c 01 38 00 00 54 cc 5a cb 5a 2b 2b ab aa cc 5a ab 5a af a5 ea ef ab 5a ab 52 aa aa af af ab 52 8b 52 aa aa ab ab 8b 52 8a 52 ab ab ab af 4a 52 6a 4a ff ff ff fe ab 52 6a 52 fd eb be
00:aa 19 38 1c 01 38 00 00 ba d1 6b ed 52 4c 4e 6a 52 f1 73 ee 52 5d ba 3b 29 4e 5b 0a 3a d5 95 9f 2b 2e 5b 2a 42 55 fd 27 b6 58 d6 cb 62 65 59 51 5e 96 bd 48 52 97 60 20 fa 76 b5 a8 31 2d 2d 39
00:aa 19 70 1c 01 38 00 00 b5 f5 84 87 29 5c 7c f8 f0 94 7c 90 63 36 36 d6 dc b5 84 b1 63 89 2d 09 15 75 7c ee 52 d6 55 f5 f8 95 7c 91 5b dc 79 1e a0 d6 84 f3 63 bf 7f 2b 2b f3 63 91 5b 25 2f 23
00:aa 19 a8 1c 01 38 00 00 09 91 5b ee 4a 2d 09 26 a1 ed 52 05 19 89 05 15 dd c4 18 42 08 9c a8 a0 97 00 00 00 00 00 00 00 00 00 00 00 00 00 00 00 00 00 00 00 00 00 00 00 00 00 00 00 00 00 00 00
00:aa 19 e0 1c 01 38 00 00 00 00 00 00 00 00 00 00 00 00 00 00 00 00 00 00 00 00 00 00 00 00 00 00 00 00 00 00 00 00 00 00 00 00 00 00 00 00 00 00 00 00 00 00 00 00 00 00 00 00 00 00 00 00 00 00
00:aa 19 18 1d 01 38 00 00 00 00 00 00 00 00 00 00 00 00 00 00 00 00 00 00 00 00 00 00 00 00 00 00 00 00 00 00 00 00 00 00 00 00 00 00 00 00 00 00 00 00 00 00 00 00 00 00 00 00 00 00 00 00 00 00
00:aa 19 50 1d 01 38 00 00 00 00 00 00 00 00 00 00 00 00 00 00 00 00 00 00 00 00 00 00 00 00 00 00 00 00 00 00 00 00 00 00 00 00 00 00 00 00 00 00 00 00 00 00 00 00 00 00 00 00 00 00 00 00 00 00
00:aa 19 88 1d 01 38 00 00 00 00 00 00 00 00 00 00 00 a3 10 82 10 f8 aa aa ab e4 18 c3 18 7e 5e 5e 5e 04 21 e4 18 de 7a 7a fa 04 21 e4 20 a0 82 82 a0 25 21 04 21 f0 78 7a 5e 45 29 25 21 fa 7f 5f
00:aa 19 c0 1d 01 38 00 00 6b 66 29 25 21 f6 f4 f4 fc a7 31 45 29 29 21 21 09 a7 39 25 21 49 49 49 c9 29 42 25 21 54 54 54 54 cc 5a cb 5a aa aa aa ea cb 5a ac 5a aa aa aa ff ab 5a ab 52 ab ae aa
00:aa 19 f8 1d 01 38 00 00 aa ab 52 8b 52 ab a9 a9 2b 8b 52 8a 52 ff ad ad aa 6a 52 6a 4a be bd bd ad cc 52 6a 52 df 7f 7e 7c d1 63 ad 4a d2 ec cf f1 12 74 2e 5b 09 c1 41 62 4e 63 87 21 0e 94 d7
00:aa 19 30 1e 01 38 00 00 bf fc de cd 52 55 51 dd 55 19 c6 ed 5a 5e 52 57 55 b6 bd 6d 7b 5e a8 02 4a d0 73 87 21 07 26 3c 18 54 7c 4f 5b 50 e3 83 29 36 95 0e 53 5e 78 79 6f 70 63 ea 39 07 25 2d
00:aa 19 68 1e 01 38 00 00 b8 33 6c 26 21 f0 7e a0 c0 d6 84 14 6c 22 62 78 63 95 7c 54 74 13 05 39 17 54 74 4f 53 af a8 83 25 d1 63 a8 29 0d 2d b5 ff 2a 3a 26 21 69 cb 0a 08 e5 18 82 10 15 2a 3c
00:aa 19 a0 1e 01 38 00 00 3f 00 00 00 00 00 00 00 00 00 00 00 00 00 00 00 00 00 00 00 00 00 00 00 00 00 00 00 00 00 00 00 00 00 00 00 00 00 00 00 00 00 00 00 00 00 00 00 00 00 00 00 00 00 00 00
00:aa 19 d8 1e 01 38 00 00 00 00 00 00 00 00 00 00 00 00 00 00 00 00 00 00 00 00 00 00 00 00 00 00 00 00 00 00 00 00 00 00 00 00 00 00 00 00 00 00 00 00 00 00 00 00 00 00 00 00 00 00 00 00 00 00
00:aa 19 10 1f 01 38 00 00 00 00 00 00 00 00 00 00 00 00 00 00 00 00 00 00 00 00 00 00 00 00 00 00 00 00 00 00 00 00 00 00 00 00 00 00 00 00 00 00 00 00 00 00 00 00 00 00 00 00 00 00 00 00 00 00
00:aa 19 48 1f 01 38 00 00 00 00 00 00 00 00 00 00 00 00 00 00 00 00 00 00 00 00 00 00 00 00 00 00 00 00 00 00 00 00 00 00 00 00 00 00 00 00 00 00 00 49 4a a3 10 55 ea 02 00 e4 18 a3 18 58 50 78
00:aa 19 80 1f 01 38 00 00 78 04 21 e4 18 fe fe fa fa 05 21 e4 18 ea ea ea ea 24 21 04 21 5a 5a 5a 5a 86 31 25 21 5f 5b 7b 72 a7 31 46 29 54 54 54 54 c7 39 25 21 29 29 29 2d 86 31 25 21 c1 c1 81
00:aa 19 b8 1f 01 38 00 00 81 49 4a 25 29 54 54 54 54 cc 5a cb 5a ea ea ef ff cc 5a ab 5a aa aa ae ae ab 5a 08 42 00 00 00 9d 8b 52 45 29 00 00 00 df 8b 52 c8 39 00 00 00 60 6a 52 6a 4a ad af bf
00:aa 19 f0 1f 01 38 00 00 bf 8b 52 6a 52 f8 f8 ec f2 b0 6b cd 4a bb 3e 15 a5 b0 6b 2a 32 60 b8 bc f6 d1 6b 4a 42 b5 2f 0b 0b 4f 63 87 29 52 dc d5 95 90 63 09 3a a3 aa 08 40 b2 9c 66 29 ca 6a f8
00:aa 19 28 20 01 38 00 00 03 73 8c 0a 3a de 7f 68 e3 f2 6b 2e 63 09 2f 30 ad 32 7c cd 52 53 c9 bb bc 74 84 6b 42 ad 83 b0 95 b5 84 ac 4a 60 60 c0 00 17 8d 95 7c 73 ea a8 bd d6 84 d2 63 03 0d bd
00:aa 19 60 20 01 38 00 00 d5 d2 63 ad 42 2d 0b 23 29 ee 4a c9 31 ab 09 0d 0e 6f 63 0a 3a 55 ef af 2b 05 19 83 10 35 35 37 3f 00 00 00 00 00 00 00 00 00 00 00 00 00 00 00 00 00 00 00 00 00 00 00
00:aa 19 98 20 01 38 00 00 00 00 00 00 00 00 00 00 00 00 00 00 00 00 00 00 00 00 00 00 00 00 00 00 00 00 00 00 00 00 00 00 00 00 00 00 00 00 00 00 00 00 00 00 00 00 00 00 00 00 00 00 00 00 00 00
00:aa 19 d0 20 01 38 00 00 00 00 00 00 00 00 00 00 00 00 00 00 00 00 00 00 00 00 00 00 00 00 00 00 00 00 00 00 00 00 00 00 00 00 00 00 00 00 00 00 00 00 00 00 00 00 00 00 00 00 00 00 00 00 00 00
00:aa 19 08 21 01 38 00 00 00 00 00 00 00 00 00 00 00 00 00 00 00 00 00 00 00 00 00 00 00 00 00 00 00 00 00 00 00 00 00 00 00 00 00 00 00 00 00 00 00 00 00 00 00 00 00 00 00 00 00 00 00 00 00 00
00:aa 19 40 21 01 38 00 00 00 00 00 00 00 00 00 00 00 00 00 00 00 00 00 00 00 49 4a c3 18 70 50 b0 a0 24 21 c3 18 5f 7f 9f 3f e4 20 e4 18 ff ff fe fa 24 21 e4 20 e8 fa fa ab 04 21 e4 18 a0 b8 f8
00:aa 19 78 21 01 38 00 00 e8 86 31 25 21 70 70 5a 5a c7 39 66 29 5c 5c 58 d0 c7 39 25 21 2d 3d 3d 3d a7 31 25 21 89 89 89 89 6a 4a 25 21 54 54 54 54 cc 5a ab 5a fd eb eb 4b cc bb c8 39 fd f5 d7
00:aa 19 b0 21 01 38 00 00 d8 af dc 07 4a 55 57 aa 80 4b ab c7 39 55 75 2d 0a 6a 52 45 29 58 5f d5 95 6a 4a 86 31 00 00 40 60 8b 52 6a 4a ec ef eb aa b0 6b 09 3a cb 53 96 9f 2e 5b 87 29 ae ad 0d
00:aa 19 e8 21 01 38 00 00 e0 b0 6b e9 31 82 e2 7a 5e ed 52 a7 29 35 2f 0a 00 90 6b 67 21 70 58 d6 f5 14 ad 4a 4a dd d3 d0 f8 b5 c5 0e 5b 5f 79 bf 2d 6f 6b 6b 42 23 06 d7 5d 90 6b 4b 42 c2 a3 d6
00:aa 19 20 22 01 38 00 00 f5 90 6b 2a 3a d5 f6 00 81 95 7c 2b 32 00 0a aa 78 d6 84 4f 53 00 80 88 15 74 7c cd 42 02 00 00 5e 54 74 90 5b b5 a5 0b 80 b1 63 ee 4a d7 eb 82 08 0e 5b 25 21 03 03 01
00:aa 19 58 22 01 38 00 00 01 c8 39 c4 18 55 d5 cd 81 00 00 00 00 00 00 00 00 00 00 00 00 00 00 00 00 00 00 00 00 00 00 00 00 00 00 00 00 00 00 00 00 00 00 00 00 00 00 00 00 00 00 00 00 00 00 00
00:aa 19 90 22 01 38 00 00 00 00 00 00 00 00 00 00 00 00 00 00 00 00 00 00 00 00 00 00 00 00 00 00 00 00 00 00 00 00 00 00 00 00 00 00 00 00 00 00 00 00 00 00 00 00 00 00 00 00 00 00 00 00 00 00
00:aa 19 c8 22 01 38 00 00 00 00 00 00 00 00 00 00 00 00 00 00 00 00 00 00 00 00 00 00 00 00 00 00 00 00 00 00 00 00 00 00 00 00 00 00 00 00 00 00 00 00 00 00 00 00 00 00 00 00 00 00 00 00 00 00
00:aa 19 00 23 01 38 00 00 00 00 00 00 00 00 00 00 00 00 00 00 00 00 00 00 00 00 00 00 00 00 00 00 00 00 00 00 00 00 00 00 00 00 00 00 00 00 00 00 00 00 00 00 00 00 00 00 00 49 4a 45 29 58 5c a8
00:aa 19 38 23 01 38 00 00 e8 49 4a e4 18 d5 95 15 15 04 21 e4 18 aa ae aa 00 45 29 04 21 f5 f2 ba fd 66 29 04 21 57 ec fe 6e e7 39 25 21 5e fa f8 fc 49 4a a7 31 5e 58 d0 90 08 42 45 29 15 15 15
00:aa 19 70 23 01 38 00 00 15 86 31 04 21 03 03 09 0b 29 4a 25 21 54 54 54 54 cc 5a 49 4a 8a 89 89 a9 ae dc 68 6a 7a 7a 70 c0 30 e5 8f cc 6a 6b 82 0d 6e d4 e9 92 2f 29 2d 09 68 72 45 29 35 35 3d
00:aa 19 a8 23 01 38 00 00 2d 6a 4a 04 21 f0 58 58 5c 8b 52 6a 52 82 eb f9 e9 d0 73 e9 31 c5 fa ff fe b0 6b a8 29 f5 af a0 fa 0e 53 67 29 dc d6 25 0d 6f 5b 6a 4a a0 e3 ae 65 2d 5b 46 21 3d bd ef
00:aa 19 e0 23 01 38 00 00 2f 71 94 47 29 64 5f 5f 5e 91 9c ed 5a 09 29 2b 4b 4f 5b e9 39 0a af ad bd ac 4a 0a 3a 89 09 72 7c 33 74 a8 29 75 78 c2 f0 37 95 6c 3a eb b5 e8 00 37 8d 4b 3a 55 ff 02
00:aa 19 18 24 01 38 00 00 00 95 7c 6c 3a 55 ff 2a 00 74 74 ce 4a 7a 5d aa 00 53 74 0f 53 2f e9 09 09 cd 4a c4 18 01 09 0d ad 87 31 c4 18 00 ac 7b 7b 00 00 00 00 00 00 00 00 00 00 00 00 00 00 00
00:aa 19 50 24 01 38 00 00 00 00 00 00 00 00 00 00 00 00 00 00 00 00 00 00 00 00 00 00 00 00 00 00 00 00 00 00 00 00 00 00 00 00 00 00 00 00 00 00 00 00 00 00 00 00 00 00 00 00 00 00 00 00 00 00
00:aa 19 88 24 01 38 00 00 00 00 00 00 00 00 00 00 00 00 00 00 00 00 00 00 00 00 00 00 00 00 00 00 00 00 00 00 00 00 00 00 00 00 00 00 00 00 00 00 00 00 00 00 00 00 00 00 00 00 00 00 00 00 00 00
00:aa 19 c0 24 01 38 00 00 00 00 00 00 00 00 00 00 00 00 00 00 00 00 00 00 00 00 00 00 00 00 00 00 00 00 00 00 00 00 00 00 00 00 00 00 00 00 00 00 00 00 00 00 00 00 00 00 00 00 00 00 00 00 00 00
00:aa 19 f8 24 01 38 00 00 00 00 00 00 00 00 00 00 00 00 00 00 00 00 00 00 00 00 00 00 00 00 00 00 00 08 42 04 21 f8 0c 80 7c 49 4a c3 18 15 37 35 37 c7 39 c3 18 8f 95 75 f5 e4 18 c3 18 aa ea ea
00:aa 19 30 25 01 38 00 00 ea 04 21 e4 18 80 ec f8 f8 e8 39 24 21 f8 fc 7c 7c 8a 52 c7 39 d2 d0 90 b8 67 91 25 21 d5 d7 fa 80 67 81 25 21 f5 fd 0b 00 29 42 24 29 54 54 54 94 8a 5a ab 52 56 56 5c
00:aa 19 68 25 01 38 00 00 5c 8f c4 27 72 fc f7 7e 42 6e d4 c9 92 0d 05 0c 08 af cc 27 7a eb 6f c7 2a a9 8a 65 39 25 25 25 0e 49 4a 04 29 54 54 14 26 8a 52 6a 4a ab ef af a9 b0 63 6b 4a 7e c5 cd
00:aa 19 a0 25 01 38 00 00 42 70 5b cd 4a 8a 57 e5 fa 70 5b 6b 3a 0d 89 fb bf 0d 5b 46 21 78 7f df d5 ec 5a 87 29 bd f5 55 51 a8 31 46 21 6c 74 ec aa 71 8c 29 4a 6e f4 f6 7f 50 8c 8b 4a d5 b5 2d
00:aa 19 d8 25 01 38 00 00 2d 4b 42 09 3a e8 aa a9 2f d1 6b 09 32 fc f7 57 58 37 95 d2 63 0a cf 4b e9 d6 7c ce 4a 00 a8 af b5 75 74 ce 4a 00 00 ff 55 74 74 ee 4a 00 00 aa 7f f2 6b 67 29 0b 2f 35
00:aa 19 10 26 01 38 00 00 95 e9 39 e4 18 05 25 15 d5 25 21 c4 18 b7 81 82 60 00 00 00 00 00 00 00 00 00 00 00 00 00 00 00 00 00 00 00 00 00 00 00 00 00 00 00 00 00 00 00 00 00 00 00 00 00 00 00
00:aa 19 48 26 01 38 00 00 00 00 00 00 00 00 00 00 00 00 00 00 00 00 00 00 00 00 00 00 00 00 00 00 00 00 00 00 00 00 00 00 00 00 00 00 00 00 00 00 00 00 00 00 00 00 00 00 00 00 00 00 00 00 00 00
00:aa 19 80 26 01 38 00 00 00 00 00 00 00 00 00 00 00 00 00 00 00 00 00 00 00 00 00 00 00 00 00 00 00 00 00 00 00 00 00 00 00 00 00 00 00 00 00 00 00 00 00 00 00 00 00 00 00 00 00 00 00 00 00 00
00:aa 19 b8 26 01 38 00 00 00 00 00 00 00 00 00 00 00 00 00 00 00 00 00 00 00 00 00 00 00 00 00 00 00 00 00 00 00 00 00 00 00 00 00 00 00 00 00 00 00 00 00 00 00 00 00 00 00 00 00 00 00 00 00 00
00:aa 19 f0 26 01 38 00 00 00 86 31 82 10 94 0a c0 58 29 4a a3 10 27 27 25 05 86 31 c3 18 d5 15 d5 95 e4 20 c3 18 fa fa fa f8 04 21 c3 18 a8 aa e2 b3 a7 31 04 21 f4 74 76 76 67 89 69 4a 56 5e 58
00:aa 19 28 27 01 38 00 00 78 47 99 05 51 80 00 02 01 47 89 04 29 2f 95 55 55 c8 69 c4 28 8e 5c 57 56 aa 5a 67 59 00 00 c0 60 6e d4 67 82 8a 88 8d ab b0 dc e7 79 28 08 dc a0 72 ed 2c c4 8b 0b 2d
00:aa 19 60 27 01 38 00 00 b5 4a a3 85 51 25 26 34 b6 d1 dc 45 31 b5 25 35 95 6a 4a 65 31 00 00 e0 50 90 63 6b 42 5c 57 5a cb b1 63 8b 42 2a 02 fd 55 4f 5b e9 31 af 00 e2 01 ac 4a 25 21 2d 37 d5
00:aa 19 98 27 01 38 00 00 7d 0c 63 a3 10 f0 e8 ea 50 6a 4a e4 18 aa 2a 0a 25 ae 73 e5 18 72 eb 6c 78 2c 6b e7 41 02 ca fa 5c ec 5a 09 3a f5 2d 2b f1 b4 8c a8 31 50 c0 80 00 57 95 34 74 01 ab 5b
00:aa 19 d0 27 01 38 00 00 fa 54 74 b1 63 b5 09 e0 de 33 74 6c 3a 75 b5 0b 00 2e 53 0a 32 7a fe bd 0d ed 52 c4 18 3f 2d 8d ed c4 18 a4 10 a0 a0 a0 08 05 21 c4 18 f0 ec 57 5f 00 00 00 00 00 00 00
00:aa 19 08 28 01 38 00 00 00 00 00 00 00 00 00 00 00 00 00 00 00 00 00 00 00 00 00 00 00 00 00 00 00 00 00 00 00 00 00 00 00 00 00 00 00 00 00 00 00 00 00 00 00 00 00 00 00 00 00 00 00 00 00 00
00:aa 19 40 28 01 38 00 00 00 00 00 00 00 00 00 00 00 00 00 00 00 00 00 00 00 00 00 00 00 00 00 00 00 00 00 00 00 00 00 00 00 00 00 00 00 00 00 00 00 00 00 00 00 00 00 00 00 00 00 00 00 00 00 00
00:aa 19 78 28 01 38 00 00 00 00 00 00 00 00 00 00 00 00 00 00 00 00 00 00 00 00 00 00 00 00 00 00 00 00 00 00 00 00 00 00 00 00 00 00 00 00 00 00 00 00 00 00 00 00 00 00 00 00 00 00 00 00 00 00
00:aa 19 b0 28 01 38 00 00 00 00 00 00 00 00 00 00 00 00 00 00 00 00 00 00 00 00 00 00 00 00 00 00 00 00 00 00 00 00 00 00 00 08 42 04 21 55 eb 70 5e 08 42 a3 18 0d 0d 0d 09 45 29 c3 18 95 b5 b5
00:aa 19 e8 28 01 38 00 00 2d 69 52 c3 18 55 55 54 55 ef 83 c3 20 ef 82 03 57 eb 62 24 21 55 95 35 b5 67 91 49 52 70 60 c0 c0 47 89 c3 20 03 09 0d 0f 89 62 25 29 55 55 55 82 25 61 e4 20 54 54 54
00:aa 19 20 29 01 38 00 00 bc 29 62 46 29 80 82 01 ad 30 bc 28 72 fe f5 5c 56 13 dd a9 8a af d5 0b f5 ab b3 27 62 02 0a af b5 48 72 65 31 2e 2d b5 95 86 31 e4 20 3c 78 f8 21 86 31 e4 20 28 b4 7c
00:aa 19 58 29 01 38 00 00 e8 f2 73 6b 42 b5 f5 e0 7a 33 74 ad 42 57 7a a0 8b b1 6b a8 29 2d 37 97 5f 4a 3a 46 21 ab 21 09 24 a7 31 c4 18 56 d5 35 23 05 21 c3 18 38 f8 f4 fa 2f 8c 25 21 58 5c 54
00:aa 19 90 29 01 38 00 00 56 50 94 04 29 df 97 b5 0d f5 94 e8 41 5f f6 54 5c 17 8d b5 7c 78 08 5a 00 38 8d 95 7c dc 9a d8 38 34 6c d2 63 fd bd 35 25 74 74 b2 5b aa f8 de 5c 13 6c ee 4a 09 00 02
00:aa 19 c8 29 01 38 00 00 0a b1 63 c4 18 ad 0d 0d 25 46 29 c4 18 75 5c 57 55 05 21 c4 18 7b 21 05 e2 00 00 00 00 00 00 00 00 00 00 00 00 00 00 00 00 00 00 00 00 00 00 00 00 00 00 00 00 00 00 00
00:aa 19 00 2a 01 38 00 00 00 00 00 00 00 00 00 00 00 00 00 00 00 00 00 00 00 00 00 00 00 00 00 00 00 00 00 00 00 00 00 00 00 00 00 00 00 00 00 00 00 00 00 00 00 00 00 00 00 00 00 00 00 00 00 00
00:aa 19 38 2a 01 38 00 00 00 00 00 00 00 00 00 00 00 00 00 00 00 00 00 00 00 00 00 00 00 00 00 00 00 00 00 00 00 00 00 00 00 00 00 00 00 00 00 00 00 00 00 00 00 00 00 00 00 00 00 00 00 00 00 00
00:aa 19 70 2a 01 38 00 00 00 00 00 00 00 00 00 00 00 00 00 00 00 00 00 00 00 00 00 00 00 00 00 00 00 00 00 00 00 00 00 00 00 00 00 00 00 00 00 00 00 00 00 00 00 00 00 00 00 00 00 00 00 00 00 00
00:aa 19 a8 2a 01 38 00 00 00 00 00 00 00 00 00 00 00 86 31 c3 18 8b 80 78 d5 08 42 c3 18 c9 c9 81 41 04 29 c3 18 f0 68 68 78 cd a3 a3 20 57 ab 82 82 2e c4 c6 51 55 dd 73 e2 65 41 c3 18 de 1e 9f
00:aa 19 e0 2a 01 38 00 00 1f 47 99 e4 48 c2 c2 c2 62 47 89 85 49 2d 2a bc 97 eb 82 24 39 d5 7b 03 a3 c7 41 25 21 ea 2b 3f 9f 86 31 25 21 2a 87 a7 a6 2b 93 45 29 7b 58 5e 55 2e b4 a6 49 fa 02 af
00:aa 19 18 2b 01 38 00 00 55 e9 7a e3 28 2b 3d d5 5f 28 4a 03 21 df 6f 2f 3f 86 31 c3 18 89 04 38 e0 d0 73 66 29 55 55 57 54 90 63 4b 3a 7a fc 2a 0d 90 63 4b 3a 01 2e fb 55 0d 53 a8 29 80 02 02
00:aa 19 50 2b 01 38 00 00 ad 4e 5b e9 31 d6 50 60 63 2a 42 45 29 39 a9 e9 eb 4b 8b c3 20 55 5e 60 60 0b 83 c3 18 5e b8 0f 0f 91 9c 08 42 05 95 55 47 d5 84 04 21 5c f8 f8 f8 58 95 f6 84 63 ea 57
00:aa 19 88 2b 01 38 00 00 55 17 8d 95 74 9a 3f 3a ba 75 74 91 5b 2f 2f 35 35 95 7c d2 63 76 fe 70 78 54 74 6c 4a 0a 2b 09 2d 50 5b c4 18 25 b5 d5 55 e4 18 a4 18 a0 fe ff ab 05 21 c4 18 f4 d7 55
00:aa 19 c0 2b 01 38 00 00 55 00 00 00 00 00 00 00 00 00 00 00 00 00 00 00 00 00 00 00 00 00 00 00 00 00 00 00 00 00 00 00 00 00 00 00 00 00 00 00 00 00 00 00 00 00 00 00 00 00 00 00 00 00 00 00
00:aa 19 f8 2b 01 38 00 00 00 00 00 00 00 00 00 00 00 00 00 00 00 00 00 00 00 00 00 00 00 00 00 00 00 00 00 00 00 00 00 00 00 00 00 00 00 00 00 00 00 00 00 00 00 00 00 00 00 00 00 00 00 00 00 00
00:aa 19 30 2c 01 38 00 00 00 00 00 00 00 00 00 00 00 00 00 00 00 00 00 00 00 00 00 00 00 00 00 00 00 00 00 00 00 00 00 00 00 00 00 00 00 00 00 00 00 00 00 00 00 00 00 00 00 00 00 00 00 00 00 00
00:aa 19 68 2c 01 38 00 00 00 00 00 00 00 00 00 00 00 00 00 00 00 00 00 00 00 00 00 00 00 00 00 00 00 00 00 00 00 00 00 00 00 00 00 00 00 00 00 00 00 45 29 82 10 09 a0 58 d7 c7 39 82 10 43 82 02
00:aa 19 a0 2c 01 38 00 00 a0 04 21 a3 10 68 68 78 7a e9 9a 89 62 c0 60 78 78 8b ab 68 72 80 29 29 ad c5 60 24 21 95 d7 fe f8 46 91 05 61 62 62 f2 fa e5 68 24 31 3e 17 35 2d 89 72 04 21 89 ad ed
00:aa 19 d8 2c 01 38 00 00 f5 66 29 25 21 18 1c 1c f8 86 31 25 29 87 83 a1 8d 86 31 04 21 a5 ad a1 bc e6 59 04 21 55 57 5e 78 48 5a 45 31 58 e3 81 35 86 31 04 21 0d 2f ed 36 a7 39 04 21 62 62 32
00:aa 19 10 2d 01 38 00 00 2a d1 63 66 29 50 78 7e 7f 73 7c 6b 42 55 bf 0b 4a 90 63 8c 42 ef 83 82 57 6f 5b 2a 3a 35 f6 b0 c0 90 63 26 21 a9 0d 27 97 e8 39 a7 39 bd 2d ad ad 4b 9b 66 31 78 58 5a
00:aa 19 48 2d 01 38 00 00 5e 2b 93 25 39 25 25 35 15 d1 a4 c7 39 7e 7c 54 5d f7 bd 53 74 57 bf 37 d7 17 8d b5 7c 0a 02 0e d7 58 8d 13 6c ab 0f 25 bd 13 6c 91 5b 15 95 af 8c 54 74 2f 53 a0 a8 02
00:aa 19 80 2d 01 38 00 00 09 91 63 e5 20 0d 25 b5 b5 e4 18 a3 18 b8 de b8 20 06 21 e4 18 fe f8 ff ff 05 21 e5 18 f5 9f fa ff 00 00 00 00 00 00 00 00 00 00 00 00 00 00 00 00 00 00 00 00 00 00 00
00:aa 19 b8 2d 01 38 00 00 00 00 00 00 00 00 00 00 00 00 00 00 00 00 00 00 00 00 00 00 00 00 00 00 00 00 00 00 00 00 00 00 00 00 00 00 00 00 00 00 00 00 00 00 00 00 00 00 00 00 00 00 00 00 00 00
00:aa 19 f0 2d 01 38 00 00 00 00 00 00 00 00 00 00 00 00 00 00 00 00 00 00 00 00 00 00 00 00 00 00 00 00 00 00 00 00 00 00 00 00 00 00 00 00 00 00 00 00 00 00 00 00 00 00 00 00 00 00 00 00 00 00
00:aa 19 28 2e 01 38 00 00 00 00 00 00 00 00 00 00 00 00 00 00 00 00 00 00 00 00 00 00 00 00 00 00 00 00 00 00 00 00 00 00 00 00 00 00 00 00 00 00 00 00 00 00 00 00 00 00 00 00 00 00 00 00 00 00
00:aa 19 60 2e 01 38 00 00 00 00 00 00 00 00 00 00 00 00 00 00 00 00 00 00 00 86 31 c3 18 7f 78 e8 7b c7 39 82 10 e0 00 2b 55 c3 18 82 10 80 20 30 60 48 72 c3 20 80 a8 ba de 69 7a c3 28 2b 02 ff
00:aa 19 98 2e 01 38 00 00 d5 e4 58 e4 38 58 7c d8 c0 26 89 05 71 56 69 60 60 06 89 44 39 bd bf 2b 00 c7 61 04 21 55 95 35 b5 86 31 04 21 f8 f8 7a 7a e8 39 04 21 bb 3b ea d4 49 4a 04 21 f4 fb b7
00:aa 19 d0 2e 01 38 00 00 bb 49 7a 45 31 70 5d 55 5d 8a 52 c3 18 bf c1 7f fe c7 39 04 21 5c ec 21 05 09 3a 45 29 7f 7f 7f fc 73 7c 87 29 62 50 ea b5 53 74 a9 29 f8 0b ab 55 12 74 0a 32 af 80 57
00:aa 19 08 2f 01 38 00 00 e2 d0 6b 26 21 02 09 25 d7 c8 39 46 21 70 60 a0 00 c8 39 a7 39 ab af ad bd a7 31 c3 18 20 2f 2d 09 aa 7a 04 29 15 d5 55 55 5b ef 45 31 57 58 70 40 9a d6 16 8d 97 00 00
00:aa 19 40 2f 01 38 00 00 00 db d6 b5 74 d5 2b 02 00 3c e7 13 6c d5 f5 82 00 db d6 b1 63 57 57 dd 09 13 6c 6c 42 0b 2f de 79 ac 4a c4 18 35 15 d5 d5 46 21 e4 18 55 57 5c ea 05 21 c4 18 fa ab 0d
00:aa 19 78 2f 01 38 00 00 08 67 21 a4 10 d5 57 7e a8 00 00 00 00 00 00 00 00 00 00 00 00 00 00 00 00 00 00 00 00 00 00 00 00 00 00 00 00 00 00 00 00 00 00 00 00 00 00 00 00 00 00 00 00 00 00 00
00:aa 19 b0 2f 01 38 00 00 00 00 00 00 00 00 00 00 00 00 00 00 00 00 00 00 00 00 00 00 00 00 00 00 00 00 00 00 00 00 00 00 00 00 00 00 00 00 00 00 00 00 00 00 00 00 00 00 00 00 00 00 00 00 00 00
00:aa 19 e8 2f 01 38 00 00 00 00 00 00 00 00 00 00 00 00 00 00 00 00 00 00 00 00 00 00 00 00 00 00 00 00 00 00 00 00 00 00 00 00 00 00 00 00 00 00 00 00 00 00 00 00 00 00 00 00 00 00 00 00 00 00
00:aa 19 20 30 01 38 00 00 00 00 00 00 00 00 00 00 00 00 00 00 00 00 00 00 00 00 00 00 00 00 00 00 00 00 00 00 00 00 00 00 00 00 00 00 00 00 00 00 00 00 00 00 00 00 00 00 00 82 10 41 08 02 7f ea
00:aa 19 58 30 01 38 00 00 ff 62 10 61 08 a0 a0 ba a8 83 28 82 10 5f 5f 5f 58 a3 38 a3 18 d7 55 eb 00 e4 58 a3 20 57 5e 78 e0 cc 92 66 79 41 e9 5f 5f 47 99 e5 70 78 7e de d8 93 e4 26 91 55 55 f5
00:aa 19 90 30 01 38 00 00 3b 67 69 04 21 35 15 35 b5 86 31 04 21 78 f8 7a ea 66 29 04 21 ad b1 33 22 e8 41 c3 18 5a f2 fe ff 08 42 e4 20 7b 5b ff c3 86 31 e4 18 a2 0a 25 9e 86 31 c3 18 5c a0 00
00:aa 19 c8 30 01 38 00 00 00 b1 63 86 31 56 57 5e 58 32 74 e9 31 57 78 82 09 73 7c e9 29 e8 0b d5 6f b1 63 a8 29 25 5f fa 8a 2e 5b 87 29 7f fd ad 2d c7 39 e4 18 80 c0 40 60 c7 39 a7 31 2a 2a 0b
00:aa 19 00 31 01 38 00 00 2a a7 31 04 21 09 09 09 01 f2 a4 e4 20 55 55 55 d4 5b ef 33 ad 42 42 0a 0a fb de 79 ce 80 a8 78 d8 da de 58 ce ba 0b b4 a4 5a f7 52 bd 02 02 c2 98 da de d2 a4 00 e0 be
00:aa 19 38 31 01 38 00 00 3d 9a ce 88 29 3d 0d 0f bf 87 29 82 10 7b 5e 95 15 46 21 05 21 e9 8a c2 50 e8 41 e4 18 5e d8 f3 e3 c8 31 46 21 56 5f 7f 52 00 00 00 00 00 00 00 00 00 00 00 00 00 00 00
00:aa 19 70 31 01 38 00 00 00 00 00 00 00 00 00 00 00 00 00 00 00 00 00 00 00 00 00 00 00 00 00 00 00 00 00 00 00 00 00 00 00 00 00 00 00 00 00 00 00 00 00 00 00 00 00 00 00 00 00 00 00 00 00 00
00:aa 19 a8 31 01 38 00 00 00 00 00 00 00 00 00 00 00 00 00 00 00 00 00 00 00 00 00 00 00 00 00 00 00 00 00 00 00 00 00 00 00 00 00 00 00 00 00 00 00 00 00 00 00 00 00 00 00 00 00 00 00 00 00 00
00:aa 19 e0 31 01 38 00 00 00 00 00 00 00 00 00 00 00 00 00 00 00 00 00 00 00 00 00 00 00 00 00 00 00 00 00 00 00 00 00 00 00 00 00 00 00 00 00 00 00 00 00 00 00 00 00 00 00 00 00 00 00 00 00 00
00:aa 19 18 32 01 38 00 00 00 00 00 00 00 00 00 00 00 00 00 00 00 00 00 00 00 00 00 00 00 00 00 00 00 62 20 41 10 55 7f 00 80 82 28 41 10 55 fe a0 00 a3 48 83 30 5f 5c 78 5a c4 60 a3 48 75 fe 5c
00:aa 19 50 32 01 38 00 00 58 e5 78 c3 48 7c e8 a0 28 29 9a 06 81 58 5f 55 55 67 89 e4 60 38 3e 9e d6 8f c3 a7 51 02 03 31 fd 45 29 04 21 f8 d5 7e 6d a7 31 45 29 7f 58 9c df c7 39 45 29 d5 d5 35
00:aa 19 88 32 01 38 00 00 ca 86 31 25 21 52 52 fa 8b 3c e7 86 31 45 75 5d 55 c7 39 04 21 7e 78 a0 c0 c8 39 65 29 bf ff f9 b0 d1 6b 66 29 70 60 c0 80 f2 6b 4b 3a 97 80 00 00 33 74 70 5b 58 df 03
00:aa 19 c0 32 01 38 00 00 a8 f2 6b c9 31 00 02 2d b5 ac 4a 04 19 2d a5 f5 d5 c7 39 c3 18 60 70 50 50 c7 39 a7 31 3a bf fd bd 86 31 04 21 01 01 09 03 f6 c5 e4 20 f4 f6 77 55 99 de 45 31 00 ba d5
00:aa 19 f8 32 01 38 00 00 5f 9a d6 4c 83 20 af 55 ea 99 d6 0b 8b 00 f8 ed ab 57 e6 43 41 08 0a d5 ff f5 d5 86 39 0a 0b a9 55 8c 52 c3 18 3e de 5c 58 11 84 82 10 d5 b5 15 55 46 29 62 10 5c 55 55
00:aa 19 30 33 01 38 00 00 55 a8 31 82 10 a2 a8 52 57 67 29 c4 18 00 0a af 2d 00 00 00 00 00 00 00 00 00 00 00 00 00 00 00 00 00 00 00 00 00 00 00 00 00 00 00 00 00 00 00 00 00 00 00 00 00 00 00
00:aa 19 68 33 01 38 00 00 00 00 00 00 00 00 00 00 00 00 00 00 00 00 00 00 00 00 00 00 00 00 00 00 00 00 00 00 00 00 00 00 00 00 00 00 00 00 00 00 00 00 00 00 00 00 00 00 00 00 00 00 00 00 00 00
00:aa 19 a0 33 01 38 00 00 00 00 00 00 00 00 00 00 00 00 00 00 00 00 00 00 00 00 00 00 00 00 00 00 00 00 00 00 00 00 00 00 00 00 00 00 00 00 00 00 00 00 00 00 00 00 00 00 00 00 00 00 00 00 00 00
00:aa 19 d8 33 01 38 00 00 00 00 00 00 00 00 00 00 00 00 00 00 00 00 00 00 00 00 00 00 00 00 00 00 00 00 00 00 00 00 00 00 00 00 00 00 00 00 00 00 00 00 00 00 00 00 00 00 00 00 00 00 00 00 00 00
00:aa 19 10 34 01 38 00 00 00 62 20 41 10 a0 e8 ea ea 82 28 62 20 e0 78 5a 78 a3 30 62 28 80 a8 7a c8 c4 68 a3 38 78 78 78 78 e5 70 82 40 28 3e 9e dc 26 89 e5 78 7f 57 7b e0 06 79 c3 48 3c 26 36
00:aa 19 48 34 01 38 00 00 b6 2e c3 e4 40 c9 8d b5 e5 08 42 04 21 d4 56 57 55 66 31 45 29 fd 97 e7 96 69 4a 45 29 5c f5 fd fb 49 4a 45 29 bd 85 fe 55 0c 63 45 29 51 71 df 55 2c 63 86 31 5f 75 5f
00:aa 19 80 34 01 38 00 00 52 59 c6 c7 31 55 ea 80 80 5c ef d2 63 55 55 ab 80 5d ef 12 6c 55 55 55 35 33 74 0f 53 09 0d ad d5 0e 53 67 29 8a 0b 2d 2d 05 21 c3 18 3b 2f bf df c7 39 e4 18 50 50 58
00:aa 19 b8 34 01 38 00 00 5c c7 39 86 31 ad 2f af b5 86 31 25 21 29 29 0b 0b 04 21 c3 18 ed 80 00 00 4e bc 04 31 58 58 70 60 b4 dd 70 b4 68 e8 60 60 b4 d5 8c ab 0b 2d 35 b5 2a 9b 68 7a 01 81 e1
00:aa 19 f0 34 01 38 00 00 7d 07 5a a3 18 3f 1f b5 d5 49 4a a3 18 70 0d 55 55 83 10 82 10 2f bf ff ff 82 10 62 10 2f 2b a2 22 82 10 41 08 be af ab 2b 46 29 42 08 cb 56 55 55 00 00 00 00 00 00 00
00:aa 19 28 35 01 38 00 00 00 00 00 00 00 00 00 00 00 00 00 00 00 00 00 00 00 00 00 00 00 00 00 00 00 00 00 00 00 00 00 00 00 00 00 00 00 00 00 00 00 00 00 00 00 00 00 00 00 00 00 00 00 00 00 00
00:aa 19 60 35 01 38 00 00 00 00 00 00 00 00 00 00 00 00 00 00 00 00 00 00 00 00 00 00 00 00 00 00 00 00 00 00 00 00 00 00 00 00 00 00 00 00 00 00 00 00 00 00 00 00 00 00 00 00 00 00 00 00 00 00
00:aa 19 98 35 01 38 00 00 00 00 00 00 00 00 00 00 00 00 00 00 00 00 00 00 00 00 00 00 00 00 00 00 00 00 00 00 00 00 00 00 00 00 00 00 00 00 00 00 00 00 00 00 00 00 00 00 00 00 00 00 00 00 00 00
00:aa 19 d0 35 01 38 00 00 00 00 00 00 00 00 00 00 00 00 00 00 00 00 00 00 00 00 00 00 00 00 00 00 00 00 00 00 00 00 00 00 00 62 18 41 10 e8 e8 78 5a 65 41 82 20 5b 53 5d 55 65 49 82 28 c2 cc 67
00:aa 19 08 36 01 38 00 00 67 c4 58 a3 38 e0 e2 6b 7d e5 68 82 18 f8 dc 5e 55 06 89 a3 20 00 00 af 55 05 79 a3 28 2e 2e fe 5e 45 71 e4 20 0d 25 95 95 25 29 c3 18 2e 8e 6b ff c7 39 04 21 8a 57 55
00:aa 19 40 36 01 38 00 00 55 28 42 25 29 8c 7c 7f 5d f7 bd 45 29 55 25 b5 55 10 84 45 29 55 55 55 15 31 84 45 29 53 5c 55 55 58 d6 49 42 f8 68 78 78 5b ff b9 de 40 00 a2 ea 5a f7 b6 bd 03 00 02
00:aa 19 78 36 01 38 00 00 01 ba ce 0f 53 d5 35 ad bd 2a 3a e4 18 0d 35 f5 15 04 21 c3 18 ba aa 2a ea 45 29 c3 18 5c 7c fe ff a7 31 86 31 2d 25 e5 b5 86 31 45 29 2d 29 29 a9 27 5a 04 21 55 55 55
00:aa 19 b0 36 01 38 00 00 54 4e c4 64 49 40 c0 80 80 f5 e5 8f b4 e2 83 09 09 90 c4 c8 8a 2d 25 b5 d5 a9 7a c3 20 02 0b 09 0d c3 18 a3 18 2b ab aa 2a a3 18 a3 10 ab ab be be a3 10 82 10 ba aa bf
00:aa 19 e8 36 01 38 00 00 bf 82 10 82 10 00 00 00 00 82 10 62 08 2f 2f 2f af 62 08 41 08 ab ab aa aa 00 00 00 00 00 00 00 00 00 00 00 00 00 00 00 00 00 00 00 00 00 00 00 00 00 00 00 00 00 00 00
00:aa 19 20 37 01 38 00 00 00 00 00 00 00 00 00 00 00 00 00 00 00 00 00 00 00 00 00 00 00 00 00 00 00 00 00 00 00 00 00 00 00 00 00 00 00 00 00 00 00 00 00 00 00 00 00 00 00 00 00 00 00 00 00 00
00:aa 19 58 37 01 38 00 00 00 00 00 00 00 00 00 00 00 00 00 00 00 00 00 00 00 00 00 00 00 00 00 00 00 00 00 00 00 00 00 00 00 00 00 00 00 00 00 00 00 00 00 00 00 00 00 00 00 00 00 00 00 00 00 00
00:aa 19 90 37 01 38 00 00 00 00 00 00 00 00 00 00 00 00 00 00 00 00 00 00 00 00 00 00 00 00 00 00 00 00 00 00 00 00 00 00 00 00 00 00 00 00 00 00 00 00 00 00 00 00 00 00 00 00 00 00 00 00 00 00
00:aa 19 c8 37 01 38 00 00 00 00 00 00 00 00 00 00 00 62 18 61 10 5e 7e fa 6a 62 20 62 18 60 6a 6a 7a a3 28 62 20 7c 5c 5e 57 a3 40 82 18 83 ad ad f5 a3 18 82 10 f8 fe da ea e4 20 c3 18 7e 7f 7f
00:aa 19 00 38 01 38 00 00 7f 46 59 e4 20 58 58 5c 5c 25 41 25 29 15 15 95 95 25 21 04 21 d5 fd ad 0b 04 21 e4 18 e0 a0 a0 a0 45 29 24 21 20 e0 f8 f0 6a 52 e4 20 fd fc fc d5 34 a5 25 29 12 1e 1e
00:aa 19 38 38 01 38 00 00 df 4c 8b 45 29 55 57 d4 98 90 bc aa 6a 7c a0 a0 80 77 de 0a 7b 00 dc ad bd 58 ce 45 31 00 aa ff f5 35 a5 8a 4a 2b ad f5 55 8a 4a e4 18 35 25 d5 55 e4 20 c3 18 fe b5 aa
00:aa 19 70 38 01 38 00 00 ea 04 21 c3 18 a0 f8 bf ab 86 31 45 29 02 03 cb 4f 66 29 45 29 09 a9 a9 b9 6c ab 24 21 56 54 58 50 53 e5 ec bb 78 70 e0 82 12 e5 6b b3 09 2d b5 f5 e9 8a 68 72 3e 12 19
00:aa 19 a8 38 01 38 00 00 31 88 72 e3 18 25 35 95 d5 c3 18 a3 10 0b 2e 20 ab a3 18 a3 10 be 2e af ab a3 10 82 10 af aa aa aa 82 10 62 08 2a 02 0a 2b 62 10 62 08 aa ab ab bf 62 08 41 08 aa ba ba
00:aa 19 e0 38 01 38 00 00 aa 00 00 00 00 00 00 00 00 00 00 00 00 00 00 00 00 00 00 00 00 00 00 00 00 00 00 00 00 00 00 00 00 00 00 00 00 00 00 00 00 00 00 00 00 00 00 00 00 00 00 00 00 00 00 00
00:aa 19 18 39 01 38 00 00 00 00 00 00 00 00 00 00 00 00 00 00 00 00 00 00 00 00 00 00 00 00 00 00 00 00 00 00 00 00 00 00 00 00 00 00 00 00 00 00 00 00 00 00 00 00 00 00 00 00 00 00 00 00 00 00
00:aa 19 50 39 01 38 00 00 00 00 00 00 00 00 00 00 00 00 00 00 00 00 00 00 00 00 00 00 00 00 00 00 00 00 00 00 00 00 00 00 00 00 00 00 00 00 00 00 00 00 00 00 00 00 00 00 00 00 00 00 00 00 00 00
00:aa 19 88 39 01 38 00 00 00 00 00 00 00 00 00 00 00 00 00 00 00 00 00 00 00 00 00 00 00 00 00 00 00 00 00 00 00 00 00 00 00 00 00 00 00 00 00 00 00 6b 8b c3 10 55 55 bd 3f 62 18 c2 00 00 80 80
00:aa 19 c0 39 01 38 00 00 68 82 28 82 18 a0 e2 fd 55 45 39 82 18 d5 d5 55 78 e6 51 a2 18 55 55 78 80 ea 82 c3 18 55 55 8b 80 87 59 04 21 5c 5e 5e 37 25 39 45 21 3f 3f 37 fe 87 31 04 21 fd 7d 08
00:aa 19 f8 39 01 38 00 00 0a 86 31 04 21 57 5f 9f 0f 66 31 24 21 fa f8 f8 69 e8 39 c3 18 95 d7 54 5f f2 b4 25 29 55 5a 58 5f 0e bc a2 20 70 20 80 80 d1 c4 6b 93 c8 aa 2b 25 0e a4 48 62 0b 0b ad
00:aa 19 30 3a 01 38 00 00 f5 89 6a 04 21 0d 35 d5 55 0c 63 04 21 8d 55 55 55 04 21 c3 18 7e 00 00 02 04 21 c3 18 af 2b 2a aa 04 21 c3 18 f8 fa ea bf 86 31 04 21 ca 4a 4a c2 45 29 04 21 03 01 01
00:aa 19 68 3a 01 38 00 00 01 11 cd c2 20 78 68 e0 e0 73 dd 4b ab 0b 0f 2d b5 ac b3 c8 92 0b ad 09 ab e8 92 65 39 2b 29 2d 25 e4 20 e3 18 3f bf ff af e4 20 c3 18 ad 55 f5 75 c3 18 a3 10 8e aa aa
00:aa 19 a0 3a 01 38 00 00 bf c3 18 82 10 0b 0a bf fa a3 10 82 10 ad fd f5 ad 62 10 41 08 ab af bf bf 41 08 41 08 00 00 00 00 00 00 00 00 00 00 00 00 00 00 00 00 00 00 00 00 00 00 00 00 00 00 00
00:aa 19 d8 3a 01 38 00 00 00 00 00 00 00 00 00 00 00 00 00 00 00 00 00 00 00 00 00 00 00 00 00 00 00 00 00 00 00 00 00 00 00 00 00 00 00 00 00 00 00 00 00 00 00 00 00 00 00 00 00 00 00 00 00 00
00:aa 19 10 3b 01 38 00 00 00 00 00 00 00 00 00 00 00 00 00 00 00 00 00 00 00 00 00 00 00 00 00 00 00 00 00 00 00 00 00 00 00 00 00 00 00 00 00 00 00 00 00 00 00 00 00 00 00 00 00 00 00 00 00 00
00:aa 19 48 3b 01 38 00 00 00 00 00 00 00 00 00 00 00 00 00 00 00 00 00 00 00 00 00 00 00 00 00 00 00 00 00 00 00 00 00 00 00 00 00 00 00 00 00 00 00 00 00 00 00 00 00 00 00 00 00 00 00 00 00 00
00:aa 19 80 3b 01 38 00 00 00 00 00 00 00 00 00 00 00 00 00 00 00 00 00 00 00 50 a4 a5 39 c5 e1 bd fe 67 1a 82 10 15 05 0b 03 0b 53 82 10 55 55 55 0a 65 41 82 18 60 68 68 2b 30 8c 65 39 5f 55 53
00:aa 19 b8 3b 01 38 00 00 6d ec 62 45 29 ff 09 d5 af 08 42 e4 18 9d 1b b6 fd 66 29 c3 18 a0 4a 73 59 c9 72 e4 20 57 58 60 e0 ea 82 45 29 55 25 01 00 a6 41 e4 18 f9 fd e5 05 45 29 c3 18 78 78 e0
00:aa 19 f0 3b 01 38 00 00 a0 cd a3 25 31 58 58 70 60 90 c4 cd a3 c0 e0 09 a5 ac 9b 65 39 00 2a 2b bd ea 72 25 29 2d b5 55 55 45 29 04 21 5e 02 0b af 25 21 04 21 2f fd d5 d5 04 21 e4 18 8b ab ff
00:aa 19 28 3c 01 38 00 00 ff e4 20 c3 18 aa ba ff ff e4 20 e3 18 af af ad ff a7 39 04 21 c2 c0 50 5a f3 b4 a7 31 55 55 57 40 f1 cc 4b 8b 70 62 c2 82 ed b3 2a 93 26 17 97 dd 2d c4 27 72 2f 2b a9
00:aa 19 60 3c 01 38 00 00 ad e6 59 c3 18 2d 25 b5 d7 04 21 82 10 ab fc d7 00 04 21 c3 18 d5 2f 55 ab c3 18 82 10 00 00 82 2f a3 18 a2 10 aa ab ab eb 82 10 62 08 02 02 0b 0b 62 10 41 08 ab ab af
00:aa 19 98 3c 01 38 00 00 bf 62 08 41 08 af ab aa aa 00 00 00 00 00 00 00 00 00 00 00 00 00 00 00 00 00 00 00 00 00 00 00 00 00 00 00 00 00 00 00 00 00 00 00 00 00 00 00 00 00 00 00 00 00 00 00
00:aa 19 d0 3c 01 38 00 00 00 00 00 00 00 00 00 00 00 00 00 00 00 00 00 00 00 00 00 00 00 00 00 00 00 00 00 00 00 00 00 00 00 00 00 00 00 00 00 00 00 00 00 00 00 00 00 00 00 00 00 00 00 00 00 00
00:aa 19 08 3d 01 38 00 00 00 00 00 00 00 00 00 00 00 00 00 00 00 00 00 00 00 00 00 00 00 00 00 00 00 00 00 00 00 00 00 00 00 00 00 00 00 00 00 00 00 00 00 00 00 00 00 00 00 00 00 00 00 00 00 00
00:aa 19 40 3d 01 38 00 00 00 00 00 00 00 00 00 00 00 00 00 00 00 00 00 00 00 00 00 00 00 00 00 00 00 00 00 00 00 00 00 00 00 00 00 00 00 00 00 00 00 00 00 00 00 00 00 00 00 c4 8a 47 22 8b a9 75
00:aa 19 78 3d 01 38 00 00 55 88 1a 82 10 80 08 80 35 4f 64 c3 10 f2 2d 55 55 65 21 62 10 3a ff ff 5f aa 52 45 29 ac 7a fd 55 c7 31 c3 18 02 ad a5 17 eb 92 04 21 55 55 5f 60 2c 93 c3 18 55 55 f5
00:aa 19 b0 3d 01 38 00 00 02 0b 83 c7 49 71 79 79 e8 30 c4 44 31 62 78 d5 b5 2f c4 82 28 ad 02 80 78 f7 d5 44 29 57 fc a2 02 99 de ce 83 5b 20 a2 f8 0e ac 04 29 0b 0b 2d 35 68 5a 45 29 35 dd 5f
00:aa 19 e8 3d 01 38 00 00 77 45 29 04 21 aa 75 75 35 24 21 e4 20 2a be bf fd 04 21 c3 18 00 0a ab bf e4 20 c3 18 bf bd ff ea e4 20 c3 18 ff 7f ea 88 e4 20 c3 18 fe fc f8 28 8a 9a 04 21 57 55 57
00:aa 19 20 3e 01 38 00 00 54 38 de e7 79 78 7f 7e e8 bd ff b2 ac b5 6b 5e 02 9c f7 4b a3 55 55 95 8d ac 9b a3 18 0b 0f 2d 25 04 21 a2 10 f2 40 40 40 04 21 e4 20 80 00 02 02 04 21 e3 18 0b af aa
00:aa 19 58 3e 01 38 00 00 2b c3 18 a2 10 02 02 02 0b a2 10 82 10 2b 2b 0b ab 82 10 62 08 0b 0b 2b 2f 62 08 41 08 aa aa aa bf 62 08 41 08 aa aa aa fe 00 00 00 00 00 00 00 00 00 00 00 00 00 00 00
00:aa 19 90 3e 01 38 00 00 00 00 00 00 00 00 00 00 00 00 00 00 00 00 00 00 00 00 00 00 00 00 00 00 00 00 00 00 00 00 00 00 00 00 00 00 00 00 00 00 00 00 00 00 00 00 00 00 00 00 00 00 00 00 00 00
00:aa 19 c8 3e 01 38 00 00 00 00 00 00 00 00 00 00 00 00 00 00 00 00 00 00 00 00 00 00 00 00 00 00 00 00 00 00 00 00 00 00 00 00 00 00 00 00 00 00 00 00 00 00 00 00 00 00 00 00 00 00 00 00 00 00
00:aa 19 00 3f 01 38 00 00 00 00 00 00 00 00 00 00 00 00 00 00 00 00 00 00 00 00 00 00 00 00 00 00 00 00 00 00 00 00 00 00 00 00 00 00 00 00 00 00 00 00 00 00 00 00 00 00 00 00 00 00 00 00 00 00
00:aa 19 38 3f 01 38 00 00 00 00 00 00 00 00 00 00 00 00 00 00 00 00 00 00 00 00 00 00 00 00 00 00 00 65 21 41 08 83 b5 d5 f5 c3 18 41 08 ff ff ff f0 08 42 82 10 55 55 63 a9 e4 20 82 10 74 ff 15
00:aa 19 70 3f 01 38 00 00 d7 e8 41 c3 18 77 54 5f 55 0b 93 a3 20 d7 58 60 8b 2c 9b e2 38 0a 28 96 58 ce b3 c4 38 aa 8a 2a b5 2e c4 44 51 aa a8 b2 57 cd b3 a9 7a f5 2e 8c ed 8c 9b 28 62 54 2f 2f
00:aa 19 a8 3f 01 38 00 00 bf 79 de 2b 83 a8 73 56 57 b6 c5 4d 7b 2a 0f 79 99 b2 ac 65 31 35 35 bd fd 66 31 04 21 0a a7 f7 55 04 21 e4 18 02 2b 0f af e4 20 c3 18 aa ab ff f5 e4 18 c3 18 bd f5 f5
00:aa 19 e0 3f 01 38 00 00 ff 08 42 c3 18 60 7e 55 55 6d 73 e4 20 aa e0 55 55 2c 6b 04 21 ff 02 55 55 4c cb 04 21 5c 50 50 5a be ff 0b db 5e 58 70 60 be f7 f4 a4 0d 0d 09 2b fb e6 4d 73 82 d8 e6
00:aa 19 18 40 01 38 00 00 ef f3 b4 a3 18 b5 35 85 25 04 21 a3 18 42 40 80 00 25 21 04 21 5e fb df 51 04 21 c3 18 2b ab ad a9 c3 18 a2 10 0a 02 02 03 a3 18 82 10 af af bd fd 82 10 41 08 2f 2f bf
00:aa 19 50 40 01 38 00 00 ba 62 10 41 08 ff ff ea aa 62 10 41 08 57 57 af aa 00 00 00 00 00 00 00 00 00 00 00 00 00 00 00 00 00 00 00 00 00 00 00 00 00 00 00 00 00 00 00 00 00 00 00 00 00 00 00
00:aa 19 88 40 01 38 00 00 00 00 00 00 00 00 00 00 00 00 00 00 00 00 00 00 00 00 00 00 00 00 00 00 00 00 00 00 00 00 00 00 00 00 00 00 00 00 00 00 00 00 00 00 00 00 00 00 00 00 00 00 00 00 00 00
00:aa 19 c0 40 01 38 00 00 00 00 00 00 00 00 00 00 00 00 00 00 00 00 00 00 00 00 00 00 00 00 00 00 00 00 00 00 00 00 00 00 00 00 00 00 00 00 00 00 00 00 00 00 00 00 00 00 00 00 00 00 00 00 00 00
00:aa 19 f8 40 01 38 00 00 00 00 00 00 00 00 00 00 00 00 00 00 00 00 00 00 00 00 00 00 00 00 00 00 00 00 00 00 00 00 00 00 00 00 00 00 00 00 00 00 00 00 00 00 00 00 00 00 00 00 00 00 00 00 00 00
00:aa 19 30 41 01 38 00 00 00 00 00 00 00 00 00 00 00 00 00 00 00 00 00 00 00 00 00 00 00 00 00 00 00 00 00 00 00 00 00 00 00 00 00 00 00 00 00 00 00 00 00 00 00 00 00 00 00 00 00 00 00 00 00 00
00:aa 19 68 41 01 38 00 00 00 00 00 00 00 00 00 00 00 00 00 00 00 00 00 00 00 00 00 00 00 00 00 00 00 00 00 00 00 00 00 00 00 00 00 00 00 00 00 00 00 00 00 00 00 00 00 00 00 00 00 00 00 00 00 00
00:aa 19 a0 41 01 28 00 00 00 00 00 00 00 00 00 00 00 00 00 00 00 00 00 00 00 00 00 00 00 00 00 00 00 00 00 00 00 00 00 00 00 00 00 00 00 00 00 00 00 00 00 00 00 00 00 00 00 00 00 00 00 00 00 00
00:aa 19 00 00 02 38 00 00 51 47 49 46 00 13 00 09 3b 21 ff ff ff ff ff ff ff ff ff ff ff ff ff ff ff ff ff ff ff ff ff ff ff ff ff ff ff ff ff ff ff ff ff ff ff ff ff ff ff ff ff ff ff ff ff ff
00:aa 19 38 00 02 38 00 00 ff ff ff ff ff ff ff ff ff ff ff ff ff ff ff ff ff ff ff ff ff ff ff ff ff ff ff ff ff ff ff ff ff ff ff ff ff ff ff ff ff ff ff ff ff ff ff ff ff ff ff ff ff ff ff ff
00:aa 19 70 00 02 38 00 00 ff ff ff ff ff ff ff ff ff ff ff ff ff ff ff ff ff ff ff ff ff ff ff ff ff ff ff ff ff ff ff ff ff ff ff ff ff ff ff ff ff ff ff ff ff ff ff ff ff ff ff ff ff ff ff ff
00:aa 19 a8 00 02 38 00 00 ff ff ff ff ff ff ff ff ff ff ff ff ff ff ff ff ff ff ff ff ff ff ff ff ff ff ff ff ff ff ff ff ff ff ff ff ff ff ff ff ff ff ff ff ff ff ff ff ff ff ff ff ff ff ff ff
00:aa 19 e0 00 02 38 00 00 ff ff ff ff ff ff ff ff ff ff ff ff ff ff ff ff ff ff ff ff ff ff ff ff ff ff ff ff ff ff ff ff ff ff ff ff ff ff ff ff ff 00 00 00 00 00 00 00 00 00 00 00 00 00 00 00
00:aa 19 18 01 02 38 00 00 00 00 00 00 00 00 00 00 00 00 00 00 00 00 00 00 00 00 00 00 00 00 00 00 00 00 00 00 00 00 00 00 00 00 00 00 00 00 00 00 00 00 00 00 00 00 00 00 00 00 00 00 00 00 00 00
00:aa 19 50 01 02 38 00 00 00 00 00 00 00 00 00 00 00 00 00 00 00 00 00 00 00 00 00 00 00 00 00 00 00 00 00 00 00 00 00 00 00 00 00 00 00 00 00 00 00 00 00 00 00 00 00 00 00 00 00 00 00 00 00 00
00:aa 19 88 01 02 38 00 00 00 00 00 00 00 00 00 00 00 00 00 00 00 00 00 00 00 00 00 00 00 00 00 00 00 00 00 00 00 00 00 00 00 00 00 00 00 00 00 00 00 00 00 00 00 00 00 00 00 00 00 00 00 00 00 00
00:aa 19 c0 01 02 38 00 00 00 00 00 00 00 00 00 00 00 00 00 00 00 00 00 00 00 00 00 00 00 00 00 00 00 00 00 00 00 00 00 00 00 00 00 00 00 00 00 00 00 00 00 00 00 00 00 00 00 00 00 00 00 00 00 00
00:aa 19 f8 01 02 38 00 00 00 00 00 00 00 00 00 00 00 00 00 00 00 00 00 00 00 00 00 00 00 00 00 00 00 00 00 00 00 00 00 00 00 00 00 00 00 00 00 00 00 00 00 00 00 00 00 00 00 00 00 00 00 00 00 00
00:aa 19 30 02 02 38 00 00 00 00 00 00 00 00 00 00 00 00 00 00 00 00 00 00 00 00 00 00 00 00 00 00 00 00 00 00 00 00 00 00 00 00 00 00 00 00 00 00 00 00 00 00 00 00 00 00 00 00 00 00 00 00 00 00
00:aa 19 68 02 02 38 00 00 00 00 00 00 00 00 00 00 00 00 00 00 00 00 00 00 00 00 00 00 00 00 00 00 00 00 00 00 00 00 00 00 00 00 00 00 00 00 00 00 00 00 00 00 00 00 00 00 00 00 00 00 00 00 00 00
00:aa 19 a0 02 02 38 00 00 00 00 00 00 00 00 00 00 00 00 00 00 00 00 00 00 00 00 00 00 00 00 00 00 00 00 00 00 00 00 00 00 00 00 00 00 00 00 00 00 00 00 00 00 00 00 00 00 00 00 00 00 00 00 00 00
00:aa 19 d8 02 02 38 00 00 00 00 00 00 00 00 00 00 00 00 00 00 00 00 00 00 00 00 00 00 00 00 00 00 00 00 00 00 00 00 00 00 00 00 00 00 00 00 00 00 00 00 00 00 00 00 00 00 00 00 00 00 00 00 00 00
00:aa 19 10 03 02 38 00 00 00 00 00 00 00 00 00 00 00 00 00 00 00 00 00 00 00 00 00 00 00 00 00 00 00 00 00 00 00 00 00 00 00 00 00 00 00 00 00 00 00 00 00 00 00 00 00 00 00 00 00 00 00 00 00 00
00:aa 19 48 03 02 38 00 00 00 00 00 00 00 00 00 00 00 00 00 00 00 00 00 00 00 00 00 00 00 00 00 00 00 00 00 00 00 00 00 00 00 00 00 00 00 00 00 00 00 00 00 00 00 00 00 00 00 00 00 00 00 00 00 00
00:aa 19 80 03 02 38 00 00 00 00 00 00 00 00 00 00 00 00 00 00 00 00 00 00 00 00 00 00 00 00 00 00 00 00 00 00 00 00 00 00 00 00 00 00 00 00 00 00 00 00 00 00 00 00 00 00 00 00 00 00 00 00 00 00
00:aa 19 b8 03 02 38 00 00 00 00 00 00 00 00 00 00 00 00 00 00 00 00 00 00 00 00 00 00 00 00 00 00 00 00 00 00 00 00 00 00 00 00 00 00 00 00 00 00 00 00 00 00 00 00 00 00 00 00 00 00 00 00 00 00
00:aa 19 f0 03 02 38 00 00 00 00 00 00 00 00 00 00 00 00 00 00 00 00 00 00 00 00 00 00 00 00 00 00 00 00 00 00 00 00 00 00 00 00 00 00 00 00 00 00 00 00 00 00 00 00 00 00 00 00 00 00 00 00 00 00
00:aa 19 28 04 02 38 00 00 00 00 00 00 00 00 00 00 00 00 00 00 00 00 00 00 00 00 00 00 00 00 00 00 00 00 00 00 00 00 00 00 00 00 00 00 00 00 00 00 00 00 00 00 00 00 00 00 00 00 00 00 00 00 00 00
00:aa 19 60 04 02 38 00 00 00 00 00 00 00 00 00 00 00 00 00 00 00 00 00 00 00 00 00 00 00 00 00 00 00 00 00 00 00 00 00 00 00 00 00 00 00 00 00 00 00 00 00 00 00 00 00 00 00 00 00 00 00 00 00 00
00:aa 19 98 04 02 38 00 00 00 00 00 00 00 00 00 00 00 00 00 00 00 00 00 00 00 00 00 00 00 00 00 00 00 00 00 00 00 00 00 00 00 00 00 00 00 00 00 00 00 00 00 00 00 00 00 00 00 00 00 00 00 00 00 00
00:aa 19 d0 04 02 38 00 00 00 00 00 00 00 00 00 00 00 00 00 00 00 00 00 00 00 00 00 00 00 00 00 00 00 00 00 00 00 00 00 00 00 00 00 00 00 00 00 00 00 00 00 00 00 00 00 00 00 00 00 00 00 00 00 00
00:aa 19 08 05 02 38 00 00 00 00 00 00 00 00 00 00 00 00 00 00 00 00 00 00 00 00 00 00 00 00 00 00 00 00 00 00 00 00 00 00 00 00 00 00 00 00 00 00 00 00 00 00 00 00 00 00 00 00 00 00 00 00 00 00
00:aa 19 40 05 02 38 00 00 00 00 00 00 00 00 00 00 00 00 00 00 00 00 00 00 00 00 00 00 00 00 00 00 00 00 00 00 00 00 00 00 00 00 00 00 00 00 00 00 00 00 00 00 00 00 00 00 00 00 00 00 00 00 00 00
00:aa 19 78 05 02 38 00 00 00 00 00 00 00 00 00 00 00 00 00 00 00 00 00 00 00 00 00 00 00 00 00 00 00 00 00 00 00 00 00 00 00 00 00 00 00 00 00 00 00 00 00 00 00 00 00 00 00 00 00 00 00 00 00 00
00:aa 19 b0 05 02 38 00 00 00 00 00 00 00 00 00 00 00 00 00 00 00 00 00 00 00 00 00 00 00 00 00 00 00 00 00 00 00 00 00 00 00 00 00 00 00 00 00 00 00 00 00 00 00 00 00 00 00 00 00 00 00 00 00 00
00:aa 19 e8 05 02 38 00 00 00 00 00 00 00 00 00 00 00 00 00 00 00 00 00 00 00 00 00 00 00 00 00 00 00 00 00 00 00 00 00 00 00 00 00 00 00 00 00 00 00 00 00 00 00 00 00 00 00 00 00 00 00 00 00 00
00:aa 19 20 06 02 38 00 00 00 00 00 00 00 00 00 00 00 00 00 00 00 00 00 00 00 00 00 00 00 00 00 00 00 00 00 00 00 00 00 00 00 00 00 00 00 00 00 00 00 00 00 00 00 00 00 00 00 00 00 00 00 00 00 00
00:aa 19 58 06 02 38 00 00 00 00 00 00 00 00 00 00 00 00 00 00 00 00 00 00 00 00 00 00 00 00 00 00 00 00 00 00 00 00 00 00 00 00 00 00 00 00 00 00 00 00 00 00 00 00 00 00 00 00 00 00 00 00 00 00
00:aa 19 90 06 02 38 00 00 00 00 00 00 00 00 00 00 00 00 00 00 00 00 00 00 00 00 00 00 00 00 00 00 00 00 00 00 00 00 00 00 00 00 00 00 00 00 00 00 00 00 00 00 00 00 00 00 00 00 00 00 00 00 00 00
00:aa 19 c8 06 02 38 00 00 00 00 00 00 00 00 00 00 00 00 00 00 00 00 00 00 00 00 00 00 00 00 00 00 00 00 00 00 00 00 00 00 00 00 00 00 00 00 00 00 00 00 00 00 00 00 00 00 00 00 00 00 00 00 00 00
00:aa 19 00 07 02 38 00 00 00 00 00 00 00 00 00 00 00 00 00 00 00 00 00 00 00 00 00 00 00 00 00 00 00 00 00 00 00 00 00 00 00 00 00 00 00 00 00 00 00 00 00 00 00 00 00 00 00 00 00 00 00 00 00 00
00:aa 19 38 07 02 38 00 00 00 00 00 00 00 00 00 00 00 00 00 00 00 00 00 00 00 00 00 00 00 00 00 00 00 00 00 00 00 00 00 00 00 00 00 00 00 00 00 00 00 00 00 00 00 00 00 00 00 00 00 00 00 00 00 00
00:aa 19 70 07 02 38 00 00 00 00 00 00 00 00 00 00 00 00 00 00 00 00 00 00 00 00 00 00 00 00 00 00 00 00 00 00 00 00 00 00 00 00 00 00 00 00 00 00 00 00 00 00 00 00 00 00 00 00 00 00 00 00 00 00
00:aa 19 a8 07 02 38 00 00 00 00 00 00 00 00 00 00 00 00 00 00 00 00 00 00 00 00 00 00 00 00 00 00 00 00 00 00 00 00 00 00 00 00 00 00 00 00 00 00 00 00 00 00 00 00 00 00 00 00 00 00 00 00 00 00
00:aa 19 e0 07 02 38 00 00 00 00 00 00 00 00 00 00 00 00 00 00 00 00 00 00 00 00 00 00 00 00 00 00 00 00 00 00 00 00 00 00 00 00 00 00 00 00 00 00 00 00 00 00 00 00 00 00 00 00 00 00 00 00 00 00
00:aa 19 18 08 02 38 00 00 00 00 00 00 00 00 00 00 00 00 00 00 00 00 00 00 00 00 00 00 00 00 00 00 00 00 00 00 00 00 00 00 00 00 00 00 00 00 00 00 00 00 00 00 00 00 00 00 00 00 00 00 00 00 00 00
00:aa 19 50 08 02 38 00 00 00 00 00 00 00 00 00 00 00 00 00 00 00 00 00 00 00 00 00 00 00 00 00 00 00 00 00 00 00 00 00 00 00 00 00 00 00 00 00 00 00 00 00 00 00 00 00 00 00 00 00 00 00 00 00 00
00:aa 19 88 08 02 38 00 00 00 00 00 00 00 00 00 00 00 00 00 00 00 00 00 00 00 00 00 00 00 00 00 00 00 00 00 00 00 00 00 00 00 00 00 00 00 00 00 00 00 00 00 00 00 00 00 00 00 00 00 00 00 00 00 00
00:aa 19 c0 08 02 38 00 00 00 00 00 00 00 00 00 00 00 00 00 00 00 00 00 00 00 00 00 00 00 00 00 00 00 00 00 00 00 00 00 00 00 00 00 00 00 00 00 00 00 00 00 00 00 00 00 00 00 00 00 00 00 00 00 00
00:aa 19 f8 08 02 38 00 00 00 00 00 00 00 00 00 00 00 00 00 00 00 00 00 00 00 00 00 00 00 00 00 00 00 00 00 00 00 00 00 00 00 00 00 00 00 00 00 00 00 00 00 00 00 00 00 00 00 00 00 00 00 00 00 00
00:aa 19 30 09 02 38 00 00 00 00 00 00 00 00 00 00 00 00 00 00 00 00 00 00 00 00 00 00 00 00 00 00 00 00 00 00 00 00 00 00 00 00 00 00 00 00 00 00 00 00 00 00 00 00 00 00 00 00 00 00 00 00 00 00
00:aa 19 68 09 02 38 00 00 00 00 00 00 00 00 00 00 00 00 00 00 00 00 00 00 00 00 00 00 00 00 00 00 00 00 00 00 00 00 00 00 00 00 00 00 00 00 00 00 00 00 00 00 00 00 00 00 00 00 00 00 00 00 00 00
00:aa 19 a0 09 02 38 00 00 00 00 00 00 00 00 00 00 00 00 00 00 00 00 00 00 00 00 00 00 00 00 00 00 00 00 00 00 00 00 00 00 00 00 00 00 00 00 00 00 00 00 00 00 00 00 00 00 00 00 00 00 00 00 00 00
00:aa 19 d8 09 02 38 00 00 00 00 00 00 00 00 00 00 00 00 00 00 00 00 00 00 00 00 00 00 00 00 00 00 00 00 00 00 00 00 00 00 00 00 00 00 00 00 00 00 00 00 00 00 00 00 00 00 00 00 00 00 00 00 00 00
00:aa 19 10 0a 02 38 00 00 00 00 00 00 00 00 00 00 00 00 00 00 00 00 00 00 00 00 00 00 00 00 00 00 00 00 00 00 00 00 00 00 00 00 00 00 00 00 00 00 00 00 00 00 00 00 00 00 00 00 00 00 00 00 00 00
00:aa 19 48 0a 02 38 00 00 00 00 00 00 00 00 00 00 00 00 00 00 00 00 00 00 00 00 00 00 00 00 00 00 00 00 00 00 00 00 00 00 00 00 00 00 00 00 00 00 00 00 00 00 00 00 00 00 00 00 00 00 00 00 00 00
00:aa 19 80 0a 02 38 00 00 00 00 00 00 00 00 00 00 00 00 00 00 00 00 00 00 00 00 00 00 00 00 00 00 00 00 00 00 00 00 00 00 00 00 00 00 00 00 00 00 00 00 00 00 00 00 00 00 00 00 00 00 00 00 00 00
00:aa 19 b8 0a 02 38 00 00 00 00 00 00 00 00 00 00 00 00 00 00 00 00 00 00 00 00 00 00 00 00 00 00 00 00 00 00 00 00 00 00 00 00 00 00 00 00 00 00 00 00 00 00 00 00 00 00 00 00 00 00 00 00 00 00
00:aa 19 f0 0a 02 38 00 00 00 00 00 00 00 00 00 00 00 00 00 00 00 00 00 00 00 00 00 00 00 00 00 00 00 00 00 00 00 00 00 00 00 00 00 00 00 00 00 00 00 00 00 00 00 00 00 00 00 00 00 00 00 00 00 00
00:aa 19 28 0b 02 38 00 00 00 00 00 00 00 00 00 00 00 00 00 00 00 00 00 00 00 00 00 00 00 00 00 00 00 00 00 00 00 00 00 00 00 00 00 00 00 00 00 00 00 00 00 00 00 00 00 00 00 00 00 00 00 00 00 00
00:aa 19 60 0b 02 38 00 00 00 00 00 00 00 00 00 00 00 00 00 00 00 00 00 00 00 00 00 00 00 00 00 00 00 00 00 00 00 00 00 00 00 00 00 00 00 00 00 00 00 00 00 00 00 00 00 00 00 00 00 00 00 00 00 00
00:aa 19 98 0b 02 38 00 00 00 00 00 00 00 00 00 00 00 00 00 00 00 00 00 00 00 00 00 00 00 00 00 00 00 00 00 00 00 00 00 00 00 00 00 00 00 00 00 00 00 00 00 00 00 00 00 00 00 00 00 00 00 00 00 00
00:aa 19 d0 0b 02 38 00 00 00 00 00 00 00 00 00 00 00 00 00 00 00 00 00 00 00 00 00 00 00 00 00 00 00 00 00 00 00 00 00 00 00 00 00 00 00 00 00 00 00 00 00 00 00 00 00 00 00 00 00 00 00 00 00 00
00:aa 19 08 0c 02 38 00 00 00 00 00 00 00 00 00 00 00 00 00 00 00 00 00 00 00 00 00 00 00 00 00 00 00 00 00 00 00 00 00 00 00 00 00 00 00 00 00 00 00 00 00 00 00 00 00 00 00 00 00 00 00 00 00 00
00:aa 19 40 0c 02 38 00 00 00 00 00 00 00 00 00 00 00 00 00 00 00 00 00 00 00 00 00 00 00 00 00 00 00 00 00 00 00 00 00 00 00 00 00 00 00 00 00 00 00 00 00 00 00 00 00 00 00 00 00 00 00 00 00 00
00:aa 19 78 0c 02 38 00 00 00 00 00 00 00 00 00 00 00 00 00 00 00 00 00 00 00 00 00 00 00 00 00 00 00 00 00 00 00 00 00 00 00 00 00 00 00 00 00 00 00 00 00 00 00 00 00 00 00 00 00 00 00 00 00 00
00:aa 19 b0 0c 02 38 00 00 00 00 00 00 00 00 00 00 00 00 00 00 00 00 00 00 00 00 00 00 00 00 00 00 00 00 00 00 00 00 00 00 00 00 00 00 00 00 00 00 00 00 00 00 00 00 00 00 00 00 00 00 00 00 00 00
00:aa 19 e8 0c 02 38 00 00 00 00 00 00 00 00 00 00 00 00 00 00 00 00 00 00 00 00 00 00 00 00 00 00 00 00 00 00 00 00 00 00 00 00 00 00 00 00 00 00 00 00 00 00 00 00 00 00 00 00 00 00 00 00 00 00
00:aa 19 20 0d 02 38 00 00 00 00 00 00 00 00 00 00 00 00 00 00 00 00 00 00 00 00 00 00 00 00 00 00 00 00 00 00 00 00 00 00 00 00 00 00 00 00 00 00 00 00 00 00 00 00 00 00 00 00 00 00 00 00 00 00
00:aa 19 58 0d 02 38 00 00 00 00 00 00 00 00 00 00 00 00 00 00 00 00 00 00 00 00 00 00 00 00 00 00 00 00 00 00 00 00 00 00 00 00 00 00 00 00 00 00 00 00 00 00 00 00 00 00 00 00 00 00 00 00 00 00
00:aa 19 90 0d 02 38 00 00 00 00 00 00 00 00 00 00 00 00 00 00 00 00 00 00 00 00 00 00 00 00 00 00 00 00 00 00 00 00 00 00 00 00 00 00 00 00 00 00 00 00 00 00 00 00 00 00 00 00 00 00 00 00 00 00
00:aa 19 c8 0d 02 38 00 00 00 00 00 00 00 00 00 00 00 00 00 00 00 00 00 00 00 00 00 00 00 00 00 00 00 00 00 00 00 00 00 00 00 00 00 00 00 00 00 00 00 00 00 00 00 00 00 00 00 00 00 00 00 00 00 00
00:aa 19 00 0e 02 38 00 00 00 00 00 00 00 00 00 00 00 00 00 00 00 00 00 00 00 00 00 00 00 00 00 00 00 00 00 00 00 00 00 00 00 00 00 00 00 00 00 00 00 00 00 00 00 00 00 00 00 00 00 00 00 00 00 00
00:aa 19 38 0e 02 38 00 00 00 00 00 00 00 00 00 00 00 00 00 00 00 00 00 00 00 00 00 00 00 00 00 00 00 00 00 00 00 00 00 00 00 00 00 00 00 00 00 00 00 00 00 00 00 00 00 00 00 00 00 00 00 00 00 00
00:aa 19 70 0e 02 38 00 00 00 00 00 00 00 00 00 00 00 00 00 00 00 00 00 00 00 00 00 00 00 00 00 00 00 00 00 00 00 00 00 00 00 00 00 00 00 00 00 00 00 00 00 00 00 00 00 00 00 00 00 00 00 00 00 00
00:aa 19 a8 0e 02 38 00 00 00 00 00 00 00 00 00 00 00 00 00 00 00 00 00 00 00 00 00 00 00 00 00 00 00 00 00 00 00 00 00 00 00 00 00 00 00 00 00 00 00 00 00 00 00 00 00 00 00 00 00 00 00 00 00 00
00:aa 19 e0 0e 02 38 00 00 00 00 00 00 00 00 00 00 00 00 00 00 00 00 00 00 00 00 00 00 00 00 00 00 00 00 00 00 00 00 00 00 00 00 00 00 00 00 00 00 00 00 00 00 00 00 00 00 00 00 00 00 00 00 00 00
00:aa 19 18 0f 02 38 00 00 00 00 00 00 00 00 00 00 00 00 00 00 00 00 00 00 00 00 00 00 00 00 00 00 00 00 00 00 00 00 00 00 00 00 00 00 00 00 00 00 00 00 00 00 00 00 00 00 00 00 00 00 00 00 00 00
00:aa 19 50 0f 02 38 00 00 00 00 00 00 00 00 00 00 00 00 00 00 00 00 00 00 00 00 00 00 00 00 00 00 00 00 00 00 00 00 00 00 00 00 00 00 00 00 00 00 00 00 00 00 00 00 00 00 00 00 00 00 00 00 00 00
00:aa 19 88 0f 02 38 00 00 00 00 00 00 00 00 00 00 00 00 00 00 00 00 00 00 00 00 00 00 00 00 00 00 00 00 00 00 00 00 00 00 00 00 00 00 00 00 00 00 00 00 00 00 00 00 00 00 00 00 00 00 00 00 00 00
00:aa 19 c0 0f 02 38 00 00 00 00 00 00 00 00 00 00 00 00 00 00 00 00 00 00 00 00 00 00 00 00 00 00 00 00 00 00 00 00 00 00 00 00 00 00 00 00 00 00 00 00 00 00 00 00 00 00 00 00 00 00 00 00 00 00
00:aa 19 f8 0f 02 38 00 00 00 00 00 00 00 00 00 00 00 00 00 00 00 00 00 00 00 00 00 00 00 00 00 00 00 00 00 00 00 00 00 00 00 00 00 00 00 00 00 00 00 00 00 00 00 00 00 00 00 00 00 00 00 00 00 00
00:aa 19 30 10 02 38 00 00 00 00 00 00 00 00 00 00 00 00 00 00 00 00 00 00 00 00 00 00 00 00 00 00 00 00 00 00 00 00 00 00 00 00 00 00 00 00 00 00 00 00 00 00 00 00 00 00 00 00 00 00 00 00 00 00
00:aa 19 68 10 02 38 00 00 00 00 00 00 00 00 00 00 00 00 00 00 00 00 00 00 00 00 00 00 00 00 00 00 00 00 00 00 00 00 00 00 00 00 00 00 00 00 00 00 00 00 00 00 00 00 00 00 00 00 00 00 00 00 00 00
00:aa 19 a0 10 02 38 00 00 00 00 00 00 00 00 00 00 00 00 00 00 00 00 00 00 00 00 00 00 00 00 00 00 00 00 00 00 00 00 00 00 00 00 00 00 00 00 00 00 00 00 00 00 00 00 00 00 00 0f 12 00 00 55 54 54
00:aa 19 d8 10 02 38 00 00 54 0f 12 00 00 55 00 00 00 0f 12 00 00 55 00 00 00 0f 12 00 00 55 00 00 00 0f 12 00 00 55 00 00 00 0f 12 00 00 55 00 00 00 0f 12 00 00 55 00 00 00 0f 12 00 00 55 01 01
00:aa 19 10 11 02 38 00 00 01 00 00 00 00 00 00 00 00 00 00 00 00 00 00 00 00 00 00 00 00 00 00 00 00 00 00 00 00 00 00 00 00 00 00 00 00 00 00 00 00 00 00 00 00 00 00 00 00 00 00 00 00 00 00 00
00:aa 19 48 11 02 38 00 00 00 00 00 00 00 00 00 00 00 00 00 00 00 00 00 00 00 00 00 00 00 00 00 00 00 00 00 00 00 00 00 00 00 00 00 00 00 00 00 00 00 00 00 00 00 00 00 00 00 00 00 00 00 00 00 00
00:aa 19 80 11 02 38 00 00 00 00 00 00 00 00 00 00 00 00 00 00 00 00 00 00 00 00 00 00 00 00 00 00 00 00 00 00 00 00 00 00 00 00 00 00 00 00 00 00 00 00 00 00 00 00 00 00 00 00 00 00 00 00 00 00
00:aa 19 b8 11 02 38 00 00 00 00 00 00 00 00 00 00 00 00 00 00 00 00 00 00 00 00 00 00 00 00 00 00 00 00 00 00 00 00 00 00 00 00 00 00 00 00 00 00 00 00 00 00 00 00 00 00 00 00 00 00 00 00 00 00
00:aa 19 f0 11 02 38 00 00 00 00 00 00 00 00 00 00 00 00 00 00 00 00 00 00 00 00 00 00 00 00 00 00 00 00 00 00 00 00 00 00 00 00 00 00 00 00 00 00 00 00 00 00 00 00 00 00 00 00 00 00 00 00 00 00
00:aa 19 28 12 02 38 00 00 00 00 00 00 00 00 00 00 00 00 00 00 00 00 00 00 00 00 00 00 00 00 00 00 00 00 00 00 00 00 00 00 00 00 00 00 00 00 00 00 00 00 00 00 00 00 00 00 00 00 00 00 00 00 00 00
00:aa 19 60 12 02 38 00 00 00 00 00 00 00 00 00 00 00 00 00 00 00 00 00 00 00 00 00 00 00 00 00 00 00 00 00 00 00 00 00 00 00 00 00 00 00 00 00 00 00 00 00 00 00 00 00 00 00 00 00 00 00 00 00 00
00:aa 19 98 12 02 38 00 00 00 00 00 00 00 00 00 00 00 00 00 00 00 00 00 00 00 0f 12 00 00 55 00 00 00 d0 11 00 00 54 01 01 01 0f 12 00 00 00 55 55 55 0f 12 00 00 00 55 55 55 0f 12 00 00 00 55 55
00:aa 19 d0 12 02 38 00 00 55 0f 12 00 00 00 55 55 55 0f 12 00 00 00 55 55 55 0f 12 00 00 00 55 55 55 0f 12 00 00 01 54 54 54 0f 12 00 00 55 00 00 00 b0 11 00 00 55 01 01 01 00 00 00 00 00 00 00
00:aa 19 08 13 02 38 00 00 00 00 00 00 00 00 00 00 00 00 00 00 00 00 00 00 00 00 00 00 00 00 00 00 00 00 00 00 00 00 00 00 00 00 00 00 00 00 00 00 00 00 00 00 00 00 00 00 00 00 00 00 00 00 00 00
00:aa 19 40 13 02 38 00 00 00 00 00 00 00 00 00 00 00 00 00 00 00 00 00 00 00 00 00 00 00 00 00 00 00 00 00 00 00 00 00 00 00 00 00 00 00 00 00 00 00 00 00 00 00 00 00 00 00 00 00 00 00 00 00 00
00:aa 19 78 13 02 38 00 00 00 00 00 00 00 00 00 00 00 00 00 00 00 00 00 00 00 00 00 00 00 00 00 00 00 00 00 00 00 00 00 00 00 00 00 00 00 00 00 00 00 00 00 00 00 00 00 00 00 00 00 00 00 00 00 00
00:aa 19 b0 13 02 38 00 00 00 00 00 00 00 00 00 00 00 00 00 00 00 00 00 00 00 00 00 00 00 00 00 00 00 00 00 00 00 00 00 00 00 00 00 00 00 00 00 00 00 00 00 00 00 00 00 00 00 00 00 00 00 00 00 00
00:aa 19 e8 13 02 38 00 00 00 00 00 00 00 00 00 00 00 00 00 00 00 00 00 00 00 00 00 00 00 00 00 00 00 00 00 00 00 00 00 00 00 00 00 00 00 00 00 00 00 00 00 00 00 00 00 00 00 00 00 00 00 00 00 00
00:aa 19 20 14 02 38 00 00 00 00 00 00 00 00 00 00 00 00 00 00 00 00 00 00 00 00 00 00 00 00 00 00 00 00 00 00 00 00 00 00 00 00 00 00 00 00 00 00 00 00 00 00 00 00 00 00 00 00 00 00 00 00 00 00
00:aa 19 58 14 02 38 00 00 00 00 00 00 00 00 00 00 00 00 00 00 00 00 00 00 00 00 00 00 00 00 00 00 00 00 00 00 00 00 00 00 00 00 00 00 00 00 00 00 00 0f 12 00 00 55 01 01 01 0f 12 00 00 00 55 55
00:aa 19 90 14 02 38 00 00 55 0f 12 00 00 01 55 55 55 00 00 00 00 00 00 00 00 00 00 00 00 00 00 00 00 00 00 00 00 00 00 00 00 00 00 00 00 00 00 00 00 00 00 00 00 00 00 00 00 00 00 00 00 00 00 00
00:aa 19 c8 14 02 38 00 00 00 00 00 00 00 00 00 00 00 00 00 00 00 00 00 00 00 0f 12 00 00 54 54 54 54 b0 11 00 00 05 05 05 05 00 00 00 00 00 00 00 00 00 00 00 00 00 00 00 00 00 00 00 00 00 00 00
00:aa 19 00 15 02 38 00 00 00 00 00 00 00 00 00 00 00 00 00 00 00 00 00 00 00 00 00 00 00 00 00 00 00 00 00 00 00 00 00 00 00 00 00 00 00 00 00 00 00 00 00 00 00 00 00 00 00 00 00 00 00 00 00 00
00:aa 19 38 15 02 38 00 00 00 00 00 00 00 00 00 00 00 00 00 00 00 00 00 00 00 00 00 00 00 00 00 00 00 00 00 00 00 00 00 00 00 00 00 00 00 00 00 00 00 00 00 00 00 00 00 00 00 00 00 00 00 00 00 00
00:aa 19 70 15 02 38 00 00 00 00 00 00 00 00 00 00 00 00 00 00 00 00 00 00 00 00 00 00 00 00 00 00 00 00 00 00 00 00 00 00 00 00 00 00 00 00 00 00 00 00 00 00 00 00 00 00 00 00 00 00 00 00 00 00
00:aa 19 a8 15 02 38 00 00 00 00 00 00 00 00 00 00 00 00 00 00 00 00 00 00 00 00 00 00 00 00 00 00 00 00 00 00 00 00 00 00 00 00 00 00 00 00 00 00 00 00 00 00 00 00 00 00 00 00 00 00 00 00 00 00
00:aa 19 e0 15 02 38 00 00 00 00 00 00 00 00 00 00 00 00 00 00 00 00 00 00 00 00 00 00 00 00 00 00 00 00 00 00 00 00 00 00 00 00 00 00 00 00 00 00 00 00 00 00 00 00 00 00 00 00 00 00 00 00 00 00
00:aa 19 18 16 02 38 00 00 00 00 00 00 00 00 00 00 00 00 00 00 00 00 00 00 00 00 00 00 00 00 00 00 00 00 00 00 00 00 00 00 00 00 00 00 00 00 00 00 00 00 00 00 00 00 00 00 00 00 00 00 00 00 00 00
00:aa 19 50 16 02 38 00 00 00 00 00 00 00 00 00 00 00 0f 12 00 00 55 00 00 00 0f 12 00 00 01 55 55 55 00 00 00 00 00 00 00 00 00 00 00 00 00 00 00 00 00 00 00 00 00 00 00 00 00 00 00 00 00 00 00
00:aa 19 88 16 02 38 00 00 00 00 00 00 00 00 00 00 00 00 00 00 00 00 00 00 00 00 00 00 00 00 00 00 00 00 00 00 00 00 00 00 00 00 00 00 00 00 00 00 00 00 00 00 00 00 00 00 00 0f 12 00 00 54 55 55
00:aa 19 c0 16 02 38 00 00 55 0f 12 00 00 05 50 50 50 b0 11 00 00 55 05 05 05 00 00 00 00 00 00 00 00 00 00 00 00 00 00 00 00 00 00 00 00 00 00 00 00 00 00 00 00 00 00 00 00 00 00 00 00 00 00 00
00:aa 19 f8 16 02 38 00 00 00 00 00 00 00 00 00 00 00 00 00 00 00 00 00 00 00 00 00 00 00 00 00 00 00 00 00 00 00 00 00 00 00 00 00 00 00 00 00 00 00 00 00 00 00 00 00 00 00 00 00 00 00 00 00 00
00:aa 19 30 17 02 38 00 00 00 00 00 00 00 00 00 00 00 00 00 00 00 00 00 00 00 00 00 00 00 00 00 00 00 00 00 00 00 00 00 00 00 00 00 00 00 00 00 00 00 00 00 00 00 00 00 00 00 00 00 00 00 00 00 00
00:aa 19 68 17 02 38 00 00 00 00 00 00 00 00 00 00 00 00 00 00 00 00 00 00 00 00 00 00 00 00 00 00 00 00 00 00 00 00 00 00 00 00 00 00 00 00 00 00 00 00 00 00 00 00 00 00 00 00 00 00 00 00 00 00
00:aa 19 a0 17 02 38 00 00 00 00 00 00 00 00 00 00 00 00 00 00 00 00 00 00 00 00 00 00 00 00 00 00 00 00 00 00 00 00 00 00 00 00 00 00 00 00 00 00 00 00 00 00 00 00 00 00 00 00 00 00 00 00 00 00
00:aa 19 d8 17 02 38 00 00 00 00 00 00 00 00 00 00 00 00 00 00 00 00 00 00 00 00 00 00 00 00 00 00 00 00 00 00 00 00 00 00 00 00 00 00 00 00 00 00 00 00 00 00 00 00 00 00 00 00 00 00 00 00 00 00
00:aa 19 10 18 02 38 00 00 00 00 00 00 00 00 00 00 00 00 00 00 00 00 00 00 00 00 00 00 00 00 00 00 00 00 00 00 00 00 00 00 00 00 00 00 00 00 00 00 00 0f 1a 0f 12 aa aa aa a8 00 00 00 00 00 00 00
00:aa 19 48 18 02 38 00 00 00 00 00 00 00 00 00 00 00 00 00 00 00 00 00 00 00 00 00 00 00 00 00 00 00 00 00 00 00 00 00 00 00 00 00 00 00 00 00 00 00 00 00 00 00 00 00 00 00 00 00 00 00 00 00 00
00:aa 19 80 18 02 38 00 00 00 00 00 00 00 00 00 00 00 00 00 00 00 00 00 00 00 00 00 00 00 00 00 00 00 00 00 00 00 00 00 00 00 0f 12 00 00 50 50 50 50 b0 11 00 00 05 05 05 05 00 00 00 00 00 00 00
00:aa 19 b8 18 02 38 00 00 00 00 00 00 00 00 00 00 00 00 00 00 00 00 00 00 00 00 00 00 00 00 00 00 00 00 00 00 00 00 00 00 00 00 00 00 00 00 00 00 00 00 00 00 00 00 00 00 00 00 00 00 00 00 00 00
00:aa 19 f0 18 02 38 00 00 00 00 00 00 00 00 00 00 00 00 00 00 00 00 00 00 00 00 00 00 00 00 00 00 00 00 00 00 00 00 00 00 00 00 00 00 00 00 00 00 00 00 00 00 00 00 00 00 00 00 00 00 00 00 00 00
00:aa 19 28 19 02 38 00 00 00 00 00 00 00 00 00 00 00 00 00 00 00 00 00 00 00 00 00 00 00 00 00 00 00 00 00 00 00 00 00 00 00 00 00 00 00 00 00 00 00 00 00 00 00 00 00 00 00 00 00 00 00 00 00 00
00:aa 19 60 19 02 38 00 00 00 00 00 00 00 00 00 00 00 00 00 00 00 00 00 00 00 00 00 00 00 00 00 00 00 00 00 00 00 00 00 00 00 00 00 00 00 00 00 00 00 00 00 00 00 00 00 00 00 00 00 00 00 00 00 00
00:aa 19 98 19 02 38 00 00 00 00 00 00 00 00 00 00 00 00 00 00 00 00 00 00 00 00 00 00 00 00 00 00 00 00 00 00 00 00 00 00 00 00 00 00 00 00 00 00 00 00 00 00 00 00 00 00 00 00 00 00 00 00 00 00
00:aa 19 d0 19 02 38 00 00 00 00 00 00 00 00 00 00 00 00 00 00 00 00 00 00 00 00 00 00 00 00 00 00 00 00 00 00 00 00 00 00 00 00 00 00 00 00 00 00 00 00 00 00 00 00 00 00 00 00 00 00 00 00 00 00
00:aa 19 08 1a 02 38 00 00 00 0f 12 00 00 55 55 55 40 0f 12 b0 11 40 40 40 00 0f 1a 0f 12 a8 a8 a8 a8 89 e3 89 db ee aa ae eb 89 e3 89 db ab 9a f9 9a 89 e3 89 db ab 9a 9a ae 89 e3 89 db ae aa ae
00:aa 19 40 1a 02 38 00 00 9a 89 e3 89 db 6b aa aa 6f 89 e3 89 db ba aa ae 7a 89 e3 89 db a6 aa ee aa 89 e3 89 db aa aa ee ae 89 e3 89 db 9a aa e6 aa 89 e3 89 db ea aa 9a aa 89 e3 89 db e9 aa ee
00:aa 19 78 1a 02 38 00 00 ab 89 e3 89 db aa aa aa ff 89 e3 0f 1a 25 25 25 25 0f 12 00 00 00 00 00 00 b0 11 00 00 15 15 15 15 00 00 00 00 00 00 00 00 00 00 00 00 00 00 00 00 00 00 00 00 00 00 00
00:aa 19 b0 1a 02 38 00 00 00 00 00 00 00 00 00 00 00 00 00 00 00 00 00 00 00 00 00 00 00 00 00 00 00 00 00 00 00 00 00 00 00 00 00 00 00 00 00 00 00 00 00 00 00 00 00 00 00 00 00 00 00 00 00 00
00:aa 19 e8 1a 02 38 00 00 00 00 00 00 00 00 00 00 00 00 00 00 00 00 00 00 00 00 00 00 00 00 00 00 00 00 00 00 00 00 00 00 00 00 00 00 00 00 00 00 00 00 00 00 00 00 00 00 00 00 00 00 00 00 00 00
00:aa 19 20 1b 02 38 00 00 00 00 00 00 00 00 00 00 00 00 00 00 00 00 00 00 00 00 00 00 00 00 00 00 00 00 00 00 00 00 00 00 00 00 00 00 00 00 00 00 00 00 00 00 00 00 00 00 00 00 00 00 00 00 00 00
00:aa 19 58 1b 02 38 00 00 00 00 00 00 00 00 00 00 00 00 00 00 00 00 00 00 00 00 00 00 00 00 00 00 00 00 00 00 00 00 00 00 00 00 00 00 00 00 00 00 00 00 00 00 00 00 00 00 00 00 00 00 00 00 00 00
00:aa 19 90 1b 02 38 00 00 00 00 00 00 00 00 00 00 00 00 00 00 00 00 00 00 00 00 00 00 00 00 00 00 00 00 00 00 00 00 00 00 00 00 00 00 00 00 00 00 00 00 00 00 00 00 00 00 00 00 00 00 00 00 00 00
00:aa 19 c8 1b 02 38 00 00 00 00 00 00 00 00 00 00 00 00 00 00 00 00 00 00 00 00 00 00 00 00 00 00 00 00 00 00 00 00 00 00 00 0f 12 00 00 40 40 40 40 0f 12 00 00 00 00 00 00 0f 1a 0f 12 a8 a8 a8
00:aa 19 00 1c 02 38 00 00 aa 89 e3 01 08 00 00 00 57 89 e3 89 db e9 b9 ae ab 89 e3 01 08 00 00 00 05 89 e3 01 10 00 00 00 50 89 e3 89 db fa af 9a ae 89 e3 89 db 67 66 a7 a7 89 e3 89 db ab aa 9b
00:aa 19 38 1c 02 38 00 00 bb 89 e3 89 db 69 97 9a ba 89 e3 c5 69 00 00 02 01 89 e3 01 08 00 00 a8 56 89 e3 89 db ae 9a b9 ab 89 e3 01 08 00 00 0a 05 89 e3 0f 12 25 25 a5 55 0f 12 00 00 00 00 00
00:aa 19 70 1c 02 38 00 00 00 0f 12 00 00 00 00 00 00 90 11 00 00 15 15 15 15 00 00 00 00 00 00 00 00 00 00 00 00 00 00 00 00 00 00 00 00 00 00 00 00 00 00 00 00 00 00 00 00 00 00 00 00 00 00 00
00:aa 19 a8 1c 02 38 00 00 00 00 00 00 00 00 00 00 00 00 00 00 00 00 00 00 00 00 00 00 00 00 00 00 00 00 00 00 00 00 00 00 00 00 00 00 00 00 00 00 00 00 00 00 00 00 00 00 00 00 00 00 00 00 00 00
00:aa 19 e0 1c 02 38 00 00 00 00 00 00 00 00 00 00 00 00 00 00 00 00 00 00 00 00 00 00 00 00 00 00 00 00 00 00 00 00 00 00 00 00 00 00 00 00 00 00 00 00 00 00 00 00 00 00 00 00 00 00 00 00 00 00
00:aa 19 18 1d 02 38 00 00 00 00 00 00 00 00 00 00 00 00 00 00 00 00 00 00 00 00 00 00 00 00 00 00 00 00 00 00 00 00 00 00 00 00 00 00 00 00 00 00 00 00 00 00 00 00 00 00 00 00 00 00 00 00 00 00
00:aa 19 50 1d 02 38 00 00 00 00 00 00 00 00 00 00 00 00 00 00 00 00 00 00 00 00 00 00 00 00 00 00 00 00 00 00 00 00 00 00 00 00 00 00 00 00 00 00 00 00 00 00 00 00 00 00 00 00 00 00 00 00 00 00
00:aa 19 88 1d 02 38 00 00 00 00 00 00 00 00 00 00 00 00 00 00 00 00 00 00 00 00 00 00 00 00 00 00 00 00 00 00 00 00 00 00 00 00 00 00 00 00 00 00 00 00 00 00 00 00 00 00 00 00 00 00 00 00 00 00
00:aa 19 c0 1d 02 38 00 00 00 00 00 00 00 00 00 00 00 0f 12 00 00 40 40 40 40 0f 12 00 00 00 00 00 00 0f 1a 0f 12 aa aa aa a8 89 e3 41 10 57 57 57 02 89 e3 01 08 00 00 00 55 89 db 01 10 05 05 05
00:aa 19 f8 1d 02 38 00 00 50 89 db 01 10 50 50 50 00 89 e3 89 db aa 67 aa aa 89 e3 89 db ba bb aa ee 89 e3 89 db aa bb aa aa 89 e3 89 db 97 eb a6 bb 89 e3 c5 69 01 01 01 00 89 e3 01 08 56 56 fe
00:aa 19 30 1e 02 38 00 00 03 89 e3 01 08 00 00 aa 55 89 db 01 08 05 05 af 50 0f 12 01 08 70 70 f0 00 0f 12 00 00 00 00 00 00 0f 12 00 00 00 00 00 00 90 11 00 00 15 15 15 15 00 00 00 00 00 00 00
00:aa 19 68 1e 02 38 00 00 00 00 00 00 00 00 00 00 00 00 00 00 00 00 00 00 00 00 00 00 00 00 00 00 00 00 00 00 00 00 00 00 00 00 00 00 00 00 00 00 00 00 00 00 00 00 00 00 00 00 00 00 00 00 00 00
00:aa 19 a0 1e 02 38 00 00 00 00 00 00 00 00 00 00 00 00 00 00 00 00 00 00 00 00 00 00 00 00 00 00 00 00 00 00 00 00 00 00 00 00 00 00 00 00 00 00 00 00 00 00 00 00 00 00 00 00 00 00 00 00 00 00
00:aa 19 d8 1e 02 38 00 00 00 00 00 00 00 00 00 00 00 00 00 00 00 00 00 00 00 00 00 00 00 00 00 00 00 00 00 00 00 00 00 00 00 00 00 00 00 00 00 00 00 00 00 00 00 00 00 00 00 00 00 00 00 00 00 00
00:aa 19 10 1f 02 38 00 00 00 00 00 00 00 00 00 00 00 00 00 00 00 00 00 00 00 00 00 00 00 00 00 00 00 00 00 00 00 00 00 00 00 00 00 00 00 00 00 00 00 00 00 00 00 00 00 00 00 00 00 00 00 00 00 00
00:aa 19 48 1f 02 38 00 00 00 00 00 00 00 00 00 00 00 00 00 00 00 00 00 00 00 00 00 00 00 00 00 00 00 00 00 00 00 00 00 00 00 00 00 00 00 00 00 00 00 00 00 00 00 00 00 00 00 00 00 00 00 00 00 00
00:aa 19 80 1f 02 38 00 00 00 00 00 00 00 00 00 00 00 00 00 00 00 00 00 00 00 00 00 00 00 00 00 00 00 00 00 00 00 00 00 00 00 00 00 00 00 00 00 00 00 0f 12 00 00 40 40 40 40 0f 12 00 00 00 00 00
00:aa 19 b8 1f 02 38 00 00 00 0f 1a 0f 12 a8 a8 a8 a8 89 e3 06 7a 01 01 00 00 89 db 00 08 55 55 00 00 89 e3 00 08 50 50 00 00 89 e3 89 db ab 6b aa 66 89 e3 89 db 9b aa ab aa 89 e3 89 db 9b 6a 6a
00:aa 19 f0 1f 02 38 00 00 ba 89 e3 89 db be 6a 95 ea 89 e3 89 db ea aa aa ee 89 e3 89 db 99 aa aa ae 89 e3 85 61 01 01 00 00 89 e3 21 18 55 55 00 00 89 e3 21 10 50 50 00 00 89 e3 0f 1a 25 25 25
00:aa 19 28 20 02 38 00 00 25 0f 12 00 00 00 00 00 00 0f 12 00 00 00 00 00 00 90 11 00 00 15 15 15 15 00 00 00 00 00 00 00 00 00 00 00 00 00 00 00 00 00 00 00 00 00 00 00 00 00 00 00 00 00 00 00
00:aa 19 60 20 02 38 00 00 00 00 00 00 00 00 00 00 00 00 00 00 00 00 00 00 00 00 00 00 00 00 00 00 00 00 00 00 00 00 00 00 00 00 00 00 00 00 00 00 00 00 00 00 00 00 00 00 00 00 00 00 00 00 00 00
00:aa 19 98 20 02 38 00 00 00 00 00 00 00 00 00 00 00 00 00 00 00 00 00 00 00 00 00 00 00 00 00 00 00 00 00 00 00 00 00 00 00 00 00 00 00 00 00 00 00 00 00 00 00 00 00 00 00 00 00 00 00 00 00 00
00:aa 19 d0 20 02 38 00 00 00 00 00 00 00 00 00 00 00 00 00 00 00 00 00 00 00 00 00 00 00 00 00 00 00 00 00 00 00 00 00 00 00 00 00 00 00 00 00 00 00 00 00 00 00 00 00 00 00 00 00 00 00 00 00 00
00:aa 19 08 21 02 38 00 00 00 00 00 00 00 00 00 00 00 00 00 00 00 00 00 00 00 00 00 00 00 00 00 00 00 00 00 00 00 00 00 00 00 00 00 00 00 00 00 00 00 00 00 00 00 00 00 00 00 00 00 00 00 00 00 00
00:aa 19 40 21 02 38 00 00 00 00 00 00 00 00 00 00 00 00 00 00 00 00 00 00 00 00 00 00 00 00 00 00 00 00 00 00 00 00 00 00 00 00 00 00 00 00 00 00 00 00 00 00 00 00 00 00 00 00 00 00 00 00 00 00
00:aa 19 78 21 02 38 00 00 00 00 00 00 00 00 00 00 00 00 00 00 00 00 00 00 00 b0 11 00 00 40 40 40 55 0f 12 00 00 00 00 00 00 0f 1a 0f 12 a8 a8 a8 a8 89 e3 89 db 9a d9 ba a7 89 e3 89 db ab ea aa
00:aa 19 b0 21 02 38 00 00 6e 89 e3 89 db ba af aa 7e 89 e3 89 db ba 6e be ea 89 e3 89 db eb ae 66 aa 89 e3 89 db aa ba aa ab 89 e3 89 db aa 66 ea 6f 89 e3 89 db ae ea 96 ea 89 e3 89 db fa aa 6d
00:aa 19 e8 21 02 38 00 00 aa 89 e3 89 db aa ea ae ae 89 e3 89 db aa f9 aa 66 89 e3 89 db be aa aa aa 89 e3 0f 1a 25 25 25 25 0f 12 00 00 00 00 00 00 b0 11 00 00 00 00 15 15 90 11 00 00 15 15 55
00:aa 19 20 22 02 38 00 00 55 00 00 00 00 00 00 00 00 00 00 00 00 00 00 00 00 00 00 00 00 00 00 00 00 00 00 00 00 00 00 00 00 00 00 00 00 00 00 00 00 00 00 00 00 00 00 00 00 00 00 00 00 00 00 00
00:aa 19 58 22 02 38 00 00 00 00 00 00 00 00 00 00 00 00 00 00 00 00 00 00 00 00 00 00 00 00 00 00 00 00 00 00 00 00 00 00 00 00 00 00 00 00 00 00 00 00 00 00 00 00 00 00 00 00 00 00 00 00 00 00
00:aa 19 90 22 02 38 00 00 00 00 00 00 00 00 00 00 00 00 00 00 00 00 00 00 00 00 00 00 00 00 00 00 00 00 00 00 00 00 00 00 00 00 00 00 00 00 00 00 00 00 00 00 00 00 00 00 00 00 00 00 00 00 00 00
00:aa 19 c8 22 02 38 00 00 00 00 00 00 00 00 00 00 00 00 00 00 00 00 00 00 00 00 00 00 00 00 00 00 00 00 00 00 00 00 00 00 00 00 00 00 00 00 00 00 00 00 00 00 00 00 00 00 00 00 00 00 00 00 00 00
00:aa 19 00 23 02 38 00 00 00 00 00 00 00 00 00 00 00 00 00 00 00 00 00 00 00 00 00 00 00 00 00 00 00 00 00 00 00 00 00 00 00 00 00 00 00 00 00 00 00 00 00 00 00 00 00 00 00 00 00 00 00 00 00 00
00:aa 19 38 23 02 38 00 00 00 00 00 00 00 00 00 00 00 00 00 00 00 00 00 00 00 00 00 00 00 00 00 00 00 00 00 00 00 00 00 00 00 69 e3 00 00 55 50 50 50 89 db 00 00 55 00 00 00 89 db 00 00 55 00 00
00:aa 19 70 23 02 38 00 00 00 89 e3 0f 12 55 55 ff 00 89 e3 0f 1a 55 55 ff 00 89 e3 89 db da aa a9 aa 89 e3 89 db ae a9 aa ae 89 e3 89 db ae 9b 6a aa 89 e3 89 db aa db aa 9e 89 e3 89 db e6 aa 9b
00:aa 19 a8 23 02 38 00 00 aa 89 e3 89 db fa aa a7 79 89 e3 89 db aa aa eb b6 89 e3 89 db b9 ab 9a aa 89 e3 89 db af 99 ba da 89 e3 89 db ba ea e5 da 89 e3 89 db aa a9 be a5 89 e3 89 db e9 aa 96
00:aa 19 e0 23 02 38 00 00 ea 89 e3 0f 12 25 25 00 00 89 e3 0f 12 55 55 00 00 89 e3 0f 12 40 40 00 00 89 e3 69 e3 55 00 00 00 89 e3 00 00 01 01 01 01 00 00 00 00 00 00 00 00 00 00 00 00 00 00 00
00:aa 19 18 24 02 38 00 00 00 00 00 00 00 00 00 00 00 00 00 00 00 00 00 00 00 00 00 00 00 00 00 00 00 00 00 00 00 00 00 00 00 00 00 00 00 00 00 00 00 00 00 00 00 00 00 00 00 00 00 00 00 00 00 00
00:aa 19 50 24 02 38 00 00 00 00 00 00 00 00 00 00 00 00 00 00 00 00 00 00 00 00 00 00 00 00 00 00 00 00 00 00 00 00 00 00 00 00 00 00 00 00 00 00 00 00 00 00 00 00 00 00 00 00 00 00 00 00 00 00
00:aa 19 88 24 02 38 00 00 00 00 00 00 00 00 00 00 00 00 00 00 00 00 00 00 00 00 00 00 00 00 00 00 00 00 00 00 00 00 00 00 00 00 00 00 00 00 00 00 00 00 00 00 00 00 00 00 00 00 00 00 00 00 00 00
00:aa 19 c0 24 02 38 00 00 00 00 00 00 00 00 00 00 00 00 00 00 00 00 00 00 00 00 00 00 00 00 00 00 00 00 00 00 00 00 00 00 00 00 00 00 00 00 00 00 00 00 00 00 00 00 00 00 00 00 00 00 00 00 00 00
00:aa 19 f8 24 02 38 00 00 00 00 00 00 00 00 00 00 00 00 00 00 00 00 00 00 00 00 00 00 00 00 00 00 00 00 00 00 00 00 00 00 00 00 00 00 00 00 00 00 00 00 00 00 00 00 00 00 00 00 00 00 00 00 00 00
00:aa 19 30 25 02 38 00 00 00 00 00 00 00 00 00 00 00 69 e3 00 00 50 50 50 50 89 e3 89 db ee 76 ba ba 89 e3 89 db ea aa 66 ea 89 e3 89 db aa ae ba ae 89 e3 89 db ea 66 aa ad 89 e3 89 db ed ea d5
00:aa 19 68 25 02 38 00 00 9a 89 e3 89 db ae aa 66 6e 89 e3 89 db eb 9b aa ba 89 e3 89 db fa ae 6a 6e 89 e3 89 db ae db ab 6a 89 e3 89 db ee aa ae aa 89 e3 89 db ee aa 6a aa 89 e3 89 db ea 9e aa
00:aa 19 a0 25 02 38 00 00 a6 89 e3 89 db aa da a7 fa 89 e3 89 db aa 99 ea aa 89 e3 89 db ba aa a5 ae 89 e3 89 db f6 e6 ea 96 89 e3 89 db e7 6f a9 a6 89 e3 89 db aa ba aa a6 89 e3 89 db bb 6e 9a
00:aa 19 d8 25 02 38 00 00 9a 89 e3 89 db be 9b aa a6 89 db 00 00 01 01 01 01 00 00 00 00 00 00 00 00 00 00 00 00 00 00 00 00 00 00 00 00 00 00 00 00 00 00 00 00 00 00 00 00 00 00 00 00 00 00 00
00:aa 19 10 26 02 38 00 00 00 00 00 00 00 00 00 00 00 00 00 00 00 00 00 00 00 00 00 00 00 00 00 00 00 00 00 00 00 00 00 00 00 00 00 00 00 00 00 00 00 00 00 00 00 00 00 00 00 00 00 00 00 00 00 00
00:aa 19 48 26 02 38 00 00 00 00 00 00 00 00 00 00 00 00 00 00 00 00 00 00 00 00 00 00 00 00 00 00 00 00 00 00 00 00 00 00 00 00 00 00 00 00 00 00 00 00 00 00 00 00 00 00 00 00 00 00 00 00 00 00
00:aa 19 80 26 02 38 00 00 00 00 00 00 00 00 00 00 00 00 00 00 00 00 00 00 00 00 00 00 00 00 00 00 00 00 00 00 00 00 00 00 00 00 00 00 00 00 00 00 00 00 00 00 00 00 00 00 00 00 00 00 00 00 00 00
00:aa 19 b8 26 02 38 00 00 00 00 00 00 00 00 00 00 00 00 00 00 00 00 00 00 00 00 00 00 00 00 00 00 00 00 00 00 00 00 00 00 00 00 00 00 00 00 00 00 00 00 00 00 00 00 00 00 00 00 00 00 00 00 00 00
00:aa 19 f0 26 02 38 00 00 00 00 00 00 00 00 00 00 00 00 00 00 00 00 00 00 00 00 00 00 00 00 00 00 00 00 00 00 00 00 00 00 00 00 00 00 00 00 00 00 00 69 e3 00 00 50 50 50 50 89 e3 89 db eb fa ba
00:aa 19 28 27 02 38 00 00 bb 89 e3 89 db a7 aa aa bb 89 e3 89 db ea ba af eb 89 e3 89 db aa bb 6e aa 89 e3 89 db 7f aa aa 66 89 e3 89 db ee ae ae aa 89 e3 89 db aa aa ea ab 89 e3 89 db aa e6 6a
00:aa 19 60 27 02 38 00 00 a6 89 e3 89 db aa eb a6 ea 89 e3 89 db e6 aa a6 aa 89 e3 89 db 6e aa 6a aa 89 e3 89 db aa ae ea ae 89 e3 89 db ae 6a aa 66 89 e3 89 db f6 aa aa 7a 89 e3 89 db fb aa b9
00:aa 19 98 27 02 38 00 00 ae 89 e3 89 db aa bb 7e e9 89 e3 89 db aa ba 6a aa 89 e3 89 db ae ad a9 6a 89 e3 89 db ab 99 ab 9a 89 e3 89 db aa e6 fa 6e 89 e3 00 00 01 01 01 01 00 00 00 00 00 00 00
00:aa 19 d0 27 02 38 00 00 00 00 00 00 00 00 00 00 00 00 00 00 00 00 00 00 00 00 00 00 00 00 00 00 00 00 00 00 00 00 00 00 00 00 00 00 00 00 00 00 00 00 00 00 00 00 00 00 00 00 00 00 00 00 00 00
00:aa 19 08 28 02 38 00 00 00 00 00 00 00 00 00 00 00 00 00 00 00 00 00 00 00 00 00 00 00 00 00 00 00 00 00 00 00 00 00 00 00 00 00 00 00 00 00 00 00 00 00 00 00 00 00 00 00 00 00 00 00 00 00 00
00:aa 19 40 28 02 38 00 00 00 00 00 00 00 00 00 00 00 00 00 00 00 00 00 00 00 00 00 00 00 00 00 00 00 00 00 00 00 00 00 00 00 00 00 00 00 00 00 00 00 00 00 00 00 00 00 00 00 00 00 00 00 00 00 00
00:aa 19 78 28 02 38 00 00 00 00 00 00 00 00 00 00 00 00 00 00 00 00 00 00 00 00 00 00 00 00 00 00 00 00 00 00 00 00 00 00 00 00 00 00 00 00 00 00 00 00 00 00 00 00 00 00 00 00 00 00 00 00 00 00
00:aa 19 b0 28 02 38 00 00 00 00 00 00 00 00 00 00 00 00 00 00 00 00 00 00 00 00 00 00 00 00 00 00 00 00 00 00 00 00 00 00 00 00 00 00 00 00 00 00 00 00 00 00 00 00 00 00 00 00 00 00 00 00 00 00
00:aa 19 e8 28 02 38 00 00 00 00 00 00 00 00 00 00 00 00 00 00 00 00 00 00 00 69 e3 00 00 50 50 50 50 89 e3 87 b4 00 00 00 51 89 e3 87 b4 00 00 00 55 89 e3 47 bc 00 00 00 42 89 e3 89 db ed aa aa
00:aa 19 20 29 02 38 00 00 6f 89 e3 89 db aa ea aa ba 89 e3 89 db aa 9f 6f ba 89 e3 89 db af fa aa ba 89 e3 89 db aa ee aa e9 89 e3 89 db ae ab ae aa 89 e3 89 db ba aa 6a aa 89 e3 89 db ba bb a6
00:aa 19 58 29 02 38 00 00 aa 89 e3 89 db ea aa ea a9 89 e3 89 db aa ea aa aa 89 e3 89 db e9 9a a9 d6 89 e3 89 db be a7 b6 a9 89 e3 89 db eb f9 66 aa 89 e3 89 db aa ba ab f6 89 e3 00 00 00 00 0a
00:aa 19 90 29 02 38 00 00 15 89 e3 00 00 00 00 22 55 89 e3 00 00 00 00 22 55 89 e3 00 00 01 01 a9 55 00 00 00 00 00 00 00 00 00 00 00 00 00 00 00 00 00 00 00 00 00 00 00 00 00 00 00 00 00 00 00
00:aa 19 c8 29 02 38 00 00 00 00 00 00 00 00 00 00 00 00 00 00 00 00 00 00 00 00 00 00 00 00 00 00 00 00 00 00 00 00 00 00 00 00 00 00 00 00 00 00 00 00 00 00 00 00 00 00 00 00 00 00 00 00 00 00
00:aa 19 00 2a 02 38 00 00 00 00 00 00 00 00 00 00 00 00 00 00 00 00 00 00 00 00 00 00 00 00 00 00 00 00 00 00 00 00 00 00 00 00 00 00 00 00 00 00 00 00 00 00 00 00 00 00 00 00 00 00 00 00 00 00
00:aa 19 38 2a 02 38 00 00 00 00 00 00 00 00 00 00 00 00 00 00 00 00 00 00 00 00 00 00 00 00 00 00 00 00 00 00 00 00 00 00 00 00 00 00 00 00 00 00 00 00 00 00 00 00 00 00 00 00 00 00 00 00 00 00
00:aa 19 70 2a 02 38 00 00 00 00 00 00 00 00 00 00 00 00 00 00 00 00 00 00 00 00 00 00 00 00 00 00 00 00 00 00 00 00 00 00 00 00 00 00 00 00 00 00 00 00 00 00 00 00 00 00 00 00 00 00 00 00 00 00
00:aa 19 a8 2a 02 38 00 00 00 00 00 00 00 00 00 00 00 00 00 00 00 00 00 00 00 00 00 00 00 00 00 00 00 00 00 00 00 00 00 00 00 00 00 00 00 00 00 00 00 00 00 00 00 00 00 00 00 00 00 00 00 00 00 00
00:aa 19 e0 2a 02 38 00 00 00 00 00 00 00 00 00 00 00 00 00 00 00 00 00 00 00 00 00 00 00 00 00 00 00 89 e3 45 95 00 00 00 40 89 e3 89 db ab 9e 9a ab 89 e3 89 db fb aa b9 aa 89 e3 89 db ba ae 9b
00:aa 19 18 2b 02 38 00 00 9b 89 e3 89 db aa a9 ea fa 89 e3 89 db aa ba aa 6e 89 e3 89 db b9 aa 59 aa 89 e3 89 db ba aa 9e bb 89 e3 89 db aa b9 aa ee 89 e3 89 db 9a ad ba ea 89 e3 89 db ae d9 a6
00:aa 19 50 2b 02 38 00 00 aa 89 e3 89 db fb aa eb e6 89 e3 89 db ae aa 9e a9 89 e3 89 db ba a6 ba ab 29 eb 00 00 15 15 15 15 00 00 00 00 00 00 00 00 00 00 00 00 00 00 00 00 00 00 00 00 00 00 00
00:aa 19 88 2b 02 38 00 00 00 00 00 00 00 00 00 00 00 00 00 00 00 00 00 00 00 00 00 00 00 00 00 00 00 00 00 00 00 00 00 00 00 00 00 00 00 00 00 00 00 00 00 00 00 00 00 00 00 00 00 00 00 00 00 00
00:aa 19 c0 2b 02 38 00 00 00 00 00 00 00 00 00 00 00 00 00 00 00 00 00 00 00 00 00 00 00 00 00 00 00 00 00 00 00 00 00 00 00 00 00 00 00 00 00 00 00 00 00 00 00 00 00 00 00 00 00 00 00 00 00 00
00:aa 19 f8 2b 02 38 00 00 00 00 00 00 00 00 00 00 00 00 00 00 00 00 00 00 00 00 00 00 00 00 00 00 00 00 00 00 00 00 00 00 00 00 00 00 00 00 00 00 00 00 00 00 00 00 00 00 00 00 00 00 00 00 00 00
00:aa 19 30 2c 02 38 00 00 00 00 00 00 00 00 00 00 00 00 00 00 00 00 00 00 00 00 00 00 00 00 00 00 00 00 00 00 00 00 00 00 00 00 00 00 00 00 00 00 00 00 00 00 00 00 00 00 00 00 00 00 00 00 00 00
00:aa 19 68 2c 02 38 00 00 00 00 00 00 00 00 00 00 00 00 00 00 00 00 00 00 00 00 00 00 00 00 00 00 00 00 00 00 00 00 00 00 00 00 00 00 00 00 00 00 00 00 00 00 00 00 00 00 00 00 00 00 00 00 00 00
00:aa 19 a0 2c 02 38 00 00 00 00 00 00 00 00 00 00 00 00 00 00 00 00 00 00 00 00 00 00 00 00 00 00 00 00 00 00 00 00 00 00 00 00 00 00 00 00 00 00 00 00 00 00 00 00 00 00 00 00 00 00 00 00 00 00
00:aa 19 d8 2c 02 38 00 00 00 89 e3 c4 85 00 40 00 40 89 e3 00 00 00 00 01 01 89 db 00 00 00 00 55 55 89 db 00 00 00 00 54 54 89 e3 89 db be ea aa e6 89 e3 00 00 00 00 05 05 89 db 00 00 00 00 55
00:aa 19 10 2d 02 38 00 00 55 a6 b4 00 00 00 00 55 55 a6 b4 00 00 00 00 55 55 89 e3 89 db a6 ee aa ae 89 e3 00 00 00 01 01 01 29 eb 00 00 00 55 55 55 89 e3 00 00 00 60 60 60 89 e3 89 db ab ba e6
00:aa 19 48 2d 02 38 00 00 ea 29 eb 00 00 15 15 15 15 00 00 00 00 00 00 00 00 00 00 00 00 00 00 00 00 00 00 00 00 00 00 00 00 00 00 00 00 00 00 00 00 00 00 00 00 00 00 00 00 00 00 00 00 00 00 00
00:aa 19 80 2d 02 38 00 00 00 00 00 00 00 00 00 00 00 00 00 00 00 00 00 00 00 00 00 00 00 00 00 00 00 00 00 00 00 00 00 00 00 00 00 00 00 00 00 00 00 00 00 00 00 00 00 00 00 00 00 00 00 00 00 00
00:aa 19 b8 2d 02 38 00 00 00 00 00 00 00 00 00 00 00 00 00 00 00 00 00 00 00 00 00 00 00 00 00 00 00 00 00 00 00 00 00 00 00 00 00 00 00 00 00 00 00 00 00 00 00 00 00 00 00 00 00 00 00 00 00 00
00:aa 19 f0 2d 02 38 00 00 00 00 00 00 00 00 00 00 00 00 00 00 00 00 00 00 00 00 00 00 00 00 00 00 00 00 00 00 00 00 00 00 00 00 00 00 00 00 00 00 00 00 00 00 00 00 00 00 00 00 00 00 00 00 00 00
00:aa 19 28 2e 02 38 00 00 00 00 00 00 00 00 00 00 00 00 00 00 00 00 00 00 00 00 00 00 00 00 00 00 00 00 00 00 00 00 00 00 00 00 00 00 00 00 00 00 00 00 00 00 00 00 00 00 00 00 00 00 00 00 00 00
00:aa 19 60 2e 02 38 00 00 00 00 00 00 00 00 00 00 00 00 00 00 00 00 00 00 00 00 00 00 00 00 00 00 00 00 00 00 00 00 00 00 00 00 00 00 00 00 00 00 00 00 00 00 00 00 00 00 00 00 00 00 00 00 00 00
00:aa 19 98 2e 02 38 00 00 00 00 00 00 00 00 00 00 00 00 00 00 00 00 00 00 00 00 00 00 00 00 00 00 00 00 00 00 00 00 00 00 00 89 e3 65 95 00 40 00 00 89 e3 00 00 01 01 01 01 00 00 00 00 00 00 00
00:aa 19 d0 2e 02 38 00 00 00 89 db 00 00 54 54 54 54 89 e3 89 db aa 9a 6b 9a 69 e3 00 00 05 05 05 05 00 00 00 00 00 00 00 00 00 00 00 00 00 00 00 00 00 00 00 00 00 00 00 00 89 e3 89 db aa aa aa
00:aa 19 08 2f 02 38 00 00 ae 89 e3 00 00 01 01 01 01 00 00 00 00 00 00 00 00 89 e3 00 00 60 60 60 60 89 e3 89 db a6 ba ea aa 29 eb 00 00 15 15 15 15 00 00 00 00 00 00 00 00 00 00 00 00 00 00 00
00:aa 19 40 2f 02 38 00 00 00 00 00 00 00 00 00 00 00 00 00 00 00 00 00 00 00 00 00 00 00 00 00 00 00 00 00 00 00 00 00 00 00 00 00 00 00 00 00 00 00 00 00 00 00 00 00 00 00 00 00 00 00 00 00 00
00:aa 19 78 2f 02 38 00 00 00 00 00 00 00 00 00 00 00 00 00 00 00 00 00 00 00 00 00 00 00 00 00 00 00 00 00 00 00 00 00 00 00 00 00 00 00 00 00 00 00 00 00 00 00 00 00 00 00 00 00 00 00 00 00 00
00:aa 19 b0 2f 02 38 00 00 00 00 00 00 00 00 00 00 00 00 00 00 00 00 00 00 00 00 00 00 00 00 00 00 00 00 00 00 00 00 00 00 00 00 00 00 00 00 00 00 00 00 00 00 00 00 00 00 00 00 00 00 00 00 00 00
00:aa 19 e8 2f 02 38 00 00 00 00 00 00 00 00 00 00 00 00 00 00 00 00 00 00 00 00 00 00 00 00 00 00 00 00 00 00 00 00 00 00 00 00 00 00 00 00 00 00 00 00 00 00 00 00 00 00 00 00 00 00 00 00 00 00
00:aa 19 20 30 02 38 00 00 00 00 00 00 00 00 00 00 00 00 00 00 00 00 00 00 00 00 00 00 00 00 00 00 00 00 00 00 00 00 00 00 00 00 00 00 00 00 00 00 00 00 00 00 00 00 00 00 00 00 00 00 00 00 00 00
00:aa 19 58 30 02 38 00 00 00 00 00 00 00 00 00 00 00 00 00 00 00 00 00 00 00 00 00 00 00 00 00 00 00 00 00 00 00 00 00 00 00 00 00 00 00 00 00 00 00 00 00 00 00 00 00 00 00 00 00 00 00 00 00 00
00:aa 19 90 30 02 38 00 00 00 00 00 00 00 00 00 00 00 89 e3 c4 85 40 00 40 00 89 e3 00 00 01 01 01 01 00 00 00 00 00 00 00 00 89 db 00 00 54 54 54 54 89 e3 89 db ab ee 6a aa 69 e3 00 00 05 05 05
00:aa 19 c8 30 02 38 00 00 05 00 00 00 00 00 00 00 00 00 00 00 00 00 00 00 00 00 00 00 00 00 00 00 00 89 e3 89 db ae aa aa ae 89 e3 00 00 01 01 01 01 00 00 00 00 00 00 00 00 89 e3 00 00 60 60 60
00:aa 19 00 31 02 38 00 00 60 89 e3 89 db aa e6 ea ee 29 eb 00 00 15 15 15 15 00 00 00 00 00 00 00 00 00 00 00 00 00 00 00 00 00 00 00 00 00 00 00 00 00 00 00 00 00 00 00 00 00 00 00 00 00 00 00
00:aa 19 38 31 02 38 00 00 00 00 00 00 00 00 00 00 00 00 00 00 00 00 00 00 00 00 00 00 00 00 00 00 00 00 00 00 00 00 00 00 00 00 00 00 00 00 00 00 00 00 00 00 00 00 00 00 00 00 00 00 00 00 00 00
00:aa 19 70 31 02 38 00 00 00 00 00 00 00 00 00 00 00 00 00 00 00 00 00 00 00 00 00 00 00 00 00 00 00 00 00 00 00 00 00 00 00 00 00 00 00 00 00 00 00 00 00 00 00 00 00 00 00 00 00 00 00 00 00 00
00:aa 19 a8 31 02 38 00 00 00 00 00 00 00 00 00 00 00 00 00 00 00 00 00 00 00 00 00 00 00 00 00 00 00 00 00 00 00 00 00 00 00 00 00 00 00 00 00 00 00 00 00 00 00 00 00 00 00 00 00 00 00 00 00 00
00:aa 19 e0 31 02 38 00 00 00 00 00 00 00 00 00 00 00 00 00 00 00 00 00 00 00 00 00 00 00 00 00 00 00 00 00 00 00 00 00 00 00 00 00 00 00 00 00 00 00 00 00 00 00 00 00 00 00 00 00 00 00 00 00 00
00:aa 19 18 32 02 38 00 00 00 00 00 00 00 00 00 00 00 00 00 00 00 00 00 00 00 00 00 00 00 00 00 00 00 00 00 00 00 00 00 00 00 00 00 00 00 00 00 00 00 00 00 00 00 00 00 00 00 00 00 00 00 00 00 00
00:aa 19 50 32 02 38 00 00 00 00 00 00 00 00 00 00 00 00 00 00 00 00 00 00 00 00 00 00 00 00 00 00 00 00 00 00 00 00 00 00 00 00 00 00 00 00 00 00 00 89 e3 c4 85 40 00 c0 00 89 e3 00 00 01 01 01
00:aa 19 88 32 02 38 00 00 01 00 00 00 00 00 00 00 00 89 db 00 00 54 54 54 54 89 e3 89 db bb ea ba 00 69 e3 00 00 05 05 05 05 00 00 00 00 00 00 00 00 00 00 00 00 00 00 00 00 00 00 00 00 00 00 00
00:aa 19 c0 32 02 38 00 00 00 69 e3 89 db 9d bf bf 00 89 e3 00 00 01 01 01 01 00 00 00 00 00 00 00 00 89 e3 00 00 60 60 60 60 89 e3 49 e3 00 00 00 ff 29 eb 00 00 15 15 15 15 00 00 00 00 00 00 00
00:aa 19 f8 32 02 38 00 00 00 00 00 00 00 00 00 00 00 00 00 00 00 00 00 00 00 00 00 00 00 00 00 00 00 00 00 00 00 00 00 00 00 00 00 00 00 00 00 00 00 00 00 00 00 00 00 00 00 00 00 00 00 00 00 00
00:aa 19 30 33 02 38 00 00 00 00 00 00 00 00 00 00 00 00 00 00 00 00 00 00 00 00 00 00 00 00 00 00 00 00 00 00 00 00 00 00 00 00 00 00 00 00 00 00 00 00 00 00 00 00 00 00 00 00 00 00 00 00 00 00
00:aa 19 68 33 02 38 00 00 00 00 00 00 00 00 00 00 00 00 00 00 00 00 00 00 00 00 00 00 00 00 00 00 00 00 00 00 00 00 00 00 00 00 00 00 00 00 00 00 00 00 00 00 00 00 00 00 00 00 00 00 00 00 00 00
00:aa 19 a0 33 02 38 00 00 00 00 00 00 00 00 00 00 00 00 00 00 00 00 00 00 00 00 00 00 00 00 00 00 00 00 00 00 00 00 00 00 00 00 00 00 00 00 00 00 00 00 00 00 00 00 00 00 00 00 00 00 00 00 00 00
00:aa 19 d8 33 02 38 00 00 00 00 00 00 00 00 00 00 00 00 00 00 00 00 00 00 00 00 00 00 00 00 00 00 00 00 00 00 00 00 00 00 00 00 00 00 00 00 00 00 00 00 00 00 00 00 00 00 00 00 00 00 00 00 00 00
00:aa 19 10 34 02 38 00 00 00 00 00 00 00 00 00 00 00 00 00 00 00 00 00 00 00 00 00 00 00 00 00 00 00 00 00 00 00 00 00 00 00 00 00 00 00 00 00 00 00 00 00 00 00 00 00 00 00 00 00 00 00 00 00 00
00:aa 19 48 34 02 38 00 00 00 00 00 00 00 00 00 00 00 00 00 00 00 00 00 00 00 00 00 00 00 00 00 00 00 00 00 00 00 00 00 00 00 00 00 00 00 00 00 00 00 00 00 00 00 00 00 00 00 00 00 00 00 00 00 00
00:aa 19 80 34 02 38 00 00 00 00 00 00 00 00 00 00 00 00 00 00 00 00 00 00 00 00 00 00 00 00 00 00 00 00 00 00 00 00 00 00 00 00 00 00 00 00 00 00 00 00 00 00 00 00 00 00 00 00 00 00 00 00 00 00
00:aa 19 b8 34 02 38 00 00 00 00 00 00 00 00 00 00 00 00 00 00 00 00 00 00 00 00 00 00 00 00 00 00 00 00 00 00 00 00 00 00 00 00 00 00 00 00 00 00 00 00 00 00 00 00 00 00 00 00 00 00 00 00 00 00
00:aa 19 f0 34 02 38 00 00 00 00 00 00 00 00 00 00 00 00 00 00 00 00 00 00 00 00 00 00 00 00 00 00 00 00 00 00 00 00 00 00 00 00 00 00 00 00 00 00 00 00 00 00 00 00 00 00 00 00 00 00 00 00 00 00
00:aa 19 28 35 02 38 00 00 00 00 00 00 00 00 00 00 00 00 00 00 00 00 00 00 00 00 00 00 00 00 00 00 00 00 00 00 00 00 00 00 00 00 00 00 00 00 00 00 00 00 00 00 00 00 00 00 00 00 00 00 00 00 00 00
00:aa 19 60 35 02 38 00 00 00 00 00 00 00 00 00 00 00 00 00 00 00 00 00 00 00 00 00 00 00 00 00 00 00 00 00 00 00 00 00 00 00 00 00 00 00 00 00 00 00 00 00 00 00 00 00 00 00 00 00 00 00 00 00 00
00:aa 19 98 35 02 38 00 00 00 00 00 00 00 00 00 00 00 00 00 00 00 00 00 00 00 00 00 00 00 00 00 00 00 00 00 00 00 00 00 00 00 00 00 00 00 00 00 00 00 00 00 00 00 00 00 00 00 00 00 00 00 00 00 00
00:aa 19 d0 35 02 38 00 00 00 00 00 00 00 00 00 00 00 00 00 00 00 00 00 00 00 00 00 00 00 00 00 00 00 00 00 00 00 00 00 00 00 00 00 00 00 00 00 00 00 00 00 00 00 00 00 00 00 00 00 00 00 00 00 00
00:aa 19 08 36 02 38 00 00 00 00 00 00 00 00 00 00 00 00 00 00 00 00 00 00 00 00 00 00 00 00 00 00 00 00 00 00 00 00 00 00 00 00 00 00 00 00 00 00 00 00 00 00 00 00 00 00 00 00 00 00 00 00 00 00
00:aa 19 40 36 02 38 00 00 00 00 00 00 00 00 00 00 00 00 00 00 00 00 00 00 00 00 00 00 00 00 00 00 00 00 00 00 00 00 00 00 00 00 00 00 00 00 00 00 00 00 00 00 00 00 00 00 00 00 00 00 00 00 00 00
00:aa 19 78 36 02 38 00 00 00 00 00 00 00 00 00 00 00 00 00 00 00 00 00 00 00 00 00 00 00 00 00 00 00 00 00 00 00 00 00 00 00 00 00 00 00 00 00 00 00 00 00 00 00 00 00 00 00 00 00 00 00 00 00 00
00:aa 19 b0 36 02 38 00 00 00 00 00 00 00 00 00 00 00 00 00 00 00 00 00 00 00 00 00 00 00 00 00 00 00 00 00 00 00 00 00 00 00 00 00 00 00 00 00 00 00 00 00 00 00 00 00 00 00 00 00 00 00 00 00 00
00:aa 19 e8 36 02 38 00 00 00 00 00 00 00 00 00 00 00 00 00 00 00 00 00 00 00 00 00 00 00 00 00 00 00 00 00 00 00 00 00 00 00 00 00 00 00 00 00 00 00 00 00 00 00 00 00 00 00 00 00 00 00 00 00 00
00:aa 19 20 37 02 38 00 00 00 00 00 00 00 00 00 00 00 00 00 00 00 00 00 00 00 00 00 00 00 00 00 00 00 00 00 00 00 00 00 00 00 00 00 00 00 00 00 00 00 00 00 00 00 00 00 00 00 00 00 00 00 00 00 00
00:aa 19 58 37 02 38 00 00 00 00 00 00 00 00 00 00 00 00 00 00 00 00 00 00 00 00 00 00 00 00 00 00 00 00 00 00 00 00 00 00 00 00 00 00 00 00 00 00 00 00 00 00 00 00 00 00 00 00 00 00 00 00 00 00
00:aa 19 90 37 02 38 00 00 00 00 00 00 00 00 00 00 00 00 00 00 00 00 00 00 00 00 00 00 00 00 00 00 00 00 00 00 00 00 00 00 00 00 00 00 00 00 00 00 00 00 00 00 00 00 00 00 00 00 00 00 00 00 00 00
00:aa 19 c8 37 02 38 00 00 00 00 00 00 00 00 00 00 00 00 00 00 00 00 00 00 00 00 00 00 00 00 00 00 00 00 00 00 00 00 00 00 00 00 00 00 00 00 00 00 00 00 00 00 00 00 00 00 00 00 00 00 00 00 00 00
00:aa 19 00 38 02 38 00 00 00 00 00 00 00 00 00 00 00 00 00 00 00 00 00 00 00 00 00 00 00 00 00 00 00 00 00 00 00 00 00 00 00 00 00 00 00 00 00 00 00 00 00 00 00 00 00 00 00 00 00 00 00 00 00 00
00:aa 19 38 38 02 38 00 00 00 00 00 00 00 00 00 00 00 00 00 00 00 00 00 00 00 00 00 00 00 00 00 00 00 00 00 00 00 00 00 00 00 00 00 00 00 00 00 00 00 00 00 00 00 00 00 00 00 00 00 00 00 00 00 00
00:aa 19 70 38 02 38 00 00 00 00 00 00 00 00 00 00 00 00 00 00 00 00 00 00 00 00 00 00 00 00 00 00 00 00 00 00 00 00 00 00 00 00 00 00 00 00 00 00 00 00 00 00 00 00 00 00 00 00 00 00 00 00 00 00
00:aa 19 a8 38 02 38 00 00 00 00 00 00 00 00 00 00 00 00 00 00 00 00 00 00 00 00 00 00 00 00 00 00 00 00 00 00 00 00 00 00 00 00 00 00 00 00 00 00 00 00 00 00 00 00 00 00 00 00 00 00 00 00 00 00
00:aa 19 e0 38 02 38 00 00 00 00 00 00 00 00 00 00 00 00 00 00 00 00 00 00 00 00 00 00 00 00 00 00 00 00 00 00 00 00 00 00 00 00 00 00 00 00 00 00 00 00 00 00 00 00 00 00 00 00 00 00 00 00 00 00
00:aa 19 18 39 02 38 00 00 00 00 00 00 00 00 00 00 00 00 00 00 00 00 00 00 00 00 00 00 00 00 00 00 00 00 00 00 00 00 00 00 00 00 00 00 00 00 00 00 00 00 00 00 00 00 00 00 00 00 00 00 00 00 00 00
00:aa 19 50 39 02 38 00 00 00 00 00 00 00 00 00 00 00 00 00 00 00 00 00 00 00 00 00 00 00 00 00 00 00 00 00 00 00 00 00 00 00 00 00 00 00 00 00 00 00 00 00 00 00 00 00 00 00 00 00 00 00 00 00 00
00:aa 19 88 39 02 38 00 00 00 00 00 00 00 00 00 00 00 00 00 00 00 00 00 00 00 00 00 00 00 00 00 00 00 00 00 00 00 00 00 00 00 00 00 00 00 00 00 00 00 00 00 00 00 00 00 00 00 00 00 00 00 00 00 00
00:aa 19 c0 39 02 38 00 00 00 00 00 00 00 00 00 00 00 00 00 00 00 00 00 00 00 00 00 00 00 00 00 00 00 00 00 00 00 00 00 00 00 00 00 00 00 00 00 00 00 00 00 00 00 00 00 00 00 00 00 00 00 00 00 00
00:aa 19 f8 39 02 38 00 00 00 00 00 00 00 00 00 00 00 00 00 00 00 00 00 00 00 00 00 00 00 00 00 00 00 00 00 00 00 00 00 00 00 00 00 00 00 00 00 00 00 00 00 00 00 00 00 00 00 00 00 00 00 00 00 00
00:aa 19 30 3a 02 38 00 00 00 00 00 00 00 00 00 00 00 00 00 00 00 00 00 00 00 00 00 00 00 00 00 00 00 00 00 00 00 00 00 00 00 00 00 00 00 00 00 00 00 00 00 00 00 00 00 00 00 00 00 00 00 00 00 00
00:aa 19 68 3a 02 38 00 00 00 00 00 00 00 00 00 00 00 00 00 00 00 00 00 00 00 00 00 00 00 00 00 00 00 00 00 00 00 00 00 00 00 00 00 00 00 00 00 00 00 00 00 00 00 00 00 00 00 00 00 00 00 00 00 00
00:aa 19 a0 3a 02 38 00 00 00 00 00 00 00 00 00 00 00 00 00 00 00 00 00 00 00 00 00 00 00 00 00 00 00 00 00 00 00 00 00 00 00 00 00 00 00 00 00 00 00 00 00 00 00 00 00 00 00 00 00 00 00 00 00 00
00:aa 19 d8 3a 02 38 00 00 00 00 00 00 00 00 00 00 00 00 00 00 00 00 00 00 00 00 00 00 00 00 00 00 00 00 00 00 00 00 00 00 00 00 00 00 00 00 00 00 00 00 00 00 00 00 00 00 00 00 00 00 00 00 00 00
00:aa 19 10 3b 02 38 00 00 00 00 00 00 00 00 00 00 00 00 00 00 00 00 00 00 00 00 00 00 00 00 00 00 00 00 00 00 00 00 00 00 00 00 00 00 00 00 00 00 00 00 00 00 00 00 00 00 00 00 00 00 00 00 00 00
00:aa 19 48 3b 02 38 00 00 00 00 00 00 00 00 00 00 00 00 00 00 00 00 00 00 00 00 00 00 00 00 00 00 00 00 00 00 00 00 00 00 00 00 00 00 00 00 00 00 00 00 00 00 00 00 00 00 00 00 00 00 00 00 00 00
00:aa 19 80 3b 02 38 00 00 00 00 00 00 00 00 00 00 00 00 00 00 00 00 00 00 00 00 00 00 00 00 00 00 00 00 00 00 00 00 00 00 00 00 00 00 00 00 00 00 00 00 00 00 00 00 00 00 00 00 00 00 00 00 00 00
00:aa 19 b8 3b 02 38 00 00 00 00 00 00 00 00 00 00 00 00 00 00 00 00 00 00 00 00 00 00 00 00 00 00 00 00 00 00 00 00 00 00 00 00 00 00 00 00 00 00 00 00 00 00 00 00 00 00 00 00 00 00 00 00 00 00
00:aa 19 f0 3b 02 38 00 00 00 00 00 00 00 00 00 00 00 00 00 00 00 00 00 00 00 00 00 00 00 00 00 00 00 00 00 00 00 00 00 00 00 00 00 00 00 00 00 00 00 00 00 00 00 00 00 00 00 00 00 00 00 00 00 00
00:aa 19 28 3c 02 38 00 00 00 00 00 00 00 00 00 00 00 00 00 00 00 00 00 00 00 00 00 00 00 00 00 00 00 00 00 00 00 00 00 00 00 00 00 00 00 00 00 00 00 00 00 00 00 00 00 00 00 00 00 00 00 00 00 00
00:aa 19 60 3c 02 38 00 00 00 00 00 00 00 00 00 00 00 00 00 00 00 00 00 00 00 00 00 00 00 00 00 00 00 00 00 00 00 00 00 00 00 00 00 00 00 00 00 00 00 00 00 00 00 00 00 00 00 00 00 00 00 00 00 00
00:aa 19 98 3c 02 38 00 00 00 00 00 00 00 00 00 00 00 00 00 00 00 00 00 00 00 00 00 00 00 00 00 00 00 00 00 00 00 00 00 00 00 00 00 00 00 00 00 00 00 00 00 00 00 00 00 00 00 00 00 00 00 00 00 00
00:aa 19 d0 3c 02 38 00 00 00 00 00 00 00 00 00 00 00 00 00 00 00 00 00 00 00 00 00 00 00 00 00 00 00 00 00 00 00 00 00 00 00 00 00 00 00 00 00 00 00 00 00 00 00 00 00 00 00 00 00 00 00 00 00 00
00:aa 19 08 3d 02 38 00 00 00 00 00 00 00 00 00 00 00 00 00 00 00 00 00 00 00 00 00 00 00 00 00 00 00 00 00 00 00 00 00 00 00 00 00 00 00 00 00 00 00 00 00 00 00 00 00 00 00 00 00 00 00 00 00 00
00:aa 19 40 3d 02 38 00 00 00 00 00 00 00 00 00 00 00 00 00 00 00 00 00 00 00 00 00 00 00 00 00 00 00 00 00 00 00 00 00 00 00 00 00 00 00 00 00 00 00 00 00 00 00 00 00 00 00 00 00 00 00 00 00 00
00:aa 19 78 3d 02 38 00 00 00 00 00 00 00 00 00 00 00 00 00 00 00 00 00 00 00 00 00 00 00 00 00 00 00 00 00 00 00 00 00 00 00 00 00 00 00 00 00 00 00 00 00 00 00 00 00 00 00 00 00 00 00 00 00 00
00:aa 19 b0 3d 02 38 00 00 00 00 00 00 00 00 00 00 00 00 00 00 00 00 00 00 00 00 00 00 00 00 00 00 00 00 00 00 00 00 00 00 00 00 00 00 00 00 00 00 00 00 00 00 00 00 00 00 00 00 00 00 00 00 00 00
00:aa 19 e8 3d 02 38 00 00 00 00 00 00 00 00 00 00 00 00 00 00 00 00 00 00 00 00 00 00 00 00 00 00 00 00 00 00 00 00 00 00 00 00 00 00 00 00 00 00 00 00 00 00 00 00 00 00 00 00 00 00 00 00 00 00
00:aa 19 20 3e 02 38 00 00 00 00 00 00 00 00 00 00 00 00 00 00 00 00 00 00 00 00 00 00 00 00 00 00 00 00 00 00 00 00 00 00 00 00 00 00 00 00 00 00 00 00 00 00 00 00 00 00 00 00 00 00 00 00 00 00
00:aa 19 58 3e 02 38 00 00 00 00 00 00 00 00 00 00 00 00 00 00 00 00 00 00 00 00 00 00 00 00 00 00 00 00 00 00 00 00 00 00 00 00 00 00 00 00 00 00 00 00 00 00 00 00 00 00 00 00 00 00 00 00 00 00
00:aa 19 90 3e 02 38 00 00 00 00 00 00 00 00 00 00 00 00 00 00 00 00 00 00 00 00 00 00 00 00 00 00 00 00 00 00 00 00 00 00 00 00 00 00 00 00 00 00 00 00 00 00 00 00 00 00 00 00 00 00 00 00 00 00
00:aa 19 c8 3e 02 38 00 00 00 00 00 00 00 00 00 00 00 00 00 00 00 00 00 00 00 00 00 00 00 00 00 00 00 00 00 00 00 00 00 00 00 00 00 00 00 00 00 00 00 00 00 00 00 00 00 00 00 00 00 00 00 00 00 00
00:aa 19 00 3f 02 38 00 00 00 00 00 00 00 00 00 00 00 00 00 00 00 00 00 00 00 00 00 00 00 00 00 00 00 00 00 00 00 00 00 00 00 00 00 00 00 00 00 00 00 00 00 00 00 00 00 00 00 00 00 00 00 00 00 00
00:aa 19 38 3f 02 38 00 00 00 00 00 00 00 00 00 00 00 00 00 00 00 00 00 00 00 00 00 00 00 00 00 00 00 00 00 00 00 00 00 00 00 00 00 00 00 00 00 00 00 00 00 00 00 00 00 00 00 00 00 00 00 00 00 00
00:aa 19 70 3f 02 38 00 00 00 00 00 00 00 00 00 00 00 00 00 00 00 00 00 00 00 00 00 00 00 00 00 00 00 00 00 00 00 00 00 00 00 00 00 00 00 00 00 00 00 00 00 00 00 00 00 00 00 00 00 00 00 00 00 00
00:aa 19 a8 3f 02 38 00 00 00 00 00 00 00 00 00 00 00 00 00 00 00 00 00 00 00 00 00 00 00 00 00 00 00 00 00 00 00 00 00 00 00 00 00 00 00 00 00 00 00 00 00 00 00 00 00 00 00 00 00 00 00 00 00 00
00:aa 19 e0 3f 02 38 00 00 00 00 00 00 00 00 00 00 00 00 00 00 00 00 00 00 00 00 00 00 00 00 00 00 00 00 00 00 00 00 00 00 00 00 00 00 00 00 00 00 00 00 00 00 00 00 00 00 00 00 00 00 00 00 00 00
00:aa 19 18 40 02 38 00 00 00 00 00 00 00 00 00 00 00 00 00 00 00 00 00 00 00 00 00 00 00 00 00 00 00 00 00 00 00 00 00 00 00 00 00 00 00 00 00 00 00 00 00 00 00 00 00 00 00 00 00 00 00 00 00 00
00:aa 19 50 40 02 38 00 00 00 00 00 00 00 00 00 00 00 00 00 00 00 00 00 00 00 00 00 00 00 00 00 00 00 00 00 00 00 00 00 00 00 00 00 00 00 00 00 00 00 00 00 00 00 00 00 00 00 00 00 00 00 00 00 00
00:aa 19 88 40 02 38 00 00 00 00 00 00 00 00 00 00 00 00 00 00 00 00 00 00 00 00 00 00 00 00 00 00 00 00 00 00 00 00 00 00 00 00 00 00 00 00 00 00 00 00 00 00 00 00 00 00 00 00 00 00 00 00 00 00
00:aa 19 c0 40 02 38 00 00 00 00 00 00 00 00 00 00 00 00 07 ff ff ff fe 00 00 00 7f ff ff ff e0 00 00 07 ff ff ff fe 00 00 00 7f ff ff ff e0 00 00 07 ff ff ff fe 00 00 00 7f ff ff ff e0 00 00 07
00:aa 19 f8 40 02 38 00 00 ff ff ff fe 00 00 00 7f ff ff ff e0 00 00 07 ff ff ff fe 00 00 00 7f ff ff ff e0 00 00 07 ff ff ff fe 00 00 00 7f ff ff ff e0 00 00 07 ff ff ff fe 00 00 00 7f ff ff ff
00:aa 19 30 41 02 38 00 00 e0 00 00 07 ff ff ff fe 00 00 00 7f ff ff ff e0 00 00 07 ff ff ff fe 00 00 00 7f ff ff ff e0 00 00 07 ff ff ff fe 00 00 00 7f ff ff ff e0 00 00 07 ff ff ff fe 00 00 00
00:aa 19 68 41 02 38 00 00 7f ff ff ff e0 00 00 07 ff ff ff fe 00 00 00 7f ff ff ff e0 00 00 07 ff ff ff fe 00 00 00 7f ff ff ff e0 00 00 07 ff ff ff fe 00 00 00 7f ff ff ff e0 00 00 07 ff ff ff
00:aa 19 a0 41 02 38 00 00 fe 00 00 00 7f ff ff ff e0 00 00 07 ff ff ff fe 00 00 00 7f ff ff ff e0 00 00 07 ff ff ff fe 00 00 00 7f ff ff ff e0 00 00 00 00 00 00 00 00 00 00 00 00 00 00 00 00 00
00:aa 19 d8 41 02 38 00 00 00 00 00 00 00 00 00 00 00 00 00 00 00 00 00 00 00 00 00 00 00 00 00 00 00 00 00 00 00 00 00 00 00 00 00 00 00 00 00 00 00 00 00 00 00 00 00 00 00 00 00 00 00 00 00 00
00:aa 19 10 42 02 38 00 00 00 00 00 00 00 00 00 00 00 00 00 00 00 00 00 00 00 00 00 00 00 00 00 00 00 00 00 00 00 00 00 00 00 00 00 00 00 00 00 00 00 00 00 00 00 00 00 00 00 00 00 00 00 00 00 00
00:aa 19 48 42 02 38 00 00 00 00 00 00 00 00 00 00 00 00 00 00 00 00 00 00 00 00 00 00 00 00 00 00 00 00 00 00 00 00 00 00 00 00 00 00 00 00 00 00 00 00 00 00 00 00 00 00 00 00 00 00 00 00 00 00
00:aa 19 80 42 02 38 00 00 00 00 00 00 00 00 00 00 00 00 00 00 00 00 00 00 00 00 00 00 00 00 00 00 00 00 00 00 00 00 00 00 00 00 00 00 00 00 00 00 00 00 00 00 00 00 00 00 00 00 00 00 00 00 00 00
00:aa 19 b8 42 02 38 00 00 00 00 00 00 00 00 00 00 00 00 00 00 00 00 00 00 00 00 00 00 00 00 00 00 00 00 00 00 00 00 00 00 00 00 00 00 00 00 00 00 00 00 00 00 00 00 00 00 00 00 00 00 00 00 00 00
00:aa 19 f0 42 02 38 00 00 00 00 00 00 00 00 00 00 00 00 00 00 00 00 00 00 00 00 00 00 00 00 00 00 00 00 00 00 00 00 00 00 00 00 00 00 00 00 00 00 00 00 00 00 00 00 00 00 00 00 00 00 00 00 00 00
00:aa 19 28 43 02 38 00 00 00 00 00 00 00 00 00 00 00 00 00 00 00 00 00 00 00 00 00 00 00 00 00 00 00 00 00 00 00 00 00 00 00 00 00 00 00 00 00 00 00 00 00 00 00 00 00 00 00 00 00 00 00 00 00 00
00:aa 19 60 43 02 38 00 00 00 00 00 00 00 00 00 00 00 00 00 00 00 00 00 00 00 00 00 00 00 00 00 00 00 00 00 00 00 00 00 00 00 00 00 00 00 00 00 00 00 00 00 00 00 00 00 00 00 00 00 00 00 00 00 00
00:aa 19 98 43 02 38 00 00 00 00 00 00 00 00 00 00 00 00 00 00 00 00 00 00 00 00 00 00 00 00 00 00 00 00 00 00 00 00 00 00 00 00 00 00 00 00 00 00 00 00 00 00 00 00 00 00 00 00 00 00 00 00 00 00
00:aa 19 d0 43 02 38 00 00 00 00 00 00 00 00 00 00 00 00 00 00 00 00 00 00 00 00 00 00 00 00 00 00 00 00 00 00 00 00 00 00 00 00 00 00 00 00 00 00 00 00 00 00 00 00 00 00 00 00 00 00 00 00 00 00
00:aa 19 08 44 02 38 00 00 00 00 00 00 00 00 00 00 00 00 00 00 00 00 00 00 00 00 00 00 00 00 00 00 00 00 00 00 00 00 00 00 00 00 00 00 00 00 00 00 00 00 00 00 00 00 00 00 00 00 00 00 00 00 00 00
00:aa 19 40 44 02 38 00 00 00 00 00 00 00 00 00 00 00 00 00 00 00 00 00 00 00 00 00 00 00 00 00 00 00 00 00 00 00 00 00 00 00 00 00 00 00 00 00 00 00 00 00 00 00 00 00 00 00 00 00 00 00 00 00 00
00:aa 19 78 44 02 38 00 00 00 00 00 00 00 00 00 00 00 00 00 00 00 00 00 00 00 00 00 00 00 00 00 00 00 00 00 00 00 00 00 00 00 00 00 00 00 00 00 00 00 00 00 00 00 00 00 00 00 00 00 00 00 00 00 00
00:aa 19 b0 44 02 38 00 00 00 00 00 00 00 00 00 00 00 00 00 00 00 00 00 00 00 00 00 00 00 00 00 00 00 00 00 00 00 00 00 00 00 00 00 00 00 00 00 00 00 00 00 00 00 00 00 00 00 00 00 00 00 00 00 00
00:aa 19 e8 44 02 38 00 00 00 00 00 00 00 00 00 00 00 00 00 00 00 00 00 00 00 00 00 00 00 00 00 00 00 00 00 00 00 00 00 00 00 00 00 00 00 00 00 00 00 00 00 00 00 00 00 00 00 00 00 00 00 00 00 00
00:aa 19 20 45 02 38 00 00 00 00 00 00 00 00 00 00 00 00 00 00 00 00 00 00 00 00 00 00 00 00 00 00 00 00 00 00 00 00 00 00 00 00 00 00 00 00 00 00 00 00 00 00 00 00 00 00 00 00 00 00 00 00 00 00
00:aa 19 58 45 02 38 00 00 00 00 00 00 00 00 00 00 00 00 00 00 00 00 00 00 00 00 00 00 00 00 00 00 00 00 00 00 00 00 00 00 00 00 00 00 00 00 00 00 00 00 00 00 00 00 00 00 00 00 00 00 00 00 00 00
00:aa 19 90 45 02 38 00 00 00 00 00 00 00 00 00 00 00 00 00 00 00 00 00 00 00 00 00 00 00 00 00 00 00 00 00 00 00 00 00 00 00 00 00 00 00 00 00 00 00 00 00 00 00 00 00 00 00 00 00 00 00 00 00 00
00:aa 19 c8 45 02 38 00 00 00 00 00 00 00 00 00 00 00 00 00 00 00 00 00 00 00 00 00 00 00 00 00 00 00 00 00 00 00 00 00 00 00 00 00 00 00 00 00 00 00 00 00 00 00 00 00 00 00 00 00 00 00 00 00 00
00:aa 19 00 46 02 38 00 00 00 00 00 00 00 00 00 00 00 00 00 00 00 00 00 00 00 00 00 00 00 00 00 00 00 00 00 00 00 00 00 00 00 00 00 00 00 00 00 00 00 00 00 00 00 00 00 00 00 00 00 00 00 00 00 00
00:aa 19 38 46 02 38 00 00 00 00 00 00 00 00 00 00 00 00 00 00 00 00 00 00 00 00 00 00 00 00 00 00 00 00 00 00 00 00 00 00 00 00 00 00 00 00 00 00 00 00 00 00 00 00 00 00 00 00 00 00 00 00 00 00
00:aa 19 70 46 02 38 00 00 00 00 00 00 00 00 00 00 00 00 00 00 00 00 00 00 00 00 00 00 00 00 00 00 00 00 00 00 00 00 00 00 00 00 00 00 00 00 00 00 00 00 00 00 00 00 00 00 00 00 00 00 00 00 00 00
00:aa 19 a8 46 02 38 00 00 00 00 00 00 00 00 00 00 00 00 00 00 00 00 00 00 00 00 00 00 00 00 00 00 00 00 00 00 00 00 00 00 00 00 00 00 00 00 00 00 00 00 00 00 00 00 00 00 00 00 00 00 00 00 00 00
00:aa 19 e0 46 02 38 00 00 00 00 00 00 00 00 00 00 00 00 00 00 00 00 00 00 00 00 00 00 00 00 00 00 00 00 00 00 00 00 00 00 00 00 00 00 00 00 00 00 00 00 00 00 00 00 00 00 00 00 00 00 00 00 00 00
00:aa 19 18 47 02 38 00 00 00 00 00 00 00 00 00 00 00 00 00 00 00 00 00 00 00 00 00 00 00 00 00 00 00 00 00 00 00 00 00 00 00 00 00 00 00 00 00 00 00 00 00 00 00 00 00 00 00 00 00 00 00 00 00 00
00:aa 19 50 47 02 38 00 00 00 00 00 00 00 00 00 00 00 00 00 00 00 00 00 00 00 00 00 00 00 00 00 00 00 00 00 00 00 00 00 00 00 00 00 00 00 00 00 00 00 00 00 00 00 00 00 00 00 00 00 00 00 00 00 00
00:aa 19 88 47 02 38 00 00 00 00 00 00 00 00 00 00 00 00 00 00 00 00 00 00 00 00 00 00 00 00 00 00 00 00 00 00 00 00 00 00 00 00 00 00 00 00 00 00 00 00 00 00 00 00 00 00 00 00 00 00 00 00 00 00
00:aa 19 c0 47 02 38 00 00 00 00 00 00 00 00 00 00 00 00 00 00 00 00 00 00 00 00 00 00 00 00 00 00 00 00 00 00 00 00 00 00 00 00 00 00 00 00 00 00 00 00 00 00 00 00 00 00 00 00 00 00 00 00 00 00
00:aa 19 f8 47 02 38 00 00 00 00 00 00 00 00 00 00 00 00 00 00 00 00 00 00 00 00 00 00 00 00 00 00 00 00 00 00 00 00 00 00 00 00 00 00 00 00 00 00 00 00 00 00 00 00 00 00 00 00 00 00 00 00 00 00
00:aa 19 30 48 02 38 00 00 00 00 00 00 00 00 00 00 00 00 00 00 00 00 00 00 00 00 00 00 00 00 00 00 00 00 00 00 00 00 00 00 00 00 00 00 00 00 00 00 00 00 00 00 00 00 00 00 00 00 00 00 00 00 00 00
00:aa 19 68 48 02 38 00 00 00 00 00 00 00 00 00 00 00 00 00 00 00 00 00 00 00 00 00 00 00 00 00 00 00 00 00 00 00 00 00 00 00 00 00 00 00 00 00 00 00 00 00 00 00 00 00 00 00 00 00 00 00 00 00 00
00:aa 19 a0 48 02 38 00 00 00 00 00 00 00 00 00 00 00 00 00 00 00 00 00 00 00 00 00 00 00 00 00 00 00 00 00 00 00 00 00 00 00 00 00 00 00 00 00 00 00 00 00 00 00 00 00 00 00 00 00 00 00 00 00 00
00:aa 19 d8 48 02 38 00 00 00 00 00 00 00 00 00 00 00 00 00 00 00 00 00 00 00 00 00 00 00 00 00 00 00 00 00 00 00 00 00 00 00 00 00 00 00 00 00 00 00 00 00 00 00 00 00 00 00 00 00 00 00 00 00 00
00:aa 19 10 49 02 38 00 00 00 00 00 00 00 00 00 00 00 00 00 00 00 00 00 00 00 00 00 00 00 00 00 00 00 00 00 00 00 00 00 00 00 00 00 00 00 00 00 00 00 00 00 00 00 00 00 00 00 00 00 00 00 00 00 00
00:aa 19 48 49 02 38 00 00 00 00 00 00 00 00 00 00 00 00 00 00 00 00 00 00 00 00 00 00 00 00 00 00 00 00 00 00 00 00 00 00 00 00 00 00 00 00 00 00 00 00 00 00 00 00 00 00 00 00 00 00 00 00 00 00
00:aa 19 80 49 02 38 00 00 00 00 00 00 00 00 00 00 00 00 00 00 00 00 00 00 00 00 00 00 00 00 00 00 00 00 00 00 00 00 00 00 00 00 00 00 00 00 00 00 00 00 00 00 00 00 00 00 00 00 00 00 00 00 00 00
00:aa 19 b8 49 02 38 00 00 00 00 00 00 00 00 00 00 00 00 00 00 00 00 00 00 00 00 00 00 00 00 00 00 00 00 00 00 00 00 00 00 00 00 00 00 00 00 00 00 00 00 00 00 00 00 00 00 00 00 00 00 00 00 00 00
00:aa 19 f0 49 02 38 00 00 00 00 00 00 00 00 00 00 00 00 00 00 00 00 00 00 00 00 00 00 00 00 00 00 00 00 00 00 00 00 00 00 00 00 00 00 00 00 00 00 00 00 00 00 00 00 00 00 00 00 00 00 00 00 00 00
00:aa 19 28 4a 02 38 00 00 00 00 00 00 00 00 00 00 00 00 00 00 00 00 00 00 00 00 00 00 00 00 00 00 00 00 00 00 00 00 00 00 00 00 00 00 00 00 00 00 00 00 00 00 00 00 00 00 00 00 00 00 00 00 00 00
00:aa 19 60 4a 02 38 00 00 00 00 00 00 00 00 00 00 00 00 00 00 00 00 00 00 00 00 00 00 00 00 00 00 00 00 00 00 00 00 00 00 00 00 00 00 00 00 00 00 00 00 00 00 00 00 00 00 00 00 00 00 00 00 00 00
00:aa 19 98 4a 02 38 00 00 00 00 00 00 00 00 00 00 00 00 00 00 00 00 00 00 0f 12 63 00 00 00 00 55 0f 12 63 00 00 00 00 55 0f 12 63 00 00 00 00 55 0f 12 63 00 00 00 00 55 0f 12 63 00 00 00 00 55
00:aa 19 d0 4a 02 38 00 00 0f 12 63 00 00 00 00 55 0f 12 63 00 00 00 00 55 00 00 00 00 00 00 00 00 00 00 00 00 00 00 00 00 00 00 00 00 00 00 00 00 00 00 00 00 00 00 00 00 00 00 00 00 00 00 00 00
00:aa 19 08 4b 02 38 00 00 00 00 00 00 00 00 00 00 00 00 00 00 00 00 00 00 00 00 00 00 00 00 00 00 00 00 00 00 00 00 00 00 00 00 00 00 00 00 00 00 00 00 00 00 00 00 00 00 00 00 00 00 00 00 00 00
00:aa 19 40 4b 02 38 00 00 00 00 00 00 00 00 00 00 00 00 00 00 00 00 00 00 00 00 00 00 00 00 00 00 00 00 00 00 00 00 00 00 00 00 00 00 00 00 00 00 00 00 00 00 00 00 00 00 00 00 00 00 00 00 00 00
00:aa 19 78 4b 02 38 00 00 00 00 00 00 00 00 00 00 00 00 00 00 00 00 00 00 00 00 00 00 00 00 00 00 00 00 00 00 00 00 00 00 00 00 00 00 00 00 00 00 0f 12 00 00 55 55 55 40 0f 12 00 00 40 40 40 15
00:aa 19 b0 4b 02 38 00 00 0f 12 00 00 01 01 01 55 00 00 00 00 00 00 00 00 00 00 00 00 00 00 00 00 00 00 00 00 00 00 00 00 00 00 00 00 00 00 00 00 00 00 00 00 00 00 00 00 00 00 00 00 00 00 00 00
00:aa 19 e8 4b 02 38 00 00 00 00 00 00 00 00 00 00 0f 12 00 00 00 00 80 55 0f 12 00 00 0d 0d 0d 54 0f 12 00 00 55 55 55 01 00 00 00 00 00 00 00 00 00 00 00 00 00 00 00 00 00 00 00 00 00 00 00 00
00:aa 19 20 4c 02 38 00 00 00 00 00 00 00 00 00 00 00 00 00 00 00 00 00 00 00 00 00 00 00 00 00 00 00 00 00 00 00 00 00 00 00 00 00 00 00 00 00 00 00 00 00 00 00 00 00 00 00 00 00 00 00 00 00 00
00:aa 19 58 4c 02 38 00 00 00 00 00 00 00 00 00 00 00 00 00 00 00 00 00 00 00 00 00 00 00 00 00 00 00 00 00 00 00 00 00 00 00 00 00 00 00 00 00 00 00 00 00 00 00 00 00 00 00 00 00 00 00 00 00 00
00:aa 19 90 4c 02 38 00 00 00 00 00 00 00 00 00 00 00 00 00 00 00 00 00 00 00 00 00 00 00 00 00 00 0f 12 00 00 55 55 55 60 ef 11 00 00 40 40 40 15 0f 12 00 00 15 15 15 55 00 00 00 00 00 00 00 00
00:aa 19 c8 4c 02 38 00 00 00 00 00 00 00 00 00 00 00 00 00 00 00 00 00 00 00 00 00 00 00 00 00 00 00 00 00 00 00 00 00 00 00 00 00 00 00 00 00 00 00 00 00 00 00 00 00 00 00 00 00 00 00 00 00 00
00:aa 19 00 4d 02 38 00 00 00 00 00 00 00 00 00 00 0f 12 00 00 54 54 54 55 0f 12 00 00 01 01 01 57 0f 12 00 00 55 55 55 01 00 00 00 00 00 00 00 00 00 00 00 00 00 00 00 00 00 00 00 00 00 00 00 00
00:aa 19 38 4d 02 38 00 00 00 00 00 00 00 00 00 00 00 00 00 00 00 00 00 00 00 00 00 00 00 00 00 00 00 00 00 00 00 00 00 00 00 00 00 00 00 00 00 00 00 00 00 00 00 00 00 00 00 00 00 00 00 00 00 00
00:aa 19 70 4d 02 38 00 00 00 00 00 00 00 00 00 00 00 00 00 00 00 00 00 00 00 00 00 00 00 00 00 00 00 00 00 00 00 00 00 00 00 00 00 00 00 00 00 00 00 00 00 00 00 00 00 00 00 00 00 00 00 00 00 00
00:aa 19 a8 4d 02 38 00 00 00 00 00 00 00 00 00 00 00 00 00 00 00 00 00 00 0f 12 00 00 60 60 60 60 0f 12 00 00 15 15 15 15 00 00 00 00 00 00 00 00 00 00 00 00 00 00 00 00 00 00 00 00 00 00 00 00
00:aa 19 e0 4d 02 38 00 00 00 00 00 00 00 00 00 00 89 db 00 00 55 55 54 54 69 e3 00 00 55 55 00 00 69 e3 00 00 55 55 00 00 69 e3 00 00 55 55 00 00 69 e3 00 00 55 55 00 00 69 e3 00 00 55 55 00 00
00:aa 19 18 4e 02 38 00 00 69 e3 00 00 55 55 00 00 69 e3 00 00 55 55 03 03 0f 12 00 00 01 01 01 00 0f 12 00 00 55 55 55 05 00 00 00 00 00 00 00 00 00 00 00 00 00 00 00 00 00 00 00 00 00 00 00 00
00:aa 19 50 4e 02 38 00 00 00 00 00 00 00 00 00 00 00 00 00 00 00 00 00 00 00 00 00 00 00 00 00 00 00 00 00 00 00 00 00 00 00 00 00 00 00 00 00 00 00 00 00 00 00 00 00 00 00 00 00 00 00 00 00 00
00:aa 19 88 4e 02 38 00 00 00 00 00 00 00 00 00 00 00 00 00 00 00 00 00 00 00 00 00 00 00 00 00 00 00 00 00 00 00 00 00 00 00 00 00 00 00 00 00 00 00 00 00 00 00 00 00 00 00 00 00 00 00 00 00 00
00:aa 19 c0 4e 02 38 00 00 00 00 00 00 00 00 00 00 0f 12 00 00 60 60 60 60 89 db 0f 12 55 40 40 40 89 db 00 00 55 00 00 00 89 db 00 00 55 00 00 00 89 db 00 00 55 00 00 00 89 db 00 00 55 00 00 00
00:aa 19 f8 4e 02 38 00 00 89 db 00 00 54 00 00 00 89 db 00 00 00 00 00 00 89 db 00 00 00 00 00 00 89 db 00 00 00 00 00 00 89 db 00 00 00 00 00 00 89 db 00 00 00 00 00 00 89 db 00 00 00 00 00 00
00:aa 19 30 4f 02 38 00 00 89 db 0f 1a 01 01 01 01 0f 12 00 00 00 00 00 00 0f 12 00 00 05 00 00 00 0f 12 00 00 55 35 35 35 00 00 00 00 00 00 00 00 00 00 00 00 00 00 00 00 00 00 00 00 00 00 00 00
00:aa 19 68 4f 02 38 00 00 00 00 00 00 00 00 00 00 00 00 00 00 00 00 00 00 00 00 00 00 00 00 00 00 00 00 00 00 00 00 00 00 00 00 00 00 00 00 00 00 00 00 00 00 00 00 00 00 00 00 00 00 00 00 00 00
00:aa 19 a0 4f 02 38 00 00 00 00 00 00 00 00 00 00 00 00 00 00 00 00 00 00 00 00 00 00 00 00 00 00 00 00 00 00 00 00 00 00 00 00 00 00 00 00 00 00 00 00 00 00 00 00 00 00 cf 11 00 00 55 50 50 50
00:aa 19 d8 4f 02 38 00 00 0f 12 00 00 60 00 00 00 89 db 0f 1a 40 40 40 40 89 db 00 00 00 00 00 00 89 db 00 00 00 00 00 00 89 db 00 00 00 00 00 00 89 db 00 00 00 00 00 00 89 db 00 00 00 00 00 00
00:aa 19 10 50 02 38 00 00 89 db 00 00 00 00 00 00 89 db 00 00 00 00 00 00 89 db 00 00 00 00 00 00 89 db 00 10 00 15 15 15 89 db 00 08 00 40 40 40 89 db 20 18 00 01 01 01 89 db 00 10 03 57 57 57
00:aa 19 48 50 02 38 00 00 0f 12 00 00 00 00 00 00 0f 12 00 00 00 00 00 00 0f 12 00 00 35 35 35 35 00 00 00 00 00 00 00 00 00 00 00 00 00 00 00 00 00 00 00 00 00 00 00 00 00 00 00 00 00 00 00 00
00:aa 19 80 50 02 38 00 00 00 00 00 00 00 00 00 00 00 00 00 00 00 00 00 00 00 00 00 00 00 00 00 00 00 00 00 00 00 00 00 00 00 00 00 00 00 00 00 00 00 00 00 00 00 00 00 00 00 00 00 00 00 00 00 00
00:aa 19 b8 50 02 38 00 00 00 00 00 00 00 00 00 00 00 00 00 00 00 00 00 00 00 00 00 00 00 00 00 00 00 00 00 00 00 00 00 00 ce 11 00 00 50 50 50 50 0f 12 ce 11 50 00 00 00 0f 12 00 00 00 00 00 00
00:aa 19 f0 50 02 38 00 00 0f 12 00 10 35 15 15 15 89 db 00 10 40 40 40 40 89 db e7 ba 01 01 01 01 03 49 00 10 54 54 54 54 89 db 00 00 00 00 00 00 89 db 00 00 00 00 00 00 89 db 00 00 00 00 00 00
00:aa 19 28 51 02 38 00 00 89 db 00 00 00 00 00 00 89 db 00 00 00 00 00 00 89 db 00 10 15 00 00 00 89 db 00 10 40 15 15 15 89 db 00 10 01 54 54 54 89 db 0f 1a 55 01 01 01 0f 12 00 00 00 00 00 00
00:aa 19 60 51 02 38 00 00 0f 12 00 00 00 00 00 00 0f 12 00 00 35 35 35 35 00 00 00 00 00 00 00 00 00 00 00 00 00 00 00 00 00 00 00 00 00 00 00 00 00 00 00 00 00 00 00 00 00 00 00 00 00 00 00 00
00:aa 19 98 51 02 38 00 00 00 00 00 00 00 00 00 00 00 00 00 00 00 00 00 00 00 00 00 00 00 00 00 00 00 00 00 00 00 00 00 00 00 00 00 00 00 00 00 00 00 00 00 00 00 00 00 00 00 00 00 00 00 00 00 00
00:aa 19 d0 51 02 38 00 00 00 00 00 00 00 00 00 00 00 00 00 00 00 00 00 00 00 00 00 00 00 00 00 00 0f 12 00 00 50 50 50 50 0f 12 00 00 00 00 00 00 0f 12 00 00 00 00 00 00 89 db 0f 1a 40 40 40 40
00:aa 19 08 52 02 38 00 00 89 db 00 00 15 15 15 2a 25 8a 00 10 57 57 57 00 a9 e3 89 db 00 ff ff ff 89 db 00 00 00 00 00 00 89 db 00 00 00 00 00 00 89 db 00 00 00 00 00 00 89 db 00 00 00 00 00 00
00:aa 19 40 52 02 38 00 00 89 db 00 00 00 00 00 00 89 db 00 00 00 00 00 00 89 db c7 aa 15 00 00 00 89 db c7 aa 54 00 00 00 89 db 0f 1a 01 01 01 01 0f 12 00 00 00 00 00 00 0f 12 00 00 00 00 00 00
00:aa 19 78 52 02 38 00 00 0f 12 00 00 35 35 35 35 00 00 00 00 00 00 00 00 00 00 00 00 00 00 00 00 00 00 00 00 00 00 00 00 00 00 00 00 00 00 00 00 00 00 00 00 00 00 00 00 00 00 00 00 00 00 00 00
00:aa 19 b0 52 02 38 00 00 00 00 00 00 00 00 00 00 00 00 00 00 00 00 00 00 00 00 00 00 00 00 00 00 00 00 00 00 00 00 00 00 00 00 00 00 00 00 00 00 00 00 00 00 00 00 00 00 00 00 00 00 00 00 00 00
00:aa 19 e8 52 02 38 00 00 00 00 00 00 00 00 00 00 00 00 00 00 00 00 00 00 0f 12 00 00 50 50 50 50 0f 12 00 00 00 00 00 00 0f 12 00 00 00 00 00 00 89 db 0f 1a 40 40 40 40 89 db 00 00 00 00 00 00
00:aa 19 20 53 02 38 00 00 89 db 00 00 00 00 00 00 89 db 00 00 00 00 00 00 89 db 00 00 00 00 00 00 89 db 00 00 00 00 00 00 89 db 00 00 00 00 00 00 89 db 00 00 00 00 00 00 89 db 00 00 00 00 00 00
00:aa 19 58 53 02 38 00 00 89 db 00 00 00 00 00 00 89 db 00 00 00 00 00 00 89 db 00 00 00 00 00 00 89 db 0f 1a 01 01 01 01 0f 12 00 00 00 00 00 00 0a a3 0f 12 55 55 55 58 89 db 0f 12 70 70 70 a0
00:aa 19 90 53 02 38 00 00 89 db 00 00 00 00 00 00 89 db 00 00 00 00 00 00 08 c4 00 00 15 15 15 15 00 00 00 00 00 00 00 00 00 00 00 00 00 00 00 00 00 00 00 00 00 00 00 00 00 00 00 00 00 00 00 00
00:aa 19 c8 53 02 38 00 00 00 00 00 00 00 00 00 00 00 00 00 00 00 00 00 00 00 00 00 00 00 00 00 00 00 00 00 00 00 00 00 00 00 00 00 00 00 00 00 00 00 00 00 00 00 00 00 00 00 00 00 00 00 00 00 00
00:aa 19 00 54 02 38 00 00 00 00 00 00 00 00 00 00 b0 11 00 00 50 50 5a 55 0f 12 00 00 00 00 a0 50 0f 12 00 00 00 00 00 00 89 db 0f 1a 40 40 40 40 89 db 00 00 00 00 00 00 89 db 00 00 00 00 00 00
00:aa 19 38 54 02 38 00 00 89 db 00 00 00 00 00 00 89 db 00 00 00 00 00 00 89 db 00 00 00 00 00 00 89 db 00 00 00 00 00 00 89 db 00 00 00 00 00 00 89 db 00 00 00 00 00 00 89 db 00 00 00 00 00 00
00:aa 19 70 54 02 38 00 00 89 db 00 00 00 00 00 00 89 db 00 00 00 00 00 00 89 db 0f 1a 01 01 01 02 2a bb 0f 12 55 55 55 00 89 db 0f 12 58 58 58 a0 89 db 00 00 00 00 00 00 89 db 00 00 00 00 00 00
00:aa 19 a8 54 02 38 00 00 89 db 00 00 00 00 00 00 08 c4 00 00 15 15 15 15 00 00 00 00 00 00 00 00 00 00 00 00 00 00 00 00 00 00 00 00 00 00 00 00 00 00 00 00 00 00 00 00 00 00 00 00 00 00 00 00
00:aa 19 e0 54 02 38 00 00 00 00 00 00 00 00 00 00 00 00 00 00 00 00 00 00 00 00 00 00 00 00 00 00 00 00 00 00 00 00 00 00 00 00 00 00 00 00 00 00 00 00 00 00 00 00 00 00 00 00 00 00 00 00 00 00
00:aa 19 18 55 02 38 00 00 00 00 00 00 00 00 00 00 0f 12 00 00 50 50 5a 55 0f 12 00 00 00 00 aa 55 89 db 0f 12 40 40 c0 80 89 db 00 00 00 00 00 00 89 db 00 00 00 00 00 00 89 db 00 00 00 00 00 00
00:aa 19 50 55 02 38 00 00 89 db 00 00 00 00 00 00 89 db 00 00 00 00 00 00 89 db 00 00 00 00 00 00 89 db 00 00 00 00 00 00 89 db 00 00 00 00 00 00 89 db 00 00 00 00 00 00 89 db 00 00 00 00 00 00
00:aa 19 88 55 02 38 00 00 89 db 00 00 00 00 00 00 89 db 00 00 00 00 00 00 89 db 00 00 00 00 00 00 89 db 00 00 00 00 00 00 89 db 00 00 00 00 00 00 89 db 00 00 00 00 00 00 89 db 00 00 00 00 00 00
00:aa 19 c0 55 02 38 00 00 08 c4 00 00 15 15 15 15 00 00 00 00 00 00 00 00 00 00 00 00 00 00 00 00 00 00 00 00 00 00 00 00 00 00 00 00 00 00 00 00 00 00 00 00 00 00 00 00 00 00 00 00 00 00 00 00
00:aa 19 f8 55 02 38 00 00 00 00 00 00 00 00 00 00 00 00 00 00 00 00 00 00 00 00 00 00 00 00 00 00 00 00 00 00 00 00 00 00 00 00 00 00 00 00 00 00 00 00 00 00 00 00 00 00 69 e3 00 00 55 55 54 54
00:aa 19 30 56 02 38 00 00 89 db 00 00 55 55 00 00 89 db 00 00 55 55 00 00 89 db c4 85 40 40 00 00 89 db 00 00 00 00 00 00 89 db 00 00 00 00 00 00 89 db 00 00 00 00 00 00 89 db 00 00 00 00 00 00
00:aa 19 68 56 02 38 00 00 89 db 00 00 00 00 00 00 89 db 00 00 00 00 00 00 89 db 00 00 00 00 00 00 89 db 00 00 00 00 00 00 89 db 00 00 00 00 00 00 89 db 00 00 00 00 00 00 89 db 00 00 00 00 00 00
00:aa 19 a0 56 02 38 00 00 89 db 00 00 00 00 00 00 89 db 00 00 00 00 00 00 89 db 00 00 00 00 00 00 89 db 00 00 00 00 0a 05 89 db 00 00 00 00 aa 55 89 db 00 00 00 00 aa 55 08 c4 00 00 15 15 95 55
00:aa 19 d8 56 02 38 00 00 00 00 00 00 00 00 00 00 00 00 00 00 00 00 00 00 00 00 00 00 00 00 00 00 00 00 00 00 00 00 00 00 00 00 00 00 00 00 00 00 00 00 00 00 00 00 00 00 00 00 00 00 00 00 00 00
00:aa 19 10 57 02 38 00 00 00 00 00 00 00 00 00 00 00 00 00 00 00 00 00 00 00 00 00 00 00 00 00 00 00 00 00 00 00 00 00 00 00 00 00 00 00 00 00 00 69 e3 00 00 54 54 54 54 89 db 00 00 00 00 00 00
00:aa 19 48 57 02 38 00 00 89 db 00 00 00 00 00 00 89 db 00 00 00 00 00 00 89 db 00 00 00 00 00 00 89 db 00 00 00 00 00 00 89 db 00 00 00 00 00 00 89 db 00 00 00 00 00 00 89 db 00 00 00 00 00 00
00:aa 19 80 57 02 38 00 00 89 db 00 00 00 00 00 00 89 db 00 00 00 00 00 00 89 db 00 00 00 00 00 00 89 db 00 00 00 00 00 00 89 db 00 00 00 00 00 00 89 db 00 00 00 00 00 00 89 db 00 00 00 00 00 00
00:aa 19 b8 57 02 38 00 00 89 db 00 00 00 00 00 00 89 db 00 00 00 00 00 00 06 a5 00 00 05 05 05 05 00 00 00 00 00 00 00 00 00 00 00 00 00 00 00 00 00 00 00 00 00 00 00 00 00 00 00 00 00 00 00 00
00:aa 19 f0 57 02 38 00 00 00 00 00 00 00 00 00 00 00 00 00 00 00 00 00 00 00 00 00 00 00 00 00 00 00 00 00 00 00 00 00 00 00 00 00 00 00 00 00 00 00 00 00 00 00 00 00 00 00 00 00 00 00 00 00 00
00:aa 19 28 58 02 38 00 00 00 00 00 00 00 00 00 00 00 00 00 00 00 00 00 00 00 00 00 00 00 00 00 00 00 00 00 00 00 00 00 00 69 e3 00 00 54 54 54 54 89 db 00 00 00 00 00 00 89 db 00 00 00 00 00 00
00:aa 19 60 58 02 38 00 00 89 db 00 00 00 00 00 00 89 db 00 00 00 00 00 00 89 db 00 00 00 00 00 00 89 db 00 00 00 00 00 00 89 db 00 00 00 00 00 00 89 db 00 00 00 00 00 00 89 db 00 00 00 00 00 00
00:aa 19 98 58 02 38 00 00 89 db 00 00 00 00 00 00 89 db 00 00 00 00 00 00 89 db 00 00 00 00 00 00 89 db 00 00 00 00 00 00 89 db 00 00 00 00 00 00 89 db 00 00 00 00 00 00 89 db 00 00 00 00 00 00
00:aa 19 d0 58 02 38 00 00 89 db 00 00 00 00 00 00 89 db 00 00 05 00 00 00 89 db 00 00 55 25 25 25 00 00 00 00 00 00 00 00 00 00 00 00 00 00 00 00 00 00 00 00 00 00 00 00 00 00 00 00 00 00 00 00
00:aa 19 08 59 02 38 00 00 00 00 00 00 00 00 00 00 00 00 00 00 00 00 00 00 00 00 00 00 00 00 00 00 00 00 00 00 00 00 00 00 00 00 00 00 00 00 00 00 00 00 00 00 00 00 00 00 00 00 00 00 00 00 00 00
00:aa 19 40 59 02 38 00 00 00 00 00 00 00 00 00 00 00 00 00 00 00 00 00 00 00 00 00 00 00 00 00 00 69 e3 00 00 54 54 54 54 69 e3 89 db ff ff ff aa 69 e3 89 db ff ff ff aa 69 e3 89 db ff ff ff aa
00:aa 19 78 59 02 38 00 00 89 e3 89 db ff ff ff bf 89 db 00 00 00 00 00 00 89 db 00 00 00 00 00 00 89 db 00 00 00 00 00 00 89 db 00 00 00 00 00 00 89 db 00 00 00 00 00 00 89 db 00 00 00 00 00 00
00:aa 19 b0 59 02 38 00 00 89 db 00 00 00 00 00 00 89 db 00 00 00 00 00 00 89 db 00 00 00 00 00 00 89 db 00 00 00 00 00 00 89 db 00 00 00 00 00 00 89 db 00 00 00 00 00 00 89 db 00 00 00 00 00 00
00:aa 19 e8 59 02 38 00 00 89 db 00 00 00 00 00 00 89 db 00 00 25 25 25 25 00 00 00 00 00 00 00 00 00 00 00 00 00 00 00 00 00 00 00 00 00 00 00 00 00 00 00 00 00 00 00 00 00 00 00 00 00 00 00 00
00:aa 19 20 5a 02 38 00 00 00 00 00 00 00 00 00 00 00 00 00 00 00 00 00 00 00 00 00 00 00 00 00 00 00 00 00 00 00 00 00 00 00 00 00 00 00 00 00 00 00 00 00 00 00 00 00 00 00 00 00 00 00 00 00 00
00:aa 19 58 5a 02 38 00 00 00 00 00 00 00 00 00 00 00 00 00 00 00 00 00 00 00 00 00 00 00 00 00 00 00 00 00 00 00 00 00 00 00 00 00 00 00 00 00 00 00 00 00 00 00 00 00 00 89 db 65 95 40 40 40 40
00:aa 19 90 5a 02 38 00 00 89 db 00 00 00 00 00 00 69 e3 89 db ff ff ff aa 69 e3 89 db ff ff ff ab 89 db 00 00 00 00 00 00 69 e3 89 db ff ff ff fe 69 e3 89 db ff ff ff aa 69 e3 89 db ff ff ff aa
00:aa 19 c8 5a 02 38 00 00 69 e3 89 db ff ff ff aa 69 e3 89 db ff ff ff ab 89 db 00 00 00 00 00 00 89 db 00 00 00 01 01 01 29 eb 00 00 00 55 55 55 89 db 00 00 00 70 70 70 89 db 00 00 00 00 00 00
00:aa 19 00 5b 02 38 00 00 89 db 00 00 25 25 25 25 00 00 00 00 00 00 00 00 00 00 00 00 00 00 00 00 00 00 00 00 00 00 00 00 00 00 00 00 00 00 00 00 00 00 00 00 00 00 00 00 00 00 00 00 00 00 00 00
00:aa 19 38 5b 02 38 00 00 00 00 00 00 00 00 00 00 00 00 00 00 00 00 00 00 00 00 00 00 00 00 00 00 00 00 00 00 00 00 00 00 00 00 00 00 00 00 00 00 00 00 00 00 00 00 00 00 00 00 00 00 00 00 00 00
00:aa 19 70 5b 02 38 00 00 00 00 00 00 00 00 00 00 00 00 00 00 00 00 00 00 00 00 00 00 00 00 00 00 00 00 00 00 00 00 00 00 00 00 00 00 00 00 00 00 89 db 65 95 40 40 40 40 89 db 00 00 00 00 00 00
00:aa 19 a8 5b 02 38 00 00 62 39 00 00 15 15 15 15 89 db 00 00 54 54 54 54 89 db 00 00 00 00 00 00 89 db 00 00 01 01 01 01 00 00 00 00 00 00 00 00 00 00 00 00 00 00 00 00 00 00 00 00 00 00 00 00
00:aa 19 e0 5b 02 38 00 00 41 10 00 00 54 54 54 54 89 db 00 00 00 00 00 00 89 db 00 00 01 01 01 01 00 00 00 00 00 00 00 00 89 db 00 00 70 70 70 70 89 db 00 00 00 00 00 00 89 db 00 00 25 25 25 25
00:aa 19 18 5c 02 38 00 00 00 00 00 00 00 00 00 00 00 00 00 00 00 00 00 00 00 00 00 00 00 00 00 00 00 00 00 00 00 00 00 00 00 00 00 00 00 00 00 00 00 00 00 00 00 00 00 00 00 00 00 00 00 00 00 00
00:aa 19 50 5c 02 38 00 00 00 00 00 00 00 00 00 00 00 00 00 00 00 00 00 00 00 00 00 00 00 00 00 00 00 00 00 00 00 00 00 00 00 00 00 00 00 00 00 00 00 00 00 00 00 00 00 00 00 00 00 00 00 00 00 00
00:aa 19 88 5c 02 38 00 00 00 00 00 00 00 00 00 00 00 00 00 00 00 00 00 00 00 00 00 00 00 00 00 00 00 00 00 00 00 00 00 00 89 db 65 95 40 40 40 40 89 db 00 00 00 00 00 00 62 39 00 00 15 15 15 15
00:aa 19 c0 5c 02 38 00 00 89 db 00 00 54 54 54 54 89 db 00 00 00 00 00 00 89 db 00 00 01 01 01 01 00 00 00 00 00 00 00 00 00 00 00 00 00 00 00 00 00 00 00 00 00 00 00 00 41 10 00 00 54 54 54 54
00:aa 19 f8 5c 02 38 00 00 89 db 00 00 00 00 00 00 89 db 00 00 01 01 01 01 00 00 00 00 00 00 00 00 89 db 00 00 70 70 70 55 89 db 00 00 00 00 00 55 89 db 00 00 25 25 25 55 00 00 00 00 00 00 00 00
00:aa 19 30 5d 02 38 00 00 00 00 00 00 00 00 00 00 00 00 00 00 00 00 00 00 00 00 00 00 00 00 00 00 00 00 00 00 00 00 00 00 00 00 00 00 00 00 00 00 00 00 00 00 00 00 00 00 00 00 00 00 00 00 00 00
00:aa 19 68 5d 02 38 00 00 00 00 00 00 00 00 00 00 00 00 00 00 00 00 00 00 00 00 00 00 00 00 00 00 00 00 00 00 00 00 00 00 00 00 00 00 00 00 00 00 00 00 00 00 00 00 00 00 00 00 00 00 00 00 00 00
00:aa 19 a0 5d 02 38 00 00 00 00 00 00 00 00 00 00 00 00 00 00 00 00 00 00 00 00 00 00 00 00 00 00 89 db 65 95 40 40 40 40 89 db 00 00 00 00 00 00 62 39 00 00 15 15 15 15 89 db 00 00 54 54 54 54
00:aa 19 d8 5d 02 38 00 00 89 db 00 00 00 00 00 00 89 db 00 00 01 01 01 01 00 00 00 00 00 00 00 00 00 00 00 00 00 00 00 00 00 00 00 00 00 00 00 00 41 10 00 00 54 54 57 55 89 db 00 00 00 00 ff 55
00:aa 19 10 5e 02 38 00 00 89 db 00 00 01 01 fd 55 00 00 00 00 00 00 00 00 00 00 00 00 00 00 00 00 00 00 00 00 00 00 00 00 00 00 00 00 00 00 00 00 00 00 00 00 00 00 00 00 00 00 00 00 00 00 00 00
00:aa 19 48 5e 02 38 00 00 00 00 00 00 00 00 00 00 00 00 00 00 00 00 00 00 00 00 00 00 00 00 00 00 00 00 00 00 00 00 00 00 00 00 00 00 00 00 00 00 00 00 00 00 00 00 00 00 00 00 00 00 00 00 00 00
00:aa 19 80 5e 02 38 00 00 00 00 00 00 00 00 00 00 00 00 00 00 00 00 00 00 00 00 00 00 00 00 00 00 00 00 00 00 00 00 00 00 00 00 00 00 00 00 00 00 00 00 00 00 00 00 00 00 00 00 00 00 00 00 00 00
00:aa 19 b8 5e 02 38 00 00 00 00 00 00 00 00 00 00 00 00 00 00 00 00 00 00 89 db 00 00 80 80 7f 55 89 db 00 00 00 00 ff 55 62 39 00 00 15 15 55 55 89 db 00 00 54 54 57 55 89 db 00 00 00 00 ff 55
00:aa 19 f0 5e 02 38 00 00 89 db 00 00 01 01 f5 55 00 00 00 00 00 00 00 00 00 00 00 00 00 00 00 00 00 00 00 00 00 00 00 00 00 00 00 00 00 00 00 00 00 00 00 00 00 00 00 00 00 00 00 00 00 00 00 00
00:aa 19 28 5f 02 38 00 00 00 00 00 00 00 00 00 00 00 00 00 00 00 00 00 00 00 00 00 00 00 00 00 00 00 00 00 00 00 00 00 00 00 00 00 00 00 00 00 00 00 00 00 00 00 00 00 00 00 00 00 00 00 00 00 00
00:aa 19 60 5f 02 38 00 00 00 00 00 00 00 00 00 00 00 00 00 00 00 00 00 00 00 00 00 00 00 00 00 00 00 00 00 00 00 00 00 00 00 00 00 00 00 00 00 00 00 00 00 00 00 00 00 00 00 00 00 00 00 00 00 00
00:aa 19 98 5f 02 38 00 00 00 00 00 00 00 00 00 00 00 00 00 00 00 00 00 00 00 00 00 00 00 00 00 00 00 00 00 00 00 00 00 00 00 00 00 00 00 00 00 00 00 00 00 00 00 00 00 00 00 00 00 00 00 00 00 00
00:aa 19 d0 5f 02 38 00 00 00 00 00 00 00 00 00 00 00 00 00 00 00 00 00 00 00 00 00 00 00 00 00 00 00 00 00 00 00 00 00 00 00 00 00 00 00 00 00 00 00 00 00 00 00 00 00 00 00 00 00 00 00 00 00 00
00:aa 19 08 60 02 38 00 00 00 00 00 00 00 00 00 00 00 00 00 00 00 00 00 00 00 00 00 00 00 00 00 00 00 00 00 00 00 00 00 00 00 00 00 00 00 00 00 00 00 00 00 00 00 00 00 00 00 00 00 00 00 00 00 00
00:aa 19 40 60 02 38 00 00 00 00 00 00 00 00 00 00 00 00 00 00 00 00 00 00 00 00 00 00 00 00 00 00 00 00 00 00 00 00 00 00 00 00 00 00 00 00 00 00 00 00 00 00 00 00 00 00 00 00 00 00 00 00 00 00
00:aa 19 78 60 02 38 00 00 00 00 00 00 00 00 00 00 00 00 00 00 00 00 00 00 00 00 00 00 00 00 00 00 00 00 00 00 00 00 00 00 00 00 00 00 00 00 00 00 00 00 00 00 00 00 00 00 00 00 00 00 00 00 00 00
00:aa 19 b0 60 02 38 00 00 00 00 00 00 00 00 00 00 00 00 00 00 00 00 00 00 00 00 00 00 00 00 00 00 00 00 00 00 00 00 00 00 00 00 00 00 00 00 00 00 00 00 00 00 00 00 00 00 00 00 00 00 00 00 00 00
00:aa 19 e8 60 02 38 00 00 00 00 00 00 00 00 00 00 00 00 00 00 00 00 00 00 00 00 00 00 00 00 00 00 00 00 00 00 00 00 00 00 00 00 00 00 00 00 00 00 00 00 00 00 00 00 00 00 00 00 00 00 00 00 00 00
00:aa 19 20 61 02 38 00 00 00 00 00 00 00 00 00 00 00 00 00 00 00 00 00 00 00 00 00 00 00 00 00 00 00 00 00 00 00 00 00 00 00 00 00 00 00 00 00 00 00 00 00 00 00 00 00 00 00 00 00 00 00 00 00 00
00:aa 19 58 61 02 38 00 00 00 00 00 00 00 00 00 00 00 00 00 00 00 00 00 00 00 00 00 00 00 00 00 00 00 00 00 00 00 00 00 00 00 00 00 00 00 00 00 00 00 00 00 00 00 00 00 00 00 00 00 00 00 00 00 00
00:aa 19 90 61 02 38 00 00 00 00 00 00 00 00 00 00 00 00 00 00 00 00 00 00 00 00 00 00 00 00 00 00 00 00 00 00 00 00 00 00 00 00 00 00 00 00 00 00 00 00 00 00 00 00 00 00 00 00 00 00 00 00 00 00
00:aa 19 c8 61 02 38 00 00 00 00 00 00 00 00 00 00 00 00 00 00 00 00 00 00 00 00 00 00 00 00 00 00 00 00 00 00 00 00 00 00 00 00 00 00 00 00 00 00 00 00 00 00 00 00 00 00 00 00 00 00 00 00 00 00
00:aa 19 00 62 02 38 00 00 00 00 00 00 00 00 00 00 00 00 00 00 00 00 00 00 00 00 00 00 00 00 00 00 00 00 00 00 00 00 00 00 00 00 00 00 00 00 00 00 00 00 00 00 00 00 00 00 00 00 00 00 00 00 00 00
00:aa 19 38 62 02 38 00 00 00 00 00 00 00 00 00 00 00 00 00 00 00 00 00 00 00 00 00 00 00 00 00 00 00 00 00 00 00 00 00 00 00 00 00 00 00 00 00 00 00 00 00 00 00 00 00 00 00 00 00 00 00 00 00 00
00:aa 19 70 62 02 38 00 00 00 00 00 00 00 00 00 00 00 00 00 00 00 00 00 00 00 00 00 00 00 00 00 00 00 00 00 00 00 00 00 00 00 00 00 00 00 00 00 00 00 00 00 00 00 00 00 00 00 00 00 00 00 00 00 00
00:aa 19 a8 62 02 38 00 00 00 00 00 00 00 00 00 00 00 00 00 00 00 00 00 00 00 00 00 00 00 00 00 00 00 00 00 00 00 00 00 00 00 00 00 00 00 00 00 00 00 00 00 00 00 00 00 00 00 00 00 00 00 00 00 00
00:aa 19 e0 62 02 38 00 00 00 00 00 00 00 00 00 00 00 00 00 00 00 00 00 00 00 00 00 00 00 00 00 00 00 00 00 00 00 00 00 00 00 00 00 00 00 00 00 00 00 00 00 00 00 00 00 00 00 00 00 00 00 00 00 00
00:aa 19 18 63 02 38 00 00 00 00 00 00 00 00 00 00 00 00 00 00 00 00 00 00 00 00 00 00 00 00 00 00 00 00 00 00 00 00 00 00 00 00 00 00 00 00 00 00 00 00 00 00 00 00 00 00 00 00 00 00 00 00 00 00
00:aa 19 50 63 02 38 00 00 00 00 00 00 00 00 00 00 00 00 00 00 00 00 00 00 00 00 00 00 00 00 00 00 00 00 00 00 00 00 00 00 00 00 00 00 00 00 00 00 00 00 00 00 00 00 00 00 00 00 00 00 00 00 00 00
00:aa 19 88 63 02 38 00 00 00 00 00 00 00 00 00 00 00 00 00 00 00 00 00 00 00 00 00 00 00 00 00 00 00 00 00 00 00 00 00 00 00 00 00 00 00 00 00 00 00 00 00 00 00 00 00 00 00 00 00 00 00 00 00 00
00:aa 19 c0 63 02 38 00 00 00 00 00 00 00 00 00 00 00 00 00 00 00 00 00 00 00 00 00 00 00 00 00 00 00 00 00 00 00 00 00 00 00 00 00 00 00 00 00 00 00 00 00 00 00 00 00 00 00 00 00 00 00 00 00 00
00:aa 19 f8 63 02 38 00 00 00 00 00 00 00 00 00 00 00 00 00 00 00 00 00 00 00 00 00 00 00 00 00 00 00 00 00 00 00 00 00 00 00 00 00 00 00 00 00 00 00 00 00 00 00 00 00 00 00 00 00 00 00 00 00 00
00:aa 19 30 64 02 38 00 00 00 00 00 00 00 00 00 00 00 00 00 00 00 00 00 00 00 00 00 00 00 00 00 00 00 00 00 00 00 00 00 00 00 00 00 00 00 00 00 00 00 00 00 00 00 00 00 00 00 00 00 00 00 00 00 00
00:aa 19 68 64 02 38 00 00 00 00 00 00 00 00 00 00 00 00 00 00 00 00 00 00 00 00 00 00 00 00 00 00 00 00 00 00 00 00 00 00 00 00 00 00 00 00 00 00 00 00 00 00 00 00 00 00 00 00 00 00 00 00 00 00
00:aa 19 a0 64 02 38 00 00 00 00 00 00 00 00 00 00 00 00 00 00 00 00 00 00 00 00 00 00 00 00 00 00 00 00 00 00 00 00 00 00 00 00 00 00 00 00 00 00 00 00 00 00 00 00 00 00 00 00 00 00 00 00 00 00
00:aa 19 d8 64 02 38 00 00 00 00 00 00 00 00 00 00 00 00 00 00 00 00 00 00 00 00 00 00 00 00 00 00 00 00 00 00 00 00 00 00 00 00 00 00 00 00 00 00 00 00 00 00 00 00 00 00 00 00 00 00 00 00 00 00
00:aa 19 10 65 02 38 00 00 00 00 00 00 00 00 00 00 00 00 00 00 00 00 00 00 00 00 00 00 00 00 00 00 00 00 00 00 00 00 00 00 00 00 00 00 00 00 00 00 00 00 00 00 00 00 00 00 00 00 00 00 00 00 00 00
00:aa 19 48 65 02 38 00 00 00 00 00 00 00 00 00 00 00 00 00 00 00 00 00 00 00 00 00 00 00 00 00 00 00 00 00 00 00 00 00 00 00 00 00 00 00 00 00 00 00 00 00 00 00 00 00 00 00 00 00 00 00 00 00 00
00:aa 19 80 65 02 38 00 00 00 00 00 00 00 00 00 00 00 00 00 00 00 00 00 00 00 00 00 00 00 00 00 00 00 00 00 00 00 00 00 00 00 00 00 00 00 00 00 00 00 00 00 00 00 00 00 00 00 00 00 00 00 00 00 00
00:aa 19 b8 65 02 38 00 00 00 00 00 00 00 00 00 00 00 00 00 00 00 00 00 00 00 00 00 00 00 00 00 00 00 00 00 00 00 00 00 00 00 00 00 00 00 00 00 00 00 00 00 00 00 00 00 00 00 00 00 00 00 00 00 00
00:aa 19 f0 65 02 38 00 00 00 00 00 00 00 00 00 00 00 00 00 00 00 00 00 00 00 00 00 00 00 00 00 00 00 00 00 00 00 00 00 00 00 00 00 00 00 00 00 00 00 00 00 00 00 00 00 00 00 00 00 00 00 00 00 7f
00:aa 19 28 66 02 38 00 00 80 00 00 00 00 00 3f fe 00 00 00 00 00 07 c0 70 00 00 00 00 00 71 ff 80 00 00 00 00 07 ff fc 00 00 00 00 00 ff ff c0 00 00 00 00 1f ff fe 00 00 00 00 01 ff ff e0 00 00
00:aa 19 60 66 02 38 00 00 00 00 1f ff ff 80 00 00 00 01 ff ff f8 00 00 00 00 1f ff ff 80 00 00 00 01 ff ff f8 00 00 00 00 1f ff ff 80 00 00 00 01 ff ff e0 00 00 00 00 1f ff fe 00 00 00 00 00 3f
00:aa 19 98 66 02 38 00 00 ff e0 00 00 00 00 03 f8 fe 00 00 00 00 00 3f 8f e0 00 00 00 00 03 f8 fc 00 00 00 00 00 3f 8d c0 00 00 00 00 00 00 00 00 00 00 00 00 00 00 00 00 00 00 00 00 00 00 00 00
00:aa 19 d0 66 02 38 00 00 00 00 00 00 00 00 00 00 00 00 00 00 00 00 00 00 00 00 00 00 00 00 00 0f 12 00 00 55 56 54 54 0f 12 00 00 55 aa 00 00 0f 12 00 00 55 aa 00 00 0f 12 00 00 55 aa 00 00 0f
00:aa 19 08 67 02 38 00 00 12 00 00 55 aa 00 00 0f 12 00 00 55 aa 00 00 0f 12 00 00 55 aa 00 00 0f 12 00 00 55 a9 01 01 00 00 00 00 00 00 00 00 00 00 00 00 00 00 00 00 0f 12 00 00 55 00 00 00 0f
00:aa 19 40 67 02 38 00 00 12 00 00 54 01 01 01 0f 12 00 00 00 55 55 55 0f 12 00 00 00 55 55 55 0f 12 00 00 00 55 55 55 0f 12 00 00 00 55 55 55 0f 12 00 00 00 55 55 55 0f 12 00 00 00 55 55 55 0f
00:aa 19 78 67 02 38 00 00 12 00 00 01 55 55 55 0f 12 00 00 55 00 00 00 0f 12 00 00 55 0d 0d 0d 00 00 00 00 00 00 00 00 00 00 00 00 00 00 00 00 0f 12 00 00 55 01 01 01 0f 12 00 00 00 55 55 55 0f
00:aa 19 b0 67 02 38 00 00 12 00 00 01 55 55 55 00 00 00 00 00 00 00 00 0f 12 00 00 57 54 54 54 0f 12 00 00 f5 25 25 25 00 00 00 00 00 00 00 00 0f 12 00 00 55 01 01 01 0f 12 00 00 01 55 55 55 00
00:aa 19 e8 67 02 38 00 00 00 00 00 00 00 00 00 00 00 00 00 00 00 00 00 00 00 00 00 00 00 00 00 00 00 00 00 00 00 00 00 00 00 00 00 00 00 00 00 00 00 00 00 00 00 00 00 00 00 00 00 00 00 00 00 0f
00:aa 19 20 68 02 38 00 00 12 00 00 54 55 55 55 0f 12 00 00 25 50 50 50 0f 12 00 00 55 25 25 25 00 00 00 00 00 00 00 00 0f 12 21 00 01 01 01 03 00 00 00 00 00 00 00 00 00 00 00 00 00 00 00 00 00
00:aa 19 58 68 02 38 00 00 00 00 00 00 00 00 00 00 00 00 00 00 00 00 00 00 00 00 00 00 00 00 00 00 00 00 00 00 00 00 00 00 00 00 00 00 00 00 00 00 00 00 00 00 00 00 00 00 00 00 00 00 00 00 00 00
00:aa 19 90 68 02 38 00 00 00 00 00 00 00 00 00 00 00 00 00 00 00 00 00 00 00 00 00 00 00 00 00 0f 12 00 00 50 50 50 50 0f 12 00 00 25 25 25 25 00 00 00 00 00 00 00 00 0f 12 00 00 55 55 55 60 0f
00:aa 19 c8 68 02 38 00 00 12 63 00 40 40 40 00 0f 1a 0f 12 a8 a8 a8 a8 89 db 00 00 00 00 00 00 89 db 00 00 00 00 00 00 89 db 00 00 00 00 00 00 89 db 00 00 00 00 00 00 89 db 00 00 00 00 00 00 89
00:aa 19 00 69 02 38 00 00 db 00 00 00 00 00 00 89 db 00 00 00 00 00 00 89 db 00 00 00 00 00 00 89 db 00 00 00 00 00 00 89 db 00 00 00 00 00 00 89 db 00 00 00 00 00 00 89 db 00 00 00 00 00 00 89
00:aa 19 38 69 02 38 00 00 db 0f 12 25 25 25 25 0f 12 00 00 00 00 00 00 8e 11 00 00 15 15 15 15 00 00 00 00 00 00 00 00 0f 12 00 00 60 60 60 60 0f 12 00 00 00 00 00 00 0f 1a 0f 12 a8 a8 a8 aa a9
00:aa 19 70 69 02 38 00 00 e3 00 10 00 00 00 57 89 db 00 00 00 00 00 00 89 db 00 10 00 00 00 05 89 db 21 10 00 00 00 50 89 db 00 00 00 00 00 00 89 db 00 00 00 00 00 00 89 db 00 00 00 00 00 00 89
00:aa 19 a8 69 02 38 00 00 db 00 00 00 00 00 00 89 db c2 38 00 00 00 01 89 db 00 10 00 00 a8 56 89 db 00 00 00 00 00 00 89 db 00 10 00 00 0a 05 89 db 0f 12 25 25 a5 55 0f 12 00 00 00 00 00 00 0f
00:aa 19 e0 69 02 38 00 00 12 00 00 00 00 00 00 4d 11 00 00 15 15 15 15 00 00 00 00 00 00 00 00 0f 12 00 00 60 60 60 60 0f 12 00 00 00 00 00 00 0f 1a 0f 12 aa aa aa a8 89 db 00 10 57 57 57 02 89
00:aa 19 18 6a 02 38 00 00 db 00 10 00 00 00 55 89 db 21 10 05 05 05 50 89 db 21 10 50 50 50 00 89 db 00 00 00 00 00 00 89 db 00 00 00 00 00 00 89 db 00 00 00 00 00 00 89 db 00 00 00 00 00 00 89
00:aa 19 50 6a 02 38 00 00 db c2 38 01 01 02 00 89 db 00 10 56 56 fe 01 89 db 00 10 00 00 aa 55 89 db 00 10 05 05 af 50 0f 12 00 10 70 70 f0 00 0f 12 00 00 00 00 00 00 0f 12 00 00 00 00 00 00 4d
00:aa 19 88 6a 02 38 00 00 11 00 00 15 15 15 15 00 00 00 00 00 00 00 00 0f 12 00 00 60 60 60 60 0f 12 00 00 00 00 00 00 0f 1a 0f 12 a8 a8 a8 a8 89 db 47 8a 01 01 00 00 89 db 00 08 55 55 00 00 89
00:aa 19 c0 6a 02 38 00 00 db 00 08 50 50 00 00 89 db 00 00 00 00 00 00 89 db 00 00 00 00 00 00 89 db 00 00 00 00 00 00 89 db 00 00 00 00 00 00 89 db 00 00 00 00 00 00 89 db 00 00 00 00 00 00 89
00:aa 19 f8 6a 02 38 00 00 db a2 30 01 01 00 00 89 db 21 18 55 55 00 00 89 db 21 10 50 50 00 00 89 db 0f 12 25 25 25 25 0f 12 00 00 00 00 00 00 0f 12 00 00 00 00 00 00 4d 11 00 00 15 15 15 15 00
00:aa 19 30 6b 02 38 00 00 00 00 00 00 00 00 00 00 00 00 00 00 00 00 00 89 db 00 00 55 60 40 40 89 db ef 09 55 35 00 00 0f 12 00 00 00 00 00 00 0f 1a 0f 12 a8 a8 a8 a8 89 db 00 00 00 00 00 00 89
00:aa 19 68 6b 02 38 00 00 db 00 00 00 00 00 00 89 db 00 00 00 00 00 00 89 db 00 00 00 00 00 00 89 db 00 00 00 00 00 00 89 db 00 00 00 00 00 00 89 db 00 00 00 00 00 00 89 db 00 00 00 00 00 00 89
00:aa 19 a0 6b 02 38 00 00 db 00 00 00 00 00 00 89 db 00 00 00 00 00 00 89 db 00 00 00 00 00 00 89 db 00 00 00 00 00 00 89 db 0f 12 25 25 25 25 0f 12 00 00 00 00 00 00 89 db 0f 12 55 55 40 40 89
00:aa 19 d8 6b 02 38 00 00 db 00 00 d5 d5 00 00 89 db 00 00 55 55 00 00 89 db 00 00 55 55 01 01 89 db 00 00 40 40 40 40 89 db 69 d3 03 00 00 00 89 db 0f 12 55 00 00 00 89 db 0f 12 55 00 00 00 89
00:aa 19 10 6c 02 38 00 00 db 00 00 00 00 00 00 89 db 00 00 00 00 00 00 89 db 00 00 00 00 00 00 89 db 00 00 00 00 00 00 89 db 00 00 00 00 00 00 89 db 00 00 00 00 00 00 89 db 00 00 00 00 00 00 89
00:aa 19 48 6c 02 38 00 00 db 00 00 00 00 00 00 89 db 00 00 00 00 00 00 89 db 00 00 00 00 00 00 89 db 00 00 00 00 00 00 89 db 00 00 00 00 00 00 89 db 0f 12 25 25 00 00 89 db 0f 12 55 70 00 00 89
00:aa 19 80 6c 02 38 00 00 db ef 11 40 00 00 00 89 db 00 00 00 00 00 00 89 db 00 00 00 00 00 00 89 db 00 00 01 01 01 01 89 db 00 00 40 40 40 40 89 db 00 00 00 00 00 00 89 db 00 00 00 00 00 00 89
00:aa 19 b8 6c 02 38 00 00 db 00 00 00 00 00 00 89 db 00 00 00 00 00 00 89 db 00 00 00 00 00 00 89 db 00 00 00 00 00 00 89 db 00 00 00 00 00 00 89 db 00 00 00 00 00 00 89 db 00 00 00 00 00 00 89
00:aa 19 f0 6c 02 38 00 00 db 00 00 00 00 00 00 89 db 00 00 00 00 00 00 89 db 00 00 00 00 00 00 89 db 00 00 00 00 00 00 89 db 00 00 00 00 00 00 89 db 00 00 00 00 00 00 89 db 00 00 00 00 00 00 89
00:aa 19 28 6d 02 38 00 00 db 00 00 00 00 00 00 89 db 00 00 00 00 00 00 89 db 00 00 00 00 00 00 89 db 00 00 00 00 00 00 89 db 00 00 01 01 01 01 89 db 00 00 40 40 40 55 89 db 00 00 00 00 00 55 89
00:aa 19 60 6d 02 38 00 00 db 00 00 00 00 00 55 89 db 00 00 00 00 00 00 89 db 00 00 00 00 00 00 89 db 00 00 00 00 00 00 89 db 00 00 00 00 00 00 89 db 00 00 00 00 00 00 89 db 00 00 00 00 00 00 89
00:aa 19 98 6d 02 38 00 00 db 00 00 00 00 00 00 89 db 00 00 00 00 00 00 89 db 00 00 00 00 00 00 89 db 00 00 00 00 00 00 89 db 00 00 00 00 00 00 89 db 00 00 00 00 00 00 89 db 00 00 00 00 00 00 89
00:aa 19 d0 6d 02 38 00 00 db 00 00 00 00 00 00 89 db 00 00 00 00 00 00 89 e3 89 db ff ff ff fe 89 e3 89 db ff ff ff bf 89 e3 89 db ff ff ff ee 89 db 00 00 01 01 01 01 00 00 00 00 00 00 00 00 00
00:aa 19 08 6e 02 38 00 00 00 00 00 00 00 00 00 00 00 00 00 00 00 00 00 89 db 00 00 00 00 00 00 89 db 00 00 00 00 00 00 89 db 00 00 00 00 00 00 89 db 00 00 00 00 00 00 89 db 00 00 00 00 00 00 89
00:aa 19 40 6e 02 38 00 00 db 00 00 00 00 00 00 89 db 00 00 00 00 00 00 89 db 00 00 00 00 00 00 89 db 00 00 00 00 00 00 89 db 00 00 00 00 00 00 89 db 00 00 00 00 00 00 89 db 00 00 00 00 00 00 89
00:aa 19 78 6e 02 38 00 00 db 00 00 00 00 00 00 89 db 00 00 00 00 00 00 89 db 00 00 00 00 00 00 69 e3 00 00 15 15 15 15 00 00 00 00 00 00 00 00 00 00 00 00 00 00 00 00 00 00 00 00 00 00 00 00 00
00:aa 19 b0 6e 02 38 00 00 00 00 00 00 00 00 00 89 db 00 00 00 00 00 54 89 db 00 00 00 00 00 00 89 db 00 00 00 00 00 00 89 db 00 00 00 00 00 00 89 db 00 00 00 00 00 00 89 db 00 00 00 00 00 00 89
00:aa 19 e8 6e 02 38 00 00 db 00 00 00 00 00 00 89 db 00 00 00 00 00 00 89 db 00 00 00 00 00 00 89 db 00 00 00 00 00 00 89 db 00 00 00 00 00 00 89 db 00 00 00 00 00 00 89 db 00 00 00 00 00 00 89
00:aa 19 20 6f 02 38 00 00 db 00 00 00 00 00 00 89 db 00 00 00 00 00 00 69 e3 00 00 15 15 15 15 00 00 00 00 00 00 00 00 89 db 00 00 54 54 54 54 89 db 00 00 00 00 00 00 89 db 00 00 00 00 01 01 89
00:aa 19 58 6f 02 38 00 00 db 00 00 00 00 69 55 89 db 00 00 00 00 90 50 89 db 00 00 00 00 00 00 89 db 00 00 00 00 15 15 89 db 00 00 00 00 66 55 89 db 00 00 00 00 6d 55 89 db 00 00 00 00 65 55 89
00:aa 19 90 6f 02 38 00 00 db 00 00 00 00 00 00 89 db 60 11 00 00 09 09 89 db 00 00 00 00 67 55 89 db 00 00 00 00 b0 70 89 db 00 00 00 00 00 00 69 e3 00 00 15 15 15 15 00 00 00 00 00 00 00 00 89
00:aa 19 c8 6f 02 38 00 00 db 00 00 54 54 54 54 89 db 00 00 00 00 00 00 69 e3 00 00 01 01 01 01 00 00 00 00 00 00 00 00 89 db 00 00 50 50 50 50 89 db 00 00 00 00 00 00 89 db 00 00 15 15 15 15 89
00:aa 19 00 70 02 38 00 00 db 00 00 00 00 00 00 89 db 00 00 0d 0d 09 09 00 00 00 00 00 00 00 00 89 db 00 00 70 70 70 70 89 db 00 00 00 00 00 00 69 e3 00 00 15 15 15 15 00 00 00 00 00 00 00 00 89
00:aa 19 38 70 02 38 00 00 db 00 00 54 54 54 54 89 db 00 00 00 00 00 00 69 e3 00 00 01 01 01 01 00 00 00 00 00 00 00 00 89 db 00 00 50 50 50 50 89 db 00 00 00 00 00 00 89 db 00 00 15 15 15 15 89
00:aa 19 70 70 02 38 00 00 db 00 00 00 00 00 00 89 db 00 00 09 09 09 09 00 00 00 00 00 00 00 00 89 db 00 00 70 70 70 70 89 db 00 00 00 00 00 00 69 e3 00 00 15 15 15 15 00 00 00 00 00 00 00 00 89
00:aa 19 a8 70 02 38 00 00 db 00 00 54 54 54 54 89 db 00 00 00 00 00 00 69 e3 00 00 01 01 01 01 00 00 00 00 00 00 00 00 89 db 00 00 50 50 50 50 89 db 00 00 00 00 00 00 89 db 00 00 15 15 15 15 89
00:aa 19 e0 70 02 38 00 00 db 00 00 00 00 00 00 89 db 00 00 09 09 09 09 00 00 00 00 00 00 00 00 89 db 00 00 70 70 70 70 89 db 00 00 00 00 00 00 69 e3 00 00 15 15 15 15 89 db 00 00 54 56 55 55 89
00:aa 19 18 71 02 38 00 00 db 00 00 00 aa 55 55 89 db 00 00 01 ad 55 55 00 00 00 00 00 00 00 00 28 c4 00 00 50 55 55 55 28 c4 00 00 00 55 55 55 28 c4 00 00 15 55 55 55 28 c4 00 00 00 55 55 55 28
00:aa 19 50 71 02 38 00 00 c4 00 00 0d 55 55 55 28 c4 00 00 70 55 55 55 28 c4 00 00 00 55 55 55 e7 bb 00 00 15 55 55 55 00 00 00 00 00 00 00 00 00 00 00 00 00 00 00 00 00 00 00 00 00 00 00 00 00
00:aa 19 88 71 02 38 00 00 00 00 00 00 00 00 00 00 00 00 00 00 00 00 00 00 00 00 00 00 00 00 00 00 00 00 00 00 00 00 00 00 00 00 00 00 00 00 00 00 00 00 00 00 00 04 00 00 00 00 00 00 00 40 00 00
00:aa 19 c0 71 02 38 00 00 00 00 00 00 00 00 80 00 00 00 00 00 00 00 00 00 00 00 00 1f ff 00 00 00 00 00 03 ff f0 00 00 00 00 00 3f ff 00 00 00 00 00 39 ff f0 00 00 00 00 03 9f ff 78 00 00 00 00
00:aa 19 f8 71 02 38 00 00 3f ff ff 80 00 00 00 03 ff ff f8 00 00 00 00 1f ff ff 80 00 00 00 00 3f ff f0 00 00 00 00 03 ff fc 00 00 00 00 00 3f ff c0 00 00 00 00 03 f9 fc 00 00 00 00 00 3f 9f c0
00:aa 19 30 72 02 38 00 00 00 00 00 00 03 f9 fc 00 00 00 00 00 3b 8d c0 00 00 00 00 00 00 00 00 00 00 00 00 00 00 00 00 00 00 00 00 00 00 00 00 00 00 00 00 00 00 00 00 00 00 00 00 00 00 00 00 00
00:aa 19 68 72 02 38 00 00 00 00 00 00 00 00 0f 12 00 00 54 01 01 01 0f 12 00 00 01 55 55 55 0f 12 00 00 55 25 25 25 89 db 00 00 00 00 00 00 89 db 00 00 00 00 00 00 89 db 00 00 00 00 00 00 89 db
00:aa 19 a0 72 02 38 00 00 00 00 00 00 00 00 89 db 00 00 00 00 00 00 89 db 00 00 00 00 00 00 89 db 00 00 00 00 00 00 89 db 00 00 00 00 00 00 89 db 00 00 00 00 00 00 89 db 00 00 00 00 00 00 89 db
00:aa 19 d8 72 02 38 00 00 00 00 00 00 00 00 89 db 00 00 00 00 00 00 89 db 0f 12 25 25 25 25 0f 1a 0f 12 a8 a8 a8 aa a9 e3 01 08 00 00 00 57 89 db 00 00 00 00 00 00 89 db 01 08 00 00 00 05 89 db
00:aa 19 10 73 02 38 00 00 01 10 00 00 00 50 89 db 00 00 00 00 00 00 89 db 00 00 00 00 00 00 89 db 00 00 00 00 00 00 89 db 00 00 00 00 00 00 89 db 08 62 00 00 00 01 89 db 01 08 00 00 a8 56 89 db
00:aa 19 48 73 02 38 00 00 00 00 00 00 00 00 89 db 01 08 00 00 0a 05 89 db 0f 12 25 25 a5 55 0f 1a 0f 12 aa aa aa a8 89 db 41 10 57 57 57 02 89 db 01 08 00 00 00 55 89 db 01 10 05 05 05 50 89 db
00:aa 19 80 73 02 38 00 00 01 10 50 50 50 00 89 db 00 00 00 00 00 00 89 db 00 00 00 00 00 00 89 db 00 00 00 00 00 00 89 db 00 00 00 00 00 00 89 db 08 62 01 01 03 00 89 db 01 08 56 56 fe 03 89 db
00:aa 19 b8 73 02 38 00 00 01 08 00 00 aa 55 89 db 01 08 05 05 af 50 0f 12 01 08 70 70 f0 00 89 db 00 00 55 55 50 50 89 db 00 00 55 55 00 00 89 db 0f 12 55 55 35 35 89 db 46 8a 01 01 00 00 89 db
00:aa 19 f0 73 02 38 00 00 00 08 55 55 00 00 89 db 00 08 50 50 00 00 89 db 00 00 00 00 00 00 89 db 00 00 00 00 00 00 89 db 00 00 00 00 00 00 89 db 00 00 00 00 00 00 89 db 00 00 00 00 00 00 89 db
00:aa 19 28 74 02 38 00 00 00 00 00 00 00 00 89 db c7 59 01 01 00 00 89 db 21 18 55 55 00 00 89 db 21 10 50 50 00 00 89 db 0f 12 25 25 25 25 69 e3 00 00 50 50 50 50 89 db 00 00 00 00 00 00 89 db
00:aa 19 60 74 02 38 00 00 ef 09 35 35 00 00 89 db 00 00 00 00 00 00 89 db 00 00 00 00 00 00 89 db 00 00 00 00 00 00 89 db 00 00 00 00 00 00 89 db 00 00 00 00 00 00 89 db 00 00 00 00 00 00 89 db
00:aa 19 98 74 02 38 00 00 00 00 00 00 00 00 89 db 00 00 00 00 00 00 89 db 00 00 00 00 00 00 89 db 00 00 00 00 00 00 89 db 00 00 00 00 00 00 89 db 00 00 00 00 00 00 89 db 0f 12 25 25 25 25 0f 12
00:aa 19 d0 74 02 38 00 00 00 00 00 00 15 15 4d 11 00 00 15 15 55 55 00 00 00 00 00 00 00 00 00 00 00 00 00 00 00 00 69 e3 00 00 50 50 50 50 89 db 00 00 00 00 00 00 89 db 69 db 03 00 00 00 89 db
00:aa 19 08 75 02 38 00 00 0f 12 55 00 00 00 89 db 0f 12 55 00 00 00 89 db 00 00 00 00 00 00 89 db 00 00 00 00 00 00 89 db 00 00 00 00 00 00 89 db 00 00 00 00 00 00 89 db 00 00 00 00 00 00 89 db
00:aa 19 40 75 02 38 00 00 00 00 00 00 00 00 89 db 00 00 00 00 00 00 89 db 00 00 00 00 00 00 89 db 00 00 00 00 00 00 89 db 00 00 00 00 00 00 89 db 00 00 00 00 00 00 89 db 00 00 00 00 00 00 89 db
00:aa 19 78 75 02 38 00 00 0f 12 25 25 00 00 89 db 0f 12 55 55 00 00 89 db 0f 12 40 40 00 00 69 e3 89 db aa ff ff ff 89 db 00 00 01 01 01 01 00 00 00 00 00 00 00 00 69 e3 00 00 50 50 50 55 89 db
00:aa 19 b0 75 02 38 00 00 00 00 00 00 00 55 89 db 00 00 00 00 00 55 89 db 00 00 00 00 00 55 89 db 23 49 00 00 00 40 89 db 00 00 00 00 00 00 89 db 00 00 00 00 00 00 89 db 00 00 00 00 00 00 89 db
00:aa 19 e8 75 02 38 00 00 00 00 00 00 00 00 89 db 00 00 00 00 00 00 89 db 00 00 00 00 00 00 89 db 00 00 00 00 00 00 89 db 00 00 00 00 00 00 89 db 00 00 00 00 00 00 89 db 00 00 00 00 00 00 89 db
00:aa 19 20 76 02 38 00 00 00 00 00 00 00 00 89 db 00 00 00 00 00 00 89 db 00 00 00 00 00 00 89 db 00 00 00 00 00 00 89 db 00 00 00 00 00 00 89 db 00 00 00 00 00 00 89 db 00 00 01 01 01 01 00 00
00:aa 19 58 76 02 38 00 00 00 00 00 00 00 00 00 00 00 00 00 00 00 00 00 00 00 00 00 00 00 00 00 00 00 00 00 00 00 00 89 db c4 85 40 40 40 40 89 db 00 00 00 00 00 00 89 db 00 00 00 00 00 00 89 db
00:aa 19 90 76 02 38 00 00 00 00 00 00 00 00 89 db 00 00 00 00 00 00 89 db 00 00 00 00 00 00 89 db 00 00 00 00 00 00 89 db 00 00 00 00 00 00 89 db 00 00 00 00 00 00 89 db 00 00 00 00 00 00 89 db
00:aa 19 c8 76 02 38 00 00 00 00 00 00 00 00 89 db 00 00 00 00 00 00 89 db 00 00 00 00 00 00 89 db 00 00 00 00 00 00 89 db 00 00 00 00 00 00 89 db 00 00 00 00 00 00 89 db 00 00 00 00 00 00 89 db
00:aa 19 00 77 02 38 00 00 00 00 01 01 01 01 00 00 00 00 00 00 00 00 89 db c4 85 40 40 40 40 89 db 00 00 00 00 00 00 89 db 00 00 00 00 00 00 89 db 00 00 00 00 00 00 89 db 00 00 00 00 00 00 89 db
00:aa 19 38 77 02 38 00 00 00 00 00 00 00 00 89 db 00 00 00 00 00 00 89 db 00 00 00 00 00 00 89 db 00 00 00 00 00 00 89 db 00 00 00 00 00 00 89 db 00 00 00 00 00 00 89 db 00 00 00 00 00 00 89 db
00:aa 19 70 77 02 38 00 00 00 00 00 00 00 00 89 db 00 00 00 00 00 00 89 db 00 00 00 00 2a 15 89 db 00 00 00 00 aa 55 89 db 00 00 00 00 aa 55 89 db 00 00 01 01 a9 55 89 db c4 85 40 40 40 40 89 db
00:aa 19 a8 77 02 38 00 00 00 00 00 00 00 00 89 db 00 00 00 00 00 00 89 db 00 00 00 00 00 00 89 db 00 00 00 00 00 00 89 db 00 00 00 00 00 00 89 db 00 00 00 00 00 00 89 db 00 00 00 00 00 00 89 db
00:aa 19 e0 77 02 38 00 00 00 00 00 00 00 00 89 db 00 00 00 00 00 00 89 db 00 00 00 00 00 00 89 db 00 00 00 00 00 00 89 db 00 00 00 00 00 00 89 db 00 00 00 00 00 00 29 eb 00 00 15 15 15 15 00 00
00:aa 19 18 78 02 38 00 00 00 00 00 00 00 00 89 db c4 85 40 40 40 40 89 db 00 00 00 02 01 01 89 db 00 00 00 00 55 55 89 db 00 00 00 00 54 54 89 db 00 00 00 00 00 00 89 db 00 00 00 00 05 05 89 db
00:aa 19 50 78 02 38 00 00 00 00 00 00 55 55 89 db 00 00 00 00 55 55 89 db 00 00 00 00 55 55 69 e3 89 db ff ff bf bf 89 db 00 00 00 01 01 01 29 eb 00 00 00 55 55 55 89 db 00 00 00 70 70 70 89 db
00:aa 19 88 78 02 38 00 00 00 00 00 00 00 00 29 eb 00 00 15 15 15 15 00 00 00 00 00 00 00 00 89 db c4 85 40 40 40 40 89 db 00 00 01 01 01 01 00 00 00 00 00 00 00 00 89 db 00 00 54 54 54 54 89 db
00:aa 19 c0 78 02 38 00 00 00 00 00 00 00 00 69 e3 00 00 05 05 05 05 00 00 00 00 00 00 00 00 69 e3 89 db bf bf bf bf 89 db 00 00 01 01 01 01 00 00 00 00 00 00 00 00 89 db 00 00 70 70 70 70 89 db
00:aa 19 f8 78 02 38 00 00 00 00 00 00 00 00 29 eb 00 00 15 15 15 15 00 00 00 00 00 00 00 00 89 db c4 85 40 40 40 40 89 db 00 00 01 01 01 01 00 00 00 00 00 00 00 00 89 db 00 00 54 54 54 54 89 db
00:aa 19 30 79 02 38 00 00 00 00 00 00 00 00 69 e3 00 00 05 05 05 05 00 00 00 00 00 00 00 00 69 e3 89 db bf bf bf bf 89 db 00 00 01 01 01 01 00 00 00 00 00 00 00 00 89 db 00 00 70 70 70 70 89 db
00:aa 19 68 79 02 38 00 00 00 00 00 00 00 00 29 eb 00 00 15 15 15 15 00 00 00 00 00 00 00 00 89 db c4 85 40 40 40 40 89 db 00 00 01 01 01 01 00 00 00 00 00 00 00 00 89 db 00 00 54 54 54 54 69 e3
00:aa 19 a0 79 02 38 00 00 89 db ff ff ff 00 69 e3 00 00 05 05 05 05 00 00 00 00 00 00 00 00 69 e3 89 db bf bf bf 00 89 db 00 00 01 01 01 01 00 00 00 00 00 00 00 00 89 db 00 00 70 70 70 70 69 e3
00:aa 19 d8 79 02 38 00 00 89 db ff ff ff 00 29 eb 00 00 15 15 15 15 00 00 00 00 00 00 00 00 00 00 00 00 00 00 00 00 00 00 00 00 00 00 00 00 00 00 00 00 00 00 00 00 00 00 00 00 00 00 00 00 00 00
00:aa 19 10 7a 02 38 00 00 00 00 00 00 00 00 00 00 00 00 00 00 00 00 00 00 00 00 00 00 00 00 00 00 00 00 00 00 00 00 00 00 00 00 00 00 00 00 00 00 00 00 00 00 00 00 00 00 00 00 00 00 00 00 00 00
00:aa 19 48 7a 02 38 00 00 00 00 00 00 00 00 00 00 00 00 00 00 00 00 00 00 00 00 00 00 00 00 00 00 00 00 00 00 00 00 00 00 00 00 00 00 00 00 00 00 00 00 00 00 00 00 00 00 00 00 00 00 00 00 00 00
00:aa 19 80 7a 02 38 00 00 00 00 00 00 00 7f 80 00 00 00 00 00 0c 06 00 00 00 00 00 01 40 10 00 00 00 00 00 20 01 80 00 00 00 00 02 00 08 00 00 00 00 00 bf ff 40 00 00 00 00 0b ff f2 00 00 00 00
00:aa 19 b8 7a 02 38 00 00 00 bf ff 20 00 00 00 00 3b ff f2 00 00 00 00 03 bf ff 60 00 00 00 00 3f ff ff 00 00 00 00 03 ff ff f0 00 00 00 00 3f ff ff 00 00 00 00 03 ff ff f0 00 00 00 00 03 ff f0
00:aa 19 f0 7a 02 38 00 00 00 00 00 00 00 3f fb 00 00 00 00 00 03 71 b0 00 00 00 00 00 37 1b 00 00 00 00 00 03 71 b0 00 00 00 00 00 00 00 00 00 00 00 00 00 00 00 00 00 00 00 00 00 00 00 00 00 00
00:aa 19 28 7b 02 38 00 00 00 00 00 00 00 00 00 00 00 00 00 00 00 00 00 00 00 00 00 00 00 00 00 00 00 00 00 00 00 0f 12 00 00 55 56 54 54 0f 12 00 00 55 aa 00 00 0f 12 00 00 55 aa 00 00 0f 12 00
00:aa 19 60 7b 02 38 00 00 00 55 aa 00 00 0f 12 00 00 55 aa 00 00 0f 12 00 00 55 aa 00 00 0f 12 00 00 55 aa 00 00 0f 12 00 00 55 a9 01 01 0f 12 00 00 55 00 00 00 0f 12 00 00 54 01 01 01 0f 12 00
00:aa 19 98 7b 02 38 00 00 00 55 00 00 00 0f 12 00 00 55 0d 0d 0d 0f 12 00 00 55 01 01 01 0f 12 00 00 01 55 55 55 0f 12 00 00 f5 25 25 25 0f 12 00 00 55 01 01 01 0f 12 00 00 25 50 50 50 0f 12 00
00:aa 19 d0 7b 02 38 00 00 00 55 25 25 25 0f 12 21 00 01 01 01 03 0f 12 00 00 25 25 25 25 0f 12 00 00 55 55 55 60 0f 1a 0f 12 a8 a8 a8 a8 89 e3 89 db ee aa ae eb 89 e3 89 db ab 9a f9 9a 89 e3 89
00:aa 19 08 7c 02 38 00 00 db ab 9a 9a ae 89 e3 89 db ae aa ae 9a 89 e3 89 db 6b aa aa 6f 89 e3 89 db ba aa ae 7a 89 e3 89 db a6 aa ee aa 89 e3 89 db aa aa ee ae 89 e3 89 db 9a aa e6 aa 89 e3 89
00:aa 19 40 7c 02 38 00 00 db ea aa 9a aa 89 e3 89 db e9 aa ee ab 89 e3 89 db aa aa aa ff 89 e3 0f 1a 25 25 25 25 6f 11 00 00 15 15 15 15 0f 12 00 00 60 60 60 60 0f 1a 0f 12 a8 a8 a8 aa 89 e3 01
00:aa 19 78 7c 02 38 00 00 08 00 00 00 57 89 e3 89 db e9 b9 ae ab 89 e3 01 08 00 00 00 05 89 e3 01 10 00 00 00 50 89 e3 89 db fa af 9a ae 89 e3 89 db 67 66 a7 a7 89 e3 89 db ab aa 9b bb 89 e3 89
00:aa 19 b0 7c 02 38 00 00 db 69 97 9a ba 89 e3 c5 69 00 00 02 01 89 e3 01 08 00 00 a8 56 89 e3 89 db ae 9a b9 ab 89 e3 01 08 00 00 0a 05 89 e3 0f 12 25 25 a5 55 4d 11 00 00 15 15 15 15 0f 12 00
00:aa 19 e8 7c 02 38 00 00 00 60 60 60 60 0f 1a 0f 12 aa aa aa a8 89 e3 41 10 57 57 57 02 89 e3 01 08 00 00 00 55 89 db 01 10 05 05 05 50 89 db 01 10 50 50 50 00 89 e3 89 db aa 67 aa aa 89 e3 89
00:aa 19 20 7d 02 38 00 00 db ba bb aa ee 89 e3 89 db aa bb aa aa 89 e3 89 db 97 eb a6 bb 89 e3 c5 69 01 01 01 00 89 e3 01 08 56 56 fe 03 89 e3 01 08 00 00 aa 55 89 db 01 08 05 05 af 50 0f 12 01
00:aa 19 58 7d 02 38 00 00 08 70 70 f0 00 4d 11 00 00 15 15 15 15 00 00 00 00 00 00 00 00 00 00 00 00 00 00 00 00 0f 12 00 00 60 60 60 60 0f 1a 0f 12 a8 a8 a8 a8 89 e3 06 7a 01 01 00 00 89 db 00
00:aa 19 90 7d 02 38 00 00 08 55 55 00 00 89 e3 00 08 50 50 00 00 89 e3 89 db ab 6b aa 66 89 e3 89 db 9b aa ab aa 89 e3 89 db 9b 6a 6a ba 89 e3 89 db be 6a 95 ea 89 e3 89 db ea aa aa ee 89 e3 89
00:aa 19 c8 7d 02 38 00 00 db 99 aa aa ae 89 e3 85 61 01 01 00 00 89 e3 21 18 55 55 00 00 89 e3 21 10 50 50 00 00 89 e3 0f 1a 25 25 25 25 4d 11 00 00 15 15 15 15 00 00 00 00 00 00 00 00 00 00 00
00:aa 19 00 7e 02 38 00 00 00 00 00 00 00 0f 12 00 00 60 60 7a 55 0f 1a 0f 12 a8 a8 a8 a8 89 e3 89 db 9a d9 ba a7 89 e3 89 db ab ea aa 6e 89 e3 89 db ba af aa 7e 89 e3 89 db ba 6e be ea 89 e3 89
00:aa 19 38 7e 02 38 00 00 db eb ae 66 aa 89 e3 89 db aa ba aa ab 89 e3 89 db aa 66 ea 6f 89 e3 89 db ae ea 96 ea 89 e3 89 db fa aa 6d aa 89 e3 89 db aa ea ae ae 89 e3 89 db aa f9 aa 66 89 e3 89
00:aa 19 70 7e 02 38 00 00 db be aa aa aa 89 e3 0f 1a 25 25 25 25 0f 12 00 00 00 00 15 15 4d 11 00 00 15 15 55 55 69 e3 00 00 55 50 50 50 89 db 00 00 55 00 00 00 89 db 00 00 55 00 00 00 89 e3 0f
00:aa 19 a8 7e 02 38 00 00 12 55 55 ff 00 89 e3 0f 1a 55 55 ff 00 89 e3 89 db da aa a9 aa 89 e3 89 db ae a9 aa ae 89 e3 89 db ae 9b 6a aa 89 e3 89 db aa db aa 9e 89 e3 89 db e6 aa 9b aa 89 e3 89
00:aa 19 e0 7e 02 38 00 00 db fa aa a7 79 89 e3 89 db aa aa eb b6 89 e3 89 db b9 ab 9a aa 89 e3 89 db af 99 ba da 89 e3 89 db ba ea e5 da 89 e3 89 db aa a9 be a5 89 e3 89 db e9 aa 96 ea 89 e3 0f
00:aa 19 18 7f 02 38 00 00 12 25 25 00 00 89 e3 0f 12 55 55 00 00 89 e3 0f 12 40 40 00 00 89 e3 69 e3 55 00 00 00 89 e3 00 00 01 01 01 01 69 e3 00 00 50 50 50 50 89 e3 89 db ee 76 ba ba 89 e3 89
00:aa 19 50 7f 02 38 00 00 db ea aa 66 ea 89 e3 89 db aa ae ba ae 89 e3 89 db ea 66 aa ad 89 e3 89 db ed ea d5 9a 89 e3 89 db ae aa 66 6e 89 e3 89 db eb 9b aa ba 89 e3 89 db fa ae 6a 6e 89 e3 89
00:aa 19 88 7f 02 38 00 00 db ae db ab 6a 89 e3 89 db ee aa ae aa 89 e3 89 db ee aa 6a aa 89 e3 89 db ea 9e aa a6 89 e3 89 db aa da a7 fa 89 e3 89 db aa 99 ea aa 89 e3 89 db ba aa a5 ae 89 e3 89
00:aa 19 c0 7f 02 38 00 00 db f6 e6 ea 96 89 e3 89 db e7 6f a9 a6 89 e3 89 db aa ba aa a6 89 e3 89 db bb 6e 9a 9a 89 e3 89 db be 9b aa a6 89 db 00 00 01 01 01 01 69 e3 00 00 50 50 50 50 89 e3 89
00:aa 19 f8 7f 02 38 00 00 db eb fa ba bb 89 e3 89 db a7 aa aa bb 89 e3 89 db ea ba af eb 89 e3 89 db aa bb 6e aa 89 e3 89 db 7f aa aa 66 89 e3 89 db ee ae ae aa 89 e3 89 db aa aa ea ab 89 e3 89
00:aa 19 30 80 02 38 00 00 db aa e6 6a a6 89 e3 89 db aa eb a6 ea 89 e3 89 db e6 aa a6 aa 89 e3 89 db 6e aa 6a aa 89 e3 89 db aa ae ea ae 89 e3 89 db ae 6a aa 66 89 e3 89 db f6 aa aa 7a 89 e3 89
00:aa 19 68 80 02 38 00 00 db fb aa b9 ae 89 e3 89 db aa bb 7e e9 89 e3 89 db aa ba 6a aa 89 e3 89 db ae ad a9 6a 89 e3 89 db ab 99 ab 9a 89 e3 89 db aa e6 fa 6e 89 e3 00 00 01 01 01 01 69 e3 00
00:aa 19 a0 80 02 38 00 00 00 50 50 50 5a 89 e3 87 b4 00 00 00 5d 89 e3 87 b4 00 00 00 55 89 e3 46 9a 00 00 00 95 89 e3 89 db ed aa aa 6f 89 e3 89 db aa ea aa ba 89 e3 89 db aa 9f 6f ba 89 e3 89
00:aa 19 d8 80 02 38 00 00 db af fa aa ba 89 e3 89 db aa ee aa e9 89 e3 89 db ae ab ae aa 89 e3 89 db ba aa 6a aa 89 e3 89 db ba bb a6 aa 89 e3 89 db ea aa ea a9 89 e3 89 db aa ea aa aa 89 e3 89
00:aa 19 10 81 02 38 00 00 db e9 9a a9 d6 89 e3 89 db be a7 b6 a9 89 e3 89 db eb f9 66 aa 89 e3 89 db aa ba ab f6 89 e3 00 00 00 00 3a 15 89 e3 00 00 00 00 ee 55 89 e3 00 00 00 00 ee 55 89 db 00
00:aa 19 48 81 02 38 00 00 00 01 01 a9 55 89 e3 03 49 40 40 40 c0 89 e3 89 db ab 9e 9a ab 89 e3 89 db fb aa b9 aa 89 e3 89 db ba ae 9b 9b 89 e3 89 db aa a9 ea fa 89 e3 89 db aa ba aa 6e 89 e3 89
00:aa 19 80 81 02 38 00 00 db b9 aa 59 aa 89 e3 89 db ba aa 9e bb 89 e3 89 db aa b9 aa ee 89 e3 89 db 9a ad ba ea 89 e3 89 db ae d9 a6 aa 89 e3 89 db fb aa eb e6 89 e3 89 db ae aa 9e a9 89 e3 89
00:aa 19 b8 81 02 38 00 00 db ba a6 ba ab 89 e3 03 49 40 80 40 80 89 e3 00 00 00 03 01 01 89 db 00 00 00 00 55 55 89 db 00 00 00 00 54 54 89 e3 89 db be ea aa e6 89 e3 00 00 00 00 05 05 89 db 00
00:aa 19 f0 81 02 38 00 00 00 00 00 55 55 a6 b4 00 00 00 00 55 55 a6 b4 00 00 00 00 55 55 89 e3 89 db a6 ee aa ae 89 e3 00 00 00 01 01 01 89 e3 00 00 00 70 70 70 89 e3 89 db ab ba e6 ea 89 e3 03
00:aa 19 28 82 02 38 00 00 49 40 c0 40 40 89 e3 00 00 01 01 01 01 89 db 00 00 54 54 54 54 89 e3 89 db aa 9a 6b 9a 69 e3 00 00 05 05 05 05 89 e3 89 db aa aa aa ae 89 e3 00 00 01 01 01 01 89 e3 00
00:aa 19 60 82 02 38 00 00 00 70 70 70 70 89 e3 89 db a6 ba ea aa 89 e3 03 49 80 40 80 40 89 e3 00 00 01 01 01 01 89 db 00 00 54 54 54 54 89 e3 89 db ab ee 6a aa 69 e3 00 00 05 05 05 05 89 e3 89
00:aa 19 98 82 02 38 00 00 db ae aa aa ae 89 e3 00 00 01 01 01 01 89 e3 00 00 70 70 70 70 89 e3 89 db aa e6 ea ee 89 e3 83 51 80 40 c0 40 89 e3 00 00 01 01 01 01 89 db 00 00 54 54 54 54 89 e3 89
00:aa 19 d0 82 02 38 00 00 db bb ea ba 00 69 e3 00 00 05 05 05 05 69 e3 89 db 9d bf bf 00 89 e3 00 00 01 01 01 01 89 e3 00 00 70 70 70 70 89 e3 49 e3 00 00 00 ff 00 00 00 00 00 00 00 00 00 00 00
00:aa 19 08 83 02 38 00 00 00 00 00 00 00 00 00 00 00 00 00 00 00 00 00 00 00 00 00 00 00 00 00 00 00 00 00 00 00 00 00 00 00 00 00 00 00 00 00 00 00 00 00 00 00 00 00 00 00 00 00 00 7f e0 00 00
00:aa 19 40 83 02 38 00 00 00 00 00 0f ff c0 00 00 00 00 01 e0 3e 00 00 00 00 00 3f fb e0 00 00 00 00 03 ff fe 00 00 00 00 00 ff ff f0 00 00 00 00 0f ff ff 80 00 00 00 00 ff ff f8 00 00 00 00 1f
00:aa 19 78 83 02 38 00 00 ff ff 80 00 00 00 01 ff ff f8 00 00 00 00 3f ff ff 00 00 00 00 03 ff ff f8 00 00 00 00 3f ff ff 80 00 00 00 03 ff ff f8 00 00 00 00 07 ff ff 80 00 00 00 00 7f ff 80 00
00:aa 19 b0 83 02 38 00 00 00 00 00 07 71 f8 00 00 00 00 00 77 1f 80 00 00 00 00 03 71 f8 00 00 00 00 00 00 1f 80 00 00 00 00 00 00 00 00 00 00 00 00 00 00 00 00 00 00 00 00 00 00 00 00 00 00 00
00:aa 19 e8 83 02 38 00 00 00 00 00 00 00 00 00 00 00 00 00 00 00 00 00 00 00 00 00 00 00 00 00 00 00 00 00 00 00 00 00 00 00 00 00 00 00 00 00 00 00 00 00 00 0f 12 63 00 00 00 00 55 0f 12 63 00
00:aa 19 20 84 02 38 00 00 00 00 00 55 0f 12 63 00 00 00 00 55 0f 12 63 00 00 00 00 55 0f 12 63 00 00 00 00 55 0f 12 63 00 00 00 00 55 0f 12 63 00 00 00 00 55 00 00 00 00 00 00 00 00 0f 12 00 00
00:aa 19 58 84 02 38 00 00 55 55 55 40 0f 12 00 00 70 70 70 15 0f 12 00 00 00 00 02 55 00 00 00 00 00 00 00 00 00 00 00 00 00 00 00 00 00 00 00 00 00 00 00 00 00 00 00 00 00 00 00 00 00 00 00 00
00:aa 19 90 84 02 38 00 00 00 00 00 00 00 00 00 00 00 00 00 00 00 00 00 00 00 00 00 00 0f 12 00 00 40 40 40 55 0f 12 00 00 01 01 01 54 0f 12 00 00 55 55 55 01 00 00 00 00 00 00 00 00 0f 12 00 00
00:aa 19 c8 84 02 38 00 00 55 55 55 40 0f 12 00 00 40 40 40 d5 0f 12 00 00 15 15 15 55 00 00 00 00 00 00 00 00 00 00 00 00 00 00 00 00 0f 12 00 00 54 54 54 55 ef 11 00 00 01 01 01 54 0f 12 00 00
00:aa 19 00 85 02 38 00 00 55 55 55 09 00 00 00 00 00 00 00 00 0f 12 00 00 55 55 55 50 0f 12 00 00 40 40 40 00 69 e3 00 00 55 55 c0 c0 69 e3 00 00 55 55 00 00 69 e3 00 00 55 55 00 00 69 e3 00 00
00:aa 19 38 85 02 38 00 00 55 55 00 00 69 e3 00 00 55 55 00 00 69 e3 00 00 55 55 00 00 69 e3 00 00 55 55 00 00 69 e3 00 00 55 55 15 15 00 00 00 00 00 00 00 00 00 00 00 00 00 00 00 00 00 00 00 00
00:aa 19 70 85 02 38 00 00 00 00 00 00 0f 12 00 00 54 54 54 54 0f 12 00 00 09 09 09 09 0f 12 00 00 55 5c 5c 5c 0f 12 00 00 50 00 00 00 0f 12 00 00 00 00 00 00 89 db 0f 1a 40 40 40 40 89 db 00 00
00:aa 19 a8 85 02 38 00 00 00 00 00 00 89 db 00 00 00 00 00 00 89 db 00 00 00 00 00 00 89 db 00 00 00 00 00 00 89 db 00 00 00 00 00 00 89 db 00 00 00 00 00 00 89 db 00 00 15 00 00 00 89 db 00 00
00:aa 19 e0 85 02 38 00 00 55 00 00 00 89 db 00 00 55 00 00 00 89 db 00 00 55 00 00 00 89 db 00 00 55 00 00 00 89 db 0f 12 55 01 01 01 0f 12 00 00 09 09 09 09 00 00 00 00 00 00 00 00 00 00 00 00
00:aa 19 18 86 02 38 00 00 00 00 00 00 0f 12 00 00 5c 5c 5c 5c 0f 12 00 00 00 00 00 00 0f 12 00 00 00 00 00 00 89 db 00 10 c0 d5 d5 d5 89 db 20 18 00 40 40 40 89 db 00 10 00 01 01 01 89 db 20 10
00:aa 19 50 86 02 38 00 00 00 54 54 54 89 db 00 00 00 00 00 00 89 db 00 00 00 00 00 00 89 db 00 00 00 00 00 00 89 db 00 00 00 00 00 00 89 db 00 00 00 00 00 00 89 db 89 db 00 00 00 00 89 db 00 00
00:aa 19 88 86 02 38 00 00 00 00 00 00 89 db 89 db 00 00 00 00 89 db 0f 12 01 01 01 01 0f 12 00 00 09 00 00 00 cf 11 00 00 55 05 05 05 00 00 00 00 00 00 00 00 00 00 00 00 00 00 00 00 0f 12 00 00
00:aa 19 c0 86 02 38 00 00 5c 5c 5c 5c 0f 12 00 00 00 00 00 00 0f 12 00 00 00 00 00 00 89 db 0f 1a 55 40 40 40 89 db 00 10 40 15 15 15 89 db 00 10 01 54 54 54 89 db 00 10 54 00 00 00 89 db 00 00
00:aa 19 f8 86 02 38 00 00 00 00 00 00 89 db 00 00 00 00 00 00 89 db 00 00 00 00 00 00 89 db 00 00 00 00 00 00 89 db 00 00 00 00 00 00 03 49 00 10 15 15 15 15 89 db e7 ba 40 40 40 40 89 e3 00 10
00:aa 19 30 87 02 38 00 00 01 01 01 01 0f 12 00 10 5c 54 54 54 0f 12 00 00 00 00 00 00 0f 12 ae 11 05 00 00 00 b0 11 00 00 05 05 05 05 00 00 00 00 00 00 00 00 00 00 00 00 00 00 00 00 0f 12 00 00
00:aa 19 68 87 02 38 00 00 5c 5c 5c 5c 0f 12 00 00 00 00 00 00 0f 12 00 00 00 00 00 00 89 db 0f 1a 40 40 40 40 89 db 07 bb 15 00 00 00 89 db 07 bb 54 00 00 00 89 db 00 00 00 00 00 00 89 db 00 00
00:aa 19 a0 87 02 38 00 00 00 00 00 00 89 db 00 00 00 00 00 00 89 db 00 00 00 00 00 00 89 db 00 00 00 00 00 00 89 db 00 00 00 00 00 00 a9 e3 89 db 00 ff ff ff 25 8a 00 10 d5 d5 d5 00 89 db 00 08
00:aa 19 d8 87 02 38 00 00 54 54 54 a8 89 db 0f 12 01 01 01 01 0f 12 00 00 00 00 00 00 0f 12 00 00 00 00 00 00 0f 12 00 00 05 05 05 05 28 c4 00 00 54 54 54 54 89 db 00 00 00 00 00 00 89 db 00 00
00:aa 19 10 88 02 38 00 00 00 00 00 00 89 db 0f 12 0d 0d 0d 0a 0a a3 0f 12 55 55 55 05 0f 12 00 00 00 00 00 00 89 db 0f 1a 40 40 40 40 89 db 00 00 00 00 00 00 89 db 00 00 00 00 00 00 89 db 00 00
00:aa 19 48 88 02 38 00 00 00 00 00 00 89 db 00 00 00 00 00 00 89 db 00 00 00 00 00 00 89 db 00 00 00 00 00 00 89 db 00 00 00 00 00 00 89 db 00 00 00 00 00 00 89 db 00 00 00 00 00 00 89 db 00 00
00:aa 19 80 88 02 38 00 00 00 00 00 00 89 db 00 00 00 00 00 00 89 db 0f 12 01 01 01 01 0f 12 00 00 00 00 00 00 0f 12 00 00 00 00 00 00 0f 12 00 00 05 05 05 05 28 c4 00 00 54 54 54 54 89 db 00 00
00:aa 19 b8 88 02 38 00 00 00 00 00 00 89 db 00 00 00 00 00 00 89 db 00 00 00 00 00 00 89 db 0f 12 05 05 05 0a 4a bb 0f 12 55 55 55 00 89 db 0f 1a 40 40 40 80 89 db 00 00 00 00 00 00 89 db 00 00
00:aa 19 f0 88 02 38 00 00 00 00 00 00 89 db 00 00 00 00 00 00 89 db 00 00 00 00 00 00 89 db 00 00 00 00 00 00 89 db 00 00 00 00 00 00 89 db 00 00 00 00 00 00 89 db 00 00 00 00 00 00 89 db 00 00
00:aa 19 28 89 02 38 00 00 00 00 00 00 89 db 00 00 00 00 00 00 89 db 00 00 00 00 00 00 89 db 0f 12 01 01 01 01 0f 12 00 00 00 00 00 00 0f 12 00 00 00 00 0a 05 b0 11 00 00 05 05 a5 55 00 00 00 00
00:aa 19 60 89 02 38 00 00 00 00 00 00 28 c4 00 00 54 54 54 54 89 db 00 00 00 00 00 00 89 db 00 00 00 00 00 00 89 db 00 00 00 00 00 00 89 db 00 00 00 00 00 00 89 db 00 00 00 00 00 00 89 db 00 00
00:aa 19 98 89 02 38 00 00 00 00 00 00 89 db 00 00 00 00 00 00 89 db 00 00 00 00 00 00 89 db 00 00 00 00 00 00 89 db 00 00 00 00 00 00 89 db 00 00 00 00 00 00 89 db 00 00 00 00 00 00 89 db 00 00
00:aa 19 d0 89 02 38 00 00 00 00 00 00 89 db 00 00 00 00 00 00 89 db 00 00 00 00 00 00 89 db 00 00 00 00 00 00 89 db 00 00 00 00 00 00 89 db 0f 12 01 01 03 02 0f 12 00 00 00 00 aa 55 0f 12 00 00
00:aa 19 08 8a 02 38 00 00 05 05 a5 55 00 00 00 00 00 00 00 00 28 c4 00 00 54 54 56 55 89 db 00 00 00 00 aa 55 89 db 00 00 00 00 aa 55 89 db 00 00 00 00 a0 50 89 db 00 00 00 00 00 00 89 db 00 00
00:aa 19 40 8a 02 38 00 00 00 00 00 00 89 db 00 00 00 00 00 00 89 db 00 00 00 00 00 00 89 db 00 00 00 00 00 00 89 db 00 00 00 00 00 00 89 db 00 00 00 00 00 00 89 db 00 00 00 00 00 00 89 db 00 00
00:aa 19 78 8a 02 38 00 00 00 00 00 00 89 db 00 00 00 00 00 00 89 db 00 00 00 00 00 00 89 db 00 00 00 00 00 00 89 db 00 00 00 00 00 00 89 db 00 00 00 00 00 00 89 db c4 85 01 01 00 00 89 db 00 00
00:aa 19 b0 8a 02 38 00 00 55 55 00 00 89 db 00 00 55 55 00 00 69 e3 00 00 55 55 15 15 00 00 00 00 00 00 00 00 00 00 00 00 00 00 00 00 00 00 00 00 00 00 00 00 00 00 00 00 00 00 00 00 06 a5 00 00
00:aa 19 e8 8a 02 38 00 00 50 50 50 50 89 db 00 00 00 00 00 00 89 db 00 00 00 00 00 00 89 db 00 00 00 00 00 00 89 db 00 00 00 00 00 00 89 db 00 00 00 00 00 00 89 db 00 00 00 00 00 00 89 db 00 00
00:aa 19 20 8b 02 38 00 00 00 00 00 00 89 db 00 00 00 00 00 00 89 db 00 00 00 00 00 00 89 db 00 00 00 00 00 00 89 db 00 00 00 00 00 00 89 db 00 00 00 00 00 00 89 db 00 00 00 00 00 00 89 db 00 00
00:aa 19 58 8b 02 38 00 00 00 00 00 00 89 db 00 00 00 00 00 00 89 db 00 00 00 00 00 00 89 db 00 00 00 00 00 00 69 e3 00 00 15 15 15 15 00 00 00 00 00 00 00 00 00 00 00 00 00 00 00 00 00 00 00 00
00:aa 19 90 8b 02 38 00 00 00 00 00 00 89 db 00 00 55 58 58 58 89 db 00 00 50 00 00 00 89 db 00 00 00 00 00 00 89 db 00 00 00 00 00 00 89 db 00 00 00 00 00 00 89 db 00 00 00 00 00 00 89 db 00 00
00:aa 19 c8 8b 02 38 00 00 00 00 00 00 89 db 00 00 00 00 00 00 89 db 00 00 00 00 00 00 89 db 00 00 00 00 00 00 89 db 00 00 00 00 00 00 89 db 00 00 00 00 00 00 89 db 00 00 00 00 00 00 89 db 00 00
00:aa 19 00 8c 02 38 00 00 00 00 00 00 89 db 00 00 00 00 00 00 89 db 00 00 00 00 00 00 89 db 00 00 00 00 00 00 89 db 00 00 00 00 00 00 89 db 00 00 00 00 00 00 69 e3 00 00 15 15 15 15 89 db 00 00
00:aa 19 38 8c 02 38 00 00 58 58 58 58 89 db 00 00 00 00 00 00 89 db 00 00 00 00 00 00 89 db 00 00 00 00 00 00 89 db 00 00 00 00 00 00 89 db 00 00 00 00 00 00 89 db 00 00 00 00 00 00 89 db 00 00
00:aa 19 70 8c 02 38 00 00 00 00 00 00 89 db 00 00 00 00 00 00 89 db 00 00 00 00 00 00 89 db 00 00 00 00 00 00 89 db 00 00 00 00 00 00 89 db 00 00 00 00 00 00 89 db 00 00 00 00 00 00 89 db 00 00
00:aa 19 a8 8c 02 38 00 00 00 00 00 00 69 e3 89 db ff ff ff fe 69 e3 89 db ff ff ff aa 69 e3 89 db ff ff ff aa 69 e3 89 db ff ff ff aa 69 e3 00 00 15 15 15 15 89 db 00 00 58 58 58 58 89 db 00 00
00:aa 19 e0 8c 02 38 00 00 00 00 00 00 89 db 00 00 00 0d 0d 0d 29 eb 00 00 00 55 55 55 89 db 00 00 00 40 40 40 89 db 00 00 00 00 00 00 69 e3 89 db ff ff ff ea 69 e3 89 db ff ff ff aa 69 e3 89 db
00:aa 19 18 8d 02 38 00 00 ff ff ff aa 69 e3 89 db ff ff ff aa 69 e3 89 db ff ff ff bf 89 db 00 00 00 00 00 00 69 e3 89 db ff ff ff ea 69 e3 89 db ff ff ff aa 89 db 00 00 00 00 00 00 89 db 65 95
00:aa 19 50 8d 02 38 00 00 01 01 01 01 89 db 00 00 58 58 58 58 89 db 00 00 00 00 00 00 89 db 00 00 0d 0d 0d 0d 89 db 00 00 40 40 40 40 89 db 00 00 00 00 00 00 41 10 00 00 15 15 15 15 89 db 00 00
00:aa 19 88 8d 02 38 00 00 40 40 40 40 89 db 00 00 00 00 00 00 89 db 00 00 15 15 15 15 62 39 00 00 54 54 54 54 89 db 00 00 00 00 00 00 89 db 65 95 01 01 01 01 89 db 00 00 58 58 58 55 89 db 00 00
00:aa 19 c0 8d 02 38 00 00 00 00 00 55 89 db 00 00 0d 0d 0d 55 89 db 00 00 40 40 40 40 89 db 00 00 00 00 00 00 41 10 00 00 15 15 15 15 89 db 00 00 40 40 40 40 89 db 00 00 00 00 00 00 89 db 00 00
00:aa 19 f8 8d 02 38 00 00 15 15 15 15 62 39 00 00 54 54 54 54 89 db 00 00 00 00 00 00 89 db 65 95 01 01 01 01 00 00 00 00 00 00 00 00 00 00 00 00 00 00 00 00 89 db 00 00 40 40 7f 55 89 db 00 00
00:aa 19 30 8e 02 38 00 00 00 00 ff 55 41 10 00 00 15 15 d5 55 89 db 00 00 40 40 40 40 89 db 00 00 00 00 00 00 89 db 00 00 15 15 15 15 62 39 00 00 54 54 54 54 89 db 00 00 00 00 00 00 89 db 65 95
00:aa 19 68 8e 02 38 00 00 01 01 01 01 89 db 00 00 40 40 5f 55 89 db 00 00 00 00 ff 55 89 db 00 00 15 15 d5 55 62 39 00 00 54 54 55 55 89 db 00 00 00 00 ff 55 89 db 00 00 02 02 fd 55 00 00 00 00
00:aa 19 a0 8e 02 38 00 00 00 00 00 00 00 00 00 00 00 00 00 00 00 00 00 00 00 00 00 00 00 00 00 00 00 00 00 00 00 00 00 00 00 00 00 00 00 00 00 00 00 00 00 00 00 00 00 00 00 00 00 00 00 00 00 00
00:aa 19 d8 8e 02 38 00 00 00 00 00 1f e0 00 00 00 00 00 07 ff c0 00 00 00 00 00 e0 3e 00 00 00 00 00 1f f8 e0 00 00 00 00 03 ff fe 00 00 00 00 00 3f ff f0 00 00 00 00 07 ff ff 80 00 00 00 00 7f
00:aa 19 10 8f 02 38 00 00 ff f8 00 00 00 00 1f ff ff 80 00 00 00 01 ff ff f8 00 00 00 00 1f ff ff 80 00 00 00 01 ff ff f8 00 00 00 00 1f ff ff 80 00 00 00 00 7f ff f8 00 00 00 00 07 ff ff 80 00
00:aa 19 48 8f 02 38 00 00 00 00 00 7f ff c0 00 00 00 00 07 f1 fc 00 00 00 00 00 7f 1f c0 00 00 00 00 03 f1 fc 00 00 00 00 00 3b 1f c0 00 00 00 00 00 00 00 00 00 00 00 00 00 00 00 00 00 00 00 00
00:aa 19 80 8f 02 38 00 00 00 00 00 00 00 00 00 00 00 00 00 00 00 00 00 00 00 00 00 00 00 00 00 00 00 00 00 0f 12 00 00 55 6a 40 40 0f 12 00 00 55 aa 00 00 0f 12 00 00 55 aa 00 00 0f 12 00 00 55
00:aa 19 b8 8f 02 38 00 00 aa 00 00 0f 12 00 00 55 aa 00 00 0f 12 00 00 55 aa 00 00 0f 12 00 00 55 aa 00 00 0f 12 00 00 55 95 15 15 0f 12 00 00 55 70 70 70 0f 12 00 00 55 00 00 00 0f 12 00 00 40
00:aa 19 f0 8f 02 38 00 00 55 55 55 0f 12 00 00 00 55 55 55 0f 12 00 00 00 55 55 55 0f 12 00 00 00 55 55 55 0f 12 00 00 00 55 55 55 0f 12 00 00 00 55 55 55 0f 12 00 00 00 55 55 55 0f 12 00 00 15
00:aa 19 28 90 02 38 00 00 40 40 40 0f 12 00 00 55 00 00 00 00 00 00 00 00 00 00 00 00 00 00 00 00 00 00 00 0f 12 00 00 5f 58 58 58 0f 12 00 00 d5 15 15 15 00 00 00 00 00 00 00 00 0f 12 00 00 40
00:aa 19 60 90 02 38 00 00 55 55 55 0f 12 00 00 00 55 55 55 0f 12 00 00 55 40 40 40 00 00 00 00 00 00 00 00 00 00 00 00 00 00 00 00 0f 12 00 00 55 58 58 58 0f 12 00 00 58 05 05 05 0f 12 00 00 15
00:aa 19 98 90 02 38 00 00 55 55 55 00 00 00 00 00 00 00 00 00 00 00 00 00 00 00 00 00 00 00 00 00 00 00 00 00 00 00 00 00 00 00 00 00 00 00 00 00 00 00 00 00 00 00 00 00 00 00 00 00 00 00 00 00
00:aa 19 d0 90 02 38 00 00 00 00 00 0f 12 00 00 40 55 55 55 0f 12 00 00 55 40 40 40 00 00 00 00 00 00 00 00 00 00 00 00 00 00 00 00 0f 12 00 00 58 58 58 58 0f 12 00 00 05 05 05 05 00 00 00 00 00
00:aa 19 08 91 02 38 00 00 00 00 00 00 00 00 00 00 00 00 00 00 00 00 00 00 00 00 00 00 00 00 00 00 00 00 00 00 00 00 00 00 00 00 00 00 00 00 00 00 00 00 00 00 00 00 00 00 00 00 00 00 00 00 00 00
00:aa 19 40 91 02 38 00 00 00 00 00 00 00 00 00 00 00 00 00 00 00 00 00 00 00 00 00 00 00 00 00 00 00 00 00 00 00 00 00 00 00 00 00 0f 12 21 00 40 40 40 c0 00 00 00 00 00 00 00 00 6f 11 00 00 54
00:aa 19 78 91 02 38 00 00 54 54 54 0f 12 00 00 00 00 00 00 89 db 0f 12 58 58 58 58 89 db 00 00 00 00 00 00 89 db 00 00 00 00 00 00 89 db 00 00 00 00 00 00 89 db 00 00 00 00 00 00 89 db 00 00 00
00:aa 19 b0 91 02 38 00 00 00 00 00 89 db 00 00 00 00 00 00 89 db 00 00 00 00 00 00 89 db 00 00 00 00 00 00 89 db 00 00 00 00 00 00 89 db 00 00 00 00 00 00 89 db 00 00 00 00 00 00 89 db 00 00 00
00:aa 19 e8 91 02 38 00 00 00 00 00 0f 1a 0f 12 2a 2a 2a 2a 0f 12 63 00 01 01 01 00 0f 12 00 00 55 55 55 09 4d 11 00 00 54 54 54 54 0f 12 00 00 00 00 00 00 0f 12 00 00 00 00 00 00 89 db 0f 12 58
00:aa 19 20 92 02 38 00 00 58 5a 55 89 db 00 08 00 00 a0 50 89 db 00 00 00 00 00 00 89 db 00 08 00 00 2a 95 89 db c5 71 00 00 80 40 89 db 00 00 00 00 00 00 89 db 00 00 00 00 00 00 89 db 00 00 00
00:aa 19 58 92 02 38 00 00 00 00 00 89 db 00 00 00 00 00 00 89 db 00 08 00 00 00 05 89 db 00 08 00 00 00 50 89 db 00 00 00 00 00 00 89 db 00 08 00 00 00 95 0f 1a 0f 12 2a 2a 2a aa 0f 12 00 00 00
00:aa 19 90 92 02 38 00 00 00 00 00 0f 12 00 00 09 09 09 09 00 00 00 00 00 00 00 00 4d 11 00 00 54 54 54 54 0f 12 00 00 00 00 00 00 0f 12 00 00 00 00 00 00 0f 12 00 08 0d 0d 0f 00 89 db 00 08 50
00:aa 19 c8 92 02 38 00 00 50 fa 05 89 db 00 08 00 00 aa 55 89 db 00 08 95 95 bf c0 89 db c5 71 40 40 c0 00 89 db 00 00 00 00 00 00 89 db 00 00 00 00 00 00 89 db 00 00 00 00 00 00 89 db 00 00 00
00:aa 19 00 93 02 38 00 00 00 00 00 89 db 41 10 05 05 05 00 89 db 00 08 50 50 50 05 89 db 00 08 00 00 00 55 89 db 00 08 95 95 95 80 0f 1a 0f 12 aa aa aa 2a 0f 12 00 00 00 00 00 00 0f 12 00 00 09
00:aa 19 38 93 02 38 00 00 09 09 09 00 00 00 00 00 00 00 00 00 00 00 00 00 00 00 00 00 00 00 00 00 00 00 00 4d 11 00 00 54 54 54 54 0f 12 00 00 00 00 00 00 0f 12 00 00 00 00 00 00 89 db 0f 12 58
00:aa 19 70 93 02 38 00 00 58 58 58 89 db 21 10 05 05 00 00 89 db 00 08 55 55 00 00 89 db a4 69 40 40 00 00 89 db 00 00 00 00 00 00 89 db 00 00 00 00 00 00 89 db 00 00 00 00 00 00 89 db 00 00 00
00:aa 19 a8 93 02 38 00 00 00 00 00 89 db 00 00 00 00 00 00 89 db 00 00 00 00 00 00 89 db 00 08 05 05 00 00 89 db 00 08 55 55 00 00 89 db c5 71 40 40 00 00 0f 1a 0f 12 2a 2a 2a 2a 0f 12 00 00 00
00:aa 19 e0 93 02 38 00 00 00 00 00 0f 12 00 00 09 09 09 09 00 00 00 00 00 00 00 00 89 db 00 00 55 55 40 40 89 db 00 00 55 55 00 00 89 db 00 00 57 57 00 00 89 db ef 11 55 55 01 01 0f 12 00 00 00
00:aa 19 18 94 02 38 00 00 00 00 00 89 db 0f 12 58 58 58 58 89 db 00 00 00 00 00 00 89 db 00 00 00 00 00 00 89 db 00 00 00 00 00 00 89 db 00 00 00 00 00 00 89 db 00 00 00 00 00 00 89 db 00 00 00
00:aa 19 50 94 02 38 00 00 00 00 00 89 db 00 00 00 00 00 00 89 db 00 00 00 00 00 00 89 db 00 00 00 00 00 00 89 db 00 00 00 00 00 00 89 db 00 00 00 00 00 00 89 db 00 00 00 00 00 00 0f 1a 0f 12 2a
00:aa 19 88 94 02 38 00 00 2a 2a 2a 0f 12 00 00 00 00 00 00 89 db ef 09 55 5c 00 00 89 db 00 00 55 01 01 01 89 db 00 00 40 40 40 40 89 db 00 00 00 00 00 00 89 db 00 00 00 00 00 00 89 db ef 11 01
00:aa 19 c0 94 02 38 00 00 00 00 00 89 db ef 11 55 0d 00 00 89 db 0f 12 58 58 00 00 89 db 00 00 00 00 00 00 89 db 00 00 00 00 00 00 89 db 00 00 00 00 00 00 89 db 00 00 00 00 00 00 89 db 00 00 00
00:aa 19 f8 94 02 38 00 00 00 00 00 89 db 00 00 00 00 00 00 89 db 00 00 00 00 00 00 89 db 00 00 00 00 00 00 89 db 00 00 00 00 00 00 89 db 00 00 00 00 00 00 89 db 00 00 00 00 00 00 89 db 00 00 00
00:aa 19 30 95 02 38 00 00 00 00 00 89 db ef 11 55 00 00 00 89 db ef 11 55 00 00 00 89 db 69 db aa aa aa aa 89 db 00 00 01 01 01 01 89 db 00 00 40 40 40 40 89 db 00 00 00 00 00 00 89 db 00 00 00
00:aa 19 68 95 02 38 00 00 00 00 00 89 db 00 00 00 00 00 00 89 db 00 00 00 00 00 00 89 db 00 00 00 00 00 00 89 db 00 00 00 00 00 00 89 db 00 00 00 00 00 00 89 db 00 00 00 00 00 00 89 db 00 00 00
00:aa 19 a0 95 02 38 00 00 00 00 00 89 db 00 00 00 00 00 00 89 db 00 00 00 00 00 00 89 db 00 00 00 00 00 00 89 db 00 00 00 00 00 00 89 db 00 00 00 00 00 00 89 db 00 00 00 00 00 00 89 db 00 00 00
00:aa 19 d8 95 02 38 00 00 00 00 00 89 db 00 00 00 00 00 00 89 db 00 00 00 00 00 00 89 db 00 00 00 00 00 00 89 db 00 00 00 00 00 00 89 db 00 00 01 01 01 01 89 db 00 00 40 40 40 40 69 e3 89 db ff
00:aa 19 10 96 02 38 00 00 ff ff fe 69 e3 89 db ff ff ff eb 69 e3 89 db ff ff ff bf 89 db 00 00 00 00 00 00 89 db 00 00 00 00 00 00 89 db 00 00 00 00 00 00 89 db 00 00 00 00 00 00 89 db 00 00 00
00:aa 19 48 96 02 38 00 00 00 00 00 89 db 00 00 00 00 00 00 89 db 00 00 00 00 00 00 89 db 00 00 00 00 00 00 89 db 00 00 00 00 00 00 89 db 00 00 00 00 00 00 89 db 00 00 00 00 00 00 89 db 00 00 00
00:aa 19 80 96 02 38 00 00 00 00 00 89 db 00 00 00 00 00 00 89 db 00 00 00 00 00 00 89 db 00 00 00 00 00 00 89 db 00 00 00 00 00 55 89 db 00 00 00 00 00 55 89 db 00 00 01 01 01 55 00 00 00 00 00
00:aa 19 b8 96 02 38 00 00 00 00 00 69 e3 00 00 54 54 54 54 89 db 00 00 00 00 00 00 89 db 00 00 00 00 00 00 89 db 00 00 00 00 00 00 89 db 00 00 00 00 00 00 89 db 00 00 00 00 00 00 89 db 00 00 00
00:aa 19 f0 96 02 38 00 00 00 00 00 89 db 00 00 00 00 00 00 89 db 00 00 00 00 00 00 89 db 00 00 00 00 00 00 89 db 00 00 00 00 00 00 89 db 00 00 00 00 00 00 89 db 00 00 00 00 00 00 89 db 00 00 00
00:aa 19 28 97 02 38 00 00 00 00 00 89 db 00 00 00 00 00 00 89 db 00 00 00 00 00 00 00 00 00 00 00 00 00 00 00 00 00 00 00 00 00 00 00 00 00 00 00 00 00 00 00 00 00 00 00 00 00 00 69 e3 00 00 54
00:aa 19 60 97 02 38 00 00 54 54 54 89 db 00 00 00 00 00 00 89 db 00 00 00 00 00 00 89 db 00 00 00 00 00 00 89 db 00 00 00 00 00 00 89 db 00 00 00 00 00 00 89 db 00 00 00 00 00 00 89 db 00 00 00
00:aa 19 98 97 02 38 00 00 00 00 00 89 db 00 00 00 00 00 00 89 db 00 00 00 00 00 00 89 db 00 00 00 00 00 00 89 db 00 00 00 00 00 00 89 db 00 00 00 00 00 00 89 db 00 00 00 00 00 00 89 db 00 00 00
00:aa 19 d0 97 02 38 00 00 00 00 00 89 db 00 00 00 00 00 15 00 00 00 00 00 00 00 00 00 00 00 00 00 00 00 00 00 00 00 00 00 00 00 00 00 00 00 00 00 00 00 00 69 e3 00 00 54 54 54 54 89 db 00 00 00
00:aa 19 08 98 02 38 00 00 00 00 00 89 db 00 00 00 00 0a 0d 89 db 00 00 00 00 aa 55 89 db c2 56 00 00 70 f0 89 db 00 00 00 00 00 00 89 db 00 00 00 00 6a 55 89 db 00 00 00 00 aa 55 89 db 00 00 00
00:aa 19 40 98 02 38 00 00 00 aa 55 89 db 00 00 00 00 a8 54 89 db 00 00 00 00 00 00 89 db 00 00 00 00 0a 05 89 db 00 00 00 00 aa 55 89 db 00 00 00 00 80 40 89 db 00 00 00 00 00 00 89 db 00 00 15
00:aa 19 78 98 02 38 00 00 15 15 15 00 00 00 00 00 00 00 00 69 e3 00 00 54 54 54 54 89 db 00 00 00 00 00 00 89 db 00 00 0d 0d 0d 0d 00 00 00 00 00 00 00 00 89 db 00 00 60 60 60 60 89 db 00 00 00
00:aa 19 b0 98 02 38 00 00 00 00 00 89 db 00 00 54 54 54 54 89 db 00 00 00 00 00 00 89 db 00 00 05 05 05 05 00 00 00 00 00 00 00 00 89 db 00 00 40 40 40 40 89 db 00 00 00 00 00 00 89 db 00 00 15
00:aa 19 e8 98 02 38 00 00 15 15 15 00 00 00 00 00 00 00 00 69 e3 00 00 54 54 54 54 89 db 00 00 00 00 00 00 89 db 00 00 0d 0d 0d 0d 00 00 00 00 00 00 00 00 89 db 00 00 60 60 60 60 89 db 00 00 00
00:aa 19 20 99 02 38 00 00 00 00 00 89 db 00 00 54 54 54 54 89 db 00 00 00 00 00 00 89 db 00 00 05 05 05 05 00 00 00 00 00 00 00 00 89 db 00 00 40 40 40 40 89 db 00 00 00 00 00 00 89 db 00 00 15
00:aa 19 58 99 02 38 00 00 15 15 15 69 e3 00 00 54 54 54 54 89 db 00 00 00 00 00 00 89 db 00 00 0d 0d 0d 0d 00 00 00 00 00 00 00 00 89 db 00 00 60 60 60 60 89 db 00 00 00 00 00 00 89 db 00 00 54
00:aa 19 90 99 02 38 00 00 54 54 54 89 db 00 00 00 00 00 00 89 db 00 00 05 05 05 05 00 00 00 00 00 00 00 00 89 db 00 00 40 40 40 40 89 db 00 00 00 00 00 00 89 db 00 00 15 15 15 15 e7 bb 00 00 54
00:aa 19 c8 99 02 38 00 00 55 55 55 28 c4 00 00 00 55 55 55 28 c4 00 00 0d 55 55 55 28 c4 00 00 70 55 55 55 28 c4 00 00 00 55 55 55 28 c4 00 00 54 55 55 55 28 c4 00 00 00 55 55 55 28 c4 00 00 05
00:aa 19 00 9a 02 38 00 00 55 55 55 00 00 00 00 00 00 00 00 89 db 00 00 40 7a 55 55 89 db 00 00 00 aa 55 55 69 db 00 00 15 95 55 55 00 00 00 00 00 00 00 00 00 00 00 00 00 00 00 00 00 00 00 00 00
00:aa 19 38 9a 02 38 00 00 00 00 00 00 00 00 00 00 00 00 00 00 00 00 00 00 00 00 00 00 00 00 00 00 00 00 00 00 00 00 00 00 00 00 00 00 00 00 00 00 00 00 00 20 00 00 00 00 00 04 02 00 00 00 00 00
00:aa 19 70 9a 02 38 00 00 00 c0 20 00 00 00 00 00 10 00 00 00 00 00 00 00 00 04 00 00 00 00 00 2f ff f0 00 00 00 00 04 ff fc 00 00 00 00 00 4f ff c0 00 00 00 00 04 ff fd c0 00 00 00 01 ef ff dc
00:aa 19 a8 9a 02 38 00 00 00 00 00 00 1f ff ff c0 00 00 00 01 ff ff fc 00 00 00 00 1f ff ff 80 00 00 00 00 ff ff c0 00 00 00 00 03 ff fc 00 00 00 00 00 3f ff c0 00 00 00 00 03 f9 fc 00 00 00 00
00:aa 19 e0 9a 02 38 00 00 00 3f 9f c0 00 00 00 00 03 f9 fc 00 00 00 00 00 3b 1d c0 00 00 00 00 00 00 00 00 00 00 00 00 00 00 00 00 00 00 00 00 00 00 00 00 00 00 00 00 00 00 00 00 00 00 00 00 00
00:aa 19 18 9b 02 38 00 00 00 00 00 00 00 00 00 00 00 00 0f 12 00 00 55 95 15 15 0f 12 00 00 55 70 70 70 cf 11 00 00 15 40 40 40 0f 12 00 00 5f 58 58 58 0f 12 00 00 d5 15 15 15 0f 12 00 00 40 55
00:aa 19 50 9b 02 38 00 00 55 55 0f 12 00 00 55 58 58 58 0f 12 21 00 40 40 40 c0 6f 11 00 00 54 54 54 54 89 db 0f 12 50 50 50 50 89 db 00 00 00 00 00 00 89 db 00 00 00 00 00 00 89 db 00 00 00 00
00:aa 19 88 9b 02 38 00 00 00 00 89 db 00 00 00 00 00 00 89 db 00 00 00 00 00 00 89 db 00 00 00 00 00 00 89 db 00 00 00 00 00 00 89 db 00 00 00 00 00 00 89 db 00 00 00 00 00 00 89 db 00 00 00 00
00:aa 19 c0 9b 02 38 00 00 00 00 89 db 00 00 00 00 00 00 89 db 00 00 00 00 00 00 0f 12 0f 12 00 00 00 00 0f 12 63 00 01 01 01 00 0f 12 00 00 55 55 55 09 4d 11 00 00 54 54 54 54 89 db 0f 12 50 50
00:aa 19 f8 9b 02 38 00 00 58 55 89 db 00 08 00 00 a0 50 89 db 00 00 00 00 00 00 89 db 00 08 00 00 2a 95 89 db c5 69 00 00 80 40 89 db 00 00 00 00 00 00 89 db 00 00 00 00 00 00 89 db 00 00 00 00
00:aa 19 30 9c 02 38 00 00 00 00 89 db 00 00 00 00 00 00 89 db 00 08 00 00 00 05 89 db 00 08 00 00 00 50 89 db 00 00 00 00 00 00 89 db 00 08 00 00 00 d5 0f 12 ef 11 00 00 00 c0 4d 11 00 00 54 54
00:aa 19 68 9c 02 38 00 00 54 54 0f 12 00 08 0d 0d 0f 00 89 db 00 08 50 50 fa 05 89 db 00 08 00 00 aa 55 89 db 00 08 95 95 bf c0 89 db c5 69 40 40 c0 00 89 db 00 00 00 00 00 00 89 db 00 00 00 00
00:aa 19 a0 9c 02 38 00 00 00 00 89 db 00 00 00 00 00 00 89 db 00 00 00 00 00 00 89 db 41 10 05 05 05 00 89 db 00 08 50 50 50 05 89 db 00 08 00 00 00 55 89 db 41 10 d5 d5 d5 80 0f 12 ef 11 c0 c0
00:aa 19 d8 9c 02 38 00 00 80 00 4d 11 00 00 54 54 54 54 89 db 0f 12 50 50 50 50 89 db 21 10 05 05 00 00 89 db 00 08 55 55 00 00 89 db 85 61 40 40 00 00 89 db 00 00 00 00 00 00 89 db 00 00 00 00
00:aa 19 10 9d 02 38 00 00 00 00 89 db 00 00 00 00 00 00 89 db 00 00 00 00 00 00 89 db 00 00 00 00 00 00 89 db 00 00 00 00 00 00 89 db 00 08 05 05 00 00 89 db 00 08 55 55 00 00 89 db 05 82 40 40
00:aa 19 48 9d 02 38 00 00 00 00 0f 12 0f 12 00 00 00 00 89 db 0f 12 55 55 5c 5c 89 db 00 00 55 55 00 00 89 db 00 00 55 55 05 05 00 00 00 00 00 00 00 00 00 00 00 00 00 00 00 00 4d 11 00 00 54 54
00:aa 19 80 9d 02 38 00 00 55 55 0f 12 00 00 00 00 54 54 89 db 0f 12 50 50 50 50 89 db 00 00 00 00 00 00 89 db 00 00 00 00 00 00 89 db 00 00 00 00 00 00 89 db 00 00 00 00 00 00 89 db 00 00 00 00
00:aa 19 b8 9d 02 38 00 00 00 00 89 db 00 00 00 00 00 00 89 db 00 00 00 00 00 00 89 db 00 00 00 00 00 00 89 db 00 00 00 00 00 00 89 db 00 00 00 00 00 00 89 db 00 00 00 00 00 00 89 db 00 00 00 00
00:aa 19 f0 9d 02 38 00 00 00 00 0f 12 0f 12 00 00 00 00 89 db ef 09 5c 5c 00 00 89 db 00 00 00 00 00 00 69 e3 00 00 05 05 05 05 00 00 00 00 00 00 00 00 89 db 00 00 40 40 40 40 69 e3 89 db aa ff
00:aa 19 28 9e 02 38 00 00 ff ff 89 db 0f 12 01 01 00 00 89 db 0f 12 55 55 00 00 89 db 0f 12 50 50 00 00 89 db 00 00 00 00 00 00 89 db 00 00 00 00 00 00 89 db 00 00 00 00 00 00 89 db 00 00 00 00
00:aa 19 60 9e 02 38 00 00 00 00 89 db 00 00 00 00 00 00 89 db 00 00 00 00 00 00 89 db 00 00 00 00 00 00 89 db 00 00 00 00 00 00 89 db 00 00 00 00 00 00 89 db 00 00 00 00 00 00 89 db 00 00 00 00
00:aa 19 98 9e 02 38 00 00 00 00 89 db 00 00 00 00 00 00 89 db 0f 12 55 00 00 00 89 db 0f 12 55 00 00 00 89 db 69 db c0 00 00 00 89 db 00 00 00 00 00 00 69 e3 00 00 05 05 05 05 00 00 00 00 00 00
00:aa 19 d0 9e 02 38 00 00 00 00 89 db 00 00 40 40 40 40 89 db 00 00 00 00 00 00 89 db 00 00 00 00 00 00 89 db 00 00 00 00 00 00 89 db 00 00 00 00 00 00 89 db 00 00 00 00 00 00 89 db 00 00 00 00
00:aa 19 08 9f 02 38 00 00 00 00 89 db 00 00 00 00 00 00 89 db 00 00 00 00 00 00 89 db 00 00 00 00 00 00 89 db 00 00 00 00 00 00 89 db 00 00 00 00 00 00 89 db 00 00 00 00 00 00 89 db 00 00 00 00
00:aa 19 40 9f 02 38 00 00 00 00 89 db 00 00 00 00 00 00 89 db 00 00 00 00 00 00 89 db 00 00 00 00 00 00 89 db 03 49 00 00 00 01 89 db 00 00 00 00 00 55 89 db 00 00 00 00 00 55 89 db 00 00 00 00
00:aa 19 78 9f 02 38 00 00 00 55 69 e3 00 00 05 05 05 55 00 00 00 00 00 00 00 00 89 db 00 00 40 40 40 40 89 db 00 00 00 00 00 00 89 db 00 00 00 00 00 00 89 db 00 00 00 00 00 00 89 db 00 00 00 00
00:aa 19 b0 9f 02 38 00 00 00 00 89 db 00 00 00 00 00 00 89 db 00 00 00 00 00 00 89 db 00 00 00 00 00 00 89 db 00 00 00 00 00 00 89 db 00 00 00 00 00 00 89 db 00 00 00 00 00 00 89 db 00 00 00 00
00:aa 19 e8 9f 02 38 00 00 00 00 89 db 00 00 00 00 00 00 89 db 00 00 00 00 00 00 89 db 00 00 00 00 00 00 89 db 00 00 00 00 00 00 89 db 00 00 00 00 00 00 89 db c4 85 01 01 01 01 00 00 00 00 00 00
00:aa 19 20 a0 02 38 00 00 00 00 00 00 00 00 00 00 00 00 00 00 00 00 00 00 00 00 89 db 00 00 40 40 6a 55 89 db 00 00 00 00 aa 55 89 db 00 00 00 00 aa 55 89 db 00 00 00 00 a8 54 89 db 00 00 00 00
00:aa 19 58 a0 02 38 00 00 00 00 89 db 00 00 00 00 00 00 89 db 00 00 00 00 00 00 89 db 00 00 00 00 00 00 89 db 00 00 00 00 00 00 89 db 00 00 00 00 00 00 89 db 00 00 00 00 00 00 89 db 00 00 00 00
00:aa 19 90 a0 02 38 00 00 00 00 89 db 00 00 00 00 00 00 89 db 00 00 00 00 00 00 89 db 00 00 00 00 00 00 89 db 00 00 00 00 00 00 89 db 00 00 00 00 00 00 89 db c4 85 01 01 01 01 00 00 00 00 00 00
00:aa 19 c8 a0 02 38 00 00 00 00 29 eb 00 00 54 54 54 54 89 db 00 00 00 00 00 00 89 db 00 00 00 00 00 00 89 db 00 00 00 00 00 00 89 db 00 00 00 00 00 00 89 db 00 00 00 00 00 00 89 db 00 00 00 00
00:aa 19 00 a1 02 38 00 00 00 00 89 db 00 00 00 00 00 00 89 db 00 00 00 00 00 00 89 db 00 00 00 00 00 00 89 db 00 00 00 00 00 00 89 db 00 00 00 00 00 00 89 db 00 00 00 00 00 00 89 db 00 00 00 00
00:aa 19 38 a1 02 38 00 00 00 00 89 db c4 85 01 01 01 01 00 00 00 00 00 00 00 00 29 eb 00 00 54 54 54 54 89 db 00 00 00 00 00 00 89 db 00 00 00 0d 0d 0d 29 eb 00 00 00 55 55 55 89 db 00 00 00 40
00:aa 19 70 a1 02 38 00 00 40 40 69 e3 89 db ff fe fe fe 89 db 00 00 00 00 55 55 89 db 00 00 00 00 55 55 89 db 00 00 00 00 55 55 89 db 00 00 00 00 50 50 89 db 00 00 00 00 00 00 89 db 00 00 00 00
00:aa 19 a8 a1 02 38 00 00 15 15 89 db 00 00 00 00 55 55 89 db 00 00 00 80 40 40 89 db c4 85 01 01 01 01 00 00 00 00 00 00 00 00 29 eb 00 00 54 54 54 54 89 db 00 00 00 00 00 00 89 db 00 00 0d 0d
00:aa 19 e0 a1 02 38 00 00 0d 0d 00 00 00 00 00 00 00 00 89 db 00 00 40 40 40 40 69 e3 89 db fe fe fe fe 00 00 00 00 00 00 00 00 69 e3 00 00 50 50 50 50 89 db 00 00 00 00 00 00 89 db 00 00 15 15
00:aa 19 18 a2 02 38 00 00 15 15 00 00 00 00 00 00 00 00 89 db 00 00 40 40 40 40 89 db c4 85 01 01 01 01 00 00 00 00 00 00 00 00 29 eb 00 00 54 54 54 54 89 db 00 00 00 00 00 00 89 db 00 00 0d 0d
00:aa 19 50 a2 02 38 00 00 0d 0d 00 00 00 00 00 00 00 00 89 db 00 00 40 40 40 40 69 e3 89 db fe fe fe fe 00 00 00 00 00 00 00 00 69 e3 00 00 50 50 50 50 89 db 00 00 00 00 00 00 89 db 00 00 15 15
00:aa 19 88 a2 02 38 00 00 15 15 00 00 00 00 00 00 00 00 89 db 00 00 40 40 40 40 89 db c4 85 01 01 01 01 00 00 00 00 00 00 00 00 29 eb 00 00 54 54 54 54 49 e3 89 db 55 55 55 00 89 db 00 00 0d 0d
00:aa 19 c0 a2 02 38 00 00 0d 0d 00 00 00 00 00 00 00 00 89 db 00 00 40 40 40 40 69 e3 89 db fe fe fe 00 00 00 00 00 00 00 00 00 69 e3 00 00 50 50 50 50 49 e3 89 db 55 55 55 00 89 db 00 00 15 15
00:aa 19 f8 a2 02 38 00 00 15 15 00 00 00 00 00 00 00 00 89 db 00 00 40 40 40 40 89 db c4 85 01 01 01 01 00 00 00 00 00 00 00 00 00 00 00 00 00 00 00 00 00 00 00 00 00 00 00 00 00 00 00 00 00 00
00:aa 19 30 a3 02 38 00 00 00 00 00 00 00 00 00 00 00 00 00 00 00 00 00 00 00 00 00 00 00 00 00 00 00 00 00 00 00 00 00 00 00 00 00 00 00 00 00 00 00 00 00 00 00 00 00 00 00 00 00 00 00 00 00 00
00:aa 19 68 a3 02 38 00 00 00 00 00 00 00 00 00 00 00 00 00 00 00 00 00 00 00 00 00 00 00 00 00 00 00 00 00 00 00 00 00 00 00 00 00 00 00 00 00 00 00 00 00 00 00 00 00 00 00 00 00 00 00 00 00 00
00:aa 19 a0 a3 02 38 00 00 00 00 00 00 00 00 00 00 00 1f e0 00 00 00 00 00 06 03 00 00 00 00 00 00 c0 28 00 00 00 00 00 18 00 40 00 00 00 00 01 00 04 00 00 00 00 00 28 00 70 00 00 00 00 04 d8 6d
00:aa 19 d8 a3 02 38 00 00 00 00 00 00 00 4f 87 d0 00 00 00 00 04 d0 2d c0 00 00 00 00 68 00 5c 00 00 00 00 03 80 07 c0 00 00 00 00 00 00 7c 00 00 00 00 00 00 07 c0 00 00 00 00 f0 00 7c 00 00 00
00:aa 19 10 a4 02 38 00 00 00 01 00 04 00 00 00 00 00 17 7b 40 00 00 00 00 01 40 84 00 00 00 00 00 14 08 40 00 00 00 00 01 40 84 00 00 00 00 00 00 00 00 00 00 00 00 00 00 00 00 00 00 00 00 00 00
00:aa 19 48 a4 02 38 00 00 00 00 00 00 00 00 00 00 00 00 00 00 00 00 00 00 00 00 00 00 00 00 00 00 00 00 00 00 00 00 00 00 00 0f 12 00 00 55 6a 40 40 0f 12 00 00 55 aa 00 00 0f 12 00 00 55 aa 00
00:aa 19 80 a4 02 38 00 00 00 0f 12 00 00 55 aa 00 00 0f 12 00 00 55 aa 00 00 0f 12 00 00 55 aa 00 00 0f 12 00 00 55 aa 00 00 0f 12 00 00 55 95 15 15 0f 12 00 00 55 70 70 70 0f 12 00 00 55 00 00
00:aa 19 b8 a4 02 38 00 00 00 0f 12 00 00 15 40 40 40 0f 12 00 00 55 00 00 00 0f 12 00 00 5f 58 58 58 0f 12 00 00 d5 15 15 15 0f 12 00 00 40 55 55 55 0f 12 00 00 55 40 40 40 0f 12 00 00 55 58 58
00:aa 19 f0 a4 02 38 00 00 58 0f 12 00 00 58 05 05 05 0f 12 00 00 55 40 40 40 0f 12 00 00 58 58 58 58 0f 12 21 00 40 40 40 c0 6f 11 00 00 54 54 54 54 89 db 0f 12 58 58 58 58 2f 1a 0f 12 3f 3f 3f
00:aa 19 28 a5 02 38 00 00 3f 0f 12 63 00 01 01 01 00 0f 12 00 00 55 55 55 09 4d 11 00 00 54 54 54 54 89 db 0f 12 58 58 5a 55 89 db 00 08 00 00 a0 50 89 db 00 08 00 00 2a 95 89 db e5 79 00 00 80
00:aa 19 60 a5 02 38 00 00 40 89 db 00 08 00 00 00 05 89 db 00 08 00 00 00 50 89 db 00 08 00 00 00 95 2f 1a 0f 12 3f 3f 3f ff 0f 12 00 00 09 09 09 09 4d 11 00 00 54 54 54 54 0f 12 00 08 0d 0d 0b
00:aa 19 98 a5 02 38 00 00 00 89 db 21 08 50 50 fa 05 89 db 00 08 00 00 aa 55 89 db 00 08 95 95 bf c0 89 db e5 79 40 40 40 00 89 db 41 10 05 05 05 00 89 db 00 08 50 50 50 05 89 db 00 08 00 00 00
00:aa 19 d0 a5 02 38 00 00 55 89 db 00 08 95 95 95 80 0f 1a 0f 12 aa aa aa 2a 0f 12 00 00 09 09 09 09 4d 11 00 00 54 54 54 54 89 db 0f 12 58 58 58 58 89 db 21 10 05 05 00 00 89 db c5 69 40 40 00
00:aa 19 08 a6 02 38 00 00 00 89 db 00 08 05 05 00 00 89 db c5 71 40 40 00 00 2f 1a 0f 12 3f 3f 3f 3f 0f 12 00 00 09 09 09 09 00 00 00 00 00 00 00 00 00 00 00 00 00 00 00 00 4d 11 00 00 54 54 55
00:aa 19 40 a6 02 38 00 00 55 0f 12 00 00 00 00 54 54 89 db 0f 12 58 58 58 58 2f 1a 0f 12 3f 3f 3f 3f 0f 12 00 00 09 09 ad 55 00 00 00 00 00 00 00 00 00 00 00 00 00 00 00 00 89 db 0f 12 01 01 00
00:aa 19 78 a6 02 38 00 00 00 89 db 0f 12 55 55 00 00 89 db 0f 12 58 58 00 00 89 db 2f 1a 55 55 ff 00 89 db 0f 12 55 55 ff 00 89 db 00 00 55 00 00 00 89 db 00 00 55 00 00 00 69 e3 00 00 55 05 05
00:aa 19 b0 a6 02 38 00 00 05 89 db 00 00 00 00 00 00 89 db 00 00 00 00 00 00 89 db 00 00 00 00 00 00 89 db 00 00 00 00 00 00 69 e3 00 00 05 05 05 05 89 db 00 00 00 00 00 00 89 db 00 00 00 00 00
00:aa 19 e8 a6 02 38 00 00 00 89 db 00 00 00 00 00 00 89 db 00 00 00 00 00 00 69 e3 00 00 05 05 05 05 89 db 00 00 40 40 6a 55 89 db 00 00 00 00 aa 55 89 db 00 00 00 00 aa 55 89 db 00 00 00 00 a8
00:aa 19 20 a7 02 38 00 00 54 89 db 08 cc 00 00 00 01 89 db 87 b4 00 00 00 55 89 db 87 b4 00 00 00 55 89 db 87 b4 00 00 00 55 69 e3 00 00 05 05 05 25 29 eb 00 00 54 54 54 54 89 db c4 85 01 01 01
00:aa 19 58 a7 02 38 00 00 01 29 eb 00 00 54 54 54 54 89 db 00 00 00 0d 0d 0d 29 eb 00 00 00 55 55 55 89 db 00 00 00 40 40 40 89 db 00 00 00 00 55 55 89 db 00 00 00 00 55 55 89 db 00 00 00 00 55
00:aa 19 90 a7 02 38 00 00 55 89 db 00 00 00 00 50 50 89 db 00 00 00 00 15 15 89 db 00 00 00 00 55 55 89 db c4 85 01 01 01 01 29 eb 00 00 54 54 54 54 89 db 00 00 0d 0d 0d 0d 69 e3 00 00 50 50 50
00:aa 19 c8 a7 02 38 00 00 50 89 db c4 85 01 01 01 01 29 eb 00 00 54 54 54 54 89 db 00 00 0d 0d 0d 0d 69 e3 00 00 50 50 50 50 89 db c4 85 01 01 01 01 29 eb 00 00 54 54 54 54 89 db 00 00 0d 0d 0d
00:aa 19 00 a8 02 38 00 00 0d 69 e3 00 00 50 50 50 50 89 db c4 85 01 01 01 01 00 07 ff ff ff fe 00 00 00 7f ff ff ff e0 00 00 07 ff ff ff fe 00 00 00 7f ff ff ff e0 00 00 07 ff ff ff fe 00 00 00
00:aa 19 38 a8 02 38 00 00 7f ff ff ff e0 00 00 07 ff ff ff fe 00 00 00 7f ff ff ff e0 00 00 07 ff ff ff fe 00 00 00 7f ff ff ff e0 00 00 07 ff ff ff fe 00 00 00 7f ff ff ff e0 00 00 07 ff ff ff
00:aa 19 70 a8 02 38 00 00 fe 00 00 00 7f ff ff ff e0 00 00 07 ff ff ff fe 00 00 00 7f ff ff ff e0 00 00 07 ff ff ff fe 00 00 00 7f ff ff ff e0 00 00 07 ff ff ff fe 00 00 00 7f ff ff ff e0 00 00
00:aa 19 a8 a8 02 38 00 00 07 ff ff ff fe 00 00 00 7f ff ff ff e0 00 00 07 ff ff ff fe 00 00 00 7f ff ff ff e0 00 00 07 ff ff ff fe 00 00 00 7f ff ff ff e0 00 00 07 ff ff ff fe 00 00 00 7f ff ff
00:aa 19 e0 a8 02 38 00 00 ff e0 00 00 07 ff ff ff fe 00 00 00 7f ff ff ff e0 00 00 07 ff ff ff fe 00 00 00 7f ff ff ff e0 00 00 07 ff ff ff fe 00 00 00 7f ff ff ff e0 00 00 00 00 00 00 00 00 00
00:aa 19 18 a9 02 38 00 00 00 00 00 00 00 00 00 00 00 00 00 00 00 00 00 00 00 00 00 00 00 00 00 00 00 00 00 00 00 00 00 00 00 00 00 00 00 00 00 00 00 00 00 00 00 00 00 00 00 00 00 00 00 00 00 00
00:aa 19 50 a9 02 38 00 00 00 00 00 00 00 00 00 00 00 00 00 00 00 00 00 00 00 00 00 00 00 00 00 00 00 00 00 00 00 00 00 00 00 00 00 00 00 00 00 00 00 00 00 00 00 00 00 00 00 00 00 00 00 00 00 00
00:aa 19 88 a9 02 38 00 00 00 00 00 00 00 00 00 00 00 00 00 00 00 00 00 00 00 00 00 00 00 00 00 00 00 00 00 00 00 00 00 00 00 00 00 00 00 00 00 00 00 00 00 00 00 00 00 00 00 00 00 00 00 00 00 00
00:aa 19 c0 a9 02 38 00 00 00 00 00 00 00 00 00 00 00 00 00 00 00 00 00 00 00 00 00 00 00 00 00 00 00 00 00 00 00 00 00 00 00 00 00 00 00 00 00 00 00 00 00 00 00 00 00 00 00 00 00 00 00 00 00 00
00:aa 19 f8 a9 02 38 00 00 00 00 00 00 00 00 00 00 00 00 00 00 00 00 00 00 00 00 00 00 00 00 00 00 00 00 00 00 00 00 00 00 00 00 00 00 00 00 00 00 00 00 00 00 00 00 00 00 00 00 00 00 00 00 00 00
00:aa 19 30 aa 02 38 00 00 00 00 00 00 00 00 00 00 00 00 00 00 00 00 00 00 00 00 00 00 00 00 00 00 00 00 00 00 00 00 00 00 00 00 00 00 00 00 00 00 00 00 00 00 00 00 00 00 00 00 00 00 00 00 00 00
00:aa 19 68 aa 02 38 00 00 00 00 00 00 00 00 00 00 00 00 00 00 00 00 00 00 00 00 00 00 00 00 00 00 00 00 00 00 00 00 00 00 00 00 00 00 00 00 00 00 00 00 00 00 00 00 00 00 00 00 00 00 00 00 00 00
00:aa 19 a0 aa 02 38 00 00 00 00 00 00 00 00 00 00 00 00 00 00 00 00 00 00 00 00 00 00 00 00 00 00 00 00 00 00 00 00 00 00 00 00 00 00 00 00 00 00 00 00 00 00 00 00 00 00 00 00 00 00 00 00 00 00
00:aa 19 d8 aa 02 38 00 00 00 00 00 00 00 00 00 00 00 00 00 00 00 00 00 00 00 00 00 00 00 00 00 00 00 00 00 00 00 00 00 00 00 00 00 00 00 00 00 00 00 00 00 00 00 00 00 00 00 00 00 00 00 00 00 00
00:aa 19 10 ab 02 38 00 00 00 00 00 00 00 00 00 00 00 00 00 00 00 00 00 00 00 00 00 00 00 00 00 00 00 00 00 00 00 00 00 00 00 00 00 00 00 00 00 00 00 00 00 00 00 00 00 00 00 00 00 00 00 00 00 00
00:aa 19 48 ab 02 38 00 00 00 00 00 00 00 00 00 00 00 00 00 00 00 00 00 00 00 00 00 00 00 00 00 00 00 00 00 00 00 00 00 00 00 00 00 00 00 00 00 00 00 00 00 00 00 00 00 00 00 00 00 00 00 00 00 00
00:aa 19 80 ab 02 38 00 00 00 00 00 00 00 00 00 00 00 00 00 00 00 00 00 00 00 00 00 00 00 00 00 00 00 00 00 00 00 00 00 00 00 00 00 00 00 00 00 00 00 00 00 00 00 00 00 00 00 00 00 00 00 00 00 00
00:aa 19 b8 ab 02 38 00 00 00 00 00 00 00 00 00 00 00 00 00 00 00 00 00 00 00 00 00 00 00 00 00 00 00 00 00 00 00 00 00 00 00 00 00 00 00 00 00 00 00 00 00 00 00 00 00 00 00 00 00 00 00 00 00 00
00:aa 19 f0 ab 02 38 00 00 00 00 00 00 00 00 00 00 00 00 00 00 00 00 00 00 00 00 00 00 00 00 00 00 00 00 00 00 00 00 00 00 00 00 00 00 00 00 00 00 00 00 00 00 00 00 00 00 00 00 00 00 00 00 00 00
00:aa 19 28 ac 02 38 00 00 00 00 00 00 00 00 00 00 00 00 00 00 00 00 00 00 00 00 00 00 00 00 00 00 00 00 00 00 00 00 00 00 00 00 00 00 00 00 00 00 00 00 00 00 00 00 00 00 00 00 00 00 00 00 00 00
00:aa 19 60 ac 02 38 00 00 00 00 00 00 00 00 00 00 00 00 00 00 00 00 00 00 00 00 00 00 00 00 00 00 00 00 00 00 00 00 00 00 00 00 00 00 00 00 00 00 00 00 00 00 00 00 00 00 00 00 00 00 00 00 00 00
00:aa 19 98 ac 02 38 00 00 00 00 00 00 00 00 00 00 00 00 00 00 00 00 00 00 00 00 00 00 00 00 00 00 00 00 00 00 00 00 00 00 00 00 00 00 00 00 00 00 00 00 00 00 00 00 00 00 00 00 00 00 00 00 00 00
00:aa 19 d0 ac 02 38 00 00 00 00 00 00 00 00 00 00 00 00 00 00 00 00 00 00 00 00 00 00 00 00 00 00 00 00 00 00 00 00 00 00 00 00 00 00 00 00 00 00 00 00 00 00 00 00 00 00 00 00 00 00 00 00 00 00
00:aa 19 08 ad 02 38 00 00 00 00 00 00 00 00 00 00 00 00 00 00 00 00 00 00 00 00 00 00 00 00 00 00 00 00 00 00 00 00 00 00 00 00 00 00 00 00 00 00 00 00 00 00 00 00 00 00 00 00 00 00 00 00 00 00
00:aa 19 40 ad 02 38 00 00 00 00 00 00 00 00 00 00 00 00 00 00 00 00 00 00 00 00 00 00 00 00 00 00 00 00 00 00 00 00 00 00 00 00 00 00 00 00 00 00 00 00 00 00 00 00 00 00 00 00 00 00 00 00 00 00
00:aa 19 78 ad 02 38 00 00 00 00 00 00 00 00 00 00 00 00 00 00 00 00 00 00 00 00 00 00 00 00 00 00 00 00 00 00 00 00 00 00 00 00 00 00 00 00 00 00 00 00 00 00 00 00 00 00 00 00 00 00 00 00 00 00
00:aa 19 b0 ad 02 38 00 00 00 00 00 00 00 00 00 00 00 00 00 00 00 00 00 00 00 00 00 00 00 00 00 00 00 00 00 00 00 00 00 00 00 00 00 00 00 00 00 00 00 00 00 00 00 00 00 00 00 00 00 00 00 00 00 00
00:aa 19 e8 ad 02 38 00 00 00 00 00 00 00 00 00 00 00 00 00 00 00 00 00 00 00 00 00 00 00 00 00 00 00 00 00 00 00 00 00 00 00 00 00 00 00 00 00 00 00 00 00 00 00 00 00 00 00 00 00 00 00 00 00 00
00:aa 19 20 ae 02 38 00 00 00 00 00 00 00 00 00 00 00 00 00 00 00 00 00 00 00 00 00 00 00 00 00 00 00 00 00 00 00 00 00 00 00 00 00 00 00 00 00 00 00 00 00 00 00 00 00 00 00 00 00 00 00 00 00 00
00:aa 19 58 ae 02 38 00 00 00 00 00 00 00 00 00 00 00 00 00 00 00 00 00 00 00 00 00 00 00 00 00 00 00 00 00 00 00 00 00 00 00 00 00 00 00 00 00 00 00 00 00 00 00 00 00 00 00 00 00 00 00 00 00 00
00:aa 19 90 ae 02 38 00 00 00 00 00 00 00 00 00 00 00 00 00 00 00 00 00 00 00 00 00 00 00 00 00 00 00 00 00 00 00 00 00 00 00 00 00 00 00 00 00 00 00 00 00 00 00 00 00 00 00 00 00 00 00 00 00 00
00:aa 19 c8 ae 02 38 00 00 00 00 00 00 00 00 00 00 00 00 00 00 00 00 00 00 00 00 00 00 00 00 00 00 00 00 00 00 00 00 00 00 00 00 00 00 00 00 00 00 00 00 00 00 00 00 00 00 00 00 00 00 00 00 00 00
00:aa 19 00 af 02 38 00 00 00 00 00 00 00 00 00 00 00 00 00 00 00 00 00 00 00 00 00 00 00 00 00 00 00 00 00 00 00 00 00 00 00 00 00 00 00 00 00 00 00 00 00 00 00 00 00 00 00 00 00 00 00 00 00 00
00:aa 19 38 af 02 38 00 00 00 00 00 00 00 00 00 00 00 00 00 00 00 00 00 00 00 00 00 00 00 00 00 00 00 00 00 00 00 00 00 00 00 00 00 00 00 00 00 00 00 00 00 00 00 00 00 00 00 00 00 00 00 00 00 00
00:aa 19 70 af 02 38 00 00 00 00 00 00 00 00 00 00 00 00 00 00 00 00 00 00 00 00 00 00 00 00 00 00 00 00 00 00 00 00 00 00 00 00 00 00 00 00 00 00 00 00 00 00 00 00 00 00 00 00 00 00 00 00 00 00
00:aa 19 a8 af 02 38 00 00 00 00 00 00 00 00 00 00 00 00 00 00 00 00 00 00 00 00 00 00 00 00 00 00 00 00 00 00 00 00 00 00 00 00 00 00 00 00 00 00 00 00 00 00 00 00 00 00 00 00 00 00 00 00 00 00
00:aa 19 e0 af 02 38 00 00 00 00 00 00 00 00 00 00 00 00 00 00 00 00 00 00 00 00 00 00 00 00 00 00 00 00 00 00 00 00 00 00 00 00 00 00 00 00 00 00 00 00 00 00 00 00 00 00 00 00 00 00 00 00 00 00
00:aa 19 18 b0 02 38 00 00 00 00 00 00 00 00 00 00 00 00 00 00 00 00 00 00 00 00 00 00 00 00 00 00 00 00 00 00 00 00 00 00 00 00 00 00 00 00 00 00 00 00 00 00 00 00 00 00 00 00 00 00 00 00 00 00
00:aa 19 50 b0 02 38 00 00 00 00 00 00 00 00 00 00 00 00 00 00 00 00 00 00 00 00 00 00 00 00 00 00 00 00 00 00 00 00 00 00 00 00 00 00 00 00 00 00 00 00 00 00 00 00 00 00 00 00 00 00 00 00 00 00
00:aa 19 88 b0 02 38 00 00 00 00 00 00 00 00 00 00 00 00 00 00 00 00 00 00 00 00 00 00 00 00 00 00 00 00 00 00 00 00 00 00 00 00 00 00 00 00 00 00 00 00 00 00 00 00 00 00 00 00 00 00 00 00 00 00
00:aa 19 c0 b0 02 38 00 00 00 00 00 00 00 00 00 00 00 00 00 00 00 00 00 00 00 00 00 00 00 00 00 00 00 00 00 00 00 00 00 00 00 00 00 00 00 00 00 00 00 00 00 00 00 00 00 00 00 00 00 00 00 00 00 00
00:aa 19 f8 b0 02 38 00 00 00 00 00 00 00 00 00 00 00 00 00 00 00 00 00 00 00 00 00 00 00 00 00 00 00 00 00 00 00 00 00 00 00 00 00 00 00 00 00 00 00 00 00 00 00 00 00 00 00 00 00 00 00 00 00 00
00:aa 19 30 b1 02 38 00 00 00 00 00 00 00 00 00 00 00 00 00 00 00 00 00 00 00 00 00 00 00 00 00 00 00 00 00 00 00 00 00 00 00 00 00 00 00 00 00 00 00 00 00 00 00 00 00 00 00 00 00 00 00 00 00 00
00:aa 19 68 b1 02 38 00 00 00 00 00 00 00 00 00 00 00 00 00 00 00 00 00 00 00 00 00 00 00 00 00 00 00 00 00 00 00 00 00 00 00 00 00 00 00 00 00 00 00 00 00 00 00 00 00 00 00 00 00 00 00 00 00 00
00:aa 19 a0 b1 02 38 00 00 00 00 00 00 00 00 00 00 00 00 00 00 00 00 00 00 00 00 00 00 00 00 00 00 00 00 00 00 00 00 00 00 00 00 00 00 00 00 00 00 00 00 00 00 00 00 00 00 00 00 00 00 00 00 00 00
00:aa 19 d8 b1 02 38 00 00 00 00 00 00 00 00 00 00 00 00 00 00 00 00 00 00 00 00 00 00 00 00 00 00 0f 12 00 00 55 54 54 54 0f 12 00 00 55 00 00 00 0f 12 00 00 55 00 00 00 0f 12 00 00 55 00 00 00
00:aa 19 10 b2 02 38 00 00 0f 12 00 00 55 00 00 00 0f 12 00 00 55 00 00 00 0f 12 00 00 55 00 00 00 0f 12 00 00 55 01 01 01 00 00 00 00 00 00 00 00 00 00 00 00 00 00 00 00 00 00 00 00 00 00 00 00
00:aa 19 48 b2 02 38 00 00 00 00 00 00 00 00 00 00 00 00 00 00 00 00 00 00 00 00 00 00 00 00 00 00 00 00 00 00 00 00 00 00 00 00 00 00 00 00 00 00 00 00 00 00 00 00 00 00 00 00 00 00 00 00 00 00
00:aa 19 80 b2 02 38 00 00 00 00 00 00 00 00 00 00 00 00 00 00 00 00 00 00 00 00 00 00 00 00 00 00 00 00 00 00 00 00 00 00 00 00 00 00 00 00 00 00 00 00 00 00 00 00 00 00 00 00 00 00 00 00 00 00
00:aa 19 b8 b2 02 38 00 00 00 00 00 00 00 00 00 00 00 00 00 00 00 00 00 00 00 00 00 00 00 00 00 00 00 00 00 00 00 00 00 00 00 00 00 00 00 00 00 00 00 00 00 00 00 00 00 00 00 00 00 00 00 00 00 00
00:aa 19 f0 b2 02 38 00 00 00 00 00 00 00 00 00 00 0f 12 00 00 55 00 00 00 d0 11 00 00 54 01 01 01 0f 12 00 00 00 55 55 55 0f 12 00 00 00 55 55 55 0f 12 00 00 00 55 55 55 0f 12 00 00 00 55 55 55
00:aa 19 28 b3 02 38 00 00 0f 12 00 00 00 55 55 55 0f 12 00 00 00 55 55 55 0f 12 00 00 01 54 54 54 0f 12 00 00 55 00 00 00 b0 11 00 00 55 01 01 01 00 00 00 00 00 00 00 00 00 00 00 00 00 00 00 00
00:aa 19 60 b3 02 38 00 00 00 00 00 00 00 00 00 00 00 00 00 00 00 00 00 00 00 00 00 00 00 00 00 00 00 00 00 00 00 00 00 00 00 00 00 00 00 00 00 00 00 00 00 00 00 00 00 00 00 00 00 00 00 00 00 00
00:aa 19 98 b3 02 38 00 00 00 00 00 00 00 00 00 00 00 00 00 00 00 00 00 00 00 00 00 00 00 00 00 00 00 00 00 00 00 00 00 00 00 00 00 00 00 00 00 00 00 00 00 00 00 00 00 00 00 00 00 00 00 00 00 00
00:aa 19 d0 b3 02 38 00 00 00 00 00 00 00 00 00 00 00 00 00 00 00 00 00 00 00 00 00 00 00 00 00 00 00 00 00 00 00 00 00 00 00 00 00 00 00 00 00 00 00 00 00 00 00 00 00 00 0f 12 00 00 55 01 01 01
00:aa 19 08 b4 02 38 00 00 0f 12 00 00 00 55 55 55 0f 12 00 00 01 55 55 55 00 00 00 00 00 00 00 00 00 00 00 00 00 00 00 00 00 00 00 00 00 00 00 00 00 00 00 00 00 00 00 00 00 00 00 00 00 00 00 00
00:aa 19 40 b4 02 38 00 00 00 00 00 00 00 00 00 00 00 00 00 00 00 00 00 00 00 00 00 00 00 00 00 00 0f 12 00 00 54 54 54 54 b0 11 00 00 05 05 05 05 00 00 00 00 00 00 00 00 00 00 00 00 00 00 00 00
00:aa 19 78 b4 02 38 00 00 00 00 00 00 00 00 00 00 00 00 00 00 00 00 00 00 00 00 00 00 00 00 00 00 00 00 00 00 00 00 00 00 00 00 00 00 00 00 00 00 00 00 00 00 00 00 00 00 00 00 00 00 00 00 00 00
00:aa 19 b0 b4 02 38 00 00 00 00 00 00 00 00 00 00 00 00 00 00 00 00 00 00 00 00 00 00 00 00 00 00 00 00 00 00 00 00 00 00 00 00 00 00 00 00 00 00 00 00 00 00 00 00 00 00 00 00 00 00 00 00 00 00
00:aa 19 e8 b4 02 38 00 00 00 00 00 00 00 00 00 00 00 00 00 00 00 00 00 00 00 00 00 00 00 00 00 00 00 00 00 00 00 00 00 00 0f 12 00 00 55 00 00 00 0f 12 00 00 01 55 55 55 00 00 00 00 00 00 00 00
00:aa 19 20 b5 02 38 00 00 00 00 00 00 00 00 00 00 00 00 00 00 00 00 00 00 00 00 00 00 00 00 00 00 00 00 00 00 00 00 00 00 00 00 00 00 00 00 00 00 00 00 00 00 00 00 00 00 00 00 00 00 00 00 00 00
00:aa 19 58 b5 02 38 00 00 00 00 00 00 00 00 00 00 00 00 00 00 00 00 00 00 0f 12 00 00 54 55 55 55 0f 12 00 00 05 50 50 50 b0 11 00 00 55 05 05 05 00 00 00 00 00 00 00 00 00 00 00 00 00 00 00 00
00:aa 19 90 b5 02 38 00 00 00 00 00 00 00 00 00 00 00 00 00 00 00 00 00 00 00 00 00 00 00 00 00 00 00 00 00 00 00 00 00 00 00 00 00 00 00 00 00 00 00 00 00 00 00 00 00 00 00 00 00 00 00 00 00 00
00:aa 19 c8 b5 02 38 00 00 00 00 00 00 00 00 00 00 00 00 00 00 00 00 00 00 00 00 00 00 00 00 00 00 00 00 00 00 00 00 00 00 00 00 00 00 00 00 00 00 00 00 00 00 00 00 00 00 00 00 00 00 00 00 00 00
00:aa 19 00 b6 02 38 00 00 00 00 00 00 00 00 00 00 00 00 00 00 00 00 00 00 00 00 00 00 00 00 00 00 0f 1a 0f 12 aa aa aa a8 00 00 00 00 00 00 00 00 00 00 00 00 00 00 00 00 00 00 00 00 00 00 00 00
00:aa 19 38 b6 02 38 00 00 00 00 00 00 00 00 00 00 00 00 00 00 00 00 00 00 00 00 00 00 00 00 00 00 00 00 00 00 00 00 00 00 00 00 00 00 00 00 00 00 00 00 00 00 00 00 00 00 00 00 00 00 00 00 00 00
00:aa 19 70 b6 02 38 00 00 00 00 00 00 00 00 00 00 00 00 00 00 00 00 00 00 0f 12 00 00 50 50 50 50 b0 11 00 00 05 05 05 05 00 00 00 00 00 00 00 00 00 00 00 00 00 00 00 00 00 00 00 00 00 00 00 00
00:aa 19 a8 b6 02 38 00 00 00 00 00 00 00 00 00 00 00 00 00 00 00 00 00 00 00 00 00 00 00 00 00 00 00 00 00 00 00 00 00 00 00 00 00 00 00 00 00 00 00 00 00 00 00 00 00 00 00 00 00 00 00 00 00 00
00:aa 19 e0 b6 02 38 00 00 00 00 00 00 00 00 00 00 00 00 00 00 00 00 00 00 00 00 00 00 00 00 00 00 00 00 00 00 00 00 00 00 00 00 00 00 00 00 00 00 00 00 00 00 00 00 00 00 00 00 00 00 00 00 00 00
00:aa 19 18 b7 02 38 00 00 0f 12 00 00 55 55 55 40 0f 12 b0 11 40 40 40 00 0f 1a 0f 12 a8 a8 a8 a8 89 e3 89 db ee aa ae eb 89 e3 89 db ab 9a f9 9a 89 e3 89 db ab 9a 9a ae 89 e3 89 db ae aa ae 9a
00:aa 19 50 b7 02 38 00 00 89 e3 89 db 6b aa aa 6f 89 e3 89 db ba aa ae 7a 89 e3 89 db a6 aa ee aa 89 e3 89 db aa aa ee ae 89 e3 89 db 9a aa e6 aa 89 e3 89 db ea aa 9a aa 89 e3 89 db e9 aa ee ab
00:aa 19 88 b7 02 38 00 00 89 e3 89 db aa aa aa ff 89 e3 0f 1a 25 25 25 25 0f 12 00 00 00 00 00 00 b0 11 00 00 15 15 15 15 00 00 00 00 00 00 00 00 00 00 00 00 00 00 00 00 00 00 00 00 00 00 00 00
00:aa 19 c0 b7 02 38 00 00 00 00 00 00 00 00 00 00 00 00 00 00 00 00 00 00 00 00 00 00 00 00 00 00 00 00 00 00 00 00 00 00 00 00 00 00 00 00 00 00 00 00 00 00 00 00 00 00 00 00 00 00 00 00 00 00
00:aa 19 f8 b7 02 38 00 00 00 00 00 00 00 00 00 00 00 00 00 00 00 00 00 00 00 00 00 00 00 00 00 00 00 00 00 00 00 00 00 00 00 00 00 00 00 00 00 00 00 00 00 00 00 00 00 00 0f 12 00 00 40 40 40 40
00:aa 19 30 b8 02 38 00 00 0f 12 00 00 00 00 00 00 0f 1a 0f 12 a8 a8 a8 aa 89 e3 01 08 00 00 00 57 89 e3 89 db e9 b9 ae ab 89 e3 01 08 00 00 00 05 89 e3 01 10 00 00 00 50 89 e3 89 db fa af 9a ae
00:aa 19 68 b8 02 38 00 00 89 e3 89 db 67 66 a7 a7 89 e3 89 db ab aa 9b bb 89 e3 89 db 69 97 9a ba 89 e3 c5 69 00 00 02 01 89 e3 01 08 00 00 a8 56 89 e3 89 db ae 9a b9 ab 89 e3 01 08 00 00 0a 05
00:aa 19 a0 b8 02 38 00 00 89 e3 0f 12 25 25 a5 55 0f 12 00 00 00 00 00 00 0f 12 00 00 00 00 00 00 90 11 00 00 15 15 15 15 00 00 00 00 00 00 00 00 00 00 00 00 00 00 00 00 00 00 00 00 00 00 00 00
00:aa 19 d8 b8 02 38 00 00 00 00 00 00 00 00 00 00 00 00 00 00 00 00 00 00 00 00 00 00 00 00 00 00 00 00 00 00 00 00 00 00 00 00 00 00 00 00 00 00 00 00 00 00 00 00 00 00 00 00 00 00 00 00 00 00
00:aa 19 10 b9 02 38 00 00 00 00 00 00 00 00 00 00 00 00 00 00 00 00 00 00 00 00 00 00 00 00 00 00 00 00 00 00 00 00 00 00 00 00 00 00 00 00 00 00 0f 12 00 00 40 40 40 40 0f 12 00 00 00 00 00 00
00:aa 19 48 b9 02 38 00 00 0f 1a 0f 12 aa aa aa a8 89 e3 41 10 57 57 57 02 89 e3 01 08 00 00 00 55 89 db 01 10 05 05 05 50 89 db 01 10 50 50 50 00 89 e3 89 db aa 67 aa aa 89 e3 89 db ba bb aa ee
00:aa 19 80 b9 02 38 00 00 89 e3 89 db aa bb aa aa 89 e3 89 db 97 eb a6 bb 89 e3 c5 69 01 01 01 00 89 e3 01 08 56 56 fe 03 89 e3 01 08 00 00 aa 55 89 db 01 08 05 05 af 50 0f 12 01 08 70 70 f0 00
00:aa 19 b8 b9 02 38 00 00 0f 12 00 00 00 00 00 00 0f 12 00 00 00 00 00 00 90 11 00 00 15 15 15 15 00 00 00 00 00 00 00 00 00 00 00 00 00 00 00 00 00 00 00 00 00 00 00 00 00 00 00 00 00 00 00 00
00:aa 19 f0 b9 02 38 00 00 00 00 00 00 00 00 00 00 00 00 00 00 00 00 00 00 00 00 00 00 00 00 00 00 00 00 00 00 00 00 00 00 00 00 00 00 00 00 00 00 00 00 00 00 00 00 00 00 00 00 00 00 00 00 00 00
00:aa 19 28 ba 02 38 00 00 00 00 00 00 00 00 00 00 00 00 00 00 00 00 00 00 00 00 00 00 00 00 00 00 00 00 00 00 00 00 00 00 0f 12 00 00 40 40 40 40 0f 12 00 00 00 00 00 00 0f 1a 0f 12 a8 a8 a8 a8
00:aa 19 60 ba 02 38 00 00 89 e3 06 7a 01 01 00 00 89 db 00 08 55 55 00 00 89 e3 00 08 50 50 00 00 89 e3 89 db ab 6b aa 66 89 e3 89 db 9b aa ab aa 89 e3 89 db 9b 6a 6a ba 89 e3 89 db be 6a 95 ea
00:aa 19 98 ba 02 38 00 00 89 e3 89 db ea aa aa ee 89 e3 89 db 99 aa aa ae 89 e3 85 61 01 01 00 00 89 e3 21 18 55 55 00 00 89 e3 21 10 50 50 00 00 89 e3 0f 1a 25 25 25 25 0f 12 00 00 00 00 00 00
00:aa 19 d0 ba 02 38 00 00 0f 12 00 00 00 00 00 00 90 11 00 00 15 15 15 15 00 00 00 00 00 00 00 00 00 00 00 00 00 00 00 00 00 00 00 00 00 00 00 00 00 00 00 00 00 00 00 00 00 00 00 00 00 00 00 00
00:aa 19 08 bb 02 38 00 00 00 00 00 00 00 00 00 00 00 00 00 00 00 00 00 00 00 00 00 00 00 00 00 00 00 00 00 00 00 00 00 00 00 00 00 00 00 00 00 00 00 00 00 00 00 00 00 00 00 00 00 00 00 00 00 00
00:aa 19 40 bb 02 38 00 00 00 00 00 00 00 00 00 00 00 00 00 00 00 00 00 00 00 00 00 00 00 00 00 00 b0 11 00 00 40 40 40 55 0f 12 00 00 00 00 00 00 0f 1a 0f 12 a8 a8 a8 a8 89 e3 89 db 9a d9 ba a7
00:aa 19 78 bb 02 38 00 00 89 e3 89 db ab ea aa 6e 89 e3 89 db ba af aa 7e 89 e3 89 db ba 6e be ea 89 e3 89 db eb ae 66 aa 89 e3 89 db aa ba aa ab 89 e3 89 db aa 66 ea 6f 89 e3 89 db ae ea 96 ea
00:aa 19 b0 bb 02 38 00 00 89 e3 89 db fa aa 6d aa 89 e3 89 db aa ea ae ae 89 e3 89 db aa f9 aa 66 89 e3 89 db be aa aa aa 89 e3 0f 1a 25 25 25 25 0f 12 00 00 00 00 00 00 b0 11 00 00 00 00 15 15
00:aa 19 e8 bb 02 38 00 00 90 11 00 00 15 15 55 55 00 00 00 00 00 00 00 00 00 00 00 00 00 00 00 00 00 00 00 00 00 00 00 00 00 00 00 00 00 00 00 00 00 00 00 00 00 00 00 00 00 00 00 00 00 00 00 00
00:aa 19 20 bc 02 38 00 00 00 00 00 00 00 00 00 00 00 00 00 00 00 00 00 00 00 00 00 00 00 00 00 00 00 00 00 00 00 00 00 00 00 00 00 00 00 00 00 00 00 00 00 00 00 00 00 00 00 00 00 00 00 00 00 00
00:aa 19 58 bc 02 38 00 00 69 e3 00 00 55 50 50 50 89 db 00 00 55 00 00 00 89 db 00 00 55 00 00 00 89 e3 0f 12 55 55 ff 00 89 e3 0f 1a 55 55 ff 00 89 e3 89 db da aa a9 aa 89 e3 89 db ae a9 aa ae
00:aa 19 90 bc 02 38 00 00 89 e3 89 db ae 9b 6a aa 89 e3 89 db aa db aa 9e 89 e3 89 db e6 aa 9b aa 89 e3 89 db fa aa a7 79 89 e3 89 db aa aa eb b6 89 e3 89 db b9 ab 9a aa 89 e3 89 db af 99 ba da
00:aa 19 c8 bc 02 38 00 00 89 e3 89 db ba ea e5 da 89 e3 89 db aa a9 be a5 89 e3 89 db e9 aa 96 ea 89 e3 0f 12 25 25 00 00 89 e3 0f 12 55 55 00 00 89 e3 0f 12 40 40 00 00 89 e3 69 e3 55 00 00 00
00:aa 19 00 bd 02 38 00 00 89 e3 00 00 01 01 01 01 00 00 00 00 00 00 00 00 00 00 00 00 00 00 00 00 00 00 00 00 00 00 00 00 00 00 00 00 00 00 00 00 00 00 00 00 00 00 00 00 00 00 00 00 00 00 00 00
00:aa 19 38 bd 02 38 00 00 00 00 00 00 00 00 00 00 00 00 00 00 00 00 00 00 00 00 00 00 00 00 00 00 00 00 00 00 00 00 00 00 00 00 00 00 00 00 00 00 00 00 00 00 00 00 00 00 69 e3 00 00 50 50 50 50
00:aa 19 70 bd 02 38 00 00 89 e3 89 db ee 76 ba ba 89 e3 89 db ea aa 66 ea 89 e3 89 db aa ae ba ae 89 e3 89 db ea 66 aa ad 89 e3 89 db ed ea d5 9a 89 e3 89 db ae aa 66 6e 89 e3 89 db eb 9b aa ba
00:aa 19 a8 bd 02 38 00 00 89 e3 89 db fa ae 6a 6e 89 e3 89 db ae db ab 6a 89 e3 89 db ee aa ae aa 89 e3 89 db ee aa 6a aa 89 e3 89 db ea 9e aa a6 89 e3 89 db aa da a7 fa 89 e3 89 db aa 99 ea aa
00:aa 19 e0 bd 02 38 00 00 89 e3 89 db ba aa a5 ae 89 e3 89 db f6 e6 ea 96 89 e3 89 db e7 6f a9 a6 89 e3 89 db aa ba aa a6 89 e3 89 db bb 6e 9a 9a 89 e3 89 db be 9b aa a6 89 db 00 00 01 01 01 01
00:aa 19 18 be 02 38 00 00 00 00 00 00 00 00 00 00 00 00 00 00 00 00 00 00 00 00 00 00 00 00 00 00 00 00 00 00 00 00 00 00 00 00 00 00 00 00 00 00 00 00 00 00 00 00 00 00 00 00 00 00 00 00 00 00
00:aa 19 50 be 02 38 00 00 00 00 00 00 00 00 00 00 00 00 00 00 00 00 00 00 00 00 00 00 00 00 00 00 00 00 00 00 00 00 00 00 00 00 00 00 00 00 00 00 69 e3 00 00 50 50 50 50 89 e3 89 db eb fa ba bb
00:aa 19 88 be 02 38 00 00 89 e3 89 db a7 aa aa bb 89 e3 89 db ea ba af eb 89 e3 89 db aa bb 6e aa 89 e3 89 db 7f aa aa 66 89 e3 89 db ee ae ae aa 89 e3 89 db aa aa ea ab 89 e3 89 db aa e6 6a a6
00:aa 19 c0 be 02 38 00 00 89 e3 89 db aa eb a6 ea 89 e3 89 db e6 aa a6 aa 89 e3 89 db 6e aa 6a aa 89 e3 89 db aa ae ea ae 89 e3 89 db ae 6a aa 66 89 e3 89 db f6 aa aa 7a 89 e3 89 db fb aa b9 ae
00:aa 19 f8 be 02 38 00 00 89 e3 89 db aa bb 7e e9 89 e3 89 db aa ba 6a aa 89 e3 89 db ae ad a9 6a 89 e3 89 db ab 99 ab 9a 89 e3 89 db aa e6 fa 6e 89 e3 00 00 01 01 01 01 00 00 00 00 00 00 00 00
00:aa 19 30 bf 02 38 00 00 00 00 00 00 00 00 00 00 00 00 00 00 00 00 00 00 00 00 00 00 00 00 00 00 00 00 00 00 00 00 00 00 00 00 00 00 00 00 00 00 00 00 00 00 00 00 00 00 00 00 00 00 00 00 00 00
00:aa 19 68 bf 02 38 00 00 00 00 00 00 00 00 00 00 00 00 00 00 00 00 00 00 00 00 00 00 00 00 00 00 00 00 00 00 00 00 00 00 69 e3 00 00 50 50 50 50 89 e3 87 b4 00 00 00 51 89 e3 87 b4 00 00 00 55
00:aa 19 a0 bf 02 38 00 00 89 e3 47 bc 00 00 00 42 89 e3 89 db ed aa aa 6f 89 e3 89 db aa ea aa ba 89 e3 89 db aa 9f 6f ba 89 e3 89 db af fa aa ba 89 e3 89 db aa ee aa e9 89 e3 89 db ae ab ae aa
00:aa 19 d8 bf 02 38 00 00 89 e3 89 db ba aa 6a aa 89 e3 89 db ba bb a6 aa 89 e3 89 db ea aa ea a9 89 e3 89 db aa ea aa aa 89 e3 89 db e9 9a a9 d6 89 e3 89 db be a7 b6 a9 89 e3 89 db eb f9 66 aa
00:aa 19 10 c0 02 38 00 00 89 e3 89 db aa ba ab f6 89 e3 00 00 00 00 0a 15 89 e3 00 00 00 00 22 55 89 e3 00 00 00 00 22 55 89 e3 00 00 01 01 a9 55 00 00 00 00 00 00 00 00 00 00 00 00 00 00 00 00
00:aa 19 48 c0 02 38 00 00 00 00 00 00 00 00 00 00 00 00 00 00 00 00 00 00 00 00 00 00 00 00 00 00 00 00 00 00 00 00 00 00 00 00 00 00 00 00 00 00 00 00 00 00 00 00 00 00 00 00 00 00 00 00 00 00
00:aa 19 80 c0 02 38 00 00 00 00 00 00 00 00 00 00 00 00 00 00 00 00 00 00 00 00 00 00 00 00 00 00 00 00 00 00 00 00 00 00 00 00 00 00 00 00 00 00 00 00 00 00 00 00 00 00 00 00 00 00 00 00 00 00
00:aa 19 b8 c0 02 38 00 00 89 e3 45 95 00 00 00 40 89 e3 89 db ab 9e 9a ab 89 e3 89 db fb aa b9 aa 89 e3 89 db ba ae 9b 9b 89 e3 89 db aa a9 ea fa 89 e3 89 db aa ba aa 6e 89 e3 89 db b9 aa 59 aa
00:aa 19 f0 c0 02 38 00 00 89 e3 89 db ba aa 9e bb 89 e3 89 db aa b9 aa ee 89 e3 89 db 9a ad ba ea 89 e3 89 db ae d9 a6 aa 89 e3 89 db fb aa eb e6 89 e3 89 db ae aa 9e a9 89 e3 89 db ba a6 ba ab
00:aa 19 28 c1 02 38 00 00 29 eb 00 00 15 15 15 15 00 00 00 00 00 00 00 00 00 00 00 00 00 00 00 00 00 00 00 00 00 00 00 00 00 00 00 00 00 00 00 00 00 00 00 00 00 00 00 00 00 00 00 00 00 00 00 00
00:aa 19 60 c1 02 38 00 00 00 00 00 00 00 00 00 00 00 00 00 00 00 00 00 00 00 00 00 00 00 00 00 00 00 00 00 00 00 00 00 00 00 00 00 00 00 00 00 00 00 00 00 00 00 00 00 00 00 00 00 00 00 00 00 00
00:aa 19 98 c1 02 38 00 00 00 00 00 00 00 00 00 00 00 00 00 00 00 00 00 00 00 00 00 00 00 00 00 00 00 00 00 00 00 00 00 00 00 00 00 00 00 00 00 00 00 00 00 00 00 00 00 00 89 e3 c4 85 00 40 00 40
00:aa 19 d0 c1 02 38 00 00 89 e3 00 00 00 00 01 01 89 db 00 00 00 00 55 55 89 db 00 00 00 00 54 54 89 e3 89 db be ea aa e6 89 e3 00 00 00 00 05 05 89 db 00 00 00 00 55 55 a6 b4 00 00 00 00 55 55
00:aa 19 08 c2 02 38 00 00 a6 b4 00 00 00 00 55 55 89 e3 89 db a6 ee aa ae 89 e3 00 00 00 01 01 01 29 eb 00 00 00 55 55 55 89 e3 00 00 00 60 60 60 89 e3 89 db ab ba e6 ea 29 eb 00 00 15 15 15 15
00:aa 19 40 c2 02 38 00 00 00 00 00 00 00 00 00 00 00 00 00 00 00 00 00 00 00 00 00 00 00 00 00 00 00 00 00 00 00 00 00 00 00 00 00 00 00 00 00 00 00 00 00 00 00 00 00 00 00 00 00 00 00 00 00 00
00:aa 19 78 c2 02 38 00 00 00 00 00 00 00 00 00 00 00 00 00 00 00 00 00 00 00 00 00 00 00 00 00 00 00 00 00 00 00 00 00 00 00 00 00 00 00 00 00 00 00 00 00 00 00 00 00 00 00 00 00 00 00 00 00 00
00:aa 19 b0 c2 02 38 00 00 00 00 00 00 00 00 00 00 00 00 00 00 00 00 00 00 00 00 00 00 00 00 00 00 00 00 00 00 00 00 00 00 00 00 00 00 00 00 00 00 89 e3 65 95 00 40 00 00 89 e3 00 00 01 01 01 01
00:aa 19 e8 c2 02 38 00 00 00 00 00 00 00 00 00 00 89 db 00 00 54 54 54 54 89 e3 89 db aa 9a 6b 9a 69 e3 00 00 05 05 05 05 00 00 00 00 00 00 00 00 00 00 00 00 00 00 00 00 00 00 00 00 00 00 00 00
00:aa 19 20 c3 02 38 00 00 89 e3 89 db aa aa aa ae 89 e3 00 00 01 01 01 01 00 00 00 00 00 00 00 00 89 e3 00 00 60 60 60 60 89 e3 89 db a6 ba ea aa 29 eb 00 00 15 15 15 15 00 00 00 00 00 00 00 00
00:aa 19 58 c3 02 38 00 00 00 00 00 00 00 00 00 00 00 00 00 00 00 00 00 00 00 00 00 00 00 00 00 00 00 00 00 00 00 00 00 00 00 00 00 00 00 00 00 00 00 00 00 00 00 00 00 00 00 00 00 00 00 00 00 00
00:aa 19 90 c3 02 38 00 00 00 00 00 00 00 00 00 00 00 00 00 00 00 00 00 00 00 00 00 00 00 00 00 00 00 00 00 00 00 00 00 00 00 00 00 00 00 00 00 00 00 00 00 00 00 00 00 00 00 00 00 00 00 00 00 00
00:aa 19 c8 c3 02 38 00 00 00 00 00 00 00 00 00 00 00 00 00 00 00 00 00 00 00 00 00 00 00 00 00 00 00 00 00 00 00 00 00 00 89 e3 c4 85 40 00 40 00 89 e3 00 00 01 01 01 01 00 00 00 00 00 00 00 00
00:aa 19 00 c4 02 38 00 00 89 db 00 00 54 54 54 54 89 e3 89 db ab ee 6a aa 69 e3 00 00 05 05 05 05 00 00 00 00 00 00 00 00 00 00 00 00 00 00 00 00 00 00 00 00 00 00 00 00 89 e3 89 db ae aa aa ae
00:aa 19 38 c4 02 38 00 00 89 e3 00 00 01 01 01 01 00 00 00 00 00 00 00 00 89 e3 00 00 60 60 60 60 89 e3 89 db aa e6 ea ee 29 eb 00 00 15 15 15 15 00 00 00 00 00 00 00 00 00 00 00 00 00 00 00 00
00:aa 19 70 c4 02 38 00 00 00 00 00 00 00 00 00 00 00 00 00 00 00 00 00 00 00 00 00 00 00 00 00 00 00 00 00 00 00 00 00 00 00 00 00 00 00 00 00 00 00 00 00 00 00 00 00 00 00 00 00 00 00 00 00 00
00:aa 19 a8 c4 02 38 00 00 00 00 00 00 00 00 00 00 00 00 00 00 00 00 00 00 00 00 00 00 00 00 00 00 00 00 00 00 00 00 00 00 00 00 00 00 00 00 00 00 00 00 00 00 00 00 00 00 00 00 00 00 00 00 00 00
00:aa 19 e0 c4 02 38 00 00 00 00 00 00 00 00 00 00 00 00 00 00 00 00 00 00 00 00 00 00 00 00 00 00 89 e3 c4 85 40 00 c0 00 89 e3 00 00 01 01 01 01 00 00 00 00 00 00 00 00 89 db 00 00 54 54 54 54
00:aa 19 18 c5 02 38 00 00 89 e3 89 db bb ea ba 00 69 e3 00 00 05 05 05 05 00 00 00 00 00 00 00 00 00 00 00 00 00 00 00 00 00 00 00 00 00 00 00 00 69 e3 89 db 9d bf bf 00 89 e3 00 00 01 01 01 01
00:aa 19 50 c5 02 38 00 00 00 00 00 00 00 00 00 00 89 e3 00 00 60 60 60 60 89 e3 49 e3 00 00 00 ff 29 eb 00 00 15 15 15 15 00 00 00 00 00 00 00 00 00 00 00 00 00 00 00 00 00 00 00 00 00 00 00 00
00:aa 19 88 c5 02 38 00 00 00 00 00 00 00 00 00 00 00 00 00 00 00 00 00 00 00 00 00 00 00 00 00 00 00 00 00 00 00 00 00 00 00 00 00 00 00 00 00 00 00 00 00 00 00 00 00 00 00 00 00 00 00 00 00 00
00:aa 19 c0 c5 02 38 00 00 00 00 00 00 00 00 00 00 00 00 00 00 00 00 00 00 00 00 00 00 00 00 00 00 00 00 00 00 00 00 00 00 00 00 00 00 00 00 00 00 00 00 00 00 00 00 00 00 00 00 00 00 00 00 00 00
00:aa 19 f8 c5 02 38 00 00 00 00 00 00 00 00 00 00 00 00 00 00 00 00 00 00 00 00 00 00 00 00 00 00 00 00 00 00 00 00 00 00 00 00 00 00 00 00 00 00 00 00 00 00 00 00 00 00 00 00 00 00 00 00 00 00
00:aa 19 30 c6 02 38 00 00 00 00 00 00 00 00 00 00 00 00 00 00 00 00 00 00 00 00 00 00 00 00 00 00 00 00 00 00 00 00 00 00 00 00 00 00 00 00 00 00 00 00 00 00 00 00 00 00 00 00 00 00 00 00 00 00
00:aa 19 68 c6 02 38 00 00 00 00 00 00 00 00 00 00 00 00 00 00 00 00 00 00 00 00 00 00 00 00 00 00 00 00 00 00 00 00 00 00 00 00 00 00 00 00 00 00 00 00 00 00 00 00 00 00 00 00 00 00 00 00 00 00
00:aa 19 a0 c6 02 38 00 00 00 00 00 00 00 00 00 00 00 00 00 00 00 00 00 00 00 00 00 00 00 00 00 00 00 00 00 00 00 00 00 00 00 00 00 00 00 00 00 00 00 00 00 00 00 00 00 00 00 00 00 00 00 00 00 00
00:aa 19 d8 c6 02 38 00 00 00 00 00 00 00 00 00 00 00 00 00 00 00 00 00 00 00 00 00 00 00 00 00 00 00 00 00 00 00 00 00 00 00 00 00 00 00 00 00 00 00 00 00 00 00 00 00 00 00 00 00 00 00 00 00 00
00:aa 19 10 c7 02 38 00 00 00 00 00 00 00 00 00 00 00 00 00 00 00 00 00 00 00 00 00 00 00 00 00 00 00 00 00 00 00 00 00 00 00 00 00 00 00 00 00 00 00 00 00 00 00 00 00 00 00 00 00 00 00 00 00 00
00:aa 19 48 c7 02 38 00 00 00 00 00 00 00 00 00 00 00 00 00 00 00 00 00 00 00 00 00 00 00 00 00 00 00 00 00 00 00 00 00 00 00 00 00 00 00 00 00 00 00 00 00 00 00 00 00 00 00 00 00 00 00 00 00 00
00:aa 19 80 c7 02 38 00 00 00 00 00 00 00 00 00 00 00 00 00 00 00 00 00 00 00 00 00 00 00 00 00 00 00 00 00 00 00 00 00 00 00 00 00 00 00 00 00 00 00 00 00 00 00 00 00 00 00 00 00 00 00 00 00 00
00:aa 19 b8 c7 02 38 00 00 00 00 00 00 00 00 00 00 00 00 00 00 00 00 00 00 00 00 00 00 00 00 00 00 00 00 00 00 00 00 00 00 00 00 00 00 00 00 00 00 00 00 00 00 00 00 00 00 00 00 00 00 00 00 00 00
00:aa 19 f0 c7 02 38 00 00 00 00 00 00 00 00 00 00 00 00 00 00 00 00 00 00 00 00 00 00 00 00 00 00 00 00 00 00 00 00 00 00 00 00 00 00 00 00 00 00 00 00 00 00 00 00 00 00 00 00 00 00 00 00 00 00
00:aa 19 28 c8 02 38 00 00 00 00 00 00 00 00 00 00 00 00 00 00 00 00 00 00 00 00 00 00 00 00 00 00 00 00 00 00 00 00 00 00 00 00 00 00 00 00 00 00 00 00 00 00 00 00 00 00 00 00 00 00 00 00 00 00
00:aa 19 60 c8 02 38 00 00 00 00 00 00 00 00 00 00 00 00 00 00 00 00 00 00 00 00 00 00 00 00 00 00 00 00 00 00 00 00 00 00 00 00 00 00 00 00 00 00 00 00 00 00 00 00 00 00 00 00 00 00 00 00 00 00
00:aa 19 98 c8 02 38 00 00 00 00 00 00 00 00 00 00 00 00 00 00 00 00 00 00 00 00 00 00 00 00 00 00 00 00 00 00 00 00 00 00 00 00 00 00 00 00 00 00 00 00 00 00 00 00 00 00 00 00 00 00 00 00 00 00
00:aa 19 d0 c8 02 38 00 00 00 00 00 00 00 00 00 00 00 00 00 00 00 00 00 00 00 00 00 00 00 00 00 00 00 00 00 00 00 00 00 00 00 00 00 00 00 00 00 00 00 00 00 00 00 00 00 00 00 00 00 00 00 00 00 00
00:aa 19 08 c9 02 38 00 00 00 00 00 00 00 00 00 00 00 00 00 00 00 00 00 00 00 00 00 00 00 00 00 00 00 00 00 00 00 00 00 00 00 00 00 00 00 00 00 00 00 00 00 00 00 00 00 00 00 00 00 00 00 00 00 00
00:aa 19 40 c9 02 38 00 00 00 00 00 00 00 00 00 00 00 00 00 00 00 00 00 00 00 00 00 00 00 00 00 00 00 00 00 00 00 00 00 00 00 00 00 00 00 00 00 00 00 00 00 00 00 00 00 00 00 00 00 00 00 00 00 00
00:aa 19 78 c9 02 38 00 00 00 00 00 00 00 00 00 00 00 00 00 00 00 00 00 00 00 00 00 00 00 00 00 00 00 00 00 00 00 00 00 00 00 00 00 00 00 00 00 00 00 00 00 00 00 00 00 00 00 00 00 00 00 00 00 00
00:aa 19 b0 c9 02 38 00 00 00 00 00 00 00 00 00 00 00 00 00 00 00 00 00 00 00 00 00 00 00 00 00 00 00 00 00 00 00 00 00 00 00 00 00 00 00 00 00 00 00 00 00 00 00 00 00 00 00 00 00 00 00 00 00 00
00:aa 19 e8 c9 02 38 00 00 00 00 00 00 00 00 00 00 00 00 00 00 00 00 00 00 00 00 00 00 00 00 00 00 00 00 00 00 00 00 00 00 00 00 00 00 00 00 00 00 00 00 00 00 00 00 00 00 00 00 00 00 00 00 00 00
00:aa 19 20 ca 02 38 00 00 00 00 00 00 00 00 00 00 00 00 00 00 00 00 00 00 00 00 00 00 00 00 00 00 00 00 00 00 00 00 00 00 00 00 00 00 00 00 00 00 00 00 00 00 00 00 00 00 00 00 00 00 00 00 00 00
00:aa 19 58 ca 02 38 00 00 00 00 00 00 00 00 00 00 00 00 00 00 00 00 00 00 00 00 00 00 00 00 00 00 00 00 00 00 00 00 00 00 00 00 00 00 00 00 00 00 00 00 00 00 00 00 00 00 00 00 00 00 00 00 00 00
00:aa 19 90 ca 02 38 00 00 00 00 00 00 00 00 00 00 00 00 00 00 00 00 00 00 00 00 00 00 00 00 00 00 00 00 00 00 00 00 00 00 00 00 00 00 00 00 00 00 00 00 00 00 00 00 00 00 00 00 00 00 00 00 00 00
00:aa 19 c8 ca 02 38 00 00 00 00 00 00 00 00 00 00 00 00 00 00 00 00 00 00 00 00 00 00 00 00 00 00 00 00 00 00 00 00 00 00 00 00 00 00 00 00 00 00 00 00 00 00 00 00 00 00 00 00 00 00 00 00 00 00
00:aa 19 00 cb 02 38 00 00 00 00 00 00 00 00 00 00 00 00 00 00 00 00 00 00 00 00 00 00 00 00 00 00 00 00 00 00 00 00 00 00 00 00 00 00 00 00 00 00 00 00 00 00 00 00 00 00 00 00 00 00 00 00 00 00
00:aa 19 38 cb 02 38 00 00 00 00 00 00 00 00 00 00 00 00 00 00 00 00 00 00 00 00 00 00 00 00 00 00 00 00 00 00 00 00 00 00 00 00 00 00 00 00 00 00 00 00 00 00 00 00 00 00 00 00 00 00 00 00 00 00
00:aa 19 70 cb 02 38 00 00 00 00 00 00 00 00 00 00 00 00 00 00 00 00 00 00 00 00 00 00 00 00 00 00 00 00 00 00 00 00 00 00 00 00 00 00 00 00 00 00 00 00 00 00 00 00 00 00 00 00 00 00 00 00 00 00
00:aa 19 a8 cb 02 38 00 00 00 00 00 00 00 00 00 00 00 00 00 00 00 00 00 00 00 00 00 00 00 00 00 00 00 00 00 00 00 00 00 00 00 00 00 00 00 00 00 00 00 00 00 00 00 00 00 00 00 00 00 00 00 00 00 00
00:aa 19 e0 cb 02 38 00 00 00 00 00 00 00 00 00 00 00 00 00 00 00 00 00 00 00 00 00 00 00 00 00 00 00 00 00 00 00 00 00 00 00 00 00 00 00 00 00 00 00 00 00 00 00 00 00 00 00 00 00 00 00 00 00 00
00:aa 19 18 cc 02 38 00 00 00 00 00 00 00 00 00 00 00 00 00 00 00 00 00 00 00 00 00 00 00 00 00 00 00 00 00 00 00 00 00 00 00 00 00 00 00 00 00 00 00 00 00 00 00 00 00 00 00 00 00 00 00 00 00 00
00:aa 19 50 cc 02 38 00 00 00 00 00 00 00 00 00 00 00 00 00 00 00 00 00 00 00 00 00 00 00 00 00 00 00 00 00 00 00 00 00 00 00 00 00 00 00 00 00 00 00 00 00 00 00 00 00 00 00 00 00 00 00 00 00 00
00:aa 19 88 cc 02 38 00 00 00 00 00 00 00 00 00 00 00 00 00 00 00 00 00 00 00 00 00 00 00 00 00 00 00 00 00 00 00 00 00 00 00 00 00 00 00 00 00 00 00 00 00 00 00 00 00 00 00 00 00 00 00 00 00 00
00:aa 19 c0 cc 02 38 00 00 00 00 00 00 00 00 00 00 00 00 00 00 00 00 00 00 00 00 00 00 00 00 00 00 00 00 00 00 00 00 00 00 00 00 00 00 00 00 00 00 00 00 00 00 00 00 00 00 00 00 00 00 00 00 00 00
00:aa 19 f8 cc 02 38 00 00 00 00 00 00 00 00 00 00 00 00 00 00 00 00 00 00 00 00 00 00 00 00 00 00 00 00 00 00 00 00 00 00 00 00 00 00 00 00 00 00 00 00 00 00 00 00 00 00 00 00 00 00 00 00 00 00
00:aa 1a 00 00 00 00 00 00 00 00 00 00 00 00 00 00 00 00 00 00 00 00 00 00 00 00 00 00 00 00 00 00 00 00 00 00 00 00 00 00 00 00 00 00 00 00 00 00 00 00 00 00 00 00 00 00 00 00 00 00 00 00 00 00
00:aa 10 00 00 00 00 00 00 00 00 00 00 00 00 00 00 00 00 00 00 00 00 00 00 00 00 00 00 00 00 00 00 00 00 00 00 00 00 00 00 00 00 00 00 00 00 00 00 00 00 00 00 00 00 00 00 00 00 00 00 00 00 00 00
00:aa 17 00 00 00 38 00 00 02 00 02 06 00 09 03 01 06 01 06 03 09 01 01 00 00 00 00 00 00 00 00 00 00 00 00 00 00 00 00 00 00 00 00 00 00 00 00 00 00 00 00 00 00 00 00 00 00 00 00 00 00 00 00 00
00:aa 11 00 00 00 00 00 00 00 00 00 00 00 00 00 00 00 00 00 00 00 00 00 00 00 00 00 00 00 00 00 00 00 00 00 00 00 00 00 00 00 00 00 00 00 00 00 00 00 00 00 00 00 00 00 00 00 00 00 00 00 00 00 00
00:aa 11 00 00 00 00 00 00 00 00 00 00 00 00 00 00 00 00 00 00 00 00 00 00 00 00 00 00 00 00 00 00 00 00 00 00 00 00 00 00 00 00 00 00 00 00 00 00 00 00 00 00 00 00 00 00 00 00 00 00 00 00 00 00
00:aa 1c 00 00 00 00 00 00 00 00 00 00 00 00 00 00 00 00 00 00 00 00 00 00 00 00 00 00 00 00 00 00 00 00 00 00 00 00 00 00 00 00 00 00 00 00 00 00 00 00 00 00 00 00 00 00 00 00 00 00 00 00 00 00
00:aa 1c 00 00 00 00 00 00 00 00 00 00 00 00 00 00 00 00 00 00 00 00 00 00 00 00 00 00 00 00 00 00 00 00 00 00 00 00 00 00 00 00 00 00 00 00 00 00 00 00 00 00 00 00 00 00 00 00 00 00 00 00 00 00
00:aa 1c 00 00 00 00 00 00 00 00 00 00 00 00 00 00 00 00 00 00 00 00 00 00 00 00 00 00 00 00 00 00 00 00 00 00 00 00 00 00 00 00 00 00 00 00 00 00 00 00 00 00 00 00 00 00 00 00 00 00 00 00 00 00
00:aa 1c 00 00 00 00 00 00 00 00 00 00 00 00 00 00 00 00 00 00 00 00 00 00 00 00 00 00 00 00 00 00 00 00 00 00 00 00 00 00 00 00 00 00 00 00 00 00 00 00 00 00 00 00 00 00 00 00 00 00 00 00 00 00
00:aa 1c 00 00 00 00 00 00 00 00 00 00 00 00 00 00 00 00 00 00 00 00 00 00 00 00 00 00 00 00 00 00 00 00 00 00 00 00 00 00 00 00 00 00 00 00 00 00 00 00 00 00 00 00 00 00 00 00 00 00 00 00 00 00
00:aa 1c 00 00 00 00 00 00 00 00 00 00 00 00 00 00 00 00 00 00 00 00 00 00 00 00 00 00 00 00 00 00 00 00 00 00 00 00 00 00 00 00 00 00 00 00 00 00 00 00 00 00 00 00 00 00 00 00 00 00 00 00 00 00
00:aa 1c 00 00 00 00 00 00 00 00 00 00 00 00 00 00 00 00 00 00 00 00 00 00 00 00 00 00 00 00 00 00 00 00 00 00 00 00 00 00 00 00 00 00 00 00 00 00 00 00 00 00 00 00 00 00 00 00 00 00 00 00 00 00
00:aa 1b 00 00 00 38 00 00 00 00 00 00 00 00 00 00 00 00 00 00 00 00 00 00 00 00 00 00 00 00 00 00 00 00 00 00 00 00 00 00 00 00 00 00 00 00 00 00 00 00 00 00 00 00 00 00 00 00 00 00 00 00 00 00
00:aa e3 00 00 00 01 00 00 03 00 00 00 00 00 00 00 00 00 00 00 00 00 00 00 00 00 00 00 00 00 00 00
00:aa 14 00 00 00 38 00 00 00 00 00 00 00 00 00 00 00 00 00 00 00 00 00 00 00 00 00 00 00 00 00 00 00 00 00 00 00 00 00 00 00 00 00 00 00 00 00 00 00 00 00 00 00 00 00 00 00 00 00 00 00 00 00 00
00:aa 15 00 00 00 38 00 00 00 03 03 00 00 c8 41 00 01 00 c8 41 00 02 00 30 cd 00 00 00 00 00 00 00 00 00 00 00 00 00 00 00 00 00 00 00 00 00 00 00 00 00 00 00 00 00 00 00 00 00 00 00 00 00 00 00
00:aa 15 38 00 00 38 00 00 00 00 00 00 00 00 00 00 00 00 00 00 00 00 00 00 00 00 00 00 00 00 00 00 00 00 00 00 00 00 00 00 00 00 00 00 00 00 00 00 00 00 00 00 00 00 00 00 00 00 00 00 00 00 00 00
00:aa 15 70 00 00 10 00 00 00 00 00 00 00 00 00 00 00 00 00 00 00 00 00 00 00 00 00 00 00 00 00 00 00 00 00 00 00 00 00 00 00 00 00 00 00 00 00 00 00 00 00 00 00 00 00 00 00 00 00 00 00 00 00 00
00:aa 16 00 00 00 38 00 00 00 00 00 00 00 00 00 00 00 00 00 00 00 00 00 00 00 00 00 00 00 00 00 00 00 00 00 00 00 00 00 00 00 00 00 00 00 00 00 00 00 00 00 00 00 00 00 00 00 00 00 00 00 00 00 00
00:aa 18 00 00 00 01 00 00 03 00 00 00 00 00 00 00 00 00 00 00 00 00 00 00 00 00 00 00 00 00 00 00 00 00 00 00 00 00 00 00 00 00 00 00 00 00 00 00 00 00 00 00 00 00 00 00 00 00 00 00 00 00 00 00
00:aa 19 00 00 00 38 00 00 51 47 49 46 00 27 00 01 3b 21 ff ff ff ff ff ff ff ff ff ff ff ff ff ff ff ff ff ff ff ff ff ff ff ff ff ff ff ff ff ff ff ff ff ff ff ff ff ff ff ff ff ff ff ff ff ff
00:aa 19 38 00 00 38 00 00 ff ff ff ff ff ff ff ff ff ff ff ff ff ff ff ff ff ff ff ff ff ff ff ff ff ff ff ff ff ff ff ff ff ff ff ff ff ff ff ff ff ff ff ff ff ff ff ff ff ff ff ff ff ff ff ff
00:aa 19 70 00 00 38 00 00 ff ff ff ff ff ff ff ff ff ff ff ff ff ff ff ff ff ff ff ff ff ff ff ff ff ff ff ff ff ff ff ff ff ff ff ff ff ff ff ff ff ff ff ff ff ff ff ff ff ff ff ff ff ff ff ff
00:aa 19 a8 00 00 38 00 00 ff ff ff ff ff ff ff ff ff ff ff ff ff ff ff ff ff ff ff ff ff ff ff ff ff ff ff ff ff ff ff ff ff ff ff ff ff ff ff ff ff ff ff ff ff ff ff ff ff ff ff ff ff ff ff ff
00:aa 19 e0 00 00 38 00 00 ff ff ff ff ff ff ff ff ff ff ff ff ff ff ff ff ff ff ff ff ff ff ff ff ff ff ff ff ff ff ff ff ff ff ff ff ff ff ff ff ff 00 00 00 00 00 00 00 00 00 00 00 00 00 00 00
00:aa 19 18 01 00 38 00 00 00 00 00 00 00 00 00 00 00 00 00 00 00 00 00 00 00 00 00 00 00 00 00 00 00 00 00 00 00 00 00 00 00 00 00 00 00 00 00 00 00 00 00 00 00 00 00 00 00 00 00 00 00 00 00 00
00:aa 19 50 01 00 38 00 00 00 00 00 00 00 00 00 00 00 00 00 00 00 00 00 00 00 00 00 00 00 00 00 00 00 00 00 00 00 00 00 00 00 00 00 00 00 00 00 00 00 00 00 00 00 00 00 00 00 00 00 00 00 00 00 00
00:aa 19 88 01 00 38 00 00 00 00 00 00 00 00 00 00 00 00 00 00 00 00 00 00 00 00 00 00 00 00 00 00 00 00 00 00 00 00 00 00 00 00 00 00 00 00 00 00 00 00 00 00 00 00 00 00 00 00 00 00 00 00 00 00
00:aa 19 c0 01 00 38 00 00 00 00 00 00 00 00 00 00 00 00 00 00 00 00 00 00 00 00 00 00 00 00 00 00 00 00 00 00 00 00 00 00 00 00 00 00 00 00 00 00 00 00 00 00 00 00 00 00 00 00 00 00 00 00 00 00
00:aa 19 f8 01 00 38 00 00 00 00 00 00 00 00 00 00 00 00 00 00 00 00 00 00 00 00 00 00 00 00 00 00 00 00 00 00 00 00 00 00 00 00 00 00 00 00 00 00 00 00 00 00 00 00 00 00 00 00 00 00 00 00 00 00
00:aa 19 30 02 00 38 00 00 00 00 00 00 00 00 00 00 00 00 00 00 00 00 00 00 00 00 00 00 00 00 00 00 00 00 00 00 00 00 00 00 00 00 00 00 00 00 00 00 00 00 00 00 00 00 00 00 00 00 00 00 00 00 00 00
00:aa 19 68 02 00 38 00 00 00 00 00 00 00 00 00 00 00 00 00 00 00 00 00 00 00 00 00 00 00 00 00 00 00 00 00 00 00 00 00 00 00 00 00 00 00 00 00 00 00 00 00 00 00 00 00 00 00 00 00 00 00 00 00 00
00:aa 19 a0 02 00 38 00 00 00 00 00 00 00 00 00 00 00 00 00 00 00 00 00 00 00 00 00 00 00 00 00 00 00 00 00 00 00 00 00 00 00 00 00 00 00 00 00 00 00 00 00 00 00 00 00 00 00 00 00 00 00 00 00 00
00:aa 19 d8 02 00 38 00 00 00 00 00 00 00 00 00 00 00 00 00 00 00 00 00 00 00 00 00 00 00 00 00 00 00 00 00 00 00 00 00 00 00 00 00 00 00 00 00 00 00 00 00 00 00 00 00 00 00 00 00 00 00 00 00 00
00:aa 19 10 03 00 38 00 00 00 00 00 00 00 00 00 00 00 00 00 00 00 00 00 00 00 00 00 00 00 00 00 00 00 00 00 00 00 00 00 00 00 00 00 00 00 00 00 00 00 00 00 00 00 00 00 00 00 00 00 00 00 00 00 00
00:aa 19 48 03 00 38 00 00 00 00 00 00 00 00 00 00 00 00 00 00 00 00 00 00 00 00 00 00 00 00 00 00 00 00 00 00 00 00 00 00 00 00 00 00 00 00 00 00 00 00 00 00 00 00 00 00 00 00 00 00 00 00 00 00
00:aa 19 80 03 00 38 00 00 00 00 00 00 00 00 00 00 00 00 00 00 00 00 00 00 00 00 00 00 00 00 00 00 00 00 00 00 00 00 00 00 00 00 00 00 00 00 00 00 00 00 00 00 00 00 00 00 00 00 00 00 00 00 00 00
00:aa 19 b8 03 00 38 00 00 00 00 00 00 00 00 00 00 00 00 00 00 00 00 00 00 00 00 00 00 00 00 00 00 00 00 00 00 00 00 00 00 00 00 00 00 00 00 00 00 00 00 00 00 00 00 00 00 00 00 00 00 00 00 00 00
00:aa 19 f0 03 00 38 00 00 00 00 00 00 00 00 00 00 00 00 00 00 00 00 00 00 00 00 00 00 00 00 00 00 00 00 00 00 00 00 00 00 00 00 00 00 00 00 00 00 00 00 00 00 00 00 00 00 00 00 00 00 00 00 00 00
00:aa 19 28 04 00 38 00 00 00 00 00 00 00 00 00 00 00 00 00 00 00 00 00 00 00 00 00 00 00 00 00 00 00 00 00 00 00 00 00 00 00 00 00 00 00 00 00 00 00 00 00 00 00 00 00 00 00 00 00 00 00 00 00 00
00:aa 19 60 04 00 38 00 00 00 00 00 00 00 00 00 00 00 00 00 00 00 00 00 00 00 00 00 00 00 00 00 00 00 00 00 00 00 00 00 00 00 00 00 00 00 00 00 00 00 00 00 00 00 00 00 00 00 00 00 00 00 00 00 00
00:aa 19 98 04 00 38 00 00 00 00 00 00 00 00 00 00 00 00 00 00 00 00 00 00 00 00 00 00 00 00 00 00 00 00 00 00 00 00 00 00 00 00 00 00 00 00 00 00 00 00 00 00 00 00 00 00 00 00 00 00 00 00 00 00
00:aa 19 d0 04 00 38 00 00 00 00 00 00 00 00 00 00 00 00 00 00 00 00 00 00 00 00 00 00 00 00 00 00 00 00 00 00 00 00 00 00 00 00 00 00 00 00 00 00 00 00 00 00 00 00 00 00 00 00 00 00 00 00 00 00
00:aa 19 08 05 00 38 00 00 00 00 00 00 00 00 00 00 00 00 00 00 00 00 00 00 00 00 00 00 00 00 00 00 00 00 00 00 00 00 00 00 00 00 00 00 00 00 00 00 00 00 00 00 00 00 00 00 00 00 00 00 00 00 00 00
00:aa 19 40 05 00 38 00 00 00 00 00 00 00 00 00 00 00 00 00 00 00 00 00 00 00 00 00 00 00 00 00 00 00 00 00 00 00 00 00 00 00 00 00 00 00 00 00 00 00 00 00 00 00 00 00 00 00 00 00 00 00 00 00 00
00:aa 19 78 05 00 38 00 00 00 00 00 00 00 00 00 00 00 00 00 00 00 00 00 00 00 00 00 00 00 00 00 00 00 00 00 00 00 00 00 00 00 00 00 00 00 00 00 00 00 00 00 00 00 00 00 00 00 00 00 00 00 00 00 00
00:aa 19 b0 05 00 38 00 00 00 00 00 00 00 00 00 00 00 00 00 00 00 00 00 00 00 00 00 00 00 00 00 00 00 00 00 00 00 00 00 00 00 00 00 00 00 00 00 00 00 00 00 00 00 00 00 00 00 00 00 00 00 00 00 00
00:aa 19 e8 05 00 38 00 00 00 00 00 00 00 00 00 00 00 00 00 00 00 00 00 00 00 00 00 00 00 00 00 00 00 00 00 00 00 00 00 00 00 00 00 00 00 00 00 00 00 00 00 00 00 00 00 00 00 00 00 00 00 00 00 00
00:aa 19 20 06 00 38 00 00 00 00 00 00 00 00 00 00 00 00 00 00 00 00 00 00 00 00 00 00 00 00 00 00 00 00 00 00 00 00 00 00 00 00 00 00 00 00 00 00 00 00 00 00 00 00 00 00 00 00 00 00 00 00 00 00
00:aa 19 58 06 00 38 00 00 00 00 00 00 00 00 00 00 00 00 00 00 00 00 00 00 00 00 00 00 00 00 00 00 00 00 00 00 00 00 00 00 00 00 00 00 00 00 00 00 00 00 00 00 00 00 00 00 00 00 00 00 00 00 00 00
00:aa 19 90 06 00 38 00 00 00 00 00 00 00 00 00 00 00 00 00 00 00 00 00 00 00 00 00 00 00 00 00 00 00 00 00 00 00 00 00 00 00 00 00 00 00 00 00 00 00 00 00 00 00 00 00 00 00 00 00 00 00 00 00 00
00:aa 19 c8 06 00 38 00 00 00 00 00 00 00 00 00 00 00 00 00 00 00 00 00 00 00 00 00 00 00 00 00 00 00 00 00 00 00 00 00 00 00 00 00 00 00 00 00 00 00 00 00 00 00 00 00 00 00 00 00 00 00 00 00 00
00:aa 19 00 07 00 38 00 00 00 00 00 00 00 00 00 00 00 00 00 00 00 00 00 00 00 00 00 00 00 00 00 00 00 00 00 00 00 00 00 00 00 00 00 00 00 00 00 00 00 00 00 00 00 00 00 00 00 00 00 00 00 00 00 00
00:aa 19 38 07 00 38 00 00 00 00 00 00 00 00 00 00 00 00 00 00 00 00 00 00 00 00 00 00 00 00 00 00 00 00 00 00 00 00 00 00 00 00 00 00 00 00 00 00 00 00 00 00 00 00 00 00 00 00 00 00 00 00 00 00
00:aa 19 70 07 00 38 00 00 00 00 00 00 00 00 00 00 00 00 00 00 00 00 00 00 00 00 00 00 00 00 00 00 00 00 00 00 00 00 00 00 00 00 00 00 00 00 00 00 00 00 00 00 00 00 00 00 00 00 00 00 00 00 00 00
00:aa 19 a8 07 00 38 00 00 00 00 00 00 00 00 00 00 00 00 00 00 00 00 00 00 00 00 00 00 00 00 00 00 00 00 00 00 00 00 00 00 00 00 00 00 00 00 00 00 00 00 00 00 00 00 00 00 00 00 00 00 00 00 00 00
00:aa 19 e0 07 00 38 00 00 00 00 00 00 00 00 00 00 00 00 00 00 00 00 00 00 00 00 00 00 00 00 00 00 00 00 00 00 00 00 00 00 00 00 00 00 00 00 00 00 00 00 00 00 00 00 00 00 00 00 00 00 00 00 00 00
00:aa 19 18 08 00 38 00 00 00 00 00 00 00 00 00 00 00 00 00 00 00 00 00 00 00 00 00 00 00 00 00 00 00 00 00 00 00 00 00 00 00 00 00 00 00 00 00 00 00 00 00 00 00 00 00 00 00 00 00 00 00 00 00 00
00:aa 19 50 08 00 38 00 00 00 00 00 00 00 00 00 00 00 00 00 00 00 00 00 00 00 00 00 00 00 00 00 00 00 00 00 00 00 00 00 00 00 00 00 00 00 00 00 00 00 00 00 00 00 00 00 00 00 00 00 00 00 00 00 00
00:aa 19 88 08 00 38 00 00 00 00 00 00 00 00 00 00 00 00 00 00 00 00 00 00 00 00 00 00 00 00 00 00 00 00 00 00 00 00 00 00 00 00 00 00 00 00 00 00 00 00 00 00 00 00 00 00 00 00 00 00 00 00 00 00
00:aa 19 c0 08 00 38 00 00 00 00 00 00 00 00 00 00 00 00 00 00 00 00 00 00 00 00 00 00 00 00 00 00 00 00 00 00 00 00 00 00 00 00 00 00 00 00 00 00 00 00 00 00 00 00 00 00 00 00 00 00 00 00 00 00
00:aa 19 f8 08 00 38 00 00 00 00 00 00 00 00 00 00 00 00 00 00 00 00 00 00 00 00 00 00 00 00 00 00 00 00 00 00 00 00 00 00 00 00 00 00 00 00 00 00 00 00 00 00 00 00 00 00 00 00 00 00 00 00 00 00
00:aa 19 30 09 00 38 00 00 00 00 00 00 00 00 00 00 00 00 00 00 00 00 00 00 00 00 00 00 00 00 00 00 00 00 00 00 00 00 00 00 00 00 00 00 00 00 00 00 00 00 00 00 00 00 00 00 00 00 00 00 00 00 00 00
00:aa 19 68 09 00 38 00 00 00 00 00 00 00 00 00 00 00 00 00 00 00 00 00 00 00 00 00 00 00 00 00 00 00 00 00 00 00 00 00 00 00 00 00 00 00 00 00 00 00 00 00 00 00 00 00 00 00 00 00 00 00 00 00 00
00:aa 19 a0 09 00 38 00 00 00 00 00 00 00 00 00 00 00 00 00 00 00 00 00 00 00 00 00 00 00 00 00 00 00 00 00 00 00 00 00 00 00 00 00 00 00 00 00 00 00 00 00 00 00 00 00 00 00 00 00 00 00 00 00 00
00:aa 19 d8 09 00 38 00 00 00 00 00 00 00 00 00 00 00 00 00 00 00 00 00 00 00 00 00 00 00 00 00 00 00 00 00 00 00 00 00 00 00 00 00 00 00 00 00 00 00 00 00 00 00 00 00 00 00 00 00 00 00 00 00 00
00:aa 19 10 0a 00 38 00 00 00 00 00 00 00 00 00 00 00 00 00 00 00 00 00 00 00 00 00 00 00 00 00 00 00 00 00 00 00 00 00 00 00 00 00 00 00 00 00 00 00 00 00 00 00 00 00 00 00 00 00 00 00 00 00 00
00:aa 19 48 0a 00 38 00 00 00 00 00 00 00 00 00 00 00 00 00 00 00 00 00 00 00 00 00 00 00 00 00 00 00 00 00 00 00 00 00 00 00 00 00 00 00 00 00 00 00 00 00 00 00 00 00 00 00 00 00 00 00 00 00 00
00:aa 19 80 0a 00 38 00 00 00 00 00 00 00 00 00 00 00 00 00 00 00 00 00 00 00 00 00 00 00 00 00 00 00 00 00 00 00 00 00 00 00 00 00 00 00 00 00 00 00 00 00 00 00 00 00 00 00 00 00 00 00 00 00 00
00:aa 19 b8 0a 00 38 00 00 00 00 00 00 00 00 00 00 00 00 00 00 00 00 00 00 00 00 00 00 00 00 00 00 00 00 00 00 00 00 00 00 00 00 00 00 00 00 00 00 00 00 00 00 00 00 00 00 00 00 00 00 00 00 00 00
00:aa 19 f0 0a 00 38 00 00 00 00 00 00 00 00 00 00 00 00 00 00 00 00 00 00 00 00 00 00 00 00 00 00 00 00 00 00 00 00 00 00 00 00 00 00 00 00 00 00 00 00 00 00 00 00 00 00 00 00 00 00 00 00 00 00
00:aa 19 28 0b 00 38 00 00 00 00 00 00 00 00 00 00 00 00 00 00 00 00 00 00 00 00 00 00 00 00 00 00 00 00 00 00 00 00 00 00 00 00 00 00 00 00 00 00 00 00 00 00 00 00 00 00 00 00 00 00 00 00 00 00
00:aa 19 60 0b 00 38 00 00 00 00 00 00 00 00 00 00 00 00 00 00 00 00 00 00 00 00 00 00 00 00 00 00 00 00 00 00 00 00 00 00 00 00 00 00 00 00 00 00 00 00 00 00 00 00 00 00 00 00 00 00 00 00 00 00
00:aa 19 98 0b 00 38 00 00 00 00 00 00 00 00 00 00 00 00 00 00 00 00 00 00 00 00 00 00 00 00 00 00 00 00 00 00 00 00 00 00 00 00 00 00 00 00 00 00 00 00 00 00 00 00 00 00 00 00 00 00 00 00 00 00
00:aa 19 d0 0b 00 38 00 00 00 00 00 00 00 00 00 00 00 00 00 00 00 00 00 00 00 00 00 00 00 00 00 00 00 00 00 00 00 00 00 00 00 00 00 00 00 00 00 00 00 00 00 00 00 00 00 00 00 00 00 00 00 00 00 00
00:aa 19 08 0c 00 38 00 00 00 00 00 00 00 00 00 00 00 00 00 00 00 00 00 00 00 00 00 00 00 00 00 00 00 00 00 00 00 00 00 00 00 00 00 00 00 00 00 00 00 00 00 00 00 00 00 00 00 00 00 00 00 00 00 00
00:aa 19 40 0c 00 38 00 00 00 00 00 00 00 00 00 00 00 00 00 00 00 00 00 00 00 00 00 00 00 00 00 00 00 00 00 00 00 00 00 00 00 00 00 00 00 00 00 00 00 00 00 00 00 00 00 00 00 00 00 00 00 00 00 00
00:aa 19 78 0c 00 38 00 00 00 00 00 00 00 00 00 00 00 00 00 00 00 00 00 00 00 00 00 00 00 00 00 00 00 00 00 00 00 00 00 00 00 00 00 00 00 00 00 00 00 00 00 00 00 00 00 00 00 00 00 00 00 00 00 00
00:aa 19 b0 0c 00 38 00 00 00 00 00 00 00 00 00 00 00 00 00 00 00 00 00 00 00 00 00 00 00 00 00 00 00 00 00 00 00 00 00 00 00 00 00 00 00 00 00 00 00 00 00 00 00 00 00 00 00 00 00 00 00 00 00 00
00:aa 19 e8 0c 00 38 00 00 00 00 00 00 00 00 00 00 00 00 00 00 00 00 00 00 00 00 00 00 00 00 00 00 00 00 00 00 00 00 00 00 00 00 00 00 00 00 00 00 00 00 00 00 00 00 00 00 00 00 00 00 00 00 00 00
00:aa 19 20 0d 00 38 00 00 00 00 00 00 00 00 00 00 00 00 00 00 00 00 00 00 00 00 00 00 00 00 00 00 00 00 00 00 00 00 00 00 00 00 00 00 00 00 00 00 00 00 00 00 00 00 00 00 00 00 00 00 00 00 00 00
00:aa 19 58 0d 00 38 00 00 00 00 00 00 00 00 00 00 00 00 00 00 00 00 00 00 00 00 00 00 00 00 00 00 00 00 00 00 00 00 00 00 00 00 00 00 00 00 00 00 00 00 00 00 00 00 00 00 00 00 00 00 00 00 00 00
00:aa 19 90 0d 00 38 00 00 00 00 00 00 00 00 00 00 00 00 00 00 00 00 00 00 00 00 00 00 00 00 00 00 00 00 00 00 00 00 00 00 00 00 00 00 00 00 00 00 00 00 00 00 00 00 00 00 00 00 00 00 00 00 00 00
00:aa 19 c8 0d 00 38 00 00 00 00 00 00 00 00 00 00 00 00 00 00 00 00 00 00 00 00 00 00 00 00 00 00 00 00 00 00 00 00 00 00 00 00 00 00 00 00 00 00 00 00 00 00 00 00 00 00 00 00 00 00 00 00 00 00
00:aa 19 00 0e 00 38 00 00 00 00 00 00 00 00 00 00 00 00 00 00 00 00 00 00 00 00 00 00 00 00 00 00 00 00 00 00 00 00 00 00 00 00 00 00 00 00 00 00 00 00 00 00 00 00 00 00 00 00 00 00 00 00 00 00
00:aa 19 38 0e 00 38 00 00 00 00 00 00 00 00 00 00 00 00 00 00 00 00 00 00 00 00 00 00 00 00 00 00 00 00 00 00 00 00 00 00 00 00 00 00 00 00 00 00 00 00 00 00 00 00 00 00 00 00 00 00 00 00 00 00
00:aa 19 70 0e 00 38 00 00 00 00 00 00 00 00 00 00 00 00 00 00 00 00 00 00 00 00 00 00 00 00 00 00 00 00 00 00 00 00 00 00 00 00 00 00 00 00 00 00 00 00 00 00 00 00 00 00 00 00 00 00 00 00 00 00
00:aa 19 a8 0e 00 38 00 00 00 00 00 00 00 00 00 00 00 00 00 00 00 00 00 00 00 00 00 00 00 00 00 00 00 00 00 00 00 00 00 00 00 00 00 00 00 00 00 00 00 00 00 00 00 00 00 00 00 00 00 00 00 00 00 00
00:aa 19 e0 0e 00 38 00 00 00 00 00 00 00 00 00 00 00 00 00 00 00 00 00 00 00 00 00 00 00 00 00 00 00 00 00 00 00 00 00 00 00 00 00 00 00 00 00 00 00 00 00 00 00 00 00 00 00 00 00 00 00 00 00 00
00:aa 19 18 0f 00 38 00 00 00 00 00 00 00 00 00 00 00 00 00 00 00 00 00 00 00 00 00 00 00 00 00 00 00 00 00 00 00 00 00 00 00 00 00 00 00 00 00 00 00 00 00 00 00 00 00 00 00 00 00 00 00 00 00 00
00:aa 19 50 0f 00 38 00 00 00 00 00 00 00 00 00 00 00 00 00 00 00 00 00 00 00 00 00 00 00 00 00 00 00 00 00 00 00 00 00 00 00 00 00 00 00 00 00 00 00 00 00 00 00 00 00 00 00 00 00 00 00 00 00 00
00:aa 19 88 0f 00 38 00 00 00 00 00 00 00 00 00 00 00 00 00 00 00 00 00 00 00 00 00 00 00 00 00 00 00 00 00 00 00 00 00 00 00 00 00 00 00 00 00 00 00 00 00 00 00 00 00 00 00 00 00 00 00 00 00 00
00:aa 19 c0 0f 00 38 00 00 00 00 00 00 00 00 00 00 00 00 00 00 00 00 00 00 00 00 00 00 00 00 00 00 00 00 00 00 00 00 00 00 00 00 00 00 00 00 00 00 00 00 00 00 00 00 00 00 00 00 00 00 00 00 00 00
00:aa 19 f8 0f 00 38 00 00 00 00 00 00 00 00 00 00 00 00 00 00 00 00 00 00 00 00 00 00 00 00 00 00 00 00 00 00 00 00 00 00 00 00 00 00 00 00 00 00 00 00 00 00 00 00 00 00 00 00 00 00 00 00 00 00
00:aa 19 30 10 00 38 00 00 00 00 00 00 00 00 00 00 00 00 00 00 00 00 00 00 00 00 00 00 00 00 00 00 00 00 00 00 00 00 00 00 00 00 e8 00 e8 00 00 00 00 00 e8 00 00 55 55 15 05 00 00 00 00 00 00 00
00:aa 19 68 10 00 38 00 00 00 00 00 00 00 00 00 00 00 00 00 00 00 00 00 00 00 00 00 00 00 00 00 00 00 00 00 00 00 00 00 00 00 00 00 00 00 00 00 00 00 00 00 00 00 00 00 00 00 00 00 00 00 00 00 00
00:aa 19 a0 10 00 38 00 00 00 00 00 00 00 00 00 00 00 00 00 00 00 00 00 00 00 00 00 00 00 00 00 00 00 00 00 00 00 00 00 00 00 00 00 00 00 00 00 00 00 00 00 00 00 00 00 00 00 00 00 00 00 00 00 00
00:aa 19 d8 10 00 38 00 00 00 00 00 00 00 00 00 00 00 00 00 00 00 00 00 00 00 00 00 00 00 00 00 00 00 00 00 00 00 00 00 00 00 00 00 00 00 00 00 00 00 00 00 00 00 00 00 00 00 00 00 00 00 00 00 00
00:aa 19 10 11 00 38 00 00 00 00 00 00 00 00 00 00 00 00 00 00 00 00 00 00 00 00 00 00 00 00 00 00 00 00 00 00 00 00 00 00 00 00 00 00 00 00 00 00 00 00 00 00 00 00 00 00 00 00 00 00 00 00 00 00
00:aa 19 48 11 00 38 00 00 00 00 00 00 00 00 00 00 00 00 00 00 00 00 00 00 00 00 00 00 00 00 00 00 00 00 00 00 00 00 00 00 00 00 00 00 00 00 00 00 00 00 00 00 00 00 00 00 00 00 00 00 00 00 00 00
00:aa 19 80 11 00 38 00 00 00 00 00 00 00 00 00 00 00 00 00 00 00 00 00 00 00 00 00 00 00 00 00 00 00 00 00 00 00 00 00 00 00 00 00 00 00 00 00 00 00 00 00 00 00 00 00 00 00 00 00 00 00 00 00 00
00:aa 19 b8 11 00 38 00 00 00 00 00 00 00 00 00 00 00 00 00 00 00 00 00 00 00 00 00 00 00 00 00 00 00 00 00 00 00 00 00 00 00 00 00 00 00 00 00 00 00 00 00 00 00 00 00 00 00 00 00 00 00 00 00 00
00:aa 19 f0 11 00 38 00 00 00 00 00 00 00 00 00 00 00 00 00 00 00 00 00 00 00 00 00 00 00 00 00 00 00 00 00 00 00 00 00 00 00 00 00 00 00 00 00 00 00 00 00 00 00 00 00 00 00 00 00 00 00 00 00 00
00:aa 19 28 12 00 38 00 00 00 00 00 00 00 00 00 00 00 00 e8 00 00 40 50 54 55 00 e8 00 00 01 00 00 00 00 e8 00 00 55 55 55 15 00 00 00 00 00 00 00 00 00 00 00 00 00 00 00 00 00 00 00 00 00 00 00
00:aa 19 60 12 00 38 00 00 00 00 00 00 00 00 00 00 00 00 00 00 00 00 00 00 00 00 00 00 00 00 00 00 00 00 00 00 00 00 00 00 00 00 00 00 00 00 00 00 00 00 00 00 00 00 00 00 00 00 00 00 00 00 00 00
00:aa 19 98 12 00 38 00 00 00 00 00 00 00 00 00 00 00 00 00 00 00 00 00 00 00 00 00 00 00 00 00 00 00 00 00 00 00 00 00 00 00 00 00 00 00 00 00 00 00 00 00 00 00 00 00 00 00 00 00 00 00 00 00 00
00:aa 19 d0 12 00 38 00 00 00 00 00 00 00 00 00 00 00 00 00 00 00 00 00 00 00 00 00 00 00 00 00 00 00 00 00 00 00 00 00 00 00 00 00 00 00 00 00 00 00 00 00 00 00 00 00 00 00 00 00 00 00 00 00 00
00:aa 19 08 13 00 38 00 00 00 00 00 00 00 00 00 00 00 00 00 00 00 00 00 00 00 00 00 00 00 00 00 00 00 00 00 00 00 00 00 00 00 00 00 00 00 00 00 00 00 00 00 00 00 00 00 00 00 00 00 00 00 00 00 00
00:aa 19 40 13 00 38 00 00 00 00 00 00 00 00 00 00 00 00 00 00 00 00 00 00 00 00 00 00 00 00 00 00 00 00 00 00 00 00 00 00 00 00 00 00 00 00 00 00 00 00 00 00 00 00 00 00 00 00 00 00 00 00 00 00
00:aa 19 78 13 00 38 00 00 00 00 00 00 00 00 00 00 00 00 00 00 00 00 00 00 00 00 00 00 00 00 00 00 00 00 00 00 00 00 00 00 00 00 00 00 00 00 00 00 00 00 00 00 00 00 00 00 00 00 00 00 00 00 00 00
00:aa 19 b0 13 00 38 00 00 00 00 00 00 00 00 00 00 00 00 00 00 00 00 00 00 00 00 00 00 00 00 00 00 00 00 00 00 00 00 00 00 00 00 00 00 00 00 00 00 00 00 00 00 00 00 00 00 00 00 00 00 00 00 00 00
00:aa 19 e8 13 00 38 00 00 00 00 00 00 00 00 00 00 00 00 00 00 00 00 00 00 00 00 00 00 00 00 00 00 00 00 00 00 00 00 00 00 00 00 00 00 00 00 00 00 00 00 00 00 00 00 00 00 00 00 e8 00 00 40 50 50
00:aa 19 20 14 00 38 00 00 54 00 e8 00 00 05 01 01 00 00 00 00 00 00 00 00 00 00 00 00 00 00 00 00 00 00 00 00 00 00 00 00 00 00 00 00 00 00 00 00 00 00 00 00 00 00 00 00 00 00 00 00 00 00 00 00
00:aa 19 58 14 00 38 00 00 00 00 00 00 00 00 00 00 00 00 00 00 00 00 00 00 00 00 00 00 00 00 00 00 00 00 00 00 00 00 00 00 00 00 00 00 00 00 00 00 00 00 00 00 00 00 00 00 00 00 00 00 00 00 00 00
00:aa 19 90 14 00 38 00 00 00 00 00 00 00 00 00 00 00 00 00 00 00 00 00 00 00 00 00 00 00 00 00 00 00 00 00 00 00 00 00 00 00 00 00 00 00 00 00 00 00 00 00 00 00 00 00 00 00 00 00 00 00 00 00 00
00:aa 19 c8 14 00 38 00 00 00 00 00 00 00 00 00 00 00 00 00 00 00 00 00 00 00 00 00 00 00 00 00 00 00 00 00 00 00 00 00 00 00 00 00 00 00 00 00 00 00 00 00 00 00 00 00 00 00 00 00 00 00 00 00 00
00:aa 19 00 15 00 38 00 00 00 00 00 00 00 00 00 00 00 00 00 00 00 00 00 00 00 00 00 00 00 00 00 00 00 00 00 00 00 00 00 00 00 00 00 00 00 00 00 00 00 00 00 00 00 00 00 00 00 00 00 00 00 00 00 00
00:aa 19 38 15 00 38 00 00 00 00 00 00 00 00 00 00 00 00 00 00 00 00 00 00 00 00 00 00 00 00 00 00 00 00 00 00 00 00 00 00 00 00 00 00 00 00 00 00 00 00 00 00 00 00 00 00 00 00 00 00 00 00 00 00
00:aa 19 70 15 00 38 00 00 00 00 00 00 00 00 00 00 00 00 00 00 00 00 00 00 00 00 00 00 00 00 00 00 00 00 00 00 00 00 00 00 00 00 00 00 00 00 00 00 00 00 00 00 00 00 00 00 00 00 00 00 00 00 00 00
00:aa 19 a8 15 00 38 00 00 00 ff ff 00 00 55 55 00 00 ff ff 00 00 55 55 00 00 ff ff 00 00 55 55 00 00 ff ff 00 00 55 55 00 00 ff ff 00 00 55 55 00 00 ff ff 00 00 55 55 00 00 ff ff 00 00 55 55 00
00:aa 19 e0 15 00 38 00 00 00 ff ff 00 00 55 55 00 00 ff ff 00 00 55 55 00 00 ff ff 00 00 55 55 00 00 ff ff 00 00 55 55 00 00 ff ff 00 e8 55 55 05 09 79 fe 00 00 d5 f5 e0 f0 9d f7 00 00 55 55 8b
00:aa 19 18 16 00 38 00 00 00 ff ff 00 00 55 55 80 00 ff ff 00 00 55 55 0e 0a bd f7 00 00 55 55 8e 82 bd ff 00 00 55 55 b2 80 ff ff 00 00 55 55 8b 02 fa e6 00 00 55 55 33 82 d6 bd 00 00 55 55 00
00:aa 19 50 16 00 38 00 00 00 ff ff 00 00 55 55 00 00 ff ff 00 00 55 55 00 00 ff ff 00 00 55 55 00 00 ff ff 00 00 55 55 00 00 ff ff 00 00 55 55 00 00 ff ff 00 00 55 55 00 00 ff ff 00 00 55 55 00
00:aa 19 88 16 00 38 00 00 00 ff ff 00 00 55 55 00 00 ff ff 00 00 55 55 00 00 ff ff 00 00 55 55 00 00 ff ff 00 00 55 55 00 2b ff ff 00 00 55 55 00 ff ff ff 00 00 55 55 00 aa ff ff 00 00 55 55 00
00:aa 19 c0 16 00 38 00 00 00 ff ff 00 00 55 55 00 00 ff ff 00 00 55 55 00 00 ff ff 00 00 55 55 00 00 ff ff 00 00 55 55 00 00 ff ff 00 00 55 55 00 00 ff ff 00 00 55 55 00 00 ff ff 00 00 55 55 00
00:aa 19 f8 16 00 38 00 00 00 ff ff 00 00 55 55 00 00 ff ff 00 00 55 55 00 00 ff ff 00 00 55 55 00 00 ff ff 00 00 55 55 00 00 ff ff 00 00 55 55 00 00 ff ff 00 00 55 55 00 00 ff ff 00 00 55 55 00
00:aa 19 30 17 00 38 00 00 00 ff ff 00 00 55 55 00 00 ff ff 00 00 55 55 00 00 ff ff 00 00 55 55 00 00 ff ff 00 00 55 55 00 00 ff ff 00 00 55 55 00 00 ff ff 00 00 55 55 00 00 ff ff 00 00 55 55 00
00:aa 19 68 17 00 38 00 00 00 ff ff 00 00 55 55 00 00 ff ff 00 00 55 55 00 00 ff ff 00 00 55 55 00 00 ff ff 00 00 55 55 00 00 ff ff 00 00 00 00 00 00 ff ff 00 00 00 00 00 00 ff ff 00 00 00 00 00
00:aa 19 a0 17 00 38 00 00 00 ff ff 00 00 00 00 00 00 ff ff 00 00 00 00 00 00 ff ff 00 00 00 00 00 00 ff ff 00 00 00 00 00 00 ff ff 00 00 00 00 00 00 ff ff 00 00 00 00 00 00 ff ff 00 00 00 00 00
00:aa 19 d8 17 00 38 00 00 00 ff ff 00 00 00 00 00 00 ff ff 0c f3 01 00 00 00 ff ff 00 e8 54 57 95 25 ff ff 82 e8 00 00 80 60 ff ff 00 00 00 00 00 00 ff ff 00 00 00 00 00 00 ff ff 00 00 00 00 00
00:aa 19 10 18 00 38 00 00 00 ff ff 00 00 00 00 00 00 ff ff 00 00 00 00 00 00 ff ff 00 00 00 00 00 00 ff ff 00 00 00 00 00 00 ff ff 00 00 00 00 00 00 ff ff 00 00 00 00 00 00 ff ff 00 00 00 00 00
00:aa 19 48 18 00 38 00 00 00 ff ff 00 00 00 00 00 00 ff ff 00 00 00 00 00 00 ff ff b2 f4 00 00 00 09 ff ff 00 e8 00 00 02 f5 ff ff 00 e8 00 00 b5 55 ff ff 00 e8 00 bd 55 55 38 fe 00 e8 2d 55 55
00:aa 19 80 18 00 38 00 00 78 ff ff 00 e8 55 55 7e 00 ff ff 00 e8 55 55 aa 00 ff ff 00 e8 55 55 bf 00 be ff 00 e8 55 55 d5 00 13 f5 00 e8 e8 55 55 02 ff ff 00 e8 a0 55 55 f5 ff ff 00 e8 00 7f 55
00:aa 19 b8 18 00 38 00 00 55 ff ff 00 e8 00 d5 55 55 ff ff 00 e8 00 55 55 55 ff ff 00 e8 00 55 55 55 ff ff 00 e8 00 57 55 55 ff ff 00 e8 00 80 78 55 ff ff 45 e9 00 00 00 40 ff ff 00 00 00 00 00
00:aa 19 f0 18 00 38 00 00 00 ff ff 00 00 00 00 00 00 ff ff 00 00 00 00 00 00 ff ff 00 00 00 00 00 00 ff ff 00 00 00 00 00 00 ff ff 00 00 00 00 00 00 ff ff 00 00 00 00 00 00 ff ff 00 00 00 00 00
00:aa 19 28 19 00 38 00 00 00 ff ff 00 00 00 00 00 00 ff ff 00 00 00 00 00 00 ff ff 00 00 00 00 00 00 ff ff 00 00 00 00 00 00 ff ff 00 00 00 00 00 00 ff ff 00 00 00 00 00 00 ff ff 00 00 00 00 00
00:aa 19 60 19 00 38 00 00 00 ff ff 00 00 00 00 00 00 ff ff 00 00 00 00 00 00 ff ff 00 00 00 00 00 00 ff ff 00 00 00 00 00 00 ff ff 00 00 00 00 00 00 ff ff 00 00 00 00 00 00 ff ff 00 00 00 00 00
00:aa 19 98 19 00 38 00 00 00 ff ff 00 00 00 00 00 00 ff ff 00 00 00 00 00 00 ff ff 00 00 00 00 00 00 ff ff 00 00 00 00 00 00 ff ff 00 00 00 00 00 00 ff ff 00 00 00 00 00 00 ff ff 00 e8 0d 01 02
00:aa 19 d0 19 00 38 00 00 00 ff ff 00 e8 50 5c 57 d5 ff ff 34 f5 00 00 00 40 ff ff 00 00 00 00 00 00 ff ff 00 00 00 00 00 00 ff ff 00 00 00 00 00 00 ff ff 00 00 00 00 00 00 ff ff 00 00 00 00 00
00:aa 19 08 1a 00 38 00 00 00 ff ff 00 00 00 00 00 00 ff ff 00 00 00 00 00 00 ff ff 00 00 00 00 00 00 ff ff c3 e8 00 aa d5 5f ff ff c3 e8 00 aa 55 ff ff ff c3 e8 00 aa 55 f5 79 fe 00 e8 15 55 55
00:aa 19 40 1a 00 38 00 00 5f 49 f2 00 e8 55 57 7f 00 18 fe 00 e8 55 e8 55 ff 18 fe c3 e8 e0 00 55 ff ff ff c3 e8 00 aa 55 ff ff ff c3 e8 00 a8 54 d4 ff ff 00 00 00 00 00 00 ff ff 00 00 00 00 00
00:aa 19 78 1a 00 38 00 00 00 ff ff 00 00 00 00 00 00 ff ff 04 e9 00 00 03 05 ff ff 00 e8 0b 35 55 55 e4 e8 00 e8 15 55 55 55 08 f2 00 e8 73 40 55 55 0c f3 00 e8 55 00 55 55 0c f3 00 e8 55 02 55
00:aa 19 b0 1a 00 38 00 00 55 24 e9 00 e8 55 35 55 55 00 e8 00 00 00 00 00 00 ff ff 00 e8 60 60 55 55 ff ff 00 e8 00 00 55 55 ff ff 00 e8 00 00 57 55 ff ff 51 f4 00 00 80 40 ff ff 51 f4 00 00 02
00:aa 19 e8 1a 00 38 00 00 01 ff ff 00 e8 00 00 f0 58 ff ff 00 00 00 00 00 00 ff ff 00 00 00 00 00 00 ff ff 00 e8 00 0f 25 35 ff ff c3 e8 00 00 40 50 ff ff 00 00 00 00 00 00 ff ff 00 00 00 00 00
00:aa 19 20 1b 00 38 00 00 00 ff ff 00 00 00 00 00 00 ff ff 00 00 00 00 00 00 ff ff 00 00 00 00 00 00 ff ff 00 00 00 00 00 00 ff ff 00 00 00 00 00 00 ff ff 00 00 00 00 00 00 ff ff 00 00 00 00 00
00:aa 19 58 1b 00 38 00 00 00 ff ff 00 00 00 00 00 00 ff ff 00 00 00 00 00 00 ff ff 00 00 00 00 00 00 ff ff 00 00 00 00 00 00 ff ff 00 00 00 00 00 00 ff ff 00 00 00 00 00 00 ff ff 30 8c 00 00 00
00:aa 19 90 1b 00 38 00 00 10 ff ff 08 ea 00 00 00 29 ff ff 00 e8 00 00 f0 58 ff ff 00 00 00 00 00 00 ff ff 00 00 00 00 00 00 ff ff 00 e8 35 05 09 03 ff ff 00 e8 60 50 5c 57 ff ff 30 84 00 00 00
00:aa 19 c8 1b 00 38 00 00 70 ff ff 10 84 00 00 00 0d ff ff 10 84 00 00 00 cd ff ff 97 ad 00 00 00 40 ff ff 10 84 00 00 00 17 ff ff 10 84 00 00 00 37 ff ff 10 84 00 00 00 35 ff ff 91 94 00 00 00
00:aa 19 00 1c 00 38 00 00 a5 ff ff 00 e8 d0 d0 d0 50 ff ff 91 a4 00 00 02 5d ff ff 00 e8 25 95 57 57 ff ff 00 e8 60 c0 00 82 ff ff 10 84 00 00 00 60 ff ff 10 84 00 00 00 25 ff ff 10 84 00 00 00
00:aa 19 38 1c 00 38 00 00 a5 ff ff 3d d7 00 00 00 40 ff ff 00 e8 34 34 34 34 ff ff 00 00 00 00 00 00 ff ff 86 f1 00 00 00 2d ff ff 00 e8 00 00 2f 55 ff ff 00 e8 35 95 55 57 ff ff 00 e8 55 5e 60
00:aa 19 70 1c 00 38 00 00 0b ff ff 00 e8 c0 02 b5 55 59 fe 00 e8 02 b5 55 55 38 fe 00 e8 d5 55 55 e0 ff ff 00 e8 55 55 e8 00 ff ff 00 e8 55 e8 00 00 ff ff 00 e8 55 00 00 00 ff ff 00 e8 55 0d 00
00:aa 19 a8 1c 00 38 00 00 00 ff ff 00 e8 55 55 b5 02 65 f1 00 e8 55 55 55 15 1c ff 00 e8 80 55 55 55 10 f4 00 e8 0b 55 55 60 ff ff 00 e8 5c 5c 5c 5c ff ff 00 00 00 00 00 00 ff ff 00 00 00 00 00
00:aa 19 e0 1c 00 38 00 00 00 ff ff 00 e8 35 35 35 35 79 fe 00 e8 54 55 d5 85 ff ff 00 e8 00 00 c0 60 ff ff 00 00 00 00 00 00 ff ff 00 00 00 00 00 00 ff ff 00 00 00 00 00 00 ff ff 00 00 00 00 00
00:aa 19 18 1d 00 38 00 00 00 ff ff 00 00 00 00 00 00 ff ff 00 00 00 00 00 00 ff ff 00 00 00 00 00 00 ff ff 00 00 00 00 00 00 ff ff 00 00 00 00 00 00 ff ff 00 00 00 00 00 00 ff ff 00 00 00 00 00
00:aa 19 50 1d 00 38 00 00 00 ff ff 00 00 00 00 00 00 ff ff 00 00 00 00 00 00 ff ff 00 00 00 00 00 00 ff ff a2 18 10 10 10 10 ff ff 00 e8 2d 25 15 95 00 e8 74 bd 05 09 29 3b 00 e8 d2 9c 55 d5 dc
00:aa 19 88 1d 00 38 00 00 00 5d f7 00 e8 80 e0 55 55 ff ff 00 e8 0b 2f 55 55 00 e8 8c d3 80 40 00 00 00 e8 fb a5 e5 0a 00 00 00 e8 92 cd 5f ea 00 00 00 e8 0e 8c 5d 20 00 00 ff ff 00 e8 e0 55 55
00:aa 19 c0 1d 00 38 00 00 55 00 e8 0f 8c 57 aa 00 00 00 e8 0c 63 55 f7 00 00 00 e8 da de 6e 56 02 00 00 e8 4d 73 55 55 af 00 ff ff 00 e8 52 52 52 57 00 e8 ec 62 58 60 c0 02 de f7 62 69 5f 66 86
00:aa 19 f8 1d 00 38 00 00 06 d1 ac 49 4a e3 1a 1a 9a 3c e7 88 6a 72 91 90 dd 00 e8 db 8d 7f 77 e8 00 00 e8 6b 7b 55 78 00 00 ff ff 00 e8 80 55 55 55 ff ff 00 e8 34 55 55 55 59 fe 00 e8 2d 55 55
00:aa 19 30 1e 00 38 00 00 55 34 f5 00 e8 55 55 78 e0 96 f5 00 e8 55 55 15 55 96 fd 00 e8 50 6d 55 55 ff ff 00 e8 d5 55 57 60 ff ff 00 e8 55 78 80 00 ff ff 49 f2 78 00 00 00 ff ff 00 00 00 00 00
00:aa 19 68 1e 00 38 00 00 00 ff ff 00 00 00 00 00 00 ff ff 00 00 00 00 00 00 ff ff 00 00 00 00 00 00 ff ff 00 00 00 00 00 00 ff ff 00 00 00 00 00 00 ff ff 61 e8 2d 00 00 00 ff ff 00 e8 55 b5 03
00:aa 19 a0 1e 00 38 00 00 00 ff ff 00 e8 5e 55 55 2d ff ff 00 e8 54 54 57 55 ff ff 00 e8 00 00 80 58 ff ff 00 00 00 00 00 00 ff ff 00 e8 35 35 35 15 ff ff 41 e8 cd 81 83 00 ff ff 00 e8 70 58 54
00:aa 19 d8 1e 00 38 00 00 56 ff ff 00 00 00 00 00 00 ff ff 00 00 00 00 00 00 ff ff 00 00 00 00 00 00 ff ff 00 00 00 00 00 00 ff ff 00 00 00 00 00 00 ff ff 00 00 00 00 00 00 ff ff 00 00 00 00 00
00:aa 19 10 1f 00 38 00 00 00 ff ff 00 00 00 00 00 00 ff ff 00 00 00 00 00 00 ff ff 00 00 00 00 00 00 ff ff 00 00 00 00 00 00 ff ff 00 00 00 00 00 00 ff ff 00 00 00 00 00 00 ff ff 00 00 00 00 00
00:aa 19 48 1f 00 38 00 00 00 ff ff 00 e8 15 03 05 25 00 e8 20 e0 c0 00 00 00 00 e8 00 00 00 00 00 00 00 e8 00 00 00 00 00 00 00 e8 21 d8 09 00 00 00 51 f4 00 e8 fd 58 55 55 7d ff 00 e8 7d 00 5e
00:aa 19 80 1f 00 38 00 00 55 71 f4 00 e8 56 d7 15 55 ff ff 00 e8 ad 00 c0 60 ff ff e5 89 e5 00 00 00 ff ff ed 8a 6a 00 00 00 ff ff 61 68 d5 00 00 00 9a fe 00 e8 d5 35 95 15 00 e8 00 00 00 00 00
00:aa 19 b8 1f 00 38 00 00 00 00 e8 00 00 00 00 00 00 00 e8 00 00 00 00 00 00 b8 ee 00 e8 5c 55 55 55 00 e8 db d6 94 00 00 00 00 e8 8f cb d8 00 00 00 00 e8 00 00 00 00 00 00 38 fe 00 e8 55 58 55
00:aa 19 f0 1f 00 38 00 00 55 ff ff 00 e8 75 00 fe 55 ff ff 00 e8 00 00 80 5f ff ff 00 e8 35 34 34 d7 ff ff 00 e8 55 bd 00 ff 8a f2 00 e8 55 55 05 03 00 e8 00 00 00 00 00 00 ff ff 00 e8 5e 60 57
00:aa 19 28 20 00 38 00 00 55 ff ff 00 e8 00 00 e0 55 ff ff eb f2 00 00 00 78 ff ff 00 00 00 00 00 00 ff ff 00 00 00 00 00 00 ff ff 00 00 00 00 00 00 ff ff 00 00 00 00 00 00 ff ff 00 00 00 00 00
00:aa 19 60 20 00 38 00 00 00 ff ff 00 00 00 00 00 00 ff ff 00 00 00 00 00 00 ff ff 00 00 00 00 00 00 ff ff 00 00 00 00 00 00 ff ff 3c ff 01 00 00 00 ff ff 00 e8 d5 95 15 15 fb fe 00 e8 57 55 25
00:aa 19 98 20 00 38 00 00 03 ff ff 00 e8 00 70 56 55 9a fe 00 e8 17 97 d6 54 ff ff 00 00 00 00 00 00 ff ff 00 e8 95 35 25 0d ff ff 00 e8 00 c0 40 70 ff ff 00 00 00 00 00 00 ff ff 00 00 00 00 00
00:aa 19 d0 20 00 38 00 00 00 ff ff 00 00 00 00 00 00 ff ff 00 00 00 00 00 00 ff ff 00 00 00 00 00 00 ff ff 00 00 00 00 00 00 ff ff 00 00 00 00 00 00 ff ff 00 00 00 00 00 00 ff ff 00 00 00 00 00
00:aa 19 08 21 00 38 00 00 00 ff ff 00 00 00 00 00 00 ff ff 00 00 00 00 00 00 ff ff 00 00 00 00 00 00 ff ff 00 00 00 00 00 00 ff ff 00 e8 35 25 25 09 ff ff 00 e8 54 50 60 60 ff ff 00 00 00 00 00
00:aa 19 40 21 00 38 00 00 00 ff ff 00 00 00 00 00 00 ff ff 00 00 00 00 00 00 ff ff 49 f2 2d 00 00 00 ff ff 00 e8 55 2b 00 00 ff ff 00 e8 55 55 2b 00 51 f4 00 e8 58 55 55 15 ff ff 00 e8 80 50 5c
00:aa 19 78 21 00 38 00 00 54 ff ff 00 00 00 00 00 00 ff ff 00 00 00 00 00 00 ff ff 00 00 00 00 00 00 ff ff 00 00 00 00 00 00 ff ff 00 00 00 00 00 00 ba fe 00 e8 d5 d5 0d 09 75 f5 00 e8 7a 55 50
00:aa 19 b0 21 00 38 00 00 58 ff ff 00 e8 ff 55 aa 00 ff ff 00 e8 ff 55 aa 00 ff ff 00 e8 ff 55 aa 00 ff ff 00 e8 55 55 aa 00 ff ff 00 e8 55 55 aa 00 ff ff 00 e8 55 55 aa 00 ff ff 00 e8 55 55 aa
00:aa 19 e8 21 00 38 00 00 00 ff ff 00 e8 55 55 aa 00 ff ff 00 e8 55 55 aa 00 ff ff 00 e8 55 55 ab 00 ff ff 00 e8 55 55 ff 00 ff ff 00 e8 55 55 ff 00 ff ff 00 e8 55 55 fd 00 ff ff 00 e8 55 55 55
00:aa 19 20 22 00 38 00 00 00 ff ff 00 e8 55 55 55 2b 0c f3 00 e8 e8 55 55 95 55 f5 00 e8 a0 55 55 55 79 fe 00 e8 00 55 55 55 ff ff 00 e8 00 c0 60 c0 ff ff 00 00 00 00 00 00 ff ff 00 00 00 00 00
00:aa 19 58 22 00 38 00 00 00 ff ff 00 00 00 00 00 00 ff ff 00 00 00 00 00 00 ff ff 00 e8 35 35 05 02 14 f5 00 e8 e0 55 55 2d 75 f5 00 e8 35 55 55 55 be ff 00 e8 54 55 55 55 ff ff 00 e8 00 80 70
00:aa 19 90 22 00 38 00 00 57 ff ff 00 e8 09 03 02 00 ff ff 00 e8 50 58 54 56 ff ff 00 00 00 00 00 00 ff ff 00 00 00 00 00 00 ff ff 00 00 00 00 00 00 ff ff 00 00 00 00 00 00 ff ff 00 00 00 00 00
00:aa 19 c8 22 00 38 00 00 00 ff ff 00 00 00 00 00 00 ff ff 00 00 00 00 00 00 ff ff 00 00 00 00 00 00 ff ff 00 00 00 00 00 00 ff ff 00 00 00 00 00 00 ff ff 00 00 00 00 00 00 ff ff 00 00 00 00 00
00:aa 19 00 23 00 38 00 00 00 ff ff 00 00 00 00 00 00 ff ff 00 00 00 00 00 00 ff ff 00 00 00 00 00 00 ff ff 00 00 00 00 00 00 ff ff 00 00 00 00 00 00 ff ff 00 00 00 00 00 00 ff ff 00 00 00 00 00
00:aa 19 38 23 00 38 00 00 00 ff ff 00 00 00 00 00 00 ff ff 00 00 00 00 00 00 ff ff 00 e8 35 05 09 03 10 f4 00 e8 54 55 55 55 ff ff 24 e9 00 00 80 40 ff ff 00 00 00 00 00 00 ff ff 00 00 00 00 00
00:aa 19 70 23 00 38 00 00 00 ff ff 00 00 00 00 00 00 ff ff 00 00 00 00 00 00 ff ff c3 e8 0d 09 00 00 ff ff 00 e8 58 58 00 00 ff ff 00 00 00 00 00 00 ff ff 00 00 00 00 00 00 ff ff 00 00 00 00 00
00:aa 19 a8 23 00 38 00 00 00 ff ff 30 f4 01 01 01 01 ff ff c3 e8 55 55 60 60 ff ff 24 e9 55 55 00 00 ff ff 24 e9 55 55 00 00 ff ff 24 e9 55 55 00 00 ff ff 24 e9 55 55 00 00 ff ff 24 e9 55 55 00
00:aa 19 e0 23 00 38 00 00 00 ff ff 24 e9 55 55 00 00 ff ff 24 e9 55 55 00 00 ff ff 24 e9 55 55 00 00 ff ff 24 e9 55 55 00 00 ff ff 24 e9 55 55 00 00 ff ff 24 e9 55 55 00 00 ff ff 24 e9 55 55 00
00:aa 19 18 24 00 38 00 00 00 ff ff 24 e9 55 55 00 00 ff ff 24 e9 55 55 00 00 ff ff 24 e9 55 55 00 00 ff ff 24 e9 55 55 00 00 ff ff 24 e9 55 55 00 00 ff ff 24 e9 55 55 00 00 ff ff 24 e9 55 55 00
00:aa 19 50 24 00 38 00 00 00 ff ff 24 e9 55 55 00 00 ff ff 24 e9 55 55 00 00 ff ff 24 e9 55 55 00 00 be ff 00 e8 55 55 09 00 ef f3 00 e8 5f 57 55 15 6d f3 00 e8 55 d5 25 55 ff ff 04 e9 55 55 c0
00:aa 19 88 24 00 38 00 00 40 ff ff 24 e9 55 55 00 00 ff ff c3 e8 55 55 05 05 ff ff 00 00 00 00 00 00 ff ff 00 00 00 00 00 00 ff ff 00 00 00 00 00 00 ff ff 00 00 00 00 00 00 ff ff 00 00 00 00 00
00:aa 19 c0 24 00 38 00 00 00 ff ff 00 00 00 00 00 00 ff ff 00 00 00 00 00 00 ff ff 00 00 00 00 00 00 ff ff 00 00 00 00 00 00 ff ff 00 00 00 00 00 00 79 ce 65 29 00 38 1c 30 ff ff c7 39 00 f2 7b
00:aa 19 f8 24 00 38 00 00 f7 ff ff 49 4a 00 00 78 7c ff ff a6 31 00 00 80 4a ff ff 3c e7 7c 00 00 f0 ff ff 8e 73 aa ad 00 00 ff ff 8e 73 aa 9e 00 00 ff ff 75 ad 02 01 00 00 ff ff ae 73 83 5d 00
00:aa 19 30 25 00 38 00 00 00 ff ff 00 e8 55 55 95 15 ff ff 00 e8 68 5a 58 5c ff ff f7 bd 26 e0 00 00 ff ff c3 18 00 00 03 0d 7d ef a2 10 00 0c 2f 1f ff ff 66 31 00 0e 0d 0f be f7 e3 18 00 23 b1
00:aa 19 68 25 00 38 00 00 f9 3c e7 ae 73 0a 4d 4b 63 7d ef 45 29 20 b0 10 10 7d ef a6 31 08 ef 65 67 ff ff cb 5a 08 a4 97 95 ff ff 30 f4 21 91 91 91 00 e8 fb de 35 2d 2d 2d 18 c6 41 08 00 c0 6a
00:aa 19 a0 25 00 38 00 00 42 be f7 92 94 a0 56 a5 0d df ff 08 42 00 32 db 99 ff ff a7 39 00 e0 60 70 be f7 86 31 a0 6e 49 41 3c e7 0c 63 20 eb 59 e0 de f7 49 4a 82 ef c5 56 3c e7 24 21 00 a8 a6
00:aa 19 d8 25 00 38 00 00 26 3c e7 45 29 00 33 d1 51 ff ff 2c 63 82 ff 57 d7 5d ef 28 42 80 f3 11 11 be f7 6d 6b 08 26 36 0d be f7 cb 5a 08 fd 61 61 ff ff 2d 6b 00 02 d3 e3 3c e7 41 08 00 ab 8d
00:aa 19 10 26 00 38 00 00 8e ff ff a6 31 80 b0 38 5d ff ff cf 7b 28 d7 7d 79 7d ef a2 10 20 ec 4c d7 9d ef 65 29 08 2b 01 6e ff ff ae 73 28 9d 79 79 3c e7 49 4a 00 ba 39 39 ff ff cb 5a a0 f0 52
00:aa 19 48 26 00 38 00 00 9a 9d ef 8e 73 20 de 65 47 7d ef 86 31 0d 3b 93 12 00 e8 8a 52 00 00 c0 60 00 e8 9a d6 35 2f 0d 0d 79 ce c3 18 00 aa 72 72 ff ff e3 e8 05 05 85 85 ff ff 00 00 00 00 00
00:aa 19 80 26 00 38 00 00 00 ff ff 00 00 00 00 00 00 ff ff 00 00 00 00 00 00 ff ff 00 00 00 00 00 00 ff ff 00 00 00 00 00 00 ff ff 00 00 00 00 00 00 ff ff 00 00 00 00 00 00 ff ff 00 00 00 00 00
00:aa 19 b8 26 00 38 00 00 00 ff ff 00 00 00 00 00 00 ff ff 00 00 00 00 00 00 ff ff cf 7b 9a 17 00 00 ff ff e4 20 e7 88 00 00 ff ff 51 8c 54 e8 00 00 ff ff a6 31 4f cb 00 00 ff ff 51 8c 9a 70 00
00:aa 19 f0 26 00 38 00 00 00 ff ff d3 9c 40 4b 00 00 ff ff cf 7b 00 37 00 00 ff ff f3 9c 00 63 00 00 ff ff 30 84 00 89 00 00 ff ff 00 e8 25 e5 0d 01 00 e8 96 d5 01 02 02 00 ff ff ae 73 a9 16 00
00:aa 19 28 27 00 38 00 00 80 ff ff 45 29 f9 a2 00 00 ff ff cb 5a 99 e2 00 00 ff ff 10 84 c7 ca 00 00 ff ff c7 39 76 ac 00 00 ff ff 0c 63 db a2 00 00 ff ff e7 39 1a 0f 00 00 ff ff e8 41 6f 2a 00
00:aa 19 60 27 00 38 00 00 00 ff ff 8e 73 59 62 00 00 ff ff 49 ba 93 fd 03 03 ff ff 00 e8 70 60 60 60 ff ff ef 7b 69 5e 00 00 ff ff 71 8c 76 5e 00 00 ff ff 8a 52 1d 28 00 00 ff ff 71 8c d8 38 00
00:aa 19 98 27 00 38 00 00 00 ff ff 08 42 67 f8 00 00 ff ff 71 8c 6a 5d 00 00 ff ff 69 4a 96 cb 00 00 ff ff cf 7b 35 eb 00 00 ff ff aa 52 d1 23 00 00 ff ff 10 84 d5 73 00 00 ff ff e8 41 91 e3 00
00:aa 19 d0 27 00 38 00 00 00 ff ff cf 7b a9 77 00 00 ff ff 86 31 79 2e 00 00 ff ff f3 9c b3 10 00 00 ff ff 10 84 76 d9 00 00 ff ff 08 42 90 e0 00 00 ff ff 51 8c 57 14 00 00 ff ff 8a 52 24 f0 00
00:aa 19 08 28 00 38 00 00 00 ff ff cf 7b 36 35 00 00 ff ff e7 39 b9 3e 00 00 ff ff 49 4a f1 fe 00 00 ff ff 28 42 9a f0 00 00 ff ff ef 7b 77 9a 00 00 ff ff 69 4a 99 af 00 00 ff ff 04 d1 b5 3d 02
00:aa 19 40 28 00 38 00 00 00 ff ff 00 e8 5e 5f 58 00 ff ff 08 42 7b 2e 00 00 ff ff e3 e8 05 05 05 05 ff ff 00 00 00 00 00 00 ff ff 00 00 00 00 00 00 ff ff 00 00 00 00 00 00 ff ff 00 00 00 00 00
00:aa 19 78 28 00 38 00 00 00 ff ff 00 00 00 00 00 00 ff ff 00 00 00 00 00 00 ff ff 00 00 00 00 00 00 ff ff 00 00 00 00 00 00 ff ff 00 00 00 00 00 00 ff ff 00 00 00 00 00 00 ff ff 00 00 00 00 00
00:aa 19 b0 28 00 38 00 00 00 ff ff 00 00 00 00 00 00 ff ff 00 00 00 00 00 00 ff ff 00 00 00 00 00 00 ff ff 00 00 00 00 00 00 ff ff 00 00 00 00 00 00 ff ff 00 00 00 00 00 00 ff ff 00 00 00 00 00
00:aa 19 e8 28 00 38 00 00 00 ff ff 00 00 00 00 00 00 ff ff 6d f3 01 02 00 00 9a fe 00 e8 55 55 d5 15 ff ff 00 e8 80 c0 40 60 ff ff 00 00 00 00 00 00 ff ff 00 00 00 00 00 00 ff ff 00 00 00 00 00
00:aa 19 20 29 00 38 00 00 00 ff ff 00 00 00 00 00 00 ff ff 00 00 00 00 00 00 ff ff 00 00 00 00 00 00 ff ff 00 00 00 00 00 00 ff ff 00 00 00 00 00 00 ff ff 30 f4 01 01 01 01 ff ff 00 e8 60 60 7f
00:aa 19 58 29 00 38 00 00 55 ff ff 00 e8 00 00 ff 55 ff ff 00 e8 00 00 ff 55 ff ff 00 e8 00 00 ff 55 ff ff 00 e8 00 00 ff 55 ff ff 00 e8 00 00 ff 55 ff ff 00 e8 00 00 ff 55 ff ff 00 e8 00 00 ff
00:aa 19 90 29 00 38 00 00 55 ff ff 00 e8 00 00 ff 55 ff ff 00 e8 00 00 ff 55 ff ff 00 e8 00 00 ff 55 ff ff 00 e8 00 00 ff 55 ff ff 00 e8 00 00 ff 55 ff ff 00 e8 00 00 ff 55 ff ff 00 e8 00 00 ff
00:aa 19 c8 29 00 38 00 00 55 ff ff 00 e8 00 00 ff 55 ff ff 00 e8 00 00 ff 55 ff ff 00 e8 00 00 ff 55 ff ff 00 e8 00 00 ff 55 ff ff 00 e8 00 00 ff 55 ff ff 00 e8 00 00 ff 55 ff ff 00 e8 00 00 ff
00:aa 19 00 2a 00 38 00 00 55 ff ff 00 e8 00 00 ff 55 ff ff 00 e8 00 00 ff 55 ff ff 00 e8 00 00 ff 55 ff ff 00 e8 00 00 ff 55 ff ff 00 e8 00 00 ff 55 ff ff 00 e8 00 00 ff 55 ff ff 00 e8 05 05 f5
00:aa 19 38 2a 00 38 00 00 55 ff ff 00 00 00 00 00 00 ff ff 00 00 00 00 00 00 ff ff 00 00 00 00 55 55 ff ff 00 00 00 00 55 55 ff ff 00 00 00 00 55 55 ff ff 00 00 00 00 55 55 ff ff 00 00 00 00 55
00:aa 19 70 2a 00 38 00 00 55 ff ff 00 00 00 00 55 55 ff ff 00 00 00 00 55 55 ff ff 00 00 00 00 55 55 ff ff 00 00 00 00 55 55 ff ff 00 00 00 00 55 55 ff ff 00 00 00 00 55 55 ff ff 00 00 00 00 55
00:aa 19 a8 2a 00 38 00 00 55 ff ff 00 00 00 00 55 55 ff ff 00 00 00 00 55 55 ff ff 00 00 00 00 55 55 ff ff 00 00 00 00 55 55 ff ff 00 00 00 00 55 55 ff ff 00 00 00 00 55 55 79 fe 00 00 2f 0f 55
00:aa 19 e0 2a 00 38 00 00 55 ff ff 00 00 e0 c0 55 55 ff ff 00 00 00 00 55 55 ff ff 00 00 00 00 55 55 ff ff 00 00 00 00 55 55 ff ff 00 00 00 00 55 55 ff ff 00 00 00 00 55 55 ff ff 00 00 00 00 55
00:aa 19 18 2b 00 38 00 00 55 ff ff 00 00 00 00 55 55 ff ff 00 00 00 00 55 55 ff ff 00 00 00 00 55 55 ff ff 00 00 00 00 55 55 ff ff 00 00 00 00 55 55 ff ff 00 00 00 00 55 55 ff ff 00 00 00 00 55
00:aa 19 50 2b 00 38 00 00 55 ff ff 00 00 00 00 55 55 ff ff 00 00 00 00 55 55 ff ff 00 00 00 00 55 55 ff ff 00 00 00 00 55 55 ff ff 00 00 00 00 55 55 ff ff 00 00 00 00 55 55 ff ff 00 00 00 00 55
00:aa 19 88 2b 00 38 00 00 55 ff ff 00 00 00 00 55 55 ff ff 00 00 00 00 55 55 ff ff 00 00 00 00 55 55 ff ff 00 00 00 00 55 55 ff ff 00 00 00 00 55 55 ff ff 00 00 00 00 55 55 ff ff 00 00 00 00 55
00:aa 19 c0 2b 00 38 00 00 55 ff ff 00 00 00 00 55 55 ff ff 00 00 00 00 55 55 ff ff 00 00 00 00 55 55 ff ff 00 00 00 00 55 55 ff ff 00 00 00 00 55 55 ff ff 00 00 00 00 55 55 ff ff 00 00 00 00 55
00:aa 19 f8 2b 00 38 00 00 55 ff ff 00 00 00 00 55 55 ff ff 00 00 00 00 55 55 ff ff 00 00 00 00 55 55 ff ff 00 00 00 00 55 55 ff ff 00 00 00 00 55 55 ff ff 00 00 00 00 55 55 00 00 00 00 00 00 00
00:aa 19 30 2c 00 38 00 00 00 00 00 00 00 00 00 00 00 00 00 00 00 00 00 00 00 00 00 00 00 00 00 00 00 00 00 00 00 00 00 00 00 00 00 00 00 00 00 00 00 00 00 00 00 00 00 00 00 00 00 00 00 00 00 00
00:aa 19 68 2c 00 38 00 00 00 00 00 00 00 00 00 00 00 00 00 00 00 00 00 00 00 00 00 00 00 00 00 00 00 00 00 00 00 00 00 00 00 00 00 00 00 00 00 00 00 00 00 00 00 00 00 00 00 00 00 00 00 00 00 00
00:aa 19 a0 2c 00 38 00 00 00 00 00 00 00 00 00 00 00 00 00 00 00 00 00 00 00 00 00 00 00 00 00 00 00 00 00 00 00 00 00 00 00 00 00 00 00 00 00 00 00 00 00 00 00 00 00 00 00 00 00 00 00 00 00 00
00:aa 19 d8 2c 00 38 00 00 00 00 00 00 00 00 00 00 00 00 00 00 00 00 00 00 00 00 00 00 00 00 00 00 00 00 00 00 00 00 00 00 00 00 00 00 00 00 00 00 00 00 00 00 00 00 00 00 00 00 00 00 00 00 00 00
00:aa 19 10 2d 00 38 00 00 00 00 00 00 00 00 00 00 00 00 00 00 00 00 00 00 00 00 00 00 00 00 00 00 00 00 00 00 00 00 00 00 00 00 00 00 00 00 00 00 00 00 00 00 00 00 00 00 00 00 00 00 00 00 00 00
00:aa 19 48 2d 00 38 00 00 00 00 00 00 00 00 00 00 00 00 00 00 00 00 00 00 00 00 00 00 00 00 00 00 00 00 00 00 00 00 00 00 00 00 00 00 00 00 00 00 00 00 00 00 00 00 00 00 00 00 00 00 00 00 00 00
00:aa 19 80 2d 00 38 00 00 00 00 00 00 00 00 00 00 00 00 00 00 00 00 00 00 00 00 00 00 00 00 00 00 00 00 00 00 00 00 00 00 00 00 00 00 00 00 00 00 00 00 00 00 00 00 00 00 00 00 00 00 00 00 00 00
00:aa 19 b8 2d 00 38 00 00 00 00 00 00 00 00 00 00 00 00 00 00 00 00 00 00 00 00 00 00 00 00 00 00 00 00 00 00 00 00 00 00 00 00 00 00 00 00 00 00 00 00 00 00 00 00 00 00 00 00 00 00 00 00 00 00
00:aa 19 f0 2d 00 38 00 00 00 00 00 00 00 00 00 00 00 00 00 00 00 00 00 00 00 00 00 00 00 00 00 00 00 00 00 00 00 00 00 00 00 00 00 00 00 00 00 00 00 00 00 00 00 00 00 00 00 00 00 00 00 00 00 00
00:aa 19 28 2e 00 38 00 00 00 00 00 00 00 00 00 00 00 00 00 00 00 00 00 00 00 00 00 00 00 00 00 00 00 00 00 00 00 00 00 00 00 00 00 00 00 00 00 00 00 00 00 00 00 00 00 00 00 00 00 00 00 00 00 00
00:aa 19 60 2e 00 38 00 00 00 00 00 00 00 00 00 00 00 00 00 00 00 00 00 00 00 00 00 00 00 00 00 00 00 00 00 00 00 00 00 00 00 00 00 00 00 00 00 00 00 00 00 00 00 00 00 00 00 00 00 00 00 00 00 00
00:aa 19 98 2e 00 38 00 00 00 00 00 00 00 00 00 00 00 00 00 00 00 00 00 00 00 00 00 00 00 00 00 00 00 00 00 00 00 00 00 00 00 00 00 00 00 00 00 00 00 00 00 00 00 00 00 00 00 00 00 00 00 00 00 00
00:aa 19 d0 2e 00 38 00 00 00 00 00 00 00 00 00 00 00 00 00 00 00 00 00 00 00 00 00 00 00 00 00 00 00 00 00 00 00 00 00 00 00 00 00 00 00 00 00 00 00 00 00 00 00 00 00 00 00 00 00 00 00 00 00 00
00:aa 19 08 2f 00 38 00 00 00 00 00 00 00 00 00 00 00 00 00 00 00 00 00 00 00 00 00 00 00 00 00 00 00 00 00 00 00 00 00 00 00 00 00 00 00 00 00 00 00 00 00 00 00 00 00 00 00 00 00 00 00 00 00 00
00:aa 19 40 2f 00 38 00 00 00 00 00 00 00 00 00 00 00 00 00 00 00 00 00 00 00 00 00 00 00 00 00 00 00 00 00 00 00 00 00 00 00 00 00 00 00 00 00 00 00 00 00 00 00 00 00 00 00 00 00 00 00 00 00 00
00:aa 19 78 2f 00 38 00 00 00 00 00 00 00 00 00 00 00 00 00 00 00 00 00 00 00 00 00 00 00 00 00 00 00 00 00 00 00 00 00 00 00 00 00 00 00 00 00 00 00 00 00 00 00 00 00 00 00 00 00 00 00 00 00 00
00:aa 19 b0 2f 00 38 00 00 00 00 00 00 00 00 00 00 00 00 00 00 00 00 00 00 00 00 00 00 00 00 00 00 00 00 00 00 00 00 00 00 00 00 00 00 00 00 00 00 00 00 00 00 00 00 00 00 00 00 00 00 00 00 00 00
00:aa 19 e8 2f 00 38 00 00 00 00 00 00 00 00 00 00 00 00 00 00 00 00 00 00 00 00 00 00 00 00 00 00 00 00 00 00 00 00 00 00 00 00 00 00 00 00 00 00 00 00 00 00 00 00 00 00 00 00 00 00 00 00 00 00
00:aa 19 20 30 00 38 00 00 00 00 00 00 00 00 00 00 00 00 00 00 00 00 00 00 00 00 00 00 00 00 00 00 00 00 00 00 00 00 00 00 00 00 00 00 00 00 00 00 00 00 00 00 00 00 00 00 00 00 00 00 00 00 00 00
00:aa 19 58 30 00 38 00 00 00 00 00 00 00 00 00 00 00 00 00 00 00 00 00 00 00 00 00 00 00 00 00 00 00 00 00 00 00 00 00 00 00 00 00 00 00 00 00 00 00 00 00 00 00 00 00 00 00 00 00 00 00 00 00 00
00:aa 19 90 30 00 38 00 00 00 00 00 00 00 00 00 00 00 00 00 00 00 00 00 00 00 00 00 00 00 00 00 00 00 00 00 00 00 00 00 00 00 00 00 00 00 00 00 00 00 00 00 00 00 00 00 00 00 00 00 00 00 00 00 00
00:aa 19 c8 30 00 38 00 00 00 00 00 00 00 00 00 00 00 00 00 00 00 00 00 00 00 00 00 00 00 00 00 00 00 00 00 00 00 00 00 00 00 00 00 00 00 00 00 00 00 00 00 00 00 00 00 00 00 00 00 00 00 00 00 00
00:aa 19 00 31 00 38 00 00 00 00 00 00 00 00 00 00 00 00 00 00 00 00 00 00 00 00 00 00 00 00 00 00 00 00 00 00 00 00 00 00 00 00 00 00 00 00 00 00 00 00 00 00 00 00 00 00 00 00 00 00 00 00 00 00
00:aa 19 38 31 00 38 00 00 00 00 00 00 00 00 00 00 00 00 00 00 00 00 00 00 00 00 00 00 00 00 00 00 00 00 00 00 00 00 00 00 00 00 00 00 00 00 00 00 00 00 00 00 00 00 00 00 00 00 00 00 00 00 00 00
00:aa 19 70 31 00 38 00 00 00 00 00 00 00 00 00 00 00 00 00 00 00 00 00 00 00 00 00 00 00 00 00 00 00 00 00 00 00 00 00 00 00 00 00 00 00 00 00 00 00 00 00 00 00 00 00 00 00 00 00 00 00 00 00 00
00:aa 19 a8 31 00 38 00 00 00 00 00 00 00 00 00 00 00 00 00 00 00 00 00 00 00 00 00 00 00 00 00 00 00 00 00 00 00 00 00 00 00 00 00 00 00 00 00 00 00 00 00 00 00 00 00 00 00 00 00 00 00 00 00 00
00:aa 19 e0 31 00 38 00 00 00 00 00 00 00 00 00 00 00 00 00 00 00 00 00 00 00 00 00 00 00 00 00 00 00 00 00 00 00 00 00 00 00 00 00 00 00 00 00 00 00 00 00 00 00 00 00 00 00 00 00 00 00 00 00 00
00:aa 19 18 32 00 38 00 00 00 00 00 00 00 00 00 00 00 00 00 00 00 00 00 00 00 00 00 00 00 00 00 00 00 00 00 00 00 00 00 00 00 00 00 00 00 00 00 00 00 00 00 00 00 00 00 00 00 00 00 00 00 00 00 00
00:aa 19 50 32 00 38 00 00 00 00 00 00 00 00 00 00 00 00 00 00 00 00 00 00 00 00 00 00 00 00 00 00 00 00 00 00 00 00 00 00 00 00 00 00 00 00 00 00 00 00 00 00 00 00 00 00 00 00 00 00 00 00 00 00
00:aa 19 88 32 00 38 00 00 00 00 00 00 00 00 00 00 00 00 00 00 00 00 00 00 00 00 00 00 00 00 00 00 00 00 00 00 00 00 00 00 00 00 00 00 00 00 00 00 00 00 00 00 00 00 00 00 00 00 00 00 00 00 00 00
00:aa 19 c0 32 00 38 00 00 00 00 00 00 00 00 00 00 00 00 00 00 00 00 00 00 00 00 00 00 00 00 00 00 00 00 00 00 00 00 00 00 00 00 00 00 00 00 00 00 00 00 00 00 00 00 00 00 00 00 00 00 00 00 00 00
00:aa 19 f8 32 00 38 00 00 00 00 00 00 00 00 00 00 00 00 00 00 00 00 00 00 00 00 00 00 00 00 00 00 00 00 00 00 00 00 00 00 00 00 00 00 00 00 00 00 00 00 00 00 00 00 00 00 00 00 00 00 00 00 00 00
00:aa 19 30 33 00 38 00 00 00 00 00 00 00 00 00 00 00 00 00 00 00 00 00 00 00 00 00 00 00 00 00 00 00 00 00 00 00 00 00 00 00 00 00 00 00 00 00 00 00 00 00 00 00 00 00 00 00 00 00 00 00 00 00 00
00:aa 19 68 33 00 38 00 00 00 00 00 00 00 00 00 00 00 00 00 00 00 00 00 00 00 00 00 00 00 00 00 00 00 00 00 00 00 00 00 00 00 00 00 00 00 00 00 00 00 00 00 00 00 00 00 00 00 00 00 00 00 00 00 00
00:aa 19 a0 33 00 38 00 00 00 00 00 00 00 00 00 00 00 00 00 00 00 00 00 00 00 00 00 00 00 00 00 00 00 00 00 00 00 00 00 00 00 00 00 00 00 00 00 00 00 00 00 00 00 00 00 00 00 00 00 00 00 00 00 00
00:aa 19 d8 33 00 38 00 00 00 00 00 00 00 00 00 00 00 00 00 00 00 00 00 00 00 00 00 00 00 00 00 00 00 00 00 00 00 00 00 00 00 00 00 00 00 00 00 00 00 00 00 00 00 00 00 00 00 00 00 00 00 00 00 00
00:aa 19 10 34 00 38 00 00 00 00 00 00 00 00 00 00 00 00 00 00 00 00 00 00 00 00 00 00 00 00 00 00 00 00 00 00 00 00 00 00 00 00 00 00 00 00 00 00 00 00 00 00 00 00 00 00 00 00 00 00 00 00 00 00
00:aa 19 48 34 00 38 00 00 00 00 00 00 00 00 00 00 00 00 00 00 00 00 00 00 00 00 00 00 00 00 00 00 00 00 00 00 00 00 00 00 00 00 00 00 00 00 00 00 00 00 00 00 00 00 00 00 00 00 00 00 00 00 00 00
00:aa 19 80 34 00 38 00 00 00 00 00 00 00 00 00 00 00 00 00 00 00 00 00 00 00 00 00 00 00 00 00 00 00 00 00 00 00 00 00 00 00 00 00 00 00 00 00 00 00 00 00 00 00 00 00 00 00 00 00 00 00 00 00 00
00:aa 19 b8 34 00 38 00 00 00 00 00 00 00 00 00 00 00 00 00 00 00 00 00 00 00 00 00 00 00 00 00 00 00 00 00 00 00 00 00 00 00 00 00 00 00 00 00 00 00 00 00 00 00 00 00 00 00 00 00 00 00 00 00 00
00:aa 19 f0 34 00 38 00 00 00 00 00 00 00 00 00 00 00 00 00 00 00 00 00 00 00 00 00 00 00 00 00 00 00 00 00 00 00 00 00 00 00 00 00 00 00 00 00 00 00 00 00 00 00 00 00 00 00 00 00 00 00 00 00 00
00:aa 19 28 35 00 38 00 00 00 00 00 00 00 00 00 00 00 00 00 00 00 00 00 00 00 00 00 00 00 00 00 00 00 00 00 00 00 00 00 00 00 00 00 00 00 00 00 00 00 00 00 00 00 00 00 00 00 00 00 00 00 00 00 00
00:aa 19 60 35 00 38 00 00 00 00 00 00 00 00 00 00 00 00 00 00 00 00 00 00 00 00 00 00 00 00 00 00 00 00 00 00 00 00 00 00 00 00 00 00 00 00 00 00 00 00 00 00 00 00 00 00 00 00 00 00 00 00 00 00
00:aa 19 98 35 00 38 00 00 00 00 00 00 00 00 00 00 00 00 00 00 00 00 00 00 00 00 00 00 00 00 00 00 00 00 00 00 00 00 00 00 00 00 00 00 00 00 00 00 00 00 00 00 00 00 00 00 00 00 00 00 00 00 00 00
00:aa 19 d0 35 00 38 00 00 00 00 00 00 00 00 00 00 00 00 00 00 00 00 00 00 00 00 00 00 00 00 00 00 00 00 00 00 00 00 00 00 00 00 00 00 00 00 00 00 00 00 00 00 00 00 00 00 00 00 00 00 00 00 00 00
00:aa 19 08 36 00 38 00 00 00 00 00 00 00 00 00 00 00 00 00 00 00 00 00 00 00 00 00 00 00 00 00 00 00 00 00 00 00 00 00 00 00 00 00 00 00 00 00 00 00 00 00 00 00 00 00 00 00 00 00 00 00 00 00 00
00:aa 19 40 36 00 38 00 00 00 00 00 00 00 00 00 00 00 00 00 00 00 00 00 00 00 00 00 00 00 00 00 00 00 00 00 00 00 00 00 00 00 00 00 00 00 00 00 00 00 00 00 00 00 00 00 00 00 00 00 00 00 00 00 00
00:aa 19 78 36 00 38 00 00 00 00 00 00 00 00 00 00 00 00 00 00 00 00 00 00 00 00 00 00 00 00 00 00 00 00 00 00 00 00 00 00 00 00 00 00 00 00 00 00 00 00 00 00 00 00 00 00 00 00 00 00 00 00 00 00
00:aa 19 b0 36 00 38 00 00 00 00 00 00 00 00 00 00 00 00 00 00 00 00 00 00 00 00 00 00 00 00 00 00 00 00 00 00 00 00 00 00 00 00 00 00 00 00 00 00 00 00 00 00 00 00 00 00 00 00 00 00 00 00 00 00
00:aa 19 e8 36 00 38 00 00 00 00 00 00 00 00 00 00 00 00 00 00 00 00 00 00 00 00 00 00 00 00 00 00 00 00 00 00 00 00 00 00 00 00 00 00 00 00 00 00 00 00 00 00 00 00 00 00 00 00 00 00 00 00 00 00
00:aa 19 20 37 00 38 00 00 00 00 00 00 00 00 00 00 00 00 00 00 00 00 00 00 00 00 00 00 00 00 00 00 00 00 00 00 00 00 00 00 00 00 00 00 00 00 00 00 00 00 00 00 00 00 00 00 00 00 00 00 00 00 00 00
00:aa 19 58 37 00 38 00 00 00 00 00 00 00 00 00 00 00 00 00 00 00 00 00 00 00 00 00 00 00 00 00 00 00 00 00 00 00 00 00 00 00 00 00 00 00 00 00 00 00 00 00 00 00 00 00 00 00 00 00 00 00 00 00 00
00:aa 19 90 37 00 38 00 00 00 00 00 00 00 00 00 00 00 00 00 00 00 00 00 00 00 00 00 00 00 00 00 00 00 00 00 00 00 00 00 00 00 00 00 00 00 00 00 00 00 00 00 00 00 00 00 00 00 00 00 00 00 00 00 00
00:aa 19 c8 37 00 38 00 00 00 00 00 00 00 00 00 00 00 00 00 00 00 00 00 00 00 00 00 00 00 00 00 00 00 00 00 00 00 00 00 00 00 00 00 00 00 00 00 00 00 00 00 00 00 00 00 00 00 00 00 00 00 00 00 00
00:aa 19 00 38 00 38 00 00 00 00 00 00 00 00 00 00 00 00 00 00 00 00 00 00 00 00 00 00 00 00 00 00 00 00 00 00 00 00 00 00 00 00 00 00 00 00 00 00 00 00 00 00 00 00 00 00 00 00 00 00 00 00 00 00
00:aa 19 38 38 00 38 00 00 00 00 00 00 00 00 00 00 00 00 00 00 00 00 00 00 00 00 00 00 00 00 00 00 00 00 00 00 00 00 00 00 00 00 00 00 00 00 00 00 00 00 00 00 00 00 00 00 00 00 00 00 00 00 00 00
00:aa 19 70 38 00 38 00 00 00 00 00 00 00 00 00 00 00 00 00 00 00 00 00 00 00 00 00 00 00 00 00 00 00 00 00 00 00 00 00 00 00 00 00 00 00 00 00 00 00 00 00 00 00 00 00 00 00 00 00 00 00 00 00 00
00:aa 19 a8 38 00 38 00 00 00 00 00 00 00 00 00 00 00 00 00 00 00 00 00 00 00 00 00 00 00 00 00 00 00 00 00 00 00 00 00 00 00 00 00 00 00 00 00 00 00 00 00 00 00 00 00 00 00 00 00 00 00 00 00 00
00:aa 19 e0 38 00 38 00 00 00 00 00 00 00 00 00 00 00 00 00 00 00 00 00 00 00 00 00 00 00 00 00 00 00 00 00 00 00 00 00 00 00 00 00 00 00 00 00 00 00 00 00 00 00 00 00 00 00 00 00 00 00 00 00 00
00:aa 19 18 39 00 38 00 00 00 00 00 00 00 00 00 00 00 00 00 00 00 00 00 00 00 00 00 00 00 00 00 00 00 00 00 00 00 00 00 00 00 00 00 00 00 00 00 00 00 00 00 00 00 00 00 00 00 00 00 00 00 00 00 00
00:aa 19 50 39 00 38 00 00 00 00 00 00 00 00 00 00 00 00 00 00 00 00 00 00 00 00 00 00 00 00 00 00 00 00 00 00 00 00 00 00 00 00 00 00 00 00 00 00 00 00 00 00 00 00 00 00 00 00 00 00 00 00 00 00
00:aa 19 88 39 00 38 00 00 00 00 00 00 00 00 00 00 00 00 00 00 00 00 00 00 00 00 00 00 00 00 00 00 00 00 00 00 00 00 00 00 00 00 00 00 00 00 00 00 00 00 00 00 00 00 00 00 00 00 00 00 00 00 00 00
00:aa 19 c0 39 00 38 00 00 00 00 00 00 00 00 00 00 00 00 00 00 00 00 00 00 00 00 00 00 00 00 00 00 00 00 00 00 00 00 00 00 00 00 00 00 00 00 00 00 00 00 00 00 00 00 00 00 00 00 00 00 00 00 00 00
00:aa 19 f8 39 00 38 00 00 00 00 00 00 00 00 00 00 00 00 00 00 00 00 00 00 00 00 00 00 00 00 00 00 00 00 00 00 00 00 00 00 00 00 00 00 00 00 00 00 00 00 00 00 00 00 00 00 00 00 00 00 00 00 00 00
00:aa 19 30 3a 00 38 00 00 00 00 00 00 00 00 00 00 00 00 00 00 00 00 00 00 00 00 00 00 00 00 00 00 00 00 00 00 00 00 00 00 00 00 00 00 00 00 00 00 00 00 00 00 00 00 00 00 00 00 00 00 00 00 00 00
00:aa 19 68 3a 00 38 00 00 00 00 00 00 00 00 00 00 00 00 00 00 00 00 00 00 00 00 00 00 00 00 00 00 00 00 00 00 00 00 00 00 00 00 00 00 00 00 00 00 00 00 00 00 00 00 00 00 00 00 00 00 00 00 00 00
00:aa 19 a0 3a 00 38 00 00 00 00 00 00 00 00 00 00 00 00 00 00 00 00 00 00 00 00 00 00 00 00 00 00 00 00 00 00 00 00 00 00 00 00 00 00 00 00 00 00 00 00 00 00 00 00 00 00 00 00 00 00 00 00 00 00
00:aa 19 d8 3a 00 38 00 00 00 00 00 00 00 00 00 00 00 00 00 00 00 00 00 00 00 00 00 00 00 00 00 00 00 00 00 00 00 00 00 00 00 00 00 00 00 00 00 00 00 00 00 00 00 00 00 00 00 00 00 00 00 00 00 00
00:aa 19 10 3b 00 38 00 00 00 00 00 00 00 00 00 00 00 00 00 00 00 00 00 00 00 00 00 00 00 00 00 00 00 00 00 00 00 00 00 00 00 00 00 00 00 00 00 00 00 00 00 00 00 00 00 00 00 00 00 00 00 00 00 00
00:aa 19 48 3b 00 38 00 00 00 00 00 00 00 00 00 00 00 00 00 00 00 00 00 00 00 00 00 00 00 00 00 00 00 00 00 00 00 00 00 00 00 00 00 00 00 00 00 00 00 00 00 00 00 00 00 00 00 00 00 00 00 00 00 00
00:aa 19 80 3b 00 38 00 00 00 00 00 00 00 00 00 00 00 00 00 00 00 00 00 00 00 00 00 00 00 00 00 00 00 00 00 00 00 00 00 00 00 00 00 00 00 00 00 00 00 00 00 00 00 00 00 00 00 00 00 00 00 00 00 00
00:aa 19 b8 3b 00 38 00 00 00 00 00 00 00 00 00 00 00 00 00 00 00 00 00 00 00 00 00 00 00 00 00 00 00 00 00 00 00 00 00 00 00 00 00 00 00 00 00 00 00 00 00 00 00 00 00 00 00 00 00 00 00 00 00 00
00:aa 19 f0 3b 00 38 00 00 00 00 00 00 00 00 00 00 00 00 00 00 00 00 00 00 00 00 00 00 00 00 00 00 00 00 00 00 00 00 00 00 00 00 00 00 00 00 00 00 00 00 00 00 00 00 00 00 00 00 00 00 00 00 00 00
00:aa 19 28 3c 00 38 00 00 00 00 00 00 00 00 00 00 00 00 00 00 00 00 00 00 00 00 00 00 00 00 00 00 00 00 00 00 00 00 00 00 00 00 00 00 00 00 00 00 00 00 00 00 00 00 00 00 00 00 00 00 00 00 00 00
00:aa 19 60 3c 00 38 00 00 00 00 00 00 00 00 00 00 00 00 00 00 00 00 00 00 00 00 00 00 00 00 00 00 00 00 00 00 00 00 00 00 00 00 00 00 00 00 00 00 00 00 00 00 00 00 00 00 00 00 00 00 00 00 00 00
00:aa 19 98 3c 00 38 00 00 00 00 00 00 00 00 00 00 00 00 00 00 00 00 00 00 00 00 00 00 00 00 00 00 00 00 00 00 00 00 00 00 00 00 00 00 00 00 00 00 00 00 00 00 00 00 00 00 00 00 00 00 00 00 00 00
00:aa 19 d0 3c 00 38 00 00 00 00 00 00 00 00 00 00 00 00 00 00 00 00 00 00 00 00 00 00 00 00 00 00 00 00 00 00 00 00 00 00 00 00 00 00 00 00 00 00 00 00 00 00 00 00 00 00 00 00 00 00 00 00 00 00
00:aa 19 08 3d 00 38 00 00 00 00 00 00 00 00 00 00 00 00 00 00 00 00 00 00 00 00 00 00 00 00 00 00 00 00 00 00 00 00 00 00 00 00 00 00 00 00 00 00 00 00 00 00 00 00 00 00 00 00 00 00 00 00 00 00
00:aa 19 40 3d 00 38 00 00 00 00 00 00 00 00 00 00 00 00 00 00 00 00 00 00 00 00 00 00 00 00 00 00 00 00 00 00 00 00 00 00 00 00 00 00 00 00 00 00 00 00 00 00 00 00 00 00 00 00 00 00 00 00 00 00
00:aa 19 78 3d 00 38 00 00 00 00 00 00 00 00 00 00 00 00 00 00 00 00 00 00 00 00 00 00 00 00 00 00 00 00 00 00 00 00 00 00 00 00 00 00 00 00 00 00 00 00 00 00 00 00 00 00 00 00 00 00 00 00 00 00
00:aa 19 b0 3d 00 38 00 00 00 00 00 00 00 00 00 00 00 00 00 00 00 00 00 00 00 00 00 00 00 00 00 00 00 00 00 00 00 00 00 00 00 00 00 00 00 00 00 00 00 00 00 00 00 00 00 00 00 00 00 00 00 00 00 00
00:aa 19 e8 3d 00 38 00 00 00 00 00 00 00 00 00 00 00 00 00 00 00 00 00 00 00 00 00 00 00 00 00 00 00 00 00 00 00 00 00 00 00 00 00 00 00 00 00 00 00 00 00 00 00 00 00 00 00 00 00 00 00 00 00 00
00:aa 19 20 3e 00 38 00 00 00 00 00 00 00 00 00 00 00 00 00 00 00 00 00 00 00 00 00 00 00 00 00 00 00 00 00 00 00 00 00 00 00 00 00 00 00 00 00 00 00 00 00 00 00 00 00 00 00 00 00 00 00 00 00 00
00:aa 19 58 3e 00 38 00 00 00 00 00 00 00 00 00 00 00 00 00 00 00 00 00 00 00 00 00 00 00 00 00 00 00 00 00 00 00 00 00 00 00 00 00 00 00 00 00 00 00 00 00 00 00 00 00 00 00 00 00 00 00 00 00 00
00:aa 19 90 3e 00 38 00 00 00 00 00 00 00 00 00 00 00 00 00 00 00 00 00 00 00 00 00 00 00 00 00 00 00 00 00 00 00 00 00 00 00 00 00 00 00 00 00 00 00 00 00 00 00 00 00 00 00 00 00 00 00 00 00 00
00:aa 19 c8 3e 00 38 00 00 00 00 00 00 00 00 00 00 00 00 00 00 00 00 00 00 00 00 00 00 00 00 00 00 00 00 00 00 00 00 00 00 00 00 00 00 00 00 00 00 00 00 00 00 00 00 00 00 00 00 00 00 00 00 00 00
00:aa 19 00 3f 00 38 00 00 00 00 00 00 00 00 00 00 00 00 00 00 00 00 00 00 00 00 00 00 00 00 00 00 00 00 00 00 00 00 00 00 00 00 00 00 00 00 00 00 00 00 00 00 00 00 00 00 00 00 00 00 00 00 00 00
00:aa 19 38 3f 00 38 00 00 00 00 00 00 00 00 00 00 00 00 00 00 00 00 00 00 00 00 00 00 00 00 00 00 00 00 00 00 00 00 00 00 00 00 00 00 00 00 00 00 00 00 00 00 00 00 00 00 00 00 00 00 00 00 00 00
00:aa 19 70 3f 00 38 00 00 00 00 00 00 00 00 00 00 00 00 00 00 00 00 00 00 00 00 00 00 00 00 00 00 00 00 00 00 00 00 00 00 00 00 00 00 00 00 00 00 00 00 00 00 00 00 00 00 00 00 00 00 00 00 00 00
00:aa 19 a8 3f 00 38 00 00 00 00 00 00 00 00 00 00 00 00 00 00 00 00 00 00 00 00 00 00 00 00 00 00 00 00 00 00 00 00 00 00 00 00 00 00 00 00 00 00 00 00 00 00 00 00 00 00 00 00 00 00 00 00 00 00
00:aa 19 e0 3f 00 38 00 00 00 00 00 00 00 00 00 00 00 00 00 00 00 00 00 00 00 00 00 00 00 00 00 00 00 00 00 00 00 00 00 00 00 00 00 00 00 00 00 00 00 00 00 00 00 00 00 00 00 00 00 00 00 00 00 00
00:aa 19 18 40 00 38 00 00 00 00 00 00 00 00 00 00 00 00 00 00 00 00 00 00 00 00 00 00 00 00 00 00 00 00 00 00 00 00 00 00 00 00 00 00 00 00 00 00 00 00 00 00 00 00 00 00 00 00 00 00 00 00 00 00
00:aa 19 50 40 00 38 00 00 00 00 00 00 00 00 00 00 00 00 00 00 00 00 00 00 00 00 00 00 00 00 00 00 00 00 00 00 00 00 00 00 00 00 00 00 00 00 00 00 00 00 00 00 00 00 00 00 00 00 00 00 00 00 00 00
00:aa 19 88 40 00 38 00 00 00 00 00 00 00 00 00 00 00 00 00 00 00 00 00 00 00 00 00 00 00 00 00 00 00 00 00 00 00 00 00 00 00 00 00 00 00 00 00 00 00 00 00 00 00 00 00 00 00 00 00 00 00 00 00 00
00:aa 19 c0 40 00 38 00 00 00 00 00 00 00 00 00 00 00 00 00 00 00 00 00 00 00 00 00 00 00 00 00 00 00 00 00 00 00 00 00 00 00 00 00 00 00 00 00 00 00 00 00 00 00 00 00 00 00 00 00 00 00 00 00 00
00:aa 19 f8 40 00 38 00 00 00 00 00 00 00 00 00 00 00 00 00 00 00 00 00 00 00 00 00 00 00 00 00 00 00 00 00 00 00 00 00 00 00 00 00 00 00 00 00 00 00 00 00 00 00 00 00 00 00 00 00 00 00 00 00 00
00:aa 19 30 41 00 38 00 00 00 00 00 00 00 00 00 00 00 00 00 00 00 00 00 00 00 00 00 00 00 00 00 00 00 00 00 00 00 00 00 00 00 00 00 00 00 00 00 00 00 00 00 00 00 00 00 00 00 00 00 00 00 00 00 00
00:aa 19 68 41 00 38 00 00 00 00 00 00 00 00 00 00 00 00 00 00 00 00 00 00 00 00 00 00 00 00 00 00 00 00 00 00 00 00 00 00 00 00 00 00 00 00 00 00 00 00 00 00 00 00 00 00 00 00 00 00 00 00 00 00
00:aa 19 a0 41 00 28 00 00 00 00 00 00 00 00 00 00 00 00 00 00 00 00 00 00 00 00 00 00 00 00 00 00 00 00 00 00 00 00 00 00 00 00 00 00 00 00 00 00 00 00 00 00 00 00 00 00 00 00 00 00 00 00 00 00
00:aa 19 00 00 01 38 00 00 51 47 49 46 00 27 00 01 3b 21 ff ff ff ff ff ff ff ff ff ff ff ff ff ff ff ff ff ff ff ff ff ff ff ff ff ff ff ff ff ff ff ff ff ff ff ff ff ff ff ff ff ff ff ff ff ff
00:aa 19 38 00 01 38 00 00 ff ff ff ff ff ff ff ff ff ff ff ff ff ff ff ff ff ff ff ff ff ff ff ff ff ff ff ff ff ff ff ff ff ff ff ff ff ff ff ff ff ff ff ff ff ff ff ff ff ff ff ff ff ff ff ff
00:aa 19 70 00 01 38 00 00 ff ff ff ff ff ff ff ff ff ff ff ff ff ff ff ff ff ff ff ff ff ff ff ff ff ff ff ff ff ff ff ff ff ff ff ff ff ff ff ff ff ff ff ff ff ff ff ff ff ff ff ff ff ff ff ff
00:aa 19 a8 00 01 38 00 00 ff ff ff ff ff ff ff ff ff ff ff ff ff ff ff ff ff ff ff ff ff ff ff ff ff ff ff ff ff ff ff ff ff ff ff ff ff ff ff ff ff ff ff ff ff ff ff ff ff ff ff ff ff ff ff ff
00:aa 19 e0 00 01 38 00 00 ff ff ff ff ff ff ff ff ff ff ff ff ff ff ff ff ff ff ff ff ff ff ff ff ff ff ff ff ff ff ff ff ff ff ff ff ff ff ff ff ff 00 00 00 00 00 00 00 00 00 00 00 00 00 00 00
00:aa 19 18 01 01 38 00 00 00 00 00 00 00 00 00 00 00 00 00 00 00 00 00 00 00 00 00 00 00 00 00 00 00 00 00 00 00 00 00 00 00 00 00 00 00 00 00 00 00 00 00 00 00 00 00 00 00 00 00 00 00 00 00 00
00:aa 19 50 01 01 38 00 00 00 00 00 00 00 00 00 00 00 00 00 00 00 00 00 00 00 00 00 00 00 00 00 00 00 00 00 00 00 00 00 00 00 82 10 82 08 ea ea ea ea 82 10 82 10 00 00 00 00 08 42 82 10 55 55 57
00:aa 19 88 01 01 38 00 00 54 08 42 82 10 55 55 80 00 ab 5a a3 18 55 55 00 aa ec 62 c3 18 55 55 b5 89 c4 18 c3 18 fe fe fa ea e4 18 c4 18 e8 e8 a8 aa e4 20 e4 18 ff ff fe ea 04 21 e4 20 aa aa a8
00:aa 19 c0 01 01 38 00 00 a8 05 21 04 21 ec ee bf aa ec 5a 25 21 e0 55 55 55 0c 63 25 21 00 e0 57 55 0c 63 25 21 00 00 e0 57 0d 63 8a 52 aa 0a 22 5a 0c 63 eb 5a fd ff be ab 0c 63 eb 5a 5d f9 ad
00:aa 19 f8 01 01 38 00 00 a9 0c 63 49 52 aa 26 87 57 cb 62 49 4a af 2e 35 0c 6e 73 c7 39 f5 cf fd 95 49 4a 86 31 20 28 da 9d 8a 52 45 29 00 d4 fd f3 ab 52 08 42 02 00 a0 7a 8a 52 c7 39 00 00 00
00:aa 19 30 02 01 38 00 00 a1 6a 4a e4 18 02 09 b5 55 66 29 c3 18 15 55 55 55 a3 18 a3 10 af af af ae a3 10 82 10 af ab aa aa a3 10 82 10 ff ff af af 82 10 62 10 2b 2b 2b 0b 62 10 00 00 00 00 00
00:aa 19 68 02 01 38 00 00 00 62 08 62 08 00 00 00 00 62 08 41 08 aa aa aa aa 41 08 41 08 00 00 00 00 00 00 00 00 00 00 00 00 00 00 00 00 00 00 00 00 00 00 00 00 00 00 00 00 00 00 00 00 00 00 00
00:aa 19 a0 02 01 38 00 00 00 00 00 00 00 00 00 00 00 00 00 00 00 00 00 00 00 00 00 00 00 00 00 00 00 00 00 00 00 00 00 00 00 00 00 00 00 00 00 00 00 00 00 00 00 00 00 00 00 00 00 00 00 00 00 00
00:aa 19 d8 02 01 38 00 00 00 00 00 00 00 00 00 00 00 00 00 00 00 00 00 00 00 00 00 00 00 00 00 00 00 00 00 00 00 00 00 00 00 00 00 00 00 00 00 00 00 00 00 00 00 00 00 00 00 00 00 00 00 00 00 00
00:aa 19 10 03 01 38 00 00 00 00 00 00 00 00 00 00 00 00 00 00 00 00 00 00 00 00 00 00 00 00 00 00 00 00 00 00 00 00 00 00 00 00 00 00 00 00 00 00 00 00 00 00 00 00 00 00 00 00 00 00 00 00 00 00
00:aa 19 48 03 01 38 00 00 00 00 00 00 00 00 00 00 00 82 10 62 08 ea e0 e0 aa 82 10 82 10 00 00 00 00 08 3a 82 10 5c 56 55 55 0c 63 c3 18 ff e0 f8 55 f0 7b 04 21 ff a8 02 55 2d 63 c3 18 ab 2b bd
00:aa 19 80 03 01 38 00 00 55 e4 18 c4 18 7b aa aa aa e4 18 c4 18 aa 80 80 a0 e4 20 e4 18 ea fa fa fe 04 21 04 21 00 00 00 00 25 21 04 21 ea a8 a8 80 25 21 05 21 aa aa aa a8 45 29 25 21 57 7f 7f
00:aa 19 b8 03 01 38 00 00 aa 25 21 05 21 0a 00 00 02 66 29 25 21 d4 55 57 55 0c 63 25 21 e0 57 57 56 cb 5a 08 4a 23 ab de d7 eb 6a 86 39 70 b0 2a 8b eb 72 28 4a 06 be a0 c0 0f ac 69 5a 55 d7 d5
00:aa 19 f0 03 01 38 00 00 39 2c 73 c7 39 ff b5 8d ca 8a 52 65 31 bd e2 a9 99 29 4a 45 29 20 2d 56 ff 29 42 c3 18 8d f5 e5 ca 04 21 c4 18 d5 f5 f5 05 c4 18 c3 18 fd af af af c3 18 a3 10 af ab ab
00:aa 19 28 04 01 38 00 00 bf a3 10 82 10 aa aa aa 2a a3 10 82 10 ff bf af ab 82 10 62 10 0b 2e 2e 0b 62 10 62 08 aa aa aa aa 62 10 62 08 ab aa aa aa 62 08 41 08 aa aa aa aa 41 08 41 08 00 00 00
00:aa 19 60 04 01 38 00 00 00 00 00 00 00 00 00 00 00 00 00 00 00 00 00 00 00 00 00 00 00 00 00 00 00 00 00 00 00 00 00 00 00 00 00 00 00 00 00 00 00 00 00 00 00 00 00 00 00 00 00 00 00 00 00 00
00:aa 19 98 04 01 38 00 00 00 00 00 00 00 00 00 00 00 00 00 00 00 00 00 00 00 00 00 00 00 00 00 00 00 00 00 00 00 00 00 00 00 00 00 00 00 00 00 00 00 00 00 00 00 00 00 00 00 00 00 00 00 00 00 00
00:aa 19 d0 04 01 38 00 00 00 00 00 00 00 00 00 00 00 00 00 00 00 00 00 00 00 00 00 00 00 00 00 00 00 00 00 00 00 00 00 00 00 00 00 00 00 00 00 00 00 00 00 00 00 00 00 00 00 00 00 00 00 00 00 00
00:aa 19 08 05 01 38 00 00 00 00 00 00 00 00 00 00 00 00 00 00 00 00 00 00 00 00 00 00 00 00 00 00 00 00 00 00 00 00 00 00 00 00 00 00 00 00 00 00 00 05 21 82 10 55 55 bd 00 e4 20 82 10 55 55 55
00:aa 19 40 05 01 38 00 00 2b 83 10 82 10 ff ff ff aa a3 10 82 10 aa a8 ea e0 a3 18 a3 10 be fe fa fa c4 18 a3 10 ea fa ea ea e4 18 c4 18 aa aa fa fa e4 18 e4 18 00 00 00 00 e4 20 e4 18 fe fe ea
00:aa 19 78 05 01 38 00 00 ea 05 21 e4 18 aa aa fa fa 25 21 05 21 aa aa c0 c0 45 29 25 21 7a fd fb fb 46 29 25 21 e0 7d 7d 7f 46 29 25 21 a9 a8 a8 aa 46 29 25 21 55 a5 af bf 6a 52 25 21 54 54 5c
00:aa 19 b0 05 01 38 00 00 5c 4e bc 6a 5a 55 55 5e 78 b4 dd 69 6a 57 58 a0 80 f6 e5 2f ac 7a 82 00 00 11 d5 0b 83 29 29 0b 0a ad a3 e7 49 ad ab 28 2b 2c 83 e7 41 55 bd 15 37 08 42 25 29 0f a5 cd
00:aa 19 e8 05 01 38 00 00 dd c7 39 c3 18 10 5e d5 a0 86 31 04 21 0a 97 95 0b e4 18 c3 18 ff 2a ba 2a c4 18 a3 10 bf 2b 2f 2f a3 10 a3 10 00 00 00 00 a3 10 82 10 ab ab aa aa 82 10 62 10 0a 0a 00
00:aa 19 20 06 01 38 00 00 00 82 10 62 08 ab 0b 2a 2a 62 10 62 08 aa aa aa aa 62 08 62 08 00 00 00 00 41 08 41 08 00 00 00 00 00 00 00 00 00 00 00 00 00 00 00 00 00 00 00 00 00 00 00 00 00 00 00
00:aa 19 58 06 01 38 00 00 00 00 00 00 00 00 00 00 00 00 00 00 00 00 00 00 00 00 00 00 00 00 00 00 00 00 00 00 00 00 00 00 00 00 00 00 00 00 00 00 00 00 00 00 00 00 00 00 00 00 00 00 00 00 00 00
00:aa 19 90 06 01 38 00 00 00 00 00 00 00 00 00 00 00 00 00 00 00 00 00 00 00 00 00 00 00 00 00 00 00 00 00 00 00 00 00 00 00 00 00 00 00 00 00 00 00 00 00 00 00 00 00 00 00 00 00 00 00 00 00 00
00:aa 19 c8 06 01 38 00 00 00 00 00 00 00 00 00 00 00 00 00 00 00 00 00 00 00 00 00 00 00 00 00 00 00 00 00 00 00 00 00 00 00 00 00 00 00 00 00 00 00 00 00 00 00 00 00 00 00 00 00 00 00 00 00 00
00:aa 19 00 07 01 38 00 00 00 00 00 00 00 00 00 00 00 00 00 00 00 00 00 00 00 46 29 25 29 7f 7a fa e8 66 29 25 29 ea aa 80 00 87 31 04 21 d5 aa a8 a8 87 31 83 10 55 af 00 00 a7 39 a3 10 55 55 af
00:aa 19 38 07 01 38 00 00 00 87 31 c3 18 55 55 55 0b e4 18 c4 18 fa fa 6e 9e e4 18 c4 18 80 80 80 a0 e4 20 e4 18 ef ef ef fe 25 21 e4 20 ea fa a0 a0 25 21 05 21 88 bc 28 80 45 29 25 21 ff af 5a
00:aa 19 70 07 01 38 00 00 fa 46 29 25 21 7f f2 af b5 45 29 25 21 2f f7 d7 57 25 21 25 21 00 00 00 00 0a 7b 25 21 5e 5e 5c 5c 6e cc c9 72 68 e0 e0 e0 f5 e5 f1 dc 78 78 f8 78 16 e6 b5 d5 28 28 b6
00:aa 19 a8 07 01 38 00 00 34 b4 e5 6f c4 2d 3f 2d 09 0d bc 48 6a 35 2f 0b 0a ce 9b c7 51 37 bf d5 95 e8 41 45 29 17 29 aa 90 e8 41 04 21 1d d5 d7 3b 08 42 04 21 7f 5d df 62 45 29 c4 18 95 95 15
00:aa 19 e0 07 01 38 00 00 15 c4 18 c3 18 ab ab aa aa c3 18 a3 10 ba 2a 2a aa a3 10 a3 10 00 00 00 00 a3 10 82 10 ab ab ab aa 82 10 62 08 2b 02 00 00 62 10 62 08 aa aa aa aa 62 10 62 08 ab ab ab
00:aa 19 18 08 01 38 00 00 ab 41 08 41 08 00 00 00 00 00 00 00 00 00 00 00 00 00 00 00 00 00 00 00 00 00 00 00 00 00 00 00 00 00 00 00 00 00 00 00 00 00 00 00 00 00 00 00 00 00 00 00 00 00 00 00
00:aa 19 50 08 01 38 00 00 00 00 00 00 00 00 00 00 00 00 00 00 00 00 00 00 00 00 00 00 00 00 00 00 00 00 00 00 00 00 00 00 00 00 00 00 00 00 00 00 00 00 00 00 00 00 00 00 00 00 00 00 00 00 00 00
00:aa 19 88 08 01 38 00 00 00 00 00 00 00 00 00 00 00 00 00 00 00 00 00 00 00 00 00 00 00 00 00 00 00 00 00 00 00 00 00 00 00 00 00 00 00 00 00 00 00 00 00 00 00 00 00 00 00 00 00 00 00 00 00 00
00:aa 19 c0 08 01 38 00 00 00 00 00 00 00 00 00 00 00 00 00 00 00 00 00 00 00 00 00 00 00 00 00 00 00 00 00 00 00 00 00 00 00 00 00 00 00 00 00 00 00 00 00 00 00 00 00 00 00 66 29 25 29 c0 e0 80
00:aa 19 f8 08 01 38 00 00 00 66 31 66 29 aa ba aa a0 a7 31 66 31 fe f8 a0 80 e8 39 a7 39 5f 7a 6a 68 09 42 a7 39 7e fa ea aa 29 42 e8 41 7f fa e0 a8 09 42 45 29 ad 00 00 00 29 42 e4 18 55 2b 00
00:aa 19 30 09 01 38 00 00 00 29 42 04 21 55 d5 0a 00 09 42 05 21 55 55 d5 02 25 21 04 21 80 bf bf 02 25 21 04 21 00 80 f8 a8 25 21 05 21 aa aa 2a aa 25 21 05 21 a8 aa aa ea 25 21 25 21 00 00 00
00:aa 19 68 09 01 38 00 00 00 0b 83 45 21 5c 5c 5e 5e f1 d4 2a 93 7c 78 f8 70 d4 e5 ad a3 80 a2 ba a5 b5 d5 6d 83 00 00 00 d5 f5 e5 70 b4 2d 0b b5 75 8f dc ea 82 ab 2a ab 8d f6 dd 07 62 f5 f5 a8
00:aa 19 a0 09 01 38 00 00 35 91 bc 25 31 55 d5 16 5c ed b3 45 29 55 f5 fd 2a 65 29 c3 18 03 7e db cf a6 39 e4 18 95 95 15 35 e4 18 c3 18 aa ab aa 2e c4 18 c3 18 b5 bd af bf c3 18 a3 10 ff ff ff
00:aa 19 d8 09 01 38 00 00 26 a3 18 82 10 bf ab ab 03 83 10 82 10 fd fd fd b5 82 10 62 08 2f ab ab 2a 62 10 62 08 ab ab ab aa 62 08 41 08 ba aa aa aa 00 00 00 00 00 00 00 00 00 00 00 00 00 00 00
00:aa 19 10 0a 01 38 00 00 00 00 00 00 00 00 00 00 00 00 00 00 00 00 00 00 00 00 00 00 00 00 00 00 00 00 00 00 00 00 00 00 00 00 00 00 00 00 00 00 00 00 00 00 00 00 00 00 00 00 00 00 00 00 00 00
00:aa 19 48 0a 01 38 00 00 00 00 00 00 00 00 00 00 00 00 00 00 00 00 00 00 00 00 00 00 00 00 00 00 00 00 00 00 00 00 00 00 00 00 00 00 00 00 00 00 00 00 00 00 00 00 00 00 00 00 00 00 00 00 00 00
00:aa 19 80 0a 01 38 00 00 00 00 00 00 00 00 00 00 00 00 00 00 00 00 00 00 00 00 00 00 00 00 00 00 00 00 00 00 00 00 00 00 00 00 00 00 00 00 00 00 00 00 00 00 00 00 00 00 00 00 00 00 00 00 00 00
00:aa 19 b8 0a 01 38 00 00 00 00 00 00 00 00 00 00 00 00 00 00 00 00 00 00 00 00 00 00 00 00 00 00 00 66 31 66 29 fa fa ea ea 87 31 66 31 7a 7a 78 e0 c8 39 a7 31 5f 5f 7a fa e8 41 e8 39 5f fa ea
00:aa 19 f0 0a 01 38 00 00 ea 09 42 08 42 fa ba aa a8 29 4a 09 42 57 5a 6a ea 4a 4a 29 42 57 fe fa e8 6a 4a 29 4a d7 f8 ea a8 6a 4a 49 4a ff 2a 00 00 6a 4a 49 4a ff a8 00 00 8b 52 6a 4a 75 6f ea
00:aa 19 28 0b 01 38 00 00 aa 8b 52 66 29 d5 0a 00 00 6a 4a 05 21 55 b5 02 00 6a 4a 25 21 55 55 bd 00 08 42 25 21 55 55 55 2d 07 5a 25 21 5c 5e 5f 5f 12 d5 c6 41 e8 ea fd 55 2e bc 47 6a 03 a2 5c
00:aa 19 60 0b 01 38 00 00 5c 2f b4 a6 49 d5 f5 2f 02 57 ee e7 51 7d 62 e2 ea b6 ed 2b 93 97 6b 83 0b a9 92 07 52 35 bf 2b 0b ad ab 07 5a 52 5d 5f 58 af dc 86 49 0a cb a9 09 a7 39 04 21 4b d5 75
00:aa 19 98 0b 01 38 00 00 95 86 31 a3 18 0b 41 cb 8f f1 73 c4 18 55 55 57 f0 b1 6b c4 18 55 57 a0 00 f1 73 a3 18 55 e8 00 00 d2 6b 83 20 55 aa 00 00 90 63 a3 18 55 ab 02 00 4f 63 82 10 55 f5 fd
00:aa 19 d0 0b 01 38 00 00 25 62 10 62 08 aa aa ab 2b 62 08 41 08 aa aa aa aa 00 00 00 00 00 00 00 00 00 00 00 00 00 00 00 00 00 00 00 00 00 00 00 00 00 00 00 00 00 00 00 00 00 00 00 00 00 00 00
00:aa 19 08 0c 01 38 00 00 00 00 00 00 00 00 00 00 00 00 00 00 00 00 00 00 00 00 00 00 00 00 00 00 00 00 00 00 00 00 00 00 00 00 00 00 00 00 00 00 00 00 00 00 00 00 00 00 00 00 00 00 00 00 00 00
00:aa 19 40 0c 01 38 00 00 00 00 00 00 00 00 00 00 00 00 00 00 00 00 00 00 00 00 00 00 00 00 00 00 00 00 00 00 00 00 00 00 00 00 00 00 00 00 00 00 00 00 00 00 00 00 00 00 00 00 00 00 00 00 00 00
00:aa 19 78 0c 01 38 00 00 00 00 00 00 00 00 00 00 00 00 00 00 00 00 00 00 00 00 00 00 00 00 00 00 00 00 00 00 00 00 00 00 00 00 00 00 00 00 00 00 00 00 00 00 00 00 00 00 00 00 00 00 00 00 00 00
00:aa 19 b0 0c 01 38 00 00 00 67 31 66 29 ea 6a 5a 6a a7 39 87 31 7b 7a 7a 78 e8 39 a7 39 7e 7a e2 f8 e8 41 e8 39 ea ea ea e0 29 4a 09 42 56 56 5e 7a 4a 4a 29 4a 7f fe ea ea 6a 52 4a 4a 56 5e 7b
00:aa 19 e8 0c 01 38 00 00 7a 8a 52 4a 4a d7 be aa 80 8a 52 6a 4a f5 ff af 0a 8b 52 6a 4a 5e 7e ea a8 8b 52 8a 52 aa aa aa a8 ab 52 00 00 00 00 00 00 8b 52 8a 52 aa aa aa aa 8b 52 6a 52 b5 af ab
00:aa 19 20 0d 01 38 00 00 bf 6a 4a 49 4a fd 0b 02 02 d2 ac 46 29 d5 ff e2 e0 54 c5 a6 39 57 56 98 ff fa f6 8b 9b f6 3e d6 56 77 f6 8f c4 55 de 1e 27 77 f6 6f c4 58 ba 00 00 36 ee 4b a3 09 25 35
00:aa 19 58 0d 01 38 00 00 2d c9 92 48 6a 2d 25 35 37 6d 93 27 62 5c 56 54 fc f2 cc 25 29 0d 29 2d 05 b1 63 47 29 a5 82 80 80 f2 6b 46 29 5c e0 00 00 33 74 0b 32 00 03 0f 04 b5 84 2f 53 5e 7a a2
00:aa 19 90 0d 01 38 00 00 0b 34 6c 0f 5b 02 0a a0 5e 74 74 4f 5b be 89 8d f5 4f 5b 68 21 0b 15 5e 62 ad 4a 86 29 8d a9 2a 2a 09 3a 62 10 55 55 d5 15 62 08 41 08 aa aa aa aa 00 00 00 00 00 00 00
00:aa 19 c8 0d 01 38 00 00 00 00 00 00 00 00 00 00 00 00 00 00 00 00 00 00 00 00 00 00 00 00 00 00 00 00 00 00 00 00 00 00 00 00 00 00 00 00 00 00 00 00 00 00 00 00 00 00 00 00 00 00 00 00 00 00
00:aa 19 00 0e 01 38 00 00 00 00 00 00 00 00 00 00 00 00 00 00 00 00 00 00 00 00 00 00 00 00 00 00 00 00 00 00 00 00 00 00 00 00 00 00 00 00 00 00 00 00 00 00 00 00 00 00 00 00 00 00 00 00 00 00
00:aa 19 38 0e 01 38 00 00 00 00 00 00 00 00 00 00 00 00 00 00 00 00 00 00 00 00 00 00 00 00 00 00 00 00 00 00 00 00 00 00 00 00 00 00 00 00 00 00 00 00 00 00 00 00 00 00 00 00 00 00 00 00 00 00
00:aa 19 70 0e 01 38 00 00 00 00 00 00 00 00 00 00 00 00 00 00 00 00 00 00 00 00 00 00 00 00 00 00 00 00 00 00 00 00 00 00 00 86 31 82 10 00 00 e0 57 c7 39 04 21 80 80 00 5e e8 39 c7 39 78 f8 f8
00:aa 19 a8 0e 01 38 00 00 58 09 42 08 42 7a ea ea c2 29 4a 29 42 ea e8 e8 ea 4a 4a 49 4a aa aa ae ff 6a 52 69 4a e0 f8 f8 78 8b 52 8a 52 aa a2 a0 80 8b 52 8a 52 af aa aa 00 8b 52 8a 52 aa aa aa
00:aa 19 e0 0e 01 38 00 00 0a 8b 52 8a 52 a8 a8 aa ba ab 52 8b 52 aa f5 f5 f5 8b 52 8a 52 aa aa aa aa 8b 52 8a 52 bf af af af 8a 52 4a 4a bf bd ab aa 6e 6b 4a 4a 5d 5b 5c 56 ac ab ab 5a 78 70 5c
00:aa 19 18 0f 01 38 00 00 d6 15 ee ed bb 5c 78 f8 57 b8 fe e6 69 0a 00 2d 97 b4 ed ea 92 80 a0 50 60 92 ed e9 92 2d 2d 2d ad ca 82 48 7a 16 d6 d8 f8 aa 72 85 39 00 29 2d 3d 37 ce 45 31 35 55 55
00:aa 19 50 0f 01 38 00 00 55 96 7c ee 5a 6a 68 6a 6a 95 84 13 6c d2 70 60 7d d5 84 ad 42 1c 90 e0 a0 d6 84 34 6c 5d 1d 2f 2b b5 84 ee 52 aa aa 02 09 f2 6b 67 21 0d 26 9e 78 70 53 ee 4a 69 3b 0b
00:aa 19 88 0f 01 38 00 00 09 ad 42 4b 3a 3d 35 35 25 e9 39 62 10 35 05 0d 09 62 08 62 08 00 00 00 00 00 00 00 00 00 00 00 00 00 00 00 00 00 00 00 00 00 00 00 00 00 00 00 00 00 00 00 00 00 00 00
00:aa 19 c0 0f 01 38 00 00 00 00 00 00 00 00 00 00 00 00 00 00 00 00 00 00 00 00 00 00 00 00 00 00 00 00 00 00 00 00 00 00 00 00 00 00 00 00 00 00 00 00 00 00 00 00 00 00 00 00 00 00 00 00 00 00
00:aa 19 f8 0f 01 38 00 00 00 00 00 00 00 00 00 00 00 00 00 00 00 00 00 00 00 00 00 00 00 00 00 00 00 00 00 00 00 00 00 00 00 00 00 00 00 00 00 00 00 00 00 00 00 00 00 00 00 00 00 00 00 00 00 00
00:aa 19 30 10 01 38 00 00 00 00 00 00 00 00 00 00 00 00 00 00 00 00 00 00 00 00 00 00 00 00 00 00 00 00 00 00 00 00 00 00 00 00 00 00 00 00 00 00 00 00 00 00 00 00 00 00 00 00 00 00 00 00 00 00
00:aa 19 68 10 01 38 00 00 00 00 00 00 00 00 00 00 00 a3 10 82 10 ea ea ea aa a3 18 a3 10 aa a8 e2 aa 25 21 c3 18 5c 55 55 55 29 42 e4 18 80 55 55 55 29 4a e4 18 00 fa 55 55 49 4a 04 21 00 80 5f
00:aa 19 a0 10 01 38 00 00 55 6a 4a 04 21 00 00 a0 55 ab 52 66 29 00 00 00 78 ab 52 8b 52 aa aa 3b 00 ab 52 8b 52 ad ad 8b 8a 8b 52 8a 52 a8 aa aa aa 8b 52 8b 52 00 00 00 00 8b 52 8b 52 00 00 00
00:aa 19 d8 10 01 38 00 00 00 8b 52 8a 52 af af bf bf 6a 52 6a 4a ba bf fb ab 6a 52 4a 4a 96 d5 77 6f 48 62 6a 4a 5e 57 55 55 0e ac 85 59 85 cd 6b 5b 93 e5 e7 61 58 78 e8 8a 36 f6 68 72 00 8a ab
00:aa 19 10 11 01 38 00 00 d5 f1 d4 89 82 2d b5 55 55 c9 8a a9 7a ab 0b e1 c1 28 62 65 39 37 37 96 d6 aa 7a a8 41 f5 b5 ad 0b 14 6c 0f 5b 40 c3 4a cf f3 6b 50 5b a8 cf 07 04 17 8d b0 6b 70 60 40
00:aa 19 48 11 01 38 00 00 80 d6 84 54 7c 3c 28 38 d1 f6 8c e9 31 29 a7 b6 da d2 63 2b 32 60 80 00 00 91 5b 0f 4b 2d 2d 0b 2d ce 42 2b 3a 25 2d 2f 2a 6b 42 e4 20 a9 29 2b 3a 82 10 41 08 bf af 2b
00:aa 19 80 11 01 38 00 00 3d 00 00 00 00 00 00 00 00 00 00 00 00 00 00 00 00 00 00 00 00 00 00 00 00 00 00 00 00 00 00 00 00 00 00 00 00 00 00 00 00 00 00 00 00 00 00 00 00 00 00 00 00 00 00 00
00:aa 19 b8 11 01 38 00 00 00 00 00 00 00 00 00 00 00 00 00 00 00 00 00 00 00 00 00 00 00 00 00 00 00 00 00 00 00 00 00 00 00 00 00 00 00 00 00 00 00 00 00 00 00 00 00 00 00 00 00 00 00 00 00 00
00:aa 19 f0 11 01 38 00 00 00 00 00 00 00 00 00 00 00 00 00 00 00 00 00 00 00 00 00 00 00 00 00 00 00 00 00 00 00 00 00 00 00 00 00 00 00 00 00 00 00 00 00 00 00 00 00 00 00 00 00 00 00 00 00 00
00:aa 19 28 12 01 38 00 00 00 00 00 00 00 00 00 00 00 00 00 00 00 00 00 00 00 00 00 00 00 00 00 00 00 00 00 00 00 00 00 00 00 00 00 00 00 00 00 00 00 82 10 62 08 a0 ea 80 00 a3 18 82 10 ea 5e ff
00:aa 19 60 12 01 38 00 00 ea c3 18 82 10 00 a0 5f aa e4 18 c3 18 ea ea 5f 55 04 21 a3 10 a8 a8 a8 7e 04 21 e4 18 aa aa aa 7e 05 21 04 21 57 55 55 ab 25 21 04 21 dc be fe fa a7 31 25 21 e0 55 5d
00:aa 19 98 12 01 38 00 00 55 ab 52 25 21 80 5e 56 56 ab 52 8b 52 fa 6a aa aa ab 52 8b 52 af af af aa 8b 52 8b 52 00 00 00 00 8b 52 8a 52 bf bf bf bf 6a 52 6a 4a ab ab aa af 6a 52 6a 4a 7f fe aa
00:aa 19 d0 12 01 38 00 00 fe 6a 52 6a 4a ab ab ab ab 49 4a 44 31 20 0e 09 00 54 dd 47 6a fd 5c e0 dd 91 bc c6 59 a0 0b 27 5f ee ab a9 82 e5 bd 7f 2b a9 82 04 31 02 03 0b 2d 68 62 24 29 dc 5c 5c
00:aa 19 08 13 01 38 00 00 58 ea 82 8c 5a 89 09 09 89 13 74 51 5b c7 b6 2c 30 f2 73 0f 53 24 36 b8 ec 37 95 54 74 02 0a 2e 87 94 7c ea 31 03 01 0d 05 f2 63 2a 32 60 40 80 80 54 6c d2 63 dd 89 b6
00:aa 19 40 13 01 38 00 00 eb 91 5b 0f 4b 2f 01 0d 2d ee 4a e6 18 02 09 27 fa 29 42 47 21 7a 6a 2e 18 87 31 82 10 d5 95 35 25 00 00 00 00 00 00 00 00 00 00 00 00 00 00 00 00 00 00 00 00 00 00 00
00:aa 19 78 13 01 38 00 00 00 00 00 00 00 00 00 00 00 00 00 00 00 00 00 00 00 00 00 00 00 00 00 00 00 00 00 00 00 00 00 00 00 00 00 00 00 00 00 00 00 00 00 00 00 00 00 00 00 00 00 00 00 00 00 00
00:aa 19 b0 13 01 38 00 00 00 00 00 00 00 00 00 00 00 00 00 00 00 00 00 00 00 00 00 00 00 00 00 00 00 00 00 00 00 00 00 00 00 00 00 00 00 00 00 00 00 00 00 00 00 00 00 00 00 00 00 00 00 00 00 00
00:aa 19 e8 13 01 38 00 00 00 00 00 00 00 00 00 00 00 00 00 00 00 00 00 00 00 00 00 00 00 00 00 00 00 00 00 00 00 00 00 00 00 00 00 00 00 00 00 00 00 00 00 00 00 00 00 00 00 00 00 00 00 00 00 00
00:aa 19 20 14 01 38 00 00 00 00 00 00 00 00 00 00 00 00 00 00 00 00 00 00 00 82 10 82 10 00 00 00 00 a3 10 82 10 ee a8 a8 a8 c3 18 a3 10 7f aa a0 a0 e4 18 c3 18 77 55 fe ea 04 21 c3 18 df 7e be
00:aa 19 58 14 01 38 00 00 a8 04 21 c3 18 f7 aa aa 00 05 21 e4 18 7e f5 fa aa 04 21 e4 18 a8 d5 aa b8 25 21 e4 18 00 a0 60 20 09 42 25 21 54 54 54 54 ab 5a ab 52 ff ff aa aa ab 52 ab 52 00 00 00
00:aa 19 90 14 01 38 00 00 00 8b 52 8a 52 aa aa aa 0a 8b 52 8a 52 bf bf bf bf 6a 52 6a 4a af ab 8b ab 6a 4a 4a 4a be aa aa aa 6a 52 6a 4a ab aa aa aa 6a 4a 49 4a b7 85 0a 02 6d 73 85 39 15 d7 fe
00:aa 19 c8 14 01 38 00 00 ff 4f c4 48 6a 58 f0 fa 75 8c a3 85 39 02 0b ad d5 86 41 24 29 0d 35 97 5c 89 6a 45 41 58 62 c0 aa a9 72 0e 5b 09 89 01 01 54 7c 91 5b 03 39 b5 07 f2 6b 70 5b cc af 2f
00:aa 19 00 15 01 38 00 00 fc f6 94 32 74 bf 36 2e 0c 74 84 4c 42 05 25 25 25 f2 63 ee 4a 80 80 62 64 13 6c 2f 53 02 05 de 4d 70 5b a9 21 09 0e aa a8 cd 4a 67 21 e8 20 01 37 8b 4a 67 21 98 5a 6f
00:aa 19 38 15 01 38 00 00 37 87 29 a3 18 05 09 0b 0a 00 00 00 00 00 00 00 00 00 00 00 00 00 00 00 00 00 00 00 00 00 00 00 00 00 00 00 00 00 00 00 00 00 00 00 00 00 00 00 00 00 00 00 00 00 00 00
00:aa 19 70 15 01 38 00 00 00 00 00 00 00 00 00 00 00 00 00 00 00 00 00 00 00 00 00 00 00 00 00 00 00 00 00 00 00 00 00 00 00 00 00 00 00 00 00 00 00 00 00 00 00 00 00 00 00 00 00 00 00 00 00 00
00:aa 19 a8 15 01 38 00 00 00 00 00 00 00 00 00 00 00 00 00 00 00 00 00 00 00 00 00 00 00 00 00 00 00 00 00 00 00 00 00 00 00 00 00 00 00 00 00 00 00 00 00 00 00 00 00 00 00 00 00 00 00 00 00 00
00:aa 19 e0 15 01 38 00 00 00 00 00 00 00 00 00 00 00 00 00 00 00 00 00 00 00 00 00 00 00 00 00 00 00 00 00 00 00 00 00 00 00 00 00 00 00 00 00 00 00 00 00 00 00 00 00 00 00 a3 10 82 10 fe fa aa
00:aa 19 18 16 01 38 00 00 aa c3 18 a3 10 fe fe ff fb e4 18 a3 18 5e 5e fe f8 e4 18 c4 18 a0 a0 a0 80 04 21 e4 18 ea ea fa fe 25 21 04 21 e0 e0 f8 f8 46 29 25 21 5f fe fa 35 86 31 25 21 7d ce ef
00:aa 19 50 16 01 38 00 00 67 86 31 25 21 5f 7b 63 63 29 42 25 21 54 54 54 54 cb 5a ab 52 ab ab 2a 2a ab 5a ab 52 aa aa af af ab 52 8b 52 0f 83 aa aa 8b 52 8a 52 af aa aa aa 8a 52 6a 4a ab 2a 0b
00:aa 19 88 16 01 38 00 00 0b 6a 4a 4a 4a a8 28 2c 28 8a 52 6a 4a ab ab ab ab 6a 52 6a 4a ff f5 fd ab 8b 52 c7 39 a9 a1 83 0b e7 51 25 21 8b fd b5 35 45 31 e3 18 03 ef 7e 62 c7 41 04 29 58 70 7c
00:aa 19 c0 16 01 38 00 00 56 28 5a 65 39 a0 e0 fe 5f 2e 6b e7 49 ff f7 55 54 f2 6b 0f 53 02 0a ba 36 94 84 91 63 5f 5f 48 6f f5 94 4e 5b 88 80 80 5f 94 84 e9 31 2d 2d 2d 2d 34 6c ac 42 7e 72 6a
00:aa 19 f8 16 01 38 00 00 f8 34 74 ef 4a 5e 82 8a 08 d2 63 8d 42 25 82 0a 00 50 53 0a 32 ea 01 09 25 2b 3a 87 29 56 5a e1 01 09 3a 05 21 e7 a5 8d 8d 00 00 00 00 00 00 00 00 00 00 00 00 00 00 00
00:aa 19 30 17 01 38 00 00 00 00 00 00 00 00 00 00 00 00 00 00 00 00 00 00 00 00 00 00 00 00 00 00 00 00 00 00 00 00 00 00 00 00 00 00 00 00 00 00 00 00 00 00 00 00 00 00 00 00 00 00 00 00 00 00
00:aa 19 68 17 01 38 00 00 00 00 00 00 00 00 00 00 00 00 00 00 00 00 00 00 00 00 00 00 00 00 00 00 00 00 00 00 00 00 00 00 00 00 00 00 00 00 00 00 00 00 00 00 00 00 00 00 00 00 00 00 00 00 00 00
00:aa 19 a0 17 01 38 00 00 00 00 00 00 00 00 00 00 00 00 00 00 00 00 00 00 00 00 00 00 00 00 00 00 00 00 00 00 00 00 00 00 00 00 00 00 00 00 00 00 00 00 00 00 00 00 00 00 00 00 00 00 00 00 00 00
00:aa 19 d8 17 01 38 00 00 00 00 00 00 00 00 00 00 00 00 00 00 00 00 00 00 00 00 00 00 00 00 00 00 00 c3 18 82 10 ef fe a0 80 e4 18 a3 18 7d 7f 6a e8 e4 18 a3 18 f8 a8 88 00 e4 20 e4 18 ff ff ff
00:aa 19 10 18 01 38 00 00 af 05 21 e4 18 fa fa fa e8 25 21 04 21 e8 a0 a0 00 46 29 25 21 37 3f 3d 2f 86 31 45 29 47 c7 c7 c7 86 31 25 21 63 63 43 43 29 42 45 29 54 54 54 54 cc 5a ab 5a bf b7 ae
00:aa 19 48 18 01 38 00 00 aa ab 5a ab 52 af af af 2a ab 5a ab 52 ff ff ff af ab 52 8b 52 d5 95 95 a9 8b 52 6a 52 af af af ab 8a 52 4a 4a ae aa be bd 8a 52 6a 4a ab 89 aa aa d4 94 6a 4a 55 5c 5a
00:aa 19 80 18 01 38 00 00 6b 73 84 2a 3a b5 bd 2d fd 4a 3a 25 21 35 35 bf 3f 92 94 04 21 59 5d 54 56 69 52 a2 18 ff 7f df 17 45 31 04 29 80 0a ad 75 d4 9c 45 31 5b 53 63 43 d0 73 05 19 8a b5 05
00:aa 19 b8 18 01 38 00 00 8f 12 74 c8 31 ab 55 ab 02 73 7c c8 31 54 5c f8 a0 12 74 e9 31 2d 2d 3d 35 54 74 cd 4a 70 48 fb 6f 34 74 ae 42 00 b7 70 00 d2 63 8d 42 02 8d 28 00 50 53 4b 3a 97 ea 02
00:aa 19 f0 18 01 38 00 00 02 ad 4a a8 29 ad 87 26 16 8c 4a c4 18 ad a5 25 35 00 00 00 00 00 00 00 00 00 00 00 00 00 00 00 00 00 00 00 00 00 00 00 00 00 00 00 00 00 00 00 00 00 00 00 00 00 00 00
00:aa 19 28 19 01 38 00 00 00 00 00 00 00 00 00 00 00 00 00 00 00 00 00 00 00 00 00 00 00 00 00 00 00 00 00 00 00 00 00 00 00 00 00 00 00 00 00 00 00 00 00 00 00 00 00 00 00 00 00 00 00 00 00 00
00:aa 19 60 19 01 38 00 00 00 00 00 00 00 00 00 00 00 00 00 00 00 00 00 00 00 00 00 00 00 00 00 00 00 00 00 00 00 00 00 00 00 00 00 00 00 00 00 00 00 00 00 00 00 00 00 00 00 00 00 00 00 00 00 00
00:aa 19 98 19 01 38 00 00 00 00 00 00 00 00 00 00 00 00 00 00 00 00 00 00 00 00 00 00 00 00 00 00 00 00 00 00 00 00 00 00 00 00 00 00 00 00 00 00 00 00 00 00 00 00 00 00 00 00 00 00 00 00 00 00
00:aa 19 d0 19 01 38 00 00 00 c3 18 a3 10 ea fa e8 80 e4 18 c3 18 c0 e0 e0 a0 04 21 e4 18 e0 fa ff fe 04 21 e4 20 aa aa aa aa 25 21 04 21 e0 e0 e0 e0 45 29 25 21 5b 7a 7a 7a 46 29 25 21 2f 2f 0f
00:aa 19 08 1a 01 38 00 00 0e 86 31 45 29 cb 83 01 01 86 31 25 21 43 43 41 41 29 42 25 21 54 54 54 54 cc 5a cb 5a bf eb eb ab cb 5a ab 5a aa aa aa aa ab 5a ab 52 ab 8b ab ab ab 52 8b 52 a9 ab aa
00:aa 19 40 1a 01 38 00 00 aa 8b 52 8a 52 ab af af af 8a 52 4a 4a bd bf bf ab 8b 52 6a 52 ff bb bb bb 12 74 ed 5a 4a 4a 4a 78 0e 53 8c 42 a5 ef c2 c0 6b 42 67 21 15 bf 2f 2f c8 31 25 21 f4 a6 af
00:aa 19 78 1a 01 38 00 00 00 14 a5 04 29 15 8d 32 cc 55 b5 04 29 55 56 f0 09 d4 9c c8 39 0e 3f 7f ce 73 7c 46 29 a7 97 d6 5c f5 8c 90 63 2d 0d 2d 37 94 84 d1 6b e9 e1 83 03 90 63 0a 32 35 37 35
00:aa 19 b0 1a 01 38 00 00 be b6 7c 70 5b f3 55 5e e8 75 74 d2 63 53 8d ba 20 75 74 91 5b ad bd 2d b5 50 53 ee 52 0b 29 2d 0d 8c 4a c9 31 14 38 30 31 2a 42 83 10 37 3f 95 55 00 00 00 00 00 00 00
00:aa 19 e8 1a 01 38 00 00 00 00 00 00 00 00 00 00 00 00 00 00 00 00 00 00 00 00 00 00 00 00 00 00 00 00 00 00 00 00 00 00 00 00 00 00 00 00 00 00 00 00 00 00 00 00 00 00 00 00 00 00 00 00 00 00
00:aa 19 20 1b 01 38 00 00 00 00 00 00 00 00 00 00 00 00 00 00 00 00 00 00 00 00 00 00 00 00 00 00 00 00 00 00 00 00 00 00 00 00 00 00 00 00 00 00 00 00 00 00 00 00 00 00 00 00 00 00 00 00 00 00
00:aa 19 58 1b 01 38 00 00 00 00 00 00 00 00 00 00 00 00 00 00 00 00 00 00 00 00 00 00 00 00 00 00 00 00 00 00 00 00 00 00 00 00 00 00 00 00 00 00 00 00 00 00 00 00 00 00 00 00 00 00 00 00 00 00
00:aa 19 90 1b 01 38 00 00 00 00 00 00 00 00 00 00 00 00 00 00 00 00 00 00 00 00 00 00 00 00 00 00 00 00 00 00 00 00 00 00 00 c3 18 a3 10 e0 e8 ea 5e e4 18 c3 18 e8 e8 ea 7e e4 18 e4 18 00 00 00
00:aa 19 c8 1b 01 38 00 00 00 04 21 e4 20 aa aa a8 a0 25 21 04 21 f2 f2 e2 f2 25 21 04 21 00 e0 a8 a0 46 29 25 21 8e f6 f7 f6 86 31 45 29 03 01 01 01 a7 31 25 21 69 49 49 41 29 42 25 21 54 54 54
00:aa 19 00 1c 01 38 00 00 54 cc 5a cb 5a 2b 2b ab aa cc 5a ab 5a af a5 ea ef ab 5a ab 52 aa aa af af ab 52 8b 52 aa aa ab ab 8b 52 8a 52 ab ab ab af 4a 52 6a 4a ff ff ff fe ab 52 6a 52 fd eb be
00:aa 19 38 1c 01 38 00 00 ba d1 6b ed 52 4c 4e 6a 52 f1 73 ee 52 5d ba 3b 29 4e 5b 0a 3a d5 95 9f 2b 2e 5b 2a 42 55 fd 27 b6 58 d6 cb 62 65 59 51 5e 96 bd 48 52 97 60 20 fa 76 b5 a8 31 2d 2d 39
00:aa 19 70 1c 01 38 00 00 b5 f5 84 87 29 5c 7c f8 f0 94 7c 90 63 36 36 d6 dc b5 84 b1 63 89 2d 09 15 75 7c ee 52 d6 55 f5 f8 95 7c 91 5b dc 79 1e a0 d6 84 f3 63 bf 7f 2b 2b f3 63 91 5b 25 2f 23
00:aa 19 a8 1c 01 38 00 00 09 91 5b ee 4a 2d 09 26 a1 ed 52 05 19 89 05 15 dd c4 18 42 08 9c a8 a0 97 00 00 00 00 00 00 00 00 00 00 00 00 00 00 00 00 00 00 00 00 00 00 00 00 00 00 00 00 00 00 00
00:aa 19 e0 1c 01 38 00 00 00 00 00 00 00 00 00 00 00 00 00 00 00 00 00 00 00 00 00 00 00 00 00 00 00 00 00 00 00 00 00 00 00 00 00 00 00 00 00 00 00 00 00 00 00 00 00 00 00 00 00 00 00 00 00 00
00:aa 19 18 1d 01 38 00 00 00 00 00 00 00 00 00 00 00 00 00 00 00 00 00 00 00 00 00 00 00 00 00 00 00 00 00 00 00 00 00 00 00 00 00 00 00 00 00 00 00 00 00 00 00 00 00 00 00 00 00 00 00 00 00 00
00:aa 19 50 1d 01 38 00 00 00 00 00 00 00 00 00 00 00 00 00 00 00 00 00 00 00 00 00 00 00 00 00 00 00 00 00 00 00 00 00 00 00 00 00 00 00 00 00 00 00 00 00 00 00 00 00 00 00 00 00 00 00 00 00 00
00:aa 19 88 1d 01 38 00 00 00 00 00 00 00 00 00 00 00 a3 10 82 10 f8 aa aa ab e4 18 c3 18 7e 5e 5e 5e 04 21 e4 18 de 7a 7a fa 04 21 e4 20 a0 82 82 a0 25 21 04 21 f0 78 7a 5e 45 29 25 21 fa 7f 5f
00:aa 19 c0 1d 01 38 00 00 6b 66 29 25 21 f6 f4 f4 fc a7 31 45 29 29 21 21 09 a7 39 25 21 49 49 49 c9 29 42 25 21 54 54 54 54 cc 5a cb 5a aa aa aa ea cb 5a ac 5a aa aa aa ff ab 5a ab 52 ab ae aa
00:aa 19 f8 1d 01 38 00 00 aa ab 52 8b 52 ab a9 a9 2b 8b 52 8a 52 ff ad ad aa 6a 52 6a 4a be bd bd ad cc 52 6a 52 df 7f 7e 7c d1 63 ad 4a d2 ec cf f1 12 74 2e 5b 09 c1 41 62 4e 63 87 21 0e 94 d7
00:aa 19 30 1e 01 38 00 00 bf fc de cd 52 55 51 dd 55 19 c6 ed 5a 5e 52 57 55 b6 bd 6d 7b 5e a8 02 4a d0 73 87 21 07 26 3c 18 54 7c 4f 5b 50 e3 83 29 36 95 0e 53 5e 78 79 6f 70 63 ea 39 07 25 2d
00:aa 19 68 1e 01 38 00 00 b8 33 6c 26 21 f0 7e a0 c0 d6 84 14 6c 22 62 78 63 95 7c 54 74 13 05 39 17 54 74 4f 53 af a8 83 25 d1 63 a8 29 0d 2d b5 ff 2a 3a 26 21 69 cb 0a 08 e5 18 82 10 15 2a 3c
00:aa 19 a0 1e 01 38 00 00 3f 00 00 00 00 00 00 00 00 00 00 00 00 00 00 00 00 00 00 00 00 00 00 00 00 00 00 00 00 00 00 00 00 00 00 00 00 00 00 00 00 00 00 00 00 00 00 00 00 00 00 00 00 00 00 00
00:aa 19 d8 1e 01 38 00 00 00 00 00 00 00 00 00 00 00 00 00 00 00 00 00 00 00 00 00 00 00 00 00 00 00 00 00 00 00 00 00 00 00 00 00 00 00 00 00 00 00 00 00 00 00 00 00 00 00 00 00 00 00 00 00 00
00:aa 19 10 1f 01 38 00 00 00 00 00 00 00 00 00 00 00 00 00 00 00 00 00 00 00 00 00 00 00 00 00 00 00 00 00 00 00 00 00 00 00 00 00 00 00 00 00 00 00 00 00 00 00 00 00 00 00 00 00 00 00 00 00 00
00:aa 19 48 1f 01 38 00 00 00 00 00 00 00 00 00 00 00 00 00 00 00 00 00 00 00 00 00 00 00 00 00 00 00 00 00 00 00 00 00 00 00 00 00 00 00 00 00 00 00 49 4a a3 10 55 ea 02 00 e4 18 a3 18 58 50 78
00:aa 19 80 1f 01 38 00 00 78 04 21 e4 18 fe fe fa fa 05 21 e4 18 ea ea ea ea 24 21 04 21 5a 5a 5a 5a 86 31 25 21 5f 5b 7b 72 a7 31 46 29 54 54 54 54 c7 39 25 21 29 29 29 2d 86 31 25 21 c1 c1 81
00:aa 19 b8 1f 01 38 00 00 81 49 4a 25 29 54 54 54 54 cc 5a cb 5a ea ea ef ff cc 5a ab 5a aa aa ae ae ab 5a 08 42 00 00 00 9d 8b 52 45 29 00 00 00 df 8b 52 c8 39 00 00 00 60 6a 52 6a 4a ad af bf
00:aa 19 f0 1f 01 38 00 00 bf 8b 52 6a 52 f8 f8 ec f2 b0 6b cd 4a bb 3e 15 a5 b0 6b 2a 32 60 b8 bc f6 d1 6b 4a 42 b5 2f 0b 0b 4f 63 87 29 52 dc d5 95 90 63 09 3a a3 aa 08 40 b2 9c 66 29 ca 6a f8
00:aa 19 28 20 01 38 00 00 03 73 8c 0a 3a de 7f 68 e3 f2 6b 2e 63 09 2f 30 ad 32 7c cd 52 53 c9 bb bc 74 84 6b 42 ad 83 b0 95 b5 84 ac 4a 60 60 c0 00 17 8d 95 7c 73 ea a8 bd d6 84 d2 63 03 0d bd
00:aa 19 60 20 01 38 00 00 d5 d2 63 ad 42 2d 0b 23 29 ee 4a c9 31 ab 09 0d 0e 6f 63 0a 3a 55 ef af 2b 05 19 83 10 35 35 37 3f 00 00 00 00 00 00 00 00 00 00 00 00 00 00 00 00 00 00 00 00 00 00 00
00:aa 19 98 20 01 38 00 00 00 00 00 00 00 00 00 00 00 00 00 00 00 00 00 00 00 00 00 00 00 00 00 00 00 00 00 00 00 00 00 00 00 00 00 00 00 00 00 00 00 00 00 00 00 00 00 00 00 00 00 00 00 00 00 00
00:aa 19 d0 20 01 38 00 00 00 00 00 00 00 00 00 00 00 00 00 00 00 00 00 00 00 00 00 00 00 00 00 00 00 00 00 00 00 00 00 00 00 00 00 00 00 00 00 00 00 00 00 00 00 00 00 00 00 00 00 00 00 00 00 00
00:aa 19 08 21 01 38 00 00 00 00 00 00 00 00 00 00 00 00 00 00 00 00 00 00 00 00 00 00 00 00 00 00 00 00 00 00 00 00 00 00 00 00 00 00 00 00 00 00 00 00 00 00 00 00 00 00 00 00 00 00 00 00 00 00
00:aa 19 40 21 01 38 00 00 00 00 00 00 00 00 00 00 00 00 00 00 00 00 00 00 00 49 4a c3 18 70 50 b0 a0 24 21 c3 18 5f 7f 9f 3f e4 20 e4 18 ff ff fe fa 24 21 e4 20 e8 fa fa ab 04 21 e4 18 a0 b8 f8
00:aa 19 78 21 01 38 00 00 e8 86 31 25 21 70 70 5a 5a c7 39 66 29 5c 5c 58 d0 c7 39 25 21 2d 3d 3d 3d a7 31 25 21 89 89 89 89 6a 4a 25 21 54 54 54 54 cc 5a ab 5a fd eb eb 4b cc bb c8 39 fd f5 d7
00:aa 19 b0 21 01 38 00 00 d8 af dc 07 4a 55 57 aa 80 4b ab c7 39 55 75 2d 0a 6a 52 45 29 58 5f d5 95 6a 4a 86 31 00 00 40 60 8b 52 6a 4a ec ef eb aa b0 6b 09 3a cb 53 96 9f 2e 5b 87 29 ae ad 0d
00:aa 19 e8 21 01 38 00 00 e0 b0 6b e9 31 82 e2 7a 5e ed 52 a7 29 35 2f 0a 00 90 6b 67 21 70 58 d6 f5 14 ad 4a 4a dd d3 d0 f8 b5 c5 0e 5b 5f 79 bf 2d 6f 6b 6b 42 23 06 d7 5d 90 6b 4b 42 c2 a3 d6
00:aa 19 20 22 01 38 00 00 f5 90 6b 2a 3a d5 f6 00 81 95 7c 2b 32 00 0a aa 78 d6 84 4f 53 00 80 88 15 74 7c cd 42 02 00 00 5e 54 74 90 5b b5 a5 0b 80 b1 63 ee 4a d7 eb 82 08 0e 5b 25 21 03 03 01
00:aa 19 58 22 01 38 00 00 01 c8 39 c4 18 55 d5 cd 81 00 00 00 00 00 00 00 00 00 00 00 00 00 00 00 00 00 00 00 00 00 00 00 00 00 00 00 00 00 00 00 00 00 00 00 00 00 00 00 00 00 00 00 00 00 00 00
00:aa 19 90 22 01 38 00 00 00 00 00 00 00 00 00 00 00 00 00 00 00 00 00 00 00 00 00 00 00 00 00 00 00 00 00 00 00 00 00 00 00 00 00 00 00 00 00 00 00 00 00 00 00 00 00 00 00 00 00 00 00 00 00 00
00:aa 19 c8 22 01 38 00 00 00 00 00 00 00 00 00 00 00 00 00 00 00 00 00 00 00 00 00 00 00 00 00 00 00 00 00 00 00 00 00 00 00 00 00 00 00 00 00 00 00 00 00 00 00 00 00 00 00 00 00 00 00 00 00 00
00:aa 19 00 23 01 38 00 00 00 00 00 00 00 00 00 00 00 00 00 00 00 00 00 00 00 00 00 00 00 00 00 00 00 00 00 00 00 00 00 00 00 00 00 00 00 00 00 00 00 00 00 00 00 00 00 00 00 49 4a 45 29 58 5c a8
00:aa 19 38 23 01 38 00 00 e8 49 4a e4 18 d5 95 15 15 04 21 e4 18 aa ae aa 00 45 29 04 21 f5 f2 ba fd 66 29 04 21 57 ec fe 6e e7 39 25 21 5e fa f8 fc 49 4a a7 31 5e 58 d0 90 08 42 45 29 15 15 15
00:aa 19 70 23 01 38 00 00 15 86 31 04 21 03 03 09 0b 29 4a 25 21 54 54 54 54 cc 5a 49 4a 8a 89 89 a9 ae dc 68 6a 7a 7a 70 c0 30 e5 8f cc 6a 6b 82 0d 6e d4 e9 92 2f 29 2d 09 68 72 45 29 35 35 3d
00:aa 19 a8 23 01 38 00 00 2d 6a 4a 04 21 f0 58 58 5c 8b 52 6a 52 82 eb f9 e9 d0 73 e9 31 c5 fa ff fe b0 6b a8 29 f5 af a0 fa 0e 53 67 29 dc d6 25 0d 6f 5b 6a 4a a0 e3 ae 65 2d 5b 46 21 3d bd ef
00:aa 19 e0 23 01 38 00 00 2f 71 94 47 29 64 5f 5f 5e 91 9c ed 5a 09 29 2b 4b 4f 5b e9 39 0a af ad bd ac 4a 0a 3a 89 09 72 7c 33 74 a8 29 75 78 c2 f0 37 95 6c 3a eb b5 e8 00 37 8d 4b 3a 55 ff 02
00:aa 19 18 24 01 38 00 00 00 95 7c 6c 3a 55 ff 2a 00 74 74 ce 4a 7a 5d aa 00 53 74 0f 53 2f e9 09 09 cd 4a c4 18 01 09 0d ad 87 31 c4 18 00 ac 7b 7b 00 00 00 00 00 00 00 00 00 00 00 00 00 00 00
00:aa 19 50 24 01 38 00 00 00 00 00 00 00 00 00 00 00 00 00 00 00 00 00 00 00 00 00 00 00 00 00 00 00 00 00 00 00 00 00 00 00 00 00 00 00 00 00 00 00 00 00 00 00 00 00 00 00 00 00 00 00 00 00 00
00:aa 19 88 24 01 38 00 00 00 00 00 00 00 00 00 00 00 00 00 00 00 00 00 00 00 00 00 00 00 00 00 00 00 00 00 00 00 00 00 00 00 00 00 00 00 00 00 00 00 00 00 00 00 00 00 00 00 00 00 00 00 00 00 00
00:aa 19 c0 24 01 38 00 00 00 00 00 00 00 00 00 00 00 00 00 00 00 00 00 00 00 00 00 00 00 00 00 00 00 00 00 00 00 00 00 00 00 00 00 00 00 00 00 00 00 00 00 00 00 00 00 00 00 00 00 00 00 00 00 00
00:aa 19 f8 24 01 38 00 00 00 00 00 00 00 00 00 00 00 00 00 00 00 00 00 00 00 00 00 00 00 00 00 00 00 08 42 04 21 f8 0c 80 7c 49 4a c3 18 15 37 35 37 c7 39 c3 18 8f 95 75 f5 e4 18 c3 18 aa ea ea
00:aa 19 30 25 01 38 00 00 ea 04 21 e4 18 80 ec f8 f8 e8 39 24 21 f8 fc 7c 7c 8a 52 c7 39 d2 d0 90 b8 67 91 25 21 d5 d7 fa 80 67 81 25 21 f5 fd 0b 00 29 42 24 29 54 54 54 94 8a 5a ab 52 56 56 5c
00:aa 19 68 25 01 38 00 00 5c 8f c4 27 72 fc f7 7e 42 6e d4 c9 92 0d 05 0c 08 af cc 27 7a eb 6f c7 2a a9 8a 65 39 25 25 25 0e 49 4a 04 29 54 54 14 26 8a 52 6a 4a ab ef af a9 b0 63 6b 4a 7e c5 cd
00:aa 19 a0 25 01 38 00 00 42 70 5b cd 4a 8a 57 e5 fa 70 5b 6b 3a 0d 89 fb bf 0d 5b 46 21 78 7f df d5 ec 5a 87 29 bd f5 55 51 a8 31 46 21 6c 74 ec aa 71 8c 29 4a 6e f4 f6 7f 50 8c 8b 4a d5 b5 2d
00:aa 19 d8 25 01 38 00 00 2d 4b 42 09 3a e8 aa a9 2f d1 6b 09 32 fc f7 57 58 37 95 d2 63 0a cf 4b e9 d6 7c ce 4a 00 a8 af b5 75 74 ce 4a 00 00 ff 55 74 74 ee 4a 00 00 aa 7f f2 6b 67 29 0b 2f 35
00:aa 19 10 26 01 38 00 00 95 e9 39 e4 18 05 25 15 d5 25 21 c4 18 b7 81 82 60 00 00 00 00 00 00 00 00 00 00 00 00 00 00 00 00 00 00 00 00 00 00 00 00 00 00 00 00 00 00 00 00 00 00 00 00 00 00 00
00:aa 19 48 26 01 38 00 00 00 00 00 00 00 00 00 00 00 00 00 00 00 00 00 00 00 00 00 00 00 00 00 00 00 00 00 00 00 00 00 00 00 00 00 00 00 00 00 00 00 00 00 00 00 00 00 00 00 00 00 00 00 00 00 00
00:aa 19 80 26 01 38 00 00 00 00 00 00 00 00 00 00 00 00 00 00 00 00 00 00 00 00 00 00 00 00 00 00 00 00 00 00 00 00 00 00 00 00 00 00 00 00 00 00 00 00 00 00 00 00 00 00 00 00 00 00 00 00 00 00
00:aa 19 b8 26 01 38 00 00 00 00 00 00 00 00 00 00 00 00 00 00 00 00 00 00 00 00 00 00 00 00 00 00 00 00 00 00 00 00 00 00 00 00 00 00 00 00 00 00 00 00 00 00 00 00 00 00 00 00 00 00 00 00 00 00
00:aa 19 f0 26 01 38 00 00 00 86 31 82 10 94 0a c0 58 29 4a a3 10 27 27 25 05 86 31 c3 18 d5 15 d5 95 e4 20 c3 18 fa fa fa f8 04 21 c3 18 a8 aa e2 b3 a7 31 04 21 f4 74 76 76 67 89 69 4a 56 5e 58
00:aa 19 28 27 01 38 00 00 78 47 99 05 51 80 00 02 01 47 89 04 29 2f 95 55 55 c8 69 c4 28 8e 5c 57 56 aa 5a 67 59 00 00 c0 60 6e d4 67 82 8a 88 8d ab b0 dc e7 79 28 08 dc a0 72 ed 2c c4 8b 0b 2d
00:aa 19 60 27 01 38 00 00 b5 4a a3 85 51 25 26 34 b6 d1 dc 45 31 b5 25 35 95 6a 4a 65 31 00 00 e0 50 90 63 6b 42 5c 57 5a cb b1 63 8b 42 2a 02 fd 55 4f 5b e9 31 af 00 e2 01 ac 4a 25 21 2d 37 d5
00:aa 19 98 27 01 38 00 00 7d 0c 63 a3 10 f0 e8 ea 50 6a 4a e4 18 aa 2a 0a 25 ae 73 e5 18 72 eb 6c 78 2c 6b e7 41 02 ca fa 5c ec 5a 09 3a f5 2d 2b f1 b4 8c a8 31 50 c0 80 00 57 95 34 74 01 ab 5b
00:aa 19 d0 27 01 38 00 00 fa 54 74 b1 63 b5 09 e0 de 33 74 6c 3a 75 b5 0b 00 2e 53 0a 32 7a fe bd 0d ed 52 c4 18 3f 2d 8d ed c4 18 a4 10 a0 a0 a0 08 05 21 c4 18 f0 ec 57 5f 00 00 00 00 00 00 00
00:aa 19 08 28 01 38 00 00 00 00 00 00 00 00 00 00 00 00 00 00 00 00 00 00 00 00 00 00 00 00 00 00 00 00 00 00 00 00 00 00 00 00 00 00 00 00 00 00 00 00 00 00 00 00 00 00 00 00 00 00 00 00 00 00
00:aa 19 40 28 01 38 00 00 00 00 00 00 00 00 00 00 00 00 00 00 00 00 00 00 00 00 00 00 00 00 00 00 00 00 00 00 00 00 00 00 00 00 00 00 00 00 00 00 00 00 00 00 00 00 00 00 00 00 00 00 00 00 00 00
00:aa 19 78 28 01 38 00 00 00 00 00 00 00 00 00 00 00 00 00 00 00 00 00 00 00 00 00 00 00 00 00 00 00 00 00 00 00 00 00 00 00 00 00 00 00 00 00 00 00 00 00 00 00 00 00 00 00 00 00 00 00 00 00 00
00:aa 19 b0 28 01 38 00 00 00 00 00 00 00 00 00 00 00 00 00 00 00 00 00 00 00 00 00 00 00 00 00 00 00 00 00 00 00 00 00 00 00 08 42 04 21 55 eb 70 5e 08 42 a3 18 0d 0d 0d 09 45 29 c3 18 95 b5 b5
00:aa 19 e8 28 01 38 00 00 2d 69 52 c3 18 55 55 54 55 ef 83 c3 20 ef 82 03 57 eb 62 24 21 55 95 35 b5 67 91 49 52 70 60 c0 c0 47 89 c3 20 03 09 0d 0f 89 62 25 29 55 55 55 82 25 61 e4 20 54 54 54
00:aa 19 20 29 01 38 00 00 bc 29 62 46 29 80 82 01 ad 30 bc 28 72 fe f5 5c 56 13 dd a9 8a af d5 0b f5 ab b3 27 62 02 0a af b5 48 72 65 31 2e 2d b5 95 86 31 e4 20 3c 78 f8 21 86 31 e4 20 28 b4 7c
00:aa 19 58 29 01 38 00 00 e8 f2 73 6b 42 b5 f5 e0 7a 33 74 ad 42 57 7a a0 8b b1 6b a8 29 2d 37 97 5f 4a 3a 46 21 ab 21 09 24 a7 31 c4 18 56 d5 35 23 05 21 c3 18 38 f8 f4 fa 2f 8c 25 21 58 5c 54
00:aa 19 90 29 01 38 00 00 56 50 94 04 29 df 97 b5 0d f5 94 e8 41 5f f6 54 5c 17 8d b5 7c 78 08 5a 00 38 8d 95 7c dc 9a d8 38 34 6c d2 63 fd bd 35 25 74 74 b2 5b aa f8 de 5c 13 6c ee 4a 09 00 02
00:aa 19 c8 29 01 38 00 00 0a b1 63 c4 18 ad 0d 0d 25 46 29 c4 18 75 5c 57 55 05 21 c4 18 7b 21 05 e2 00 00 00 00 00 00 00 00 00 00 00 00 00 00 00 00 00 00 00 00 00 00 00 00 00 00 00 00 00 00 00
00:aa 19 00 2a 01 38 00 00 00 00 00 00 00 00 00 00 00 00 00 00 00 00 00 00 00 00 00 00 00 00 00 00 00 00 00 00 00 00 00 00 00 00 00 00 00 00 00 00 00 00 00 00 00 00 00 00 00 00 00 00 00 00 00 00
00:aa 19 38 2a 01 38 00 00 00 00 00 00 00 00 00 00 00 00 00 00 00 00 00 00 00 00 00 00 00 00 00 00 00 00 00 00 00 00 00 00 00 00 00 00 00 00 00 00 00 00 00 00 00 00 00 00 00 00 00 00 00 00 00 00
00:aa 19 70 2a 01 38 00 00 00 00 00 00 00 00 00 00 00 00 00 00 00 00 00 00 00 00 00 00 00 00 00 00 00 00 00 00 00 00 00 00 00 00 00 00 00 00 00 00 00 00 00 00 00 00 00 00 00 00 00 00 00 00 00 00
00:aa 19 a8 2a 01 38 00 00 00 00 00 00 00 00 00 00 00 86 31 c3 18 8b 80 78 d5 08 42 c3 18 c9 c9 81 41 04 29 c3 18 f0 68 68 78 cd a3 a3 20 57 ab 82 82 2e c4 c6 51 55 dd 73 e2 65 41 c3 18 de 1e 9f
00:aa 19 e0 2a 01 38 00 00 1f 47 99 e4 48 c2 c2 c2 62 47 89 85 49 2d 2a bc 97 eb 82 24 39 d5 7b 03 a3 c7 41 25 21 ea 2b 3f 9f 86 31 25 21 2a 87 a7 a6 2b 93 45 29 7b 58 5e 55 2e b4 a6 49 fa 02 af
00:aa 19 18 2b 01 38 00 00 55 e9 7a e3 28 2b 3d d5 5f 28 4a 03 21 df 6f 2f 3f 86 31 c3 18 89 04 38 e0 d0 73 66 29 55 55 57 54 90 63 4b 3a 7a fc 2a 0d 90 63 4b 3a 01 2e fb 55 0d 53 a8 29 80 02 02
00:aa 19 50 2b 01 38 00 00 ad 4e 5b e9 31 d6 50 60 63 2a 42 45 29 39 a9 e9 eb 4b 8b c3 20 55 5e 60 60 0b 83 c3 18 5e b8 0f 0f 91 9c 08 42 05 95 55 47 d5 84 04 21 5c f8 f8 f8 58 95 f6 84 63 ea 57
00:aa 19 88 2b 01 38 00 00 55 17 8d 95 74 9a 3f 3a ba 75 74 91 5b 2f 2f 35 35 95 7c d2 63 76 fe 70 78 54 74 6c 4a 0a 2b 09 2d 50 5b c4 18 25 b5 d5 55 e4 18 a4 18 a0 fe ff ab 05 21 c4 18 f4 d7 55
00:aa 19 c0 2b 01 38 00 00 55 00 00 00 00 00 00 00 00 00 00 00 00 00 00 00 00 00 00 00 00 00 00 00 00 00 00 00 00 00 00 00 00 00 00 00 00 00 00 00 00 00 00 00 00 00 00 00 00 00 00 00 00 00 00 00
00:aa 19 f8 2b 01 38 00 00 00 00 00 00 00 00 00 00 00 00 00 00 00 00 00 00 00 00 00 00 00 00 00 00 00 00 00 00 00 00 00 00 00 00 00 00 00 00 00 00 00 00 00 00 00 00 00 00 00 00 00 00 00 00 00 00
00:aa 19 30 2c 01 38 00 00 00 00 00 00 00 00 00 00 00 00 00 00 00 00 00 00 00 00 00 00 00 00 00 00 00 00 00 00 00 00 00 00 00 00 00 00 00 00 00 00 00 00 00 00 00 00 00 00 00 00 00 00 00 00 00 00
00:aa 19 68 2c 01 38 00 00 00 00 00 00 00 00 00 00 00 00 00 00 00 00 00 00 00 00 00 00 00 00 00 00 00 00 00 00 00 00 00 00 00 00 00 00 00 00 00 00 00 45 29 82 10 09 a0 58 d7 c7 39 82 10 43 82 02
00:aa 19 a0 2c 01 38 00 00 a0 04 21 a3 10 68 68 78 7a e9 9a 89 62 c0 60 78 78 8b ab 68 72 80 29 29 ad c5 60 24 21 95 d7 fe f8 46 91 05 61 62 62 f2 fa e5 68 24 31 3e 17 35 2d 89 72 04 21 89 ad ed
00:aa 19 d8 2c 01 38 00 00 f5 66 29 25 21 18 1c 1c f8 86 31 25 29 87 83 a1 8d 86 31 04 21 a5 ad a1 bc e6 59 04 21 55 57 5e 78 48 5a 45 31 58 e3 81 35 86 31 04 21 0d 2f ed 36 a7 39 04 21 62 62 32
00:aa 19 10 2d 01 38 00 00 2a d1 63 66 29 50 78 7e 7f 73 7c 6b 42 55 bf 0b 4a 90 63 8c 42 ef 83 82 57 6f 5b 2a 3a 35 f6 b0 c0 90 63 26 21 a9 0d 27 97 e8 39 a7 39 bd 2d ad ad 4b 9b 66 31 78 58 5a
00:aa 19 48 2d 01 38 00 00 5e 2b 93 25 39 25 25 35 15 d1 a4 c7 39 7e 7c 54 5d f7 bd 53 74 57 bf 37 d7 17 8d b5 7c 0a 02 0e d7 58 8d 13 6c ab 0f 25 bd 13 6c 91 5b 15 95 af 8c 54 74 2f 53 a0 a8 02
00:aa 19 80 2d 01 38 00 00 09 91 63 e5 20 0d 25 b5 b5 e4 18 a3 18 b8 de b8 20 06 21 e4 18 fe f8 ff ff 05 21 e5 18 f5 9f fa ff 00 00 00 00 00 00 00 00 00 00 00 00 00 00 00 00 00 00 00 00 00 00 00
00:aa 19 b8 2d 01 38 00 00 00 00 00 00 00 00 00 00 00 00 00 00 00 00 00 00 00 00 00 00 00 00 00 00 00 00 00 00 00 00 00 00 00 00 00 00 00 00 00 00 00 00 00 00 00 00 00 00 00 00 00 00 00 00 00 00
00:aa 19 f0 2d 01 38 00 00 00 00 00 00 00 00 00 00 00 00 00 00 00 00 00 00 00 00 00 00 00 00 00 00 00 00 00 00 00 00 00 00 00 00 00 00 00 00 00 00 00 00 00 00 00 00 00 00 00 00 00 00 00 00 00 00
00:aa 19 28 2e 01 38 00 00 00 00 00 00 00 00 00 00 00 00 00 00 00 00 00 00 00 00 00 00 00 00 00 00 00 00 00 00 00 00 00 00 00 00 00 00 00 00 00 00 00 00 00 00 00 00 00 00 00 00 00 00 00 00 00 00
00:aa 19 60 2e 01 38 00 00 00 00 00 00 00 00 00 00 00 00 00 00 00 00 00 00 00 86 31 c3 18 7f 78 e8 7b c7 39 82 10 e0 00 2b 55 c3 18 82 10 80 20 30 60 48 72 c3 20 80 a8 ba de 69 7a c3 28 2b 02 ff
00:aa 19 98 2e 01 38 00 00 d5 e4 58 e4 38 58 7c d8 c0 26 89 05 71 56 69 60 60 06 89 44 39 bd bf 2b 00 c7 61 04 21 55 95 35 b5 86 31 04 21 f8 f8 7a 7a e8 39 04 21 bb 3b ea d4 49 4a 04 21 f4 fb b7
00:aa 19 d0 2e 01 38 00 00 bb 49 7a 45 31 70 5d 55 5d 8a 52 c3 18 bf c1 7f fe c7 39 04 21 5c ec 21 05 09 3a 45 29 7f 7f 7f fc 73 7c 87 29 62 50 ea b5 53 74 a9 29 f8 0b ab 55 12 74 0a 32 af 80 57
00:aa 19 08 2f 01 38 00 00 e2 d0 6b 26 21 02 09 25 d7 c8 39 46 21 70 60 a0 00 c8 39 a7 39 ab af ad bd a7 31 c3 18 20 2f 2d 09 aa 7a 04 29 15 d5 55 55 5b ef 45 31 57 58 70 40 9a d6 16 8d 97 00 00
00:aa 19 40 2f 01 38 00 00 00 db d6 b5 74 d5 2b 02 00 3c e7 13 6c d5 f5 82 00 db d6 b1 63 57 57 dd 09 13 6c 6c 42 0b 2f de 79 ac 4a c4 18 35 15 d5 d5 46 21 e4 18 55 57 5c ea 05 21 c4 18 fa ab 0d
00:aa 19 78 2f 01 38 00 00 08 67 21 a4 10 d5 57 7e a8 00 00 00 00 00 00 00 00 00 00 00 00 00 00 00 00 00 00 00 00 00 00 00 00 00 00 00 00 00 00 00 00 00 00 00 00 00 00 00 00 00 00 00 00 00 00 00
00:aa 19 b0 2f 01 38 00 00 00 00 00 00 00 00 00 00 00 00 00 00 00 00 00 00 00 00 00 00 00 00 00 00 00 00 00 00 00 00 00 00 00 00 00 00 00 00 00 00 00 00 00 00 00 00 00 00 00 00 00 00 00 00 00 00
00:aa 19 e8 2f 01 38 00 00 00 00 00 00 00 00 00 00 00 00 00 00 00 00 00 00 00 00 00 00 00 00 00 00 00 00 00 00 00 00 00 00 00 00 00 00 00 00 00 00 00 00 00 00 00 00 00 00 00 00 00 00 00 00 00 00
00:aa 19 20 30 01 38 00 00 00 00 00 00 00 00 00 00 00 00 00 00 00 00 00 00 00 00 00 00 00 00 00 00 00 00 00 00 00 00 00 00 00 00 00 00 00 00 00 00 00 00 00 00 00 00 00 00 00 82 10 41 08 02 7f ea
00:aa 19 58 30 01 38 00 00 ff 62 10 61 08 a0 a0 ba a8 83 28 82 10 5f 5f 5f 58 a3 38 a3 18 d7 55 eb 00 e4 58 a3 20 57 5e 78 e0 cc 92 66 79 41 e9 5f 5f 47 99 e5 70 78 7e de d8 93 e4 26 91 55 55 f5
00:aa 19 90 30 01 38 00 00 3b 67 69 04 21 35 15 35 b5 86 31 04 21 78 f8 7a ea 66 29 04 21 ad b1 33 22 e8 41 c3 18 5a f2 fe ff 08 42 e4 20 7b 5b ff c3 86 31 e4 18 a2 0a 25 9e 86 31 c3 18 5c a0 00
00:aa 19 c8 30 01 38 00 00 00 b1 63 86 31 56 57 5e 58 32 74 e9 31 57 78 82 09 73 7c e9 29 e8 0b d5 6f b1 63 a8 29 25 5f fa 8a 2e 5b 87 29 7f fd ad 2d c7 39 e4 18 80 c0 40 60 c7 39 a7 31 2a 2a 0b
00:aa 19 00 31 01 38 00 00 2a a7 31 04 21 09 09 09 01 f2 a4 e4 20 55 55 55 d4 5b ef 33 ad 42 42 0a 0a fb de 79 ce 80 a8 78 d8 da de 58 ce ba 0b b4 a4 5a f7 52 bd 02 02 c2 98 da de d2 a4 00 e0 be
00:aa 19 38 31 01 38 00 00 3d 9a ce 88 29 3d 0d 0f bf 87 29 82 10 7b 5e 95 15 46 21 05 21 e9 8a c2 50 e8 41 e4 18 5e d8 f3 e3 c8 31 46 21 56 5f 7f 52 00 00 00 00 00 00 00 00 00 00 00 00 00 00 00
00:aa 19 70 31 01 38 00 00 00 00 00 00 00 00 00 00 00 00 00 00 00 00 00 00 00 00 00 00 00 00 00 00 00 00 00 00 00 00 00 00 00 00 00 00 00 00 00 00 00 00 00 00 00 00 00 00 00 00 00 00 00 00 00 00
00:aa 19 a8 31 01 38 00 00 00 00 00 00 00 00 00 00 00 00 00 00 00 00 00 00 00 00 00 00 00 00 00 00 00 00 00 00 00 00 00 00 00 00 00 00 00 00 00 00 00 00 00 00 00 00 00 00 00 00 00 00 00 00 00 00
00:aa 19 e0 31 01 38 00 00 00 00 00 00 00 00 00 00 00 00 00 00 00 00 00 00 00 00 00 00 00 00 00 00 00 00 00 00 00 00 00 00 00 00 00 00 00 00 00 00 00 00 00 00 00 00 00 00 00 00 00 00 00 00 00 00
00:aa 19 18 32 01 38 00 00 00 00 00 00 00 00 00 00 00 00 00 00 00 00 00 00 00 00 00 00 00 00 00 00 00 62 20 41 10 55 7f 00 80 82 28 41 10 55 fe a0 00 a3 48 83 30 5f 5c 78 5a c4 60 a3 48 75 fe 5c
00:aa 19 50 32 01 38 00 00 58 e5 78 c3 48 7c e8 a0 28 29 9a 06 81 58 5f 55 55 67 89 e4 60 38 3e 9e d6 8f c3 a7 51 02 03 31 fd 45 29 04 21 f8 d5 7e 6d a7 31 45 29 7f 58 9c df c7 39 45 29 d5 d5 35
00:aa 19 88 32 01 38 00 00 ca 86 31 25 21 52 52 fa 8b 3c e7 86 31 45 75 5d 55 c7 39 04 21 7e 78 a0 c0 c8 39 65 29 bf ff f9 b0 d1 6b 66 29 70 60 c0 80 f2 6b 4b 3a 97 80 00 00 33 74 70 5b 58 df 03
00:aa 19 c0 32 01 38 00 00 a8 f2 6b c9 31 00 02 2d b5 ac 4a 04 19 2d a5 f5 d5 c7 39 c3 18 60 70 50 50 c7 39 a7 31 3a bf fd bd 86 31 04 21 01 01 09 03 f6 c5 e4 20 f4 f6 77 55 99 de 45 31 00 ba d5
00:aa 19 f8 32 01 38 00 00 5f 9a d6 4c 83 20 af 55 ea 99 d6 0b 8b 00 f8 ed ab 57 e6 43 41 08 0a d5 ff f5 d5 86 39 0a 0b a9 55 8c 52 c3 18 3e de 5c 58 11 84 82 10 d5 b5 15 55 46 29 62 10 5c 55 55
00:aa 19 30 33 01 38 00 00 55 a8 31 82 10 a2 a8 52 57 67 29 c4 18 00 0a af 2d 00 00 00 00 00 00 00 00 00 00 00 00 00 00 00 00 00 00 00 00 00 00 00 00 00 00 00 00 00 00 00 00 00 00 00 00 00 00 00
00:aa 19 68 33 01 38 00 00 00 00 00 00 00 00 00 00 00 00 00 00 00 00 00 00 00 00 00 00 00 00 00 00 00 00 00 00 00 00 00 00 00 00 00 00 00 00 00 00 00 00 00 00 00 00 00 00 00 00 00 00 00 00 00 00
00:aa 19 a0 33 01 38 00 00 00 00 00 00 00 00 00 00 00 00 00 00 00 00 00 00 00 00 00 00 00 00 00 00 00 00 00 00 00 00 00 00 00 00 00 00 00 00 00 00 00 00 00 00 00 00 00 00 00 00 00 00 00 00 00 00
00:aa 19 d8 33 01 38 00 00 00 00 00 00 00 00 00 00 00 00 00 00 00 00 00 00 00 00 00 00 00 00 00 00 00 00 00 00 00 00 00 00 00 00 00 00 00 00 00 00 00 00 00 00 00 00 00 00 00 00 00 00 00 00 00 00
00:aa 19 10 34 01 38 00 00 00 62 20 41 10 a0 e8 ea ea 82 28 62 20 e0 78 5a 78 a3 30 62 28 80 a8 7a c8 c4 68 a3 38 78 78 78 78 e5 70 82 40 28 3e 9e dc 26 89 e5 78 7f 57 7b e0 06 79 c3 48 3c 26 36
00:aa 19 48 34 01 38 00 00 b6 2e c3 e4 40 c9 8d b5 e5 08 42 04 21 d4 56 57 55 66 31 45 29 fd 97 e7 96 69 4a 45 29 5c f5 fd fb 49 4a 45 29 bd 85 fe 55 0c 63 45 29 51 71 df 55 2c 63 86 31 5f 75 5f
00:aa 19 80 34 01 38 00 00 52 59 c6 c7 31 55 ea 80 80 5c ef d2 63 55 55 ab 80 5d ef 12 6c 55 55 55 35 33 74 0f 53 09 0d ad d5 0e 53 67 29 8a 0b 2d 2d 05 21 c3 18 3b 2f bf df c7 39 e4 18 50 50 58
00:aa 19 b8 34 01 38 00 00 5c c7 39 86 31 ad 2f af b5 86 31 25 21 29 29 0b 0b 04 21 c3 18 ed 80 00 00 4e bc 04 31 58 58 70 60 b4 dd 70 b4 68 e8 60 60 b4 d5 8c ab 0b 2d 35 b5 2a 9b 68 7a 01 81 e1
00:aa 19 f0 34 01 38 00 00 7d 07 5a a3 18 3f 1f b5 d5 49 4a a3 18 70 0d 55 55 83 10 82 10 2f bf ff ff 82 10 62 10 2f 2b a2 22 82 10 41 08 be af ab 2b 46 29 42 08 cb 56 55 55 00 00 00 00 00 00 00
00:aa 19 28 35 01 38 00 00 00 00 00 00 00 00 00 00 00 00 00 00 00 00 00 00 00 00 00 00 00 00 00 00 00 00 00 00 00 00 00 00 00 00 00 00 00 00 00 00 00 00 00 00 00 00 00 00 00 00 00 00 00 00 00 00
00:aa 19 60 35 01 38 00 00 00 00 00 00 00 00 00 00 00 00 00 00 00 00 00 00 00 00 00 00 00 00 00 00 00 00 00 00 00 00 00 00 00 00 00 00 00 00 00 00 00 00 00 00 00 00 00 00 00 00 00 00 00 00 00 00
00:aa 19 98 35 01 38 00 00 00 00 00 00 00 00 00 00 00 00 00 00 00 00 00 00 00 00 00 00 00 00 00 00 00 00 00 00 00 00 00 00 00 00 00 00 00 00 00 00 00 00 00 00 00 00 00 00 00 00 00 00 00 00 00 00
00:aa 19 d0 35 01 38 00 00 00 00 00 00 00 00 00 00 00 00 00 00 00 00 00 00 00 00 00 00 00 00 00 00 00 00 00 00 00 00 00 00 00 62 18 41 10 e8 e8 78 5a 65 41 82 20 5b 53 5d 55 65 49 82 28 c2 cc 67
00:aa 19 08 36 01 38 00 00 67 c4 58 a3 38 e0 e2 6b 7d e5 68 82 18 f8 dc 5e 55 06 89 a3 20 00 00 af 55 05 79 a3 28 2e 2e fe 5e 45 71 e4 20 0d 25 95 95 25 29 c3 18 2e 8e 6b ff c7 39 04 21 8a 57 55
00:aa 19 40 36 01 38 00 00 55 28 42 25 29 8c 7c 7f 5d f7 bd 45 29 55 25 b5 55 10 84 45 29 55 55 55 15 31 84 45 29 53 5c 55 55 58 d6 49 42 f8 68 78 78 5b ff b9 de 40 00 a2 ea 5a f7 b6 bd 03 00 02
00:aa 19 78 36 01 38 00 00 01 ba ce 0f 53 d5 35 ad bd 2a 3a e4 18 0d 35 f5 15 04 21 c3 18 ba aa 2a ea 45 29 c3 18 5c 7c fe ff a7 31 86 31 2d 25 e5 b5 86 31 45 29 2d 29 29 a9 27 5a 04 21 55 55 55
00:aa 19 b0 36 01 38 00 00 54 4e c4 64 49 40 c0 80 80 f5 e5 8f b4 e2 83 09 09 90 c4 c8 8a 2d 25 b5 d5 a9 7a c3 20 02 0b 09 0d c3 18 a3 18 2b ab aa 2a a3 18 a3 10 ab ab be be a3 10 82 10 ba aa bf
00:aa 19 e8 36 01 38 00 00 bf 82 10 82 10 00 00 00 00 82 10 62 08 2f 2f 2f af 62 08 41 08 ab ab aa aa 00 00 00 00 00 00 00 00 00 00 00 00 00 00 00 00 00 00 00 00 00 00 00 00 00 00 00 00 00 00 00
00:aa 19 20 37 01 38 00 00 00 00 00 00 00 00 00 00 00 00 00 00 00 00 00 00 00 00 00 00 00 00 00 00 00 00 00 00 00 00 00 00 00 00 00 00 00 00 00 00 00 00 00 00 00 00 00 00 00 00 00 00 00 00 00 00
00:aa 19 58 37 01 38 00 00 00 00 00 00 00 00 00 00 00 00 00 00 00 00 00 00 00 00 00 00 00 00 00 00 00 00 00 00 00 00 00 00 00 00 00 00 00 00 00 00 00 00 00 00 00 00 00 00 00 00 00 00 00 00 00 00
00:aa 19 90 37 01 38 00 00 00 00 00 00 00 00 00 00 00 00 00 00 00 00 00 00 00 00 00 00 00 00 00 00 00 00 00 00 00 00 00 00 00 00 00 00 00 00 00 00 00 00 00 00 00 00 00 00 00 00 00 00 00 00 00 00
00:aa 19 c8 37 01 38 00 00 00 00 00 00 00 00 00 00 00 62 18 61 10 5e 7e fa 6a 62 20 62 18 60 6a 6a 7a a3 28 62 20 7c 5c 5e 57 a3 40 82 18 83 ad ad f5 a3 18 82 10 f8 fe da ea e4 20 c3 18 7e 7f 7f
00:aa 19 00 38 01 38 00 00 7f 46 59 e4 20 58 58 5c 5c 25 41 25 29 15 15 95 95 25 21 04 21 d5 fd ad 0b 04 21 e4 18 e0 a0 a0 a0 45 29 24 21 20 e0 f8 f0 6a 52 e4 20 fd fc fc d5 34 a5 25 29 12 1e 1e
00:aa 19 38 38 01 38 00 00 df 4c 8b 45 29 55 57 d4 98 90 bc aa 6a 7c a0 a0 80 77 de 0a 7b 00 dc ad bd 58 ce 45 31 00 aa ff f5 35 a5 8a 4a 2b ad f5 55 8a 4a e4 18 35 25 d5 55 e4 20 c3 18 fe b5 aa
00:aa 19 70 38 01 38 00 00 ea 04 21 c3 18 a0 f8 bf ab 86 31 45 29 02 03 cb 4f 66 29 45 29 09 a9 a9 b9 6c ab 24 21 56 54 58 50 53 e5 ec bb 78 70 e0 82 12 e5 6b b3 09 2d b5 f5 e9 8a 68 72 3e 12 19
00:aa 19 a8 38 01 38 00 00 31 88 72 e3 18 25 35 95 d5 c3 18 a3 10 0b 2e 20 ab a3 18 a3 10 be 2e af ab a3 10 82 10 af aa aa aa 82 10 62 08 2a 02 0a 2b 62 10 62 08 aa ab ab bf 62 08 41 08 aa ba ba
00:aa 19 e0 38 01 38 00 00 aa 00 00 00 00 00 00 00 00 00 00 00 00 00 00 00 00 00 00 00 00 00 00 00 00 00 00 00 00 00 00 00 00 00 00 00 00 00 00 00 00 00 00 00 00 00 00 00 00 00 00 00 00 00 00 00
00:aa 19 18 39 01 38 00 00 00 00 00 00 00 00 00 00 00 00 00 00 00 00 00 00 00 00 00 00 00 00 00 00 00 00 00 00 00 00 00 00 00 00 00 00 00 00 00 00 00 00 00 00 00 00 00 00 00 00 00 00 00 00 00 00
00:aa 19 50 39 01 38 00 00 00 00 00 00 00 00 00 00 00 00 00 00 00 00 00 00 00 00 00 00 00 00 00 00 00 00 00 00 00 00 00 00 00 00 00 00 00 00 00 00 00 00 00 00 00 00 00 00 00 00 00 00 00 00 00 00
00:aa 19 88 39 01 38 00 00 00 00 00 00 00 00 00 00 00 00 00 00 00 00 00 00 00 00 00 00 00 00 00 00 00 00 00 00 00 00 00 00 00 00 00 00 00 00 00 00 00 6b 8b c3 10 55 55 bd 3f 62 18 c2 00 00 80 80
00:aa 19 c0 39 01 38 00 00 68 82 28 82 18 a0 e2 fd 55 45 39 82 18 d5 d5 55 78 e6 51 a2 18 55 55 78 80 ea 82 c3 18 55 55 8b 80 87 59 04 21 5c 5e 5e 37 25 39 45 21 3f 3f 37 fe 87 31 04 21 fd 7d 08
00:aa 19 f8 39 01 38 00 00 0a 86 31 04 21 57 5f 9f 0f 66 31 24 21 fa f8 f8 69 e8 39 c3 18 95 d7 54 5f f2 b4 25 29 55 5a 58 5f 0e bc a2 20 70 20 80 80 d1 c4 6b 93 c8 aa 2b 25 0e a4 48 62 0b 0b ad
00:aa 19 30 3a 01 38 00 00 f5 89 6a 04 21 0d 35 d5 55 0c 63 04 21 8d 55 55 55 04 21 c3 18 7e 00 00 02 04 21 c3 18 af 2b 2a aa 04 21 c3 18 f8 fa ea bf 86 31 04 21 ca 4a 4a c2 45 29 04 21 03 01 01
00:aa 19 68 3a 01 38 00 00 01 11 cd c2 20 78 68 e0 e0 73 dd 4b ab 0b 0f 2d b5 ac b3 c8 92 0b ad 09 ab e8 92 65 39 2b 29 2d 25 e4 20 e3 18 3f bf ff af e4 20 c3 18 ad 55 f5 75 c3 18 a3 10 8e aa aa
00:aa 19 a0 3a 01 38 00 00 bf c3 18 82 10 0b 0a bf fa a3 10 82 10 ad fd f5 ad 62 10 41 08 ab af bf bf 41 08 41 08 00 00 00 00 00 00 00 00 00 00 00 00 00 00 00 00 00 00 00 00 00 00 00 00 00 00 00
00:aa 19 d8 3a 01 38 00 00 00 00 00 00 00 00 00 00 00 00 00 00 00 00 00 00 00 00 00 00 00 00 00 00 00 00 00 00 00 00 00 00 00 00 00 00 00 00 00 00 00 00 00 00 00 00 00 00 00 00 00 00 00 00 00 00
00:aa 19 10 3b 01 38 00 00 00 00 00 00 00 00 00 00 00 00 00 00 00 00 00 00 00 00 00 00 00 00 00 00 00 00 00 00 00 00 00 00 00 00 00 00 00 00 00 00 00 00 00 00 00 00 00 00 00 00 00 00 00 00 00 00
00:aa 19 48 3b 01 38 00 00 00 00 00 00 00 00 00 00 00 00 00 00 00 00 00 00 00 00 00 00 00 00 00 00 00 00 00 00 00 00 00 00 00 00 00 00 00 00 00 00 00 00 00 00 00 00 00 00 00 00 00 00 00 00 00 00
00:aa 19 80 3b 01 38 00 00 00 00 00 00 00 00 00 00 00 00 00 00 00 00 00 00 00 50 a4 a5 39 c5 e1 bd fe 67 1a 82 10 15 05 0b 03 0b 53 82 10 55 55 55 0a 65 41 82 18 60 68 68 2b 30 8c 65 39 5f 55 53
00:aa 19 b8 3b 01 38 00 00 6d ec 62 45 29 ff 09 d5 af 08 42 e4 18 9d 1b b6 fd 66 29 c3 18 a0 4a 73 59 c9 72 e4 20 57 58 60 e0 ea 82 45 29 55 25 01 00 a6 41 e4 18 f9 fd e5 05 45 29 c3 18 78 78 e0
00:aa 19 f0 3b 01 38 00 00 a0 cd a3 25 31 58 58 70 60 90 c4 cd a3 c0 e0 09 a5 ac 9b 65 39 00 2a 2b bd ea 72 25 29 2d b5 55 55 45 29 04 21 5e 02 0b af 25 21 04 21 2f fd d5 d5 04 21 e4 18 8b ab ff
00:aa 19 28 3c 01 38 00 00 ff e4 20 c3 18 aa ba ff ff e4 20 e3 18 af af ad ff a7 39 04 21 c2 c0 50 5a f3 b4 a7 31 55 55 57 40 f1 cc 4b 8b 70 62 c2 82 ed b3 2a 93 26 17 97 dd 2d c4 27 72 2f 2b a9
00:aa 19 60 3c 01 38 00 00 ad e6 59 c3 18 2d 25 b5 d7 04 21 82 10 ab fc d7 00 04 21 c3 18 d5 2f 55 ab c3 18 82 10 00 00 82 2f a3 18 a2 10 aa ab ab eb 82 10 62 08 02 02 0b 0b 62 10 41 08 ab ab af
00:aa 19 98 3c 01 38 00 00 bf 62 08 41 08 af ab aa aa 00 00 00 00 00 00 00 00 00 00 00 00 00 00 00 00 00 00 00 00 00 00 00 00 00 00 00 00 00 00 00 00 00 00 00 00 00 00 00 00 00 00 00 00 00 00 00
00:aa 19 d0 3c 01 38 00 00 00 00 00 00 00 00 00 00 00 00 00 00 00 00 00 00 00 00 00 00 00 00 00 00 00 00 00 00 00 00 00 00 00 00 00 00 00 00 00 00 00 00 00 00 00 00 00 00 00 00 00 00 00 00 00 00
00:aa 19 08 3d 01 38 00 00 00 00 00 00 00 00 00 00 00 00 00 00 00 00 00 00 00 00 00 00 00 00 00 00 00 00 00 00 00 00 00 00 00 00 00 00 00 00 00 00 00 00 00 00 00 00 00 00 00 00 00 00 00 00 00 00
00:aa 19 40 3d 01 38 00 00 00 00 00 00 00 00 00 00 00 00 00 00 00 00 00 00 00 00 00 00 00 00 00 00 00 00 00 00 00 00 00 00 00 00 00 00 00 00 00 00 00 00 00 00 00 00 00 00 00 c4 8a 47 22 8b a9 75
00:aa 19 78 3d 01 38 00 00 55 88 1a 82 10 80 08 80 35 4f 64 c3 10 f2 2d 55 55 65 21 62 10 3a ff ff 5f aa 52 45 29 ac 7a fd 55 c7 31 c3 18 02 ad a5 17 eb 92 04 21 55 55 5f 60 2c 93 c3 18 55 55 f5
00:aa 19 b0 3d 01 38 00 00 02 0b 83 c7 49 71 79 79 e8 30 c4 44 31 62 78 d5 b5 2f c4 82 28 ad 02 80 78 f7 d5 44 29 57 fc a2 02 99 de ce 83 5b 20 a2 f8 0e ac 04 29 0b 0b 2d 35 68 5a 45 29 35 dd 5f
00:aa 19 e8 3d 01 38 00 00 77 45 29 04 21 aa 75 75 35 24 21 e4 20 2a be bf fd 04 21 c3 18 00 0a ab bf e4 20 c3 18 bf bd ff ea e4 20 c3 18 ff 7f ea 88 e4 20 c3 18 fe fc f8 28 8a 9a 04 21 57 55 57
00:aa 19 20 3e 01 38 00 00 54 38 de e7 79 78 7f 7e e8 bd ff b2 ac b5 6b 5e 02 9c f7 4b a3 55 55 95 8d ac 9b a3 18 0b 0f 2d 25 04 21 a2 10 f2 40 40 40 04 21 e4 20 80 00 02 02 04 21 e3 18 0b af aa
00:aa 19 58 3e 01 38 00 00 2b c3 18 a2 10 02 02 02 0b a2 10 82 10 2b 2b 0b ab 82 10 62 08 0b 0b 2b 2f 62 08 41 08 aa aa aa bf 62 08 41 08 aa aa aa fe 00 00 00 00 00 00 00 00 00 00 00 00 00 00 00
00:aa 19 90 3e 01 38 00 00 00 00 00 00 00 00 00 00 00 00 00 00 00 00 00 00 00 00 00 00 00 00 00 00 00 00 00 00 00 00 00 00 00 00 00 00 00 00 00 00 00 00 00 00 00 00 00 00 00 00 00 00 00 00 00 00
00:aa 19 c8 3e 01 38 00 00 00 00 00 00 00 00 00 00 00 00 00 00 00 00 00 00 00 00 00 00 00 00 00 00 00 00 00 00 00 00 00 00 00 00 00 00 00 00 00 00 00 00 00 00 00 00 00 00 00 00 00 00 00 00 00 00
00:aa 19 00 3f 01 38 00 00 00 00 00 00 00 00 00 00 00 00 00 00 00 00 00 00 00 00 00 00 00 00 00 00 00 00 00 00 00 00 00 00 00 00 00 00 00 00 00 00 00 00 00 00 00 00 00 00 00 00 00 00 00 00 00 00
00:aa 19 38 3f 01 38 00 00 00 00 00 00 00 00 00 00 00 00 00 00 00 00 00 00 00 00 00 00 00 00 00 00 00 65 21 41 08 83 b5 d5 f5 c3 18 41 08 ff ff ff f0 08 42 82 10 55 55 63 a9 e4 20 82 10 74 ff 15
00:aa 19 70 3f 01 38 00 00 d7 e8 41 c3 18 77 54 5f 55 0b 93 a3 20 d7 58 60 8b 2c 9b e2 38 0a 28 96 58 ce b3 c4 38 aa 8a 2a b5 2e c4 44 51 aa a8 b2 57 cd b3 a9 7a f5 2e 8c ed 8c 9b 28 62 54 2f 2f
00:aa 19 a8 3f 01 38 00 00 bf 79 de 2b 83 a8 73 56 57 b6 c5 4d 7b 2a 0f 79 99 b2 ac 65 31 35 35 bd fd 66 31 04 21 0a a7 f7 55 04 21 e4 18 02 2b 0f af e4 20 c3 18 aa ab ff f5 e4 18 c3 18 bd f5 f5
00:aa 19 e0 3f 01 38 00 00 ff 08 42 c3 18 60 7e 55 55 6d 73 e4 20 aa e0 55 55 2c 6b 04 21 ff 02 55 55 4c cb 04 21 5c 50 50 5a be ff 0b db 5e 58 70 60 be f7 f4 a4 0d 0d 09 2b fb e6 4d 73 82 d8 e6
00:aa 19 18 40 01 38 00 00 ef f3 b4 a3 18 b5 35 85 25 04 21 a3 18 42 40 80 00 25 21 04 21 5e fb df 51 04 21 c3 18 2b ab ad a9 c3 18 a2 10 0a 02 02 03 a3 18 82 10 af af bd fd 82 10 41 08 2f 2f bf
00:aa 19 50 40 01 38 00 00 ba 62 10 41 08 ff ff ea aa 62 10 41 08 57 57 af aa 00 00 00 00 00 00 00 00 00 00 00 00 00 00 00 00 00 00 00 00 00 00 00 00 00 00 00 00 00 00 00 00 00 00 00 00 00 00 00
00:aa 19 88 40 01 38 00 00 00 00 00 00 00 00 00 00 00 00 00 00 00 00 00 00 00 00 00 00 00 00 00 00 00 00 00 00 00 00 00 00 00 00 00 00 00 00 00 00 00 00 00 00 00 00 00 00 00 00 00 00 00 00 00 00
00:aa 19 c0 40 01 38 00 00 00 00 00 00 00 00 00 00 00 00 00 00 00 00 00 00 00 00 00 00 00 00 00 00 00 00 00 00 00 00 00 00 00 00 00 00 00 00 00 00 00 00 00 00 00 00 00 00 00 00 00 00 00 00 00 00
00:aa 19 f8 40 01 38 00 00 00 00 00 00 00 00 00 00 00 00 00 00 00 00 00 00 00 00 00 00 00 00 00 00 00 00 00 00 00 00 00 00 00 00 00 00 00 00 00 00 00 00 00 00 00 00 00 00 00 00 00 00 00 00 00 00
00:aa 19 30 41 01 38 00 00 00 00 00 00 00 00 00 00 00 00 00 00 00 00 00 00 00 00 00 00 00 00 00 00 00 00 00 00 00 00 00 00 00 00 00 00 00 00 00 00 00 00 00 00 00 00 00 00 00 00 00 00 00 00 00 00
00:aa 19 68 41 01 38 00 00 00 00 00 00 00 00 00 00 00 00 00 00 00 00 00 00 00 00 00 00 00 00 00 00 00 00 00 00 00 00 00 00 00 00 00 00 00 00 00 00 00 00 00 00 00 00 00 00 00 00 00 00 00 00 00 00
00:aa 19 a0 41 01 28 00 00 00 00 00 00 00 00 00 00 00 00 00 00 00 00 00 00 00 00 00 00 00 00 00 00 00 00 00 00 00 00 00 00 00 00 00 00 00 00 00 00 00 00 00 00 00 00 00 00 00 00 00 00 00 00 00 00
00:aa 19 00 00 02 38 00 00 51 47 49 46 00 13 00 09 3b 21 ff ff ff ff ff ff ff ff ff ff ff ff ff ff ff ff ff ff ff ff ff ff ff ff ff ff ff ff ff ff ff ff ff ff ff ff ff ff ff ff ff ff ff ff ff ff
00:aa 19 38 00 02 38 00 00 ff ff ff ff ff ff ff ff ff ff ff ff ff ff ff ff ff ff ff ff ff ff ff ff ff ff ff ff ff ff ff ff ff ff ff ff ff ff ff ff ff ff ff ff ff ff ff ff ff ff ff ff ff ff ff ff
00:aa 19 70 00 02 38 00 00 ff ff ff ff ff ff ff ff ff ff ff ff ff ff ff ff ff ff ff ff ff ff ff ff ff ff ff ff ff ff ff ff ff ff ff ff ff ff ff ff ff ff ff ff ff ff ff ff ff ff ff ff ff ff ff ff
00:aa 19 a8 00 02 38 00 00 ff ff ff ff ff ff ff ff ff ff ff ff ff ff ff ff ff ff ff ff ff ff ff ff ff ff ff ff ff ff ff ff ff ff ff ff ff ff ff ff ff ff ff ff ff ff ff ff ff ff ff ff ff ff ff ff
00:aa 19 e0 00 02 38 00 00 ff ff ff ff ff ff ff ff ff ff ff ff ff ff ff ff ff ff ff ff ff ff ff ff ff ff ff ff ff ff ff ff ff ff ff ff ff ff ff ff ff 00 00 00 00 00 00 00 00 00 00 00 00 00 00 00
00:aa 19 18 01 02 38 00 00 00 00 00 00 00 00 00 00 00 00 00 00 00 00 00 00 00 00 00 00 00 00 00 00 00 00 00 00 00 00 00 00 00 00 00 00 00 00 00 00 00 00 00 00 00 00 00 00 00 00 00 00 00 00 00 00
00:aa 19 50 01 02 38 00 00 00 00 00 00 00 00 00 00 00 00 00 00 00 00 00 00 00 00 00 00 00 00 00 00 00 00 00 00 00 00 00 00 00 00 00 00 00 00 00 00 00 00 00 00 00 00 00 00 00 00 00 00 00 00 00 00
00:aa 19 88 01 02 38 00 00 00 00 00 00 00 00 00 00 00 00 00 00 00 00 00 00 00 00 00 00 00 00 00 00 00 00 00 00 00 00 00 00 00 00 00 00 00 00 00 00 00 00 00 00 00 00 00 00 00 00 00 00 00 00 00 00
00:aa 19 c0 01 02 38 00 00 00 00 00 00 00 00 00 00 00 00 00 00 00 00 00 00 00 00 00 00 00 00 00 00 00 00 00 00 00 00 00 00 00 00 00 00 00 00 00 00 00 00 00 00 00 00 00 00 00 00 00 00 00 00 00 00
00:aa 19 f8 01 02 38 00 00 00 00 00 00 00 00 00 00 00 00 00 00 00 00 00 00 00 00 00 00 00 00 00 00 00 00 00 00 00 00 00 00 00 00 00 00 00 00 00 00 00 00 00 00 00 00 00 00 00 00 00 00 00 00 00 00
00:aa 19 30 02 02 38 00 00 00 00 00 00 00 00 00 00 00 00 00 00 00 00 00 00 00 00 00 00 00 00 00 00 00 00 00 00 00 00 00 00 00 00 00 00 00 00 00 00 00 00 00 00 00 00 00 00 00 00 00 00 00 00 00 00
00:aa 19 68 02 02 38 00 00 00 00 00 00 00 00 00 00 00 00 00 00 00 00 00 00 00 00 00 00 00 00 00 00 00 00 00 00 00 00 00 00 00 00 00 00 00 00 00 00 00 00 00 00 00 00 00 00 00 00 00 00 00 00 00 00
00:aa 19 a0 02 02 38 00 00 00 00 00 00 00 00 00 00 00 00 00 00 00 00 00 00 00 00 00 00 00 00 00 00 00 00 00 00 00 00 00 00 00 00 00 00 00 00 00 00 00 00 00 00 00 00 00 00 00 00 00 00 00 00 00 00
00:aa 19 d8 02 02 38 00 00 00 00 00 00 00 00 00 00 00 00 00 00 00 00 00 00 00 00 00 00 00 00 00 00 00 00 00 00 00 00 00 00 00 00 00 00 00 00 00 00 00 00 00 00 00 00 00 00 00 00 00 00 00 00 00 00
00:aa 19 10 03 02 38 00 00 00 00 00 00 00 00 00 00 00 00 00 00 00 00 00 00 00 00 00 00 00 00 00 00 00 00 00 00 00 00 00 00 00 00 00 00 00 00 00 00 00 00 00 00 00 00 00 00 00 00 00 00 00 00 00 00
00:aa 19 48 03 02 38 00 00 00 00 00 00 00 00 00 00 00 00 00 00 00 00 00 00 00 00 00 00 00 00 00 00 00 00 00 00 00 00 00 00 00 00 00 00 00 00 00 00 00 00 00 00 00 00 00 00 00 00 00 00 00 00 00 00
00:aa 19 80 03 02 38 00 00 00 00 00 00 00 00 00 00 00 00 00 00 00 00 00 00 00 00 00 00 00 00 00 00 00 00 00 00 00 00 00 00 00 00 00 00 00 00 00 00 00 00 00 00 00 00 00 00 00 00 00 00 00 00 00 00
00:aa 19 b8 03 02 38 00 00 00 00 00 00 00 00 00 00 00 00 00 00 00 00 00 00 00 00 00 00 00 00 00 00 00 00 00 00 00 00 00 00 00 00 00 00 00 00 00 00 00 00 00 00 00 00 00 00 00 00 00 00 00 00 00 00
00:aa 19 f0 03 02 38 00 00 00 00 00 00 00 00 00 00 00 00 00 00 00 00 00 00 00 00 00 00 00 00 00 00 00 00 00 00 00 00 00 00 00 00 00 00 00 00 00 00 00 00 00 00 00 00 00 00 00 00 00 00 00 00 00 00
00:aa 19 28 04 02 38 00 00 00 00 00 00 00 00 00 00 00 00 00 00 00 00 00 00 00 00 00 00 00 00 00 00 00 00 00 00 00 00 00 00 00 00 00 00 00 00 00 00 00 00 00 00 00 00 00 00 00 00 00 00 00 00 00 00
00:aa 19 60 04 02 38 00 00 00 00 00 00 00 00 00 00 00 00 00 00 00 00 00 00 00 00 00 00 00 00 00 00 00 00 00 00 00 00 00 00 00 00 00 00 00 00 00 00 00 00 00 00 00 00 00 00 00 00 00 00 00 00 00 00
00:aa 19 98 04 02 38 00 00 00 00 00 00 00 00 00 00 00 00 00 00 00 00 00 00 00 00 00 00 00 00 00 00 00 00 00 00 00 00 00 00 00 00 00 00 00 00 00 00 00 00 00 00 00 00 00 00 00 00 00 00 00 00 00 00
00:aa 19 d0 04 02 38 00 00 00 00 00 00 00 00 00 00 00 00 00 00 00 00 00 00 00 00 00 00 00 00 00 00 00 00 00 00 00 00 00 00 00 00 00 00 00 00 00 00 00 00 00 00 00 00 00 00 00 00 00 00 00 00 00 00
00:aa 19 08 05 02 38 00 00 00 00 00 00 00 00 00 00 00 00 00 00 00 00 00 00 00 00 00 00 00 00 00 00 00 00 00 00 00 00 00 00 00 00 00 00 00 00 00 00 00 00 00 00 00 00 00 00 00 00 00 00 00 00 00 00
00:aa 19 40 05 02 38 00 00 00 00 00 00 00 00 00 00 00 00 00 00 00 00 00 00 00 00 00 00 00 00 00 00 00 00 00 00 00 00 00 00 00 00 00 00 00 00 00 00 00 00 00 00 00 00 00 00 00 00 00 00 00 00 00 00
00:aa 19 78 05 02 38 00 00 00 00 00 00 00 00 00 00 00 00 00 00 00 00 00 00 00 00 00 00 00 00 00 00 00 00 00 00 00 00 00 00 00 00 00 00 00 00 00 00 00 00 00 00 00 00 00 00 00 00 00 00 00 00 00 00
00:aa 19 b0 05 02 38 00 00 00 00 00 00 00 00 00 00 00 00 00 00 00 00 00 00 00 00 00 00 00 00 00 00 00 00 00 00 00 00 00 00 00 00 00 00 00 00 00 00 00 00 00 00 00 00 00 00 00 00 00 00 00 00 00 00
00:aa 19 e8 05 02 38 00 00 00 00 00 00 00 00 00 00 00 00 00 00 00 00 00 00 00 00 00 00 00 00 00 00 00 00 00 00 00 00 00 00 00 00 00 00 00 00 00 00 00 00 00 00 00 00 00 00 00 00 00 00 00 00 00 00
00:aa 19 20 06 02 38 00 00 00 00 00 00 00 00 00 00 00 00 00 00 00 00 00 00 00 00 00 00 00 00 00 00 00 00 00 00 00 00 00 00 00 00 00 00 00 00 00 00 00 00 00 00 00 00 00 00 00 00 00 00 00 00 00 00
00:aa 19 58 06 02 38 00 00 00 00 00 00 00 00 00 00 00 00 00 00 00 00 00 00 00 00 00 00 00 00 00 00 00 00 00 00 00 00 00 00 00 00 00 00 00 00 00 00 00 00 00 00 00 00 00 00 00 00 00 00 00 00 00 00
00:aa 19 90 06 02 38 00 00 00 00 00 00 00 00 00 00 00 00 00 00 00 00 00 00 00 00 00 00 00 00 00 00 00 00 00 00 00 00 00 00 00 00 00 00 00 00 00 00 00 00 00 00 00 00 00 00 00 00 00 00 00 00 00 00
00:aa 19 c8 06 02 38 00 00 00 00 00 00 00 00 00 00 00 00 00 00 00 00 00 00 00 00 00 00 00 00 00 00 00 00 00 00 00 00 00 00 00 00 00 00 00 00 00 00 00 00 00 00 00 00 00 00 00 00 00 00 00 00 00 00
00:aa 19 00 07 02 38 00 00 00 00 00 00 00 00 00 00 00 00 00 00 00 00 00 00 00 00 00 00 00 00 00 00 00 00 00 00 00 00 00 00 00 00 00 00 00 00 00 00 00 00 00 00 00 00 00 00 00 00 00 00 00 00 00 00
00:aa 19 38 07 02 38 00 00 00 00 00 00 00 00 00 00 00 00 00 00 00 00 00 00 00 00 00 00 00 00 00 00 00 00 00 00 00 00 00 00 00 00 00 00 00 00 00 00 00 00 00 00 00 00 00 00 00 00 00 00 00 00 00 00
00:aa 19 70 07 02 38 00 00 00 00 00 00 00 00 00 00 00 00 00 00 00 00 00 00 00 00 00 00 00 00 00 00 00 00 00 00 00 00 00 00 00 00 00 00 00 00 00 00 00 00 00 00 00 00 00 00 00 00 00 00 00 00 00 00
00:aa 19 a8 07 02 38 00 00 00 00 00 00 00 00 00 00 00 00 00 00 00 00 00 00 00 00 00 00 00 00 00 00 00 00 00 00 00 00 00 00 00 00 00 00 00 00 00 00 00 00 00 00 00 00 00 00 00 00 00 00 00 00 00 00
00:aa 19 e0 07 02 38 00 00 00 00 00 00 00 00 00 00 00 00 00 00 00 00 00 00 00 00 00 00 00 00 00 00 00 00 00 00 00 00 00 00 00 00 00 00 00 00 00 00 00 00 00 00 00 00 00 00 00 00 00 00 00 00 00 00
00:aa 19 18 08 02 38 00 00 00 00 00 00 00 00 00 00 00 00 00 00 00 00 00 00 00 00 00 00 00 00 00 00 00 00 00 00 00 00 00 00 00 00 00 00 00 00 00 00 00 00 00 00 00 00 00 00 00 00 00 00 00 00 00 00
00:aa 19 50 08 02 38 00 00 00 00 00 00 00 00 00 00 00 00 00 00 00 00 00 00 00 00 00 00 00 00 00 00 00 00 00 00 00 00 00 00 00 00 00 00 00 00 00 00 00 00 00 00 00 00 00 00 00 00 00 00 00 00 00 00
00:aa 19 88 08 02 38 00 00 00 00 00 00 00 00 00 00 00 00 00 00 00 00 00 00 00 00 00 00 00 00 00 00 00 00 00 00 00 00 00 00 00 00 00 00 00 00 00 00 00 00 00 00 00 00 00 00 00 00 00 00 00 00 00 00
00:aa 19 c0 08 02 38 00 00 00 00 00 00 00 00 00 00 00 00 00 00 00 00 00 00 00 00 00 00 00 00 00 00 00 00 00 00 00 00 00 00 00 00 00 00 00 00 00 00 00 00 00 00 00 00 00 00 00 00 00 00 00 00 00 00
00:aa 19 f8 08 02 38 00 00 00 00 00 00 00 00 00 00 00 00 00 00 00 00 00 00 00 00 00 00 00 00 00 00 00 00 00 00 00 00 00 00 00 00 00 00 00 00 00 00 00 00 00 00 00 00 00 00 00 00 00 00 00 00 00 00
00:aa 19 30 09 02 38 00 00 00 00 00 00 00 00 00 00 00 00 00 00 00 00 00 00 00 00 00 00 00 00 00 00 00 00 00 00 00 00 00 00 00 00 00 00 00 00 00 00 00 00 00 00 00 00 00 00 00 00 00 00 00 00 00 00
00:aa 19 68 09 02 38 00 00 00 00 00 00 00 00 00 00 00 00 00 00 00 00 00 00 00 00 00 00 00 00 00 00 00 00 00 00 00 00 00 00 00 00 00 00 00 00 00 00 00 00 00 00 00 00 00 00 00 00 00 00 00 00 00 00
00:aa 19 a0 09 02 38 00 00 00 00 00 00 00 00 00 00 00 00 00 00 00 00 00 00 00 00 00 00 00 00 00 00 00 00 00 00 00 00 00 00 00 00 00 00 00 00 00 00 00 00 00 00 00 00 00 00 00 00 00 00 00 00 00 00
00:aa 19 d8 09 02 38 00 00 00 00 00 00 00 00 00 00 00 00 00 00 00 00 00 00 00 00 00 00 00 00 00 00 00 00 00 00 00 00 00 00 00 00 00 00 00 00 00 00 00 00 00 00 00 00 00 00 00 00 00 00 00 00 00 00
00:aa 19 10 0a 02 38 00 00 00 00 00 00 00 00 00 00 00 00 00 00 00 00 00 00 00 00 00 00 00 00 00 00 00 00 00 00 00 00 00 00 00 00 00 00 00 00 00 00 00 00 00 00 00 00 00 00 00 00 00 00 00 00 00 00
00:aa 19 48 0a 02 38 00 00 00 00 00 00 00 00 00 00 00 00 00 00 00 00 00 00 00 00 00 00 00 00 00 00 00 00 00 00 00 00 00 00 00 00 00 00 00 00 00 00 00 00 00 00 00 00 00 00 00 00 00 00 00 00 00 00
00:aa 19 80 0a 02 38 00 00 00 00 00 00 00 00 00 00 00 00 00 00 00 00 00 00 00 00 00 00 00 00 00 00 00 00 00 00 00 00 00 00 00 00 00 00 00 00 00 00 00 00 00 00 00 00 00 00 00 00 00 00 00 00 00 00
00:aa 19 b8 0a 02 38 00 00 00 00 00 00 00 00 00 00 00 00 00 00 00 00 00 00 00 00 00 00 00 00 00 00 00 00 00 00 00 00 00 00 00 00 00 00 00 00 00 00 00 00 00 00 00 00 00 00 00 00 00 00 00 00 00 00
00:aa 19 f0 0a 02 38 00 00 00 00 00 00 00 00 00 00 00 00 00 00 00 00 00 00 00 00 00 00 00 00 00 00 00 00 00 00 00 00 00 00 00 00 00 00 00 00 00 00 00 00 00 00 00 00 00 00 00 00 00 00 00 00 00 00
00:aa 19 28 0b 02 38 00 00 00 00 00 00 00 00 00 00 00 00 00 00 00 00 00 00 00 00 00 00 00 00 00 00 00 00 00 00 00 00 00 00 00 00 00 00 00 00 00 00 00 00 00 00 00 00 00 00 00 00 00 00 00 00 00 00
00:aa 19 60 0b 02 38 00 00 00 00 00 00 00 00 00 00 00 00 00 00 00 00 00 00 00 00 00 00 00 00 00 00 00 00 00 00 00 00 00 00 00 00 00 00 00 00 00 00 00 00 00 00 00 00 00 00 00 00 00 00 00 00 00 00
00:aa 19 98 0b 02 38 00 00 00 00 00 00 00 00 00 00 00 00 00 00 00 00 00 00 00 00 00 00 00 00 00 00 00 00 00 00 00 00 00 00 00 00 00 00 00 00 00 00 00 00 00 00 00 00 00 00 00 00 00 00 00 00 00 00
00:aa 19 d0 0b 02 38 00 00 00 00 00 00 00 00 00 00 00 00 00 00 00 00 00 00 00 00 00 00 00 00 00 00 00 00 00 00 00 00 00 00 00 00 00 00 00 00 00 00 00 00 00 00 00 00 00 00 00 00 00 00 00 00 00 00
00:aa 19 08 0c 02 38 00 00 00 00 00 00 00 00 00 00 00 00 00 00 00 00 00 00 00 00 00 00 00 00 00 00 00 00 00 00 00 00 00 00 00 00 00 00 00 00 00 00 00 00 00 00 00 00 00 00 00 00 00 00 00 00 00 00
00:aa 19 40 0c 02 38 00 00 00 00 00 00 00 00 00 00 00 00 00 00 00 00 00 00 00 00 00 00 00 00 00 00 00 00 00 00 00 00 00 00 00 00 00 00 00 00 00 00 00 00 00 00 00 00 00 00 00 00 00 00 00 00 00 00
00:aa 19 78 0c 02 38 00 00 00 00 00 00 00 00 00 00 00 00 00 00 00 00 00 00 00 00 00 00 00 00 00 00 00 00 00 00 00 00 00 00 00 00 00 00 00 00 00 00 00 00 00 00 00 00 00 00 00 00 00 00 00 00 00 00
00:aa 19 b0 0c 02 38 00 00 00 00 00 00 00 00 00 00 00 00 00 00 00 00 00 00 00 00 00 00 00 00 00 00 00 00 00 00 00 00 00 00 00 00 00 00 00 00 00 00 00 00 00 00 00 00 00 00 00 00 00 00 00 00 00 00
00:aa 19 e8 0c 02 38 00 00 00 00 00 00 00 00 00 00 00 00 00 00 00 00 00 00 00 00 00 00 00 00 00 00 00 00 00 00 00 00 00 00 00 00 00 00 00 00 00 00 00 00 00 00 00 00 00 00 00 00 00 00 00 00 00 00
00:aa 19 20 0d 02 38 00 00 00 00 00 00 00 00 00 00 00 00 00 00 00 00 00 00 00 00 00 00 00 00 00 00 00 00 00 00 00 00 00 00 00 00 00 00 00 00 00 00 00 00 00 00 00 00 00 00 00 00 00 00 00 00 00 00
00:aa 19 58 0d 02 38 00 00 00 00 00 00 00 00 00 00 00 00 00 00 00 00 00 00 00 00 00 00 00 00 00 00 00 00 00 00 00 00 00 00 00 00 00 00 00 00 00 00 00 00 00 00 00 00 00 00 00 00 00 00 00 00 00 00
00:aa 19 90 0d 02 38 00 00 00 00 00 00 00 00 00 00 00 00 00 00 00 00 00 00 00 00 00 00 00 00 00 00 00 00 00 00 00 00 00 00 00 00 00 00 00 00 00 00 00 00 00 00 00 00 00 00 00 00 00 00 00 00 00 00
00:aa 19 c8 0d 02 38 00 00 00 00 00 00 00 00 00 00 00 00 00 00 00 00 00 00 00 00 00 00 00 00 00 00 00 00 00 00 00 00 00 00 00 00 00 00 00 00 00 00 00 00 00 00 00 00 00 00 00 00 00 00 00 00 00 00
00:aa 19 00 0e 02 38 00 00 00 00 00 00 00 00 00 00 00 00 00 00 00 00 00 00 00 00 00 00 00 00 00 00 00 00 00 00 00 00 00 00 00 00 00 00 00 00 00 00 00 00 00 00 00 00 00 00 00 00 00 00 00 00 00 00
00:aa 19 38 0e 02 38 00 00 00 00 00 00 00 00 00 00 00 00 00 00 00 00 00 00 00 00 00 00 00 00 00 00 00 00 00 00 00 00 00 00 00 00 00 00 00 00 00 00 00 00 00 00 00 00 00 00 00 00 00 00 00 00 00 00
00:aa 19 70 0e 02 38 00 00 00 00 00 00 00 00 00 00 00 00 00 00 00 00 00 00 00 00 00 00 00 00 00 00 00 00 00 00 00 00 00 00 00 00 00 00 00 00 00 00 00 00 00 00 00 00 00 00 00 00 00 00 00 00 00 00
00:aa 19 a8 0e 02 38 00 00 00 00 00 00 00 00 00 00 00 00 00 00 00 00 00 00 00 00 00 00 00 00 00 00 00 00 00 00 00 00 00 00 00 00 00 00 00 00 00 00 00 00 00 00 00 00 00 00 00 00 00 00 00 00 00 00
00:aa 19 e0 0e 02 38 00 00 00 00 00 00 00 00 00 00 00 00 00 00 00 00 00 00 00 00 00 00 00 00 00 00 00 00 00 00 00 00 00 00 00 00 00 00 00 00 00 00 00 00 00 00 00 00 00 00 00 00 00 00 00 00 00 00
00:aa 19 18 0f 02 38 00 00 00 00 00 00 00 00 00 00 00 00 00 00 00 00 00 00 00 00 00 00 00 00 00 00 00 00 00 00 00 00 00 00 00 00 00 00 00 00 00 00 00 00 00 00 00 00 00 00 00 00 00 00 00 00 00 00
00:aa 19 50 0f 02 38 00 00 00 00 00 00 00 00 00 00 00 00 00 00 00 00 00 00 00 00 00 00 00 00 00 00 00 00 00 00 00 00 00 00 00 00 00 00 00 00 00 00 00 00 00 00 00 00 00 00 00 00 00 00 00 00 00 00
00:aa 19 88 0f 02 38 00 00 00 00 00 00 00 00 00 00 00 00 00 00 00 00 00 00 00 00 00 00 00 00 00 00 00 00 00 00 00 00 00 00 00 00 00 00 00 00 00 00 00 00 00 00 00 00 00 00 00 00 00 00 00 00 00 00
00:aa 19 c0 0f 02 38 00 00 00 00 00 00 00 00 00 00 00 00 00 00 00 00 00 00 00 00 00 00 00 00 00 00 00 00 00 00 00 00 00 00 00 00 00 00 00 00 00 00 00 00 00 00 00 00 00 00 00 00 00 00 00 00 00 00
00:aa 19 f8 0f 02 38 00 00 00 00 00 00 00 00 00 00 00 00 00 00 00 00 00 00 00 00 00 00 00 00 00 00 00 00 00 00 00 00 00 00 00 00 00 00 00 00 00 00 00 00 00 00 00 00 00 00 00 00 00 00 00 00 00 00
00:aa 19 30 10 02 38 00 00 00 00 00 00 00 00 00 00 00 00 00 00 00 00 00 00 00 00 00 00 00 00 00 00 00 00 00 00 00 00 00 00 00 00 00 00 00 00 00 00 00 00 00 00 00 00 00 00 00 00 00 00 00 00 00 00
00:aa 19 68 10 02 38 00 00 00 00 00 00 00 00 00 00 00 00 00 00 00 00 00 00 00 00 00 00 00 00 00 00 00 00 00 00 00 00 00 00 00 00 00 00 00 00 00 00 00 00 00 00 00 00 00 00 00 00 00 00 00 00 00 00
00:aa 19 a0 10 02 38 00 00 00 00 00 00 00 00 00 00 00 00 00 00 00 00 00 00 00 00 00 00 00 00 00 00 00 00 00 00 00 00 00 00 00 00 00 00 00 00 00 00 00 00 00 00 00 00 00 00 00 0f 12 00 00 55 54 54
00:aa 19 d8 10 02 38 00 00 54 0f 12 00 00 55 00 00 00 0f 12 00 00 55 00 00 00 0f 12 00 00 55 00 00 00 0f 12 00 00 55 00 00 00 0f 12 00 00 55 00 00 00 0f 12 00 00 55 00 00 00 0f 12 00 00 55 01 01
00:aa 19 10 11 02 38 00 00 01 00 00 00 00 00 00 00 00 00 00 00 00 00 00 00 00 00 00 00 00 00 00 00 00 00 00 00 00 00 00 00 00 00 00 00 00 00 00 00 00 00 00 00 00 00 00 00 00 00 00 00 00 00 00 00
00:aa 19 48 11 02 38 00 00 00 00 00 00 00 00 00 00 00 00 00 00 00 00 00 00 00 00 00 00 00 00 00 00 00 00 00 00 00 00 00 00 00 00 00 00 00 00 00 00 00 00 00 00 00 00 00 00 00 00 00 00 00 00 00 00
00:aa 19 80 11 02 38 00 00 00 00 00 00 00 00 00 00 00 00 00 00 00 00 00 00 00 00 00 00 00 00 00 00 00 00 00 00 00 00 00 00 00 00 00 00 00 00 00 00 00 00 00 00 00 00 00 00 00 00 00 00 00 00 00 00
00:aa 19 b8 11 02 38 00 00 00 00 00 00 00 00 00 00 00 00 00 00 00 00 00 00 00 00 00 00 00 00 00 00 00 00 00 00 00 00 00 00 00 00 00 00 00 00 00 00 00 00 00 00 00 00 00 00 00 00 00 00 00 00 00 00
00:aa 19 f0 11 02 38 00 00 00 00 00 00 00 00 00 00 00 00 00 00 00 00 00 00 00 00 00 00 00 00 00 00 00 00 00 00 00 00 00 00 00 00 00 00 00 00 00 00 00 00 00 00 00 00 00 00 00 00 00 00 00 00 00 00
00:aa 19 28 12 02 38 00 00 00 00 00 00 00 00 00 00 00 00 00 00 00 00 00 00 00 00 00 00 00 00 00 00 00 00 00 00 00 00 00 00 00 00 00 00 00 00 00 00 00 00 00 00 00 00 00 00 00 00 00 00 00 00 00 00
00:aa 19 60 12 02 38 00 00 00 00 00 00 00 00 00 00 00 00 00 00 00 00 00 00 00 00 00 00 00 00 00 00 00 00 00 00 00 00 00 00 00 00 00 00 00 00 00 00 00 00 00 00 00 00 00 00 00 00 00 00 00 00 00 00
00:aa 19 98 12 02 38 00 00 00 00 00 00 00 00 00 00 00 00 00 00 00 00 00 00 00 0f 12 00 00 55 00 00 00 d0 11 00 00 54 01 01 01 0f 12 00 00 00 55 55 55 0f 12 00 00 00 55 55 55 0f 12 00 00 00 55 55
00:aa 19 d0 12 02 38 00 00 55 0f 12 00 00 00 55 55 55 0f 12 00 00 00 55 55 55 0f 12 00 00 00 55 55 55 0f 12 00 00 01 54 54 54 0f 12 00 00 55 00 00 00 b0 11 00 00 55 01 01 01 00 00 00 00 00 00 00
00:aa 19 08 13 02 38 00 00 00 00 00 00 00 00 00 00 00 00 00 00 00 00 00 00 00 00 00 00 00 00 00 00 00 00 00 00 00 00 00 00 00 00 00 00 00 00 00 00 00 00 00 00 00 00 00 00 00 00 00 00 00 00 00 00
00:aa 19 40 13 02 38 00 00 00 00 00 00 00 00 00 00 00 00 00 00 00 00 00 00 00 00 00 00 00 00 00 00 00 00 00 00 00 00 00 00 00 00 00 00 00 00 00 00 00 00 00 00 00 00 00 00 00 00 00 00 00 00 00 00
00:aa 19 78 13 02 38 00 00 00 00 00 00 00 00 00 00 00 00 00 00 00 00 00 00 00 00 00 00 00 00 00 00 00 00 00 00 00 00 00 00 00 00 00 00 00 00 00 00 00 00 00 00 00 00 00 00 00 00 00 00 00 00 00 00
00:aa 19 b0 13 02 38 00 00 00 00 00 00 00 00 00 00 00 00 00 00 00 00 00 00 00 00 00 00 00 00 00 00 00 00 00 00 00 00 00 00 00 00 00 00 00 00 00 00 00 00 00 00 00 00 00 00 00 00 00 00 00 00 00 00
00:aa 19 e8 13 02 38 00 00 00 00 00 00 00 00 00 00 00 00 00 00 00 00 00 00 00 00 00 00 00 00 00 00 00 00 00 00 00 00 00 00 00 00 00 00 00 00 00 00 00 00 00 00 00 00 00 00 00 00 00 00 00 00 00 00
00:aa 19 20 14 02 38 00 00 00 00 00 00 00 00 00 00 00 00 00 00 00 00 00 00 00 00 00 00 00 00 00 00 00 00 00 00 00 00 00 00 00 00 00 00 00 00 00 00 00 00 00 00 00 00 00 00 00 00 00 00 00 00 00 00
00:aa 19 58 14 02 38 00 00 00 00 00 00 00 00 00 00 00 00 00 00 00 00 00 00 00 00 00 00 00 00 00 00 00 00 00 00 00 00 00 00 00 00 00 00 00 00 00 00 00 0f 12 00 00 55 01 01 01 0f 12 00 00 00 55 55
00:aa 19 90 14 02 38 00 00 55 0f 12 00 00 01 55 55 55 00 00 00 00 00 00 00 00 00 00 00 00 00 00 00 00 00 00 00 00 00 00 00 00 00 00 00 00 00 00 00 00 00 00 00 00 00 00 00 00 00 00 00 00 00 00 00
00:aa 19 c8 14 02 38 00 00 00 00 00 00 00 00 00 00 00 00 00 00 00 00 00 00 00 0f 12 00 00 54 54 54 54 b0 11 00 00 05 05 05 05 00 00 00 00 00 00 00 00 00 00 00 00 00 00 00 00 00 00 00 00 00 00 00
00:aa 19 00 15 02 38 00 00 00 00 00 00 00 00 00 00 00 00 00 00 00 00 00 00 00 00 00 00 00 00 00 00 00 00 00 00 00 00 00 00 00 00 00 00 00 00 00 00 00 00 00 00 00 00 00 00 00 00 00 00 00 00 00 00
00:aa 19 38 15 02 38 00 00 00 00 00 00 00 00 00 00 00 00 00 00 00 00 00 00 00 00 00 00 00 00 00 00 00 00 00 00 00 00 00 00 00 00 00 00 00 00 00 00 00 00 00 00 00 00 00 00 00 00 00 00 00 00 00 00
00:aa 19 70 15 02 38 00 00 00 00 00 00 00 00 00 00 00 00 00 00 00 00 00 00 00 00 00 00 00 00 00 00 00 00 00 00 00 00 00 00 00 00 00 00 00 00 00 00 00 00 00 00 00 00 00 00 00 00 00 00 00 00 00 00
00:aa 19 a8 15 02 38 00 00 00 00 00 00 00 00 00 00 00 00 00 00 00 00 00 00 00 00 00 00 00 00 00 00 00 00 00 00 00 00 00 00 00 00 00 00 00 00 00 00 00 00 00 00 00 00 00 00 00 00 00 00 00 00 00 00
00:aa 19 e0 15 02 38 00 00 00 00 00 00 00 00 00 00 00 00 00 00 00 00 00 00 00 00 00 00 00 00 00 00 00 00 00 00 00 00 00 00 00 00 00 00 00 00 00 00 00 00 00 00 00 00 00 00 00 00 00 00 00 00 00 00
00:aa 19 18 16 02 38 00 00 00 00 00 00 00 00 00 00 00 00 00 00 00 00 00 00 00 00 00 00 00 00 00 00 00 00 00 00 00 00 00 00 00 00 00 00 00 00 00 00 00 00 00 00 00 00 00 00 00 00 00 00 00 00 00 00
00:aa 19 50 16 02 38 00 00 00 00 00 00 00 00 00 00 00 0f 12 00 00 55 00 00 00 0f 12 00 00 01 55 55 55 00 00 00 00 00 00 00 00 00 00 00 00 00 00 00 00 00 00 00 00 00 00 00 00 00 00 00 00 00 00 00
00:aa 19 88 16 02 38 00 00 00 00 00 00 00 00 00 00 00 00 00 00 00 00 00 00 00 00 00 00 00 00 00 00 00 00 00 00 00 00 00 00 00 00 00 00 00 00 00 00 00 00 00 00 00 00 00 00 00 0f 12 00 00 54 55 55
00:aa 19 c0 16 02 38 00 00 55 0f 12 00 00 05 50 50 50 b0 11 00 00 55 05 05 05 00 00 00 00 00 00 00 00 00 00 00 00 00 00 00 00 00 00 00 00 00 00 00 00 00 00 00 00 00 00 00 00 00 00 00 00 00 00 00
00:aa 19 f8 16 02 38 00 00 00 00 00 00 00 00 00 00 00 00 00 00 00 00 00 00 00 00 00 00 00 00 00 00 00 00 00 00 00 00 00 00 00 00 00 00 00 00 00 00 00 00 00 00 00 00 00 00 00 00 00 00 00 00 00 00
00:aa 19 30 17 02 38 00 00 00 00 00 00 00 00 00 00 00 00 00 00 00 00 00 00 00 00 00 00 00 00 00 00 00 00 00 00 00 00 00 00 00 00 00 00 00 00 00 00 00 00 00 00 00 00 00 00 00 00 00 00 00 00 00 00
00:aa 19 68 17 02 38 00 00 00 00 00 00 00 00 00 00 00 00 00 00 00 00 00 00 00 00 00 00 00 00 00 00 00 00 00 00 00 00 00 00 00 00 00 00 00 00 00 00 00 00 00 00 00 00 00 00 00 00 00 00 00 00 00 00
00:aa 19 a0 17 02 38 00 00 00 00 00 00 00 00 00 00 00 00 00 00 00 00 00 00 00 00 00 00 00 00 00 00 00 00 00 00 00 00 00 00 00 00 00 00 00 00 00 00 00 00 00 00 00 00 00 00 00 00 00 00 00 00 00 00
00:aa 19 d8 17 02 38 00 00 00 00 00 00 00 00 00 00 00 00 00 00 00 00 00 00 00 00 00 00 00 00 00 00 00 00 00 00 00 00 00 00 00 00 00 00 00 00 00 00 00 00 00 00 00 00 00 00 00 00 00 00 00 00 00 00
00:aa 19 10 18 02 38 00 00 00 00 00 00 00 00 00 00 00 00 00 00 00 00 00 00 00 00 00 00 00 00 00 00 00 00 00 00 00 00 00 00 00 00 00 00 00 00 00 00 00 0f 1a 0f 12 aa aa aa a8 00 00 00 00 00 00 00
00:aa 19 48 18 02 38 00 00 00 00 00 00 00 00 00 00 00 00 00 00 00 00 00 00 00 00 00 00 00 00 00 00 00 00 00 00 00 00 00 00 00 00 00 00 00 00 00 00 00 00 00 00 00 00 00 00 00 00 00 00 00 00 00 00
00:aa 19 80 18 02 38 00 00 00 00 00 00 00 00 00 00 00 00 00 00 00 00 00 00 00 00 00 00 00 00 00 00 00 00 00 00 00 00 00 00 00 0f 12 00 00 50 50 50 50 b0 11 00 00 05 05 05 05 00 00 00 00 00 00 00
00:aa 19 b8 18 02 38 00 00 00 00 00 00 00 00 00 00 00 00 00 00 00 00 00 00 00 00 00 00 00 00 00 00 00 00 00 00 00 00 00 00 00 00 00 00 00 00 00 00 00 00 00 00 00 00 00 00 00 00 00 00 00 00 00 00
00:aa 19 f0 18 02 38 00 00 00 00 00 00 00 00 00 00 00 00 00 00 00 00 00 00 00 00 00 00 00 00 00 00 00 00 00 00 00 00 00 00 00 00 00 00 00 00 00 00 00 00 00 00 00 00 00 00 00 00 00 00 00 00 00 00
00:aa 19 28 19 02 38 00 00 00 00 00 00 00 00 00 00 00 00 00 00 00 00 00 00 00 00 00 00 00 00 00 00 00 00 00 00 00 00 00 00 00 00 00 00 00 00 00 00 00 00 00 00 00 00 00 00 00 00 00 00 00 00 00 00
00:aa 19 60 19 02 38 00 00 00 00 00 00 00 00 00 00 00 00 00 00 00 00 00 00 00 00 00 00 00 00 00 00 00 00 00 00 00 00 00 00 00 00 00 00 00 00 00 00 00 00 00 00 00 00 00 00 00 00 00 00 00 00 00 00
00:aa 19 98 19 02 38 00 00 00 00 00 00 00 00 00 00 00 00 00 00 00 00 00 00 00 00 00 00 00 00 00 00 00 00 00 00 00 00 00 00 00 00 00 00 00 00 00 00 00 00 00 00 00 00 00 00 00 00 00 00 00 00 00 00
00:aa 19 d0 19 02 38 00 00 00 00 00 00 00 00 00 00 00 00 00 00 00 00 00 00 00 00 00 00 00 00 00 00 00 00 00 00 00 00 00 00 00 00 00 00 00 00 00 00 00 00 00 00 00 00 00 00 00 00 00 00 00 00 00 00
00:aa 19 08 1a 02 38 00 00 00 0f 12 00 00 55 55 55 40 0f 12 b0 11 40 40 40 00 0f 1a 0f 12 a8 a8 a8 a8 89 e3 89 db ee aa ae eb 89 e3 89 db ab 9a f9 9a 89 e3 89 db ab 9a 9a ae 89 e3 89 db ae aa ae
00:aa 19 40 1a 02 38 00 00 9a 89 e3 89 db 6b aa aa 6f 89 e3 89 db ba aa ae 7a 89 e3 89 db a6 aa ee aa 89 e3 89 db aa aa ee ae 89 e3 89 db 9a aa e6 aa 89 e3 89 db ea aa 9a aa 89 e3 89 db e9 aa ee
00:aa 19 78 1a 02 38 00 00 ab 89 e3 89 db aa aa aa ff 89 e3 0f 1a 25 25 25 25 0f 12 00 00 00 00 00 00 b0 11 00 00 15 15 15 15 00 00 00 00 00 00 00 00 00 00 00 00 00 00 00 00 00 00 00 00 00 00 00
00:aa 19 b0 1a 02 38 00 00 00 00 00 00 00 00 00 00 00 00 00 00 00 00 00 00 00 00 00 00 00 00 00 00 00 00 00 00 00 00 00 00 00 00 00 00 00 00 00 00 00 00 00 00 00 00 00 00 00 00 00 00 00 00 00 00
00:aa 19 e8 1a 02 38 00 00 00 00 00 00 00 00 00 00 00 00 00 00 00 00 00 00 00 00 00 00 00 00 00 00 00 00 00 00 00 00 00 00 00 00 00 00 00 00 00 00 00 00 00 00 00 00 00 00 00 00 00 00 00 00 00 00
00:aa 19 20 1b 02 38 00 00 00 00 00 00 00 00 00 00 00 00 00 00 00 00 00 00 00 00 00 00 00 00 00 00 00 00 00 00 00 00 00 00 00 00 00 00 00 00 00 00 00 00 00 00 00 00 00 00 00 00 00 00 00 00 00 00
00:aa 19 58 1b 02 38 00 00 00 00 00 00 00 00 00 00 00 00 00 00 00 00 00 00 00 00 00 00 00 00 00 00 00 00 00 00 00 00 00 00 00 00 00 00 00 00 00 00 00 00 00 00 00 00 00 00 00 00 00 00 00 00 00 00
00:aa 19 90 1b 02 38 00 00 00 00 00 00 00 00 00 00 00 00 00 00 00 00 00 00 00 00 00 00 00 00 00 00 00 00 00 00 00 00 00 00 00 00 00 00 00 00 00 00 00 00 00 00 00 00 00 00 00 00 00 00 00 00 00 00
00:aa 19 c8 1b 02 38 00 00 00 00 00 00 00 00 00 00 00 00 00 00 00 00 00 00 00 00 00 00 00 00 00 00 00 00 00 00 00 00 00 00 00 0f 12 00 00 40 40 40 40 0f 12 00 00 00 00 00 00 0f 1a 0f 12 a8 a8 a8
00:aa 19 00 1c 02 38 00 00 aa 89 e3 01 08 00 00 00 57 89 e3 89 db e9 b9 ae ab 89 e3 01 08 00 00 00 05 89 e3 01 10 00 00 00 50 89 e3 89 db fa af 9a ae 89 e3 89 db 67 66 a7 a7 89 e3 89 db ab aa 9b
00:aa 19 38 1c 02 38 00 00 bb 89 e3 89 db 69 97 9a ba 89 e3 c5 69 00 00 02 01 89 e3 01 08 00 00 a8 56 89 e3 89 db ae 9a b9 ab 89 e3 01 08 00 00 0a 05 89 e3 0f 12 25 25 a5 55 0f 12 00 00 00 00 00
00:aa 19 70 1c 02 38 00 00 00 0f 12 00 00 00 00 00 00 90 11 00 00 15 15 15 15 00 00 00 00 00 00 00 00 00 00 00 00 00 00 00 00 00 00 00 00 00 00 00 00 00 00 00 00 00 00 00 00 00 00 00 00 00 00 00
00:aa 19 a8 1c 02 38 00 00 00 00 00 00 00 00 00 00 00 00 00 00 00 00 00 00 00 00 00 00 00 00 00 00 00 00 00 00 00 00 00 00 00 00 00 00 00 00 00 00 00 00 00 00 00 00 00 00 00 00 00 00 00 00 00 00
00:aa 19 e0 1c 02 38 00 00 00 00 00 00 00 00 00 00 00 00 00 00 00 00 00 00 00 00 00 00 00 00 00 00 00 00 00 00 00 00 00 00 00 00 00 00 00 00 00 00 00 00 00 00 00 00 00 00 00 00 00 00 00 00 00 00
00:aa 19 18 1d 02 38 00 00 00 00 00 00 00 00 00 00 00 00 00 00 00 00 00 00 00 00 00 00 00 00 00 00 00 00 00 00 00 00 00 00 00 00 00 00 00 00 00 00 00 00 00 00 00 00 00 00 00 00 00 00 00 00 00 00
00:aa 19 50 1d 02 38 00 00 00 00 00 00 00 00 00 00 00 00 00 00 00 00 00 00 00 00 00 00 00 00 00 00 00 00 00 00 00 00 00 00 00 00 00 00 00 00 00 00 00 00 00 00 00 00 00 00 00 00 00 00 00 00 00 00
00:aa 19 88 1d 02 38 00 00 00 00 00 00 00 00 00 00 00 00 00 00 00 00 00 00 00 00 00 00 00 00 00 00 00 00 00 00 00 00 00 00 00 00 00 00 00 00 00 00 00 00 00 00 00 00 00 00 00 00 00 00 00 00 00 00
00:aa 19 c0 1d 02 38 00 00 00 00 00 00 00 00 00 00 00 0f 12 00 00 40 40 40 40 0f 12 00 00 00 00 00 00 0f 1a 0f 12 aa aa aa a8 89 e3 41 10 57 57 57 02 89 e3 01 08 00 00 00 55 89 db 01 10 05 05 05
00:aa 19 f8 1d 02 38 00 00 50 89 db 01 10 50 50 50 00 89 e3 89 db aa 67 aa aa 89 e3 89 db ba bb aa ee 89 e3 89 db aa bb aa aa 89 e3 89 db 97 eb a6 bb 89 e3 c5 69 01 01 01 00 89 e3 01 08 56 56 fe
00:aa 19 30 1e 02 38 00 00 03 89 e3 01 08 00 00 aa 55 89 db 01 08 05 05 af 50 0f 12 01 08 70 70 f0 00 0f 12 00 00 00 00 00 00 0f 12 00 00 00 00 00 00 90 11 00 00 15 15 15 15 00 00 00 00 00 00 00
00:aa 19 68 1e 02 38 00 00 00 00 00 00 00 00 00 00 00 00 00 00 00 00 00 00 00 00 00 00 00 00 00 00 00 00 00 00 00 00 00 00 00 00 00 00 00 00 00 00 00 00 00 00 00 00 00 00 00 00 00 00 00 00 00 00
00:aa 19 a0 1e 02 38 00 00 00 00 00 00 00 00 00 00 00 00 00 00 00 00 00 00 00 00 00 00 00 00 00 00 00 00 00 00 00 00 00 00 00 00 00 00 00 00 00 00 00 00 00 00 00 00 00 00 00 00 00 00 00 00 00 00
00:aa 19 d8 1e 02 38 00 00 00 00 00 00 00 00 00 00 00 00 00 00 00 00 00 00 00 00 00 00 00 00 00 00 00 00 00 00 00 00 00 00 00 00 00 00 00 00 00 00 00 00 00 00 00 00 00 00 00 00 00 00 00 00 00 00
00:aa 19 10 1f 02 38 00 00 00 00 00 00 00 00 00 00 00 00 00 00 00 00 00 00 00 00 00 00 00 00 00 00 00 00 00 00 00 00 00 00 00 00 00 00 00 00 00 00 00 00 00 00 00 00 00 00 00 00 00 00 00 00 00 00
00:aa 19 48 1f 02 38 00 00 00 00 00 00 00 00 00 00 00 00 00 00 00 00 00 00 00 00 00 00 00 00 00 00 00 00 00 00 00 00 00 00 00 00 00 00 00 00 00 00 00 00 00 00 00 00 00 00 00 00 00 00 00 00 00 00
00:aa 19 80 1f 02 38 00 00 00 00 00 00 00 00 00 00 00 00 00 00 00 00 00 00 00 00 00 00 00 00 00 00 00 00 00 00 00 00 00 00 00 00 00 00 00 00 00 00 00 0f 12 00 00 40 40 40 40 0f 12 00 00 00 00 00
00:aa 19 b8 1f 02 38 00 00 00 0f 1a 0f 12 a8 a8 a8 a8 89 e3 06 7a 01 01 00 00 89 db 00 08 55 55 00 00 89 e3 00 08 50 50 00 00 89 e3 89 db ab 6b aa 66 89 e3 89 db 9b aa ab aa 89 e3 89 db 9b 6a 6a
00:aa 19 f0 1f 02 38 00 00 ba 89 e3 89 db be 6a 95 ea 89 e3 89 db ea aa aa ee 89 e3 89 db 99 aa aa ae 89 e3 85 61 01 01 00 00 89 e3 21 18 55 55 00 00 89 e3 21 10 50 50 00 00 89 e3 0f 1a 25 25 25
00:aa 19 28 20 02 38 00 00 25 0f 12 00 00 00 00 00 00 0f 12 00 00 00 00 00 00 90 11 00 00 15 15 15 15 00 00 00 00 00 00 00 00 00 00 00 00 00 00 00 00 00 00 00 00 00 00 00 00 00 00 00 00 00 00 00
00:aa 19 60 20 02 38 00 00 00 00 00 00 00 00 00 00 00 00 00 00 00 00 00 00 00 00 00 00 00 00 00 00 00 00 00 00 00 00 00 00 00 00 00 00 00 00 00 00 00 00 00 00 00 00 00 00 00 00 00 00 00 00 00 00
00:aa 19 98 20 02 38 00 00 00 00 00 00 00 00 00 00 00 00 00 00 00 00 00 00 00 00 00 00 00 00 00 00 00 00 00 00 00 00 00 00 00 00 00 00 00 00 00 00 00 00 00 00 00 00 00 00 00 00 00 00 00 00 00 00
00:aa 19 d0 20 02 38 00 00 00 00 00 00 00 00 00 00 00 00 00 00 00 00 00 00 00 00 00 00 00 00 00 00 00 00 00 00 00 00 00 00 00 00 00 00 00 00 00 00 00 00 00 00 00 00 00 00 00 00 00 00 00 00 00 00
00:aa 19 08 21 02 38 00 00 00 00 00 00 00 00 00 00 00 00 00 00 00 00 00 00 00 00 00 00 00 00 00 00 00 00 00 00 00 00 00 00 00 00 00 00 00 00 00 00 00 00 00 00 00 00 00 00 00 00 00 00 00 00 00 00
00:aa 19 40 21 02 38 00 00 00 00 00 00 00 00 00 00 00 00 00 00 00 00 00 00 00 00 00 00 00 00 00 00 00 00 00 00 00 00 00 00 00 00 00 00 00 00 00 00 00 00 00 00 00 00 00 00 00 00 00 00 00 00 00 00
00:aa 19 78 21 02 38 00 00 00 00 00 00 00 00 00 00 00 00 00 00 00 00 00 00 00 b0 11 00 00 40 40 40 55 0f 12 00 00 00 00 00 00 0f 1a 0f 12 a8 a8 a8 a8 89 e3 89 db 9a d9 ba a7 89 e3 89 db ab ea aa
00:aa 19 b0 21 02 38 00 00 6e 89 e3 89 db ba af aa 7e 89 e3 89 db ba 6e be ea 89 e3 89 db eb ae 66 aa 89 e3 89 db aa ba aa ab 89 e3 89 db aa 66 ea 6f 89 e3 89 db ae ea 96 ea 89 e3 89 db fa aa 6d
00:aa 19 e8 21 02 38 00 00 aa 89 e3 89 db aa ea ae ae 89 e3 89 db aa f9 aa 66 89 e3 89 db be aa aa aa 89 e3 0f 1a 25 25 25 25 0f 12 00 00 00 00 00 00 b0 11 00 00 00 00 15 15 90 11 00 00 15 15 55
00:aa 19 20 22 02 38 00 00 55 00 00 00 00 00 00 00 00 00 00 00 00 00 00 00 00 00 00 00 00 00 00 00 00 00 00 00 00 00 00 00 00 00 00 00 00 00 00 00 00 00 00 00 00 00 00 00 00 00 00 00 00 00 00 00
00:aa 19 58 22 02 38 00 00 00 00 00 00 00 00 00 00 00 00 00 00 00 00 00 00 00 00 00 00 00 00 00 00 00 00 00 00 00 00 00 00 00 00 00 00 00 00 00 00 00 00 00 00 00 00 00 00 00 00 00 00 00 00 00 00
00:aa 19 90 22 02 38 00 00 00 00 00 00 00 00 00 00 00 00 00 00 00 00 00 00 00 00 00 00 00 00 00 00 00 00 00 00 00 00 00 00 00 00 00 00 00 00 00 00 00 00 00 00 00 00 00 00 00 00 00 00 00 00 00 00
00:aa 19 c8 22 02 38 00 00 00 00 00 00 00 00 00 00 00 00 00 00 00 00 00 00 00 00 00 00 00 00 00 00 00 00 00 00 00 00 00 00 00 00 00 00 00 00 00 00 00 00 00 00 00 00 00 00 00 00 00 00 00 00 00 00
00:aa 19 00 23 02 38 00 00 00 00 00 00 00 00 00 00 00 00 00 00 00 00 00 00 00 00 00 00 00 00 00 00 00 00 00 00 00 00 00 00 00 00 00 00 00 00 00 00 00 00 00 00 00 00 00 00 00 00 00 00 00 00 00 00
00:aa 19 38 23 02 38 00 00 00 00 00 00 00 00 00 00 00 00 00 00 00 00 00 00 00 00 00 00 00 00 00 00 00 00 00 00 00 00 00 00 00 69 e3 00 00 55 50 50 50 89 db 00 00 55 00 00 00 89 db 00 00 55 00 00
00:aa 19 70 23 02 38 00 00 00 89 e3 0f 12 55 55 ff 00 89 e3 0f 1a 55 55 ff 00 89 e3 89 db da aa a9 aa 89 e3 89 db ae a9 aa ae 89 e3 89 db ae 9b 6a aa 89 e3 89 db aa db aa 9e 89 e3 89 db e6 aa 9b
00:aa 19 a8 23 02 38 00 00 aa 89 e3 89 db fa aa a7 79 89 e3 89 db aa aa eb b6 89 e3 89 db b9 ab 9a aa 89 e3 89 db af 99 ba da 89 e3 89 db ba ea e5 da 89 e3 89 db aa a9 be a5 89 e3 89 db e9 aa 96
00:aa 19 e0 23 02 38 00 00 ea 89 e3 0f 12 25 25 00 00 89 e3 0f 12 55 55 00 00 89 e3 0f 12 40 40 00 00 89 e3 69 e3 55 00 00 00 89 e3 00 00 01 01 01 01 00 00 00 00 00 00 00 00 00 00 00 00 00 00 00
00:aa 19 18 24 02 38 00 00 00 00 00 00 00 00 00 00 00 00 00 00 00 00 00 00 00 00 00 00 00 00 00 00 00 00 00 00 00 00 00 00 00 00 00 00 00 00 00 00 00 00 00 00 00 00 00 00 00 00 00 00 00 00 00 00
00:aa 19 50 24 02 38 00 00 00 00 00 00 00 00 00 00 00 00 00 00 00 00 00 00 00 00 00 00 00 00 00 00 00 00 00 00 00 00 00 00 00 00 00 00 00 00 00 00 00 00 00 00 00 00 00 00 00 00 00 00 00 00 00 00
00:aa 19 88 24 02 38 00 00 00 00 00 00 00 00 00 00 00 00 00 00 00 00 00 00 00 00 00 00 00 00 00 00 00 00 00 00 00 00 00 00 00 00 00 00 00 00 00 00 00 00 00 00 00 00 00 00 00 00 00 00 00 00 00 00
00:aa 19 c0 24 02 38 00 00 00 00 00 00 00 00 00 00 00 00 00 00 00 00 00 00 00 00 00 00 00 00 00 00 00 00 00 00 00 00 00 00 00 00 00 00 00 00 00 00 00 00 00 00 00 00 00 00 00 00 00 00 00 00 00 00
00:aa 19 f8 24 02 38 00 00 00 00 00 00 00 00 00 00 00 00 00 00 00 00 00 00 00 00 00 00 00 00 00 00 00 00 00 00 00 00 00 00 00 00 00 00 00 00 00 00 00 00 00 00 00 00 00 00 00 00 00 00 00 00 00 00
00:aa 19 30 25 02 38 00 00 00 00 00 00 00 00 00 00 00 69 e3 00 00 50 50 50 50 89 e3 89 db ee 76 ba ba 89 e3 89 db ea aa 66 ea 89 e3 89 db aa ae ba ae 89 e3 89 db ea 66 aa ad 89 e3 89 db ed ea d5
00:aa 19 68 25 02 38 00 00 9a 89 e3 89 db ae aa 66 6e 89 e3 89 db eb 9b aa ba 89 e3 89 db fa ae 6a 6e 89 e3 89 db ae db ab 6a 89 e3 89 db ee aa ae aa 89 e3 89 db ee aa 6a aa 89 e3 89 db ea 9e aa
00:aa 19 a0 25 02 38 00 00 a6 89 e3 89 db aa da a7 fa 89 e3 89 db aa 99 ea aa 89 e3 89 db ba aa a5 ae 89 e3 89 db f6 e6 ea 96 89 e3 89 db e7 6f a9 a6 89 e3 89 db aa ba aa a6 89 e3 89 db bb 6e 9a
00:aa 19 d8 25 02 38 00 00 9a 89 e3 89 db be 9b aa a6 89 db 00 00 01 01 01 01 00 00 00 00 00 00 00 00 00 00 00 00 00 00 00 00 00 00 00 00 00 00 00 00 00 00 00 00 00 00 00 00 00 00 00 00 00 00 00
00:aa 19 10 26 02 38 00 00 00 00 00 00 00 00 00 00 00 00 00 00 00 00 00 00 00 00 00 00 00 00 00 00 00 00 00 00 00 00 00 00 00 00 00 00 00 00 00 00 00 00 00 00 00 00 00 00 00 00 00 00 00 00 00 00
00:aa 19 48 26 02 38 00 00 00 00 00 00 00 00 00 00 00 00 00 00 00 00 00 00 00 00 00 00 00 00 00 00 00 00 00 00 00 00 00 00 00 00 00 00 00 00 00 00 00 00 00 00 00 00 00 00 00 00 00 00 00 00 00 00
00:aa 19 80 26 02 38 00 00 00 00 00 00 00 00 00 00 00 00 00 00 00 00 00 00 00 00 00 00 00 00 00 00 00 00 00 00 00 00 00 00 00 00 00 00 00 00 00 00 00 00 00 00 00 00 00 00 00 00 00 00 00 00 00 00
00:aa 19 b8 26 02 38 00 00 00 00 00 00 00 00 00 00 00 00 00 00 00 00 00 00 00 00 00 00 00 00 00 00 00 00 00 00 00 00 00 00 00 00 00 00 00 00 00 00 00 00 00 00 00 00 00 00 00 00 00 00 00 00 00 00
00:aa 19 f0 26 02 38 00 00 00 00 00 00 00 00 00 00 00 00 00 00 00 00 00 00 00 00 00 00 00 00 00 00 00 00 00 00 00 00 00 00 00 00 00 00 00 00 00 00 00 69 e3 00 00 50 50 50 50 89 e3 89 db eb fa ba
00:aa 19 28 27 02 38 00 00 bb 89 e3 89 db a7 aa aa bb 89 e3 89 db ea ba af eb 89 e3 89 db aa bb 6e aa 89 e3 89 db 7f aa aa 66 89 e3 89 db ee ae ae aa 89 e3 89 db aa aa ea ab 89 e3 89 db aa e6 6a
00:aa 19 60 27 02 38 00 00 a6 89 e3 89 db aa eb a6 ea 89 e3 89 db e6 aa a6 aa 89 e3 89 db 6e aa 6a aa 89 e3 89 db aa ae ea ae 89 e3 89 db ae 6a aa 66 89 e3 89 db f6 aa aa 7a 89 e3 89 db fb aa b9
00:aa 19 98 27 02 38 00 00 ae 89 e3 89 db aa bb 7e e9 89 e3 89 db aa ba 6a aa 89 e3 89 db ae ad a9 6a 89 e3 89 db ab 99 ab 9a 89 e3 89 db aa e6 fa 6e 89 e3 00 00 01 01 01 01 00 00 00 00 00 00 00
00:aa 19 d0 27 02 38 00 00 00 00 00 00 00 00 00 00 00 00 00 00 00 00 00 00 00 00 00 00 00 00 00 00 00 00 00 00 00 00 00 00 00 00 00 00 00 00 00 00 00 00 00 00 00 00 00 00 00 00 00 00 00 00 00 00
00:aa 19 08 28 02 38 00 00 00 00 00 00 00 00 00 00 00 00 00 00 00 00 00 00 00 00 00 00 00 00 00 00 00 00 00 00 00 00 00 00 00 00 00 00 00 00 00 00 00 00 00 00 00 00 00 00 00 00 00 00 00 00 00 00
00:aa 19 40 28 02 38 00 00 00 00 00 00 00 00 00 00 00 00 00 00 00 00 00 00 00 00 00 00 00 00 00 00 00 00 00 00 00 00 00 00 00 00 00 00 00 00 00 00 00 00 00 00 00 00 00 00 00 00 00 00 00 00 00 00
00:aa 19 78 28 02 38 00 00 00 00 00 00 00 00 00 00 00 00 00 00 00 00 00 00 00 00 00 00 00 00 00 00 00 00 00 00 00 00 00 00 00 00 00 00 00 00 00 00 00 00 00 00 00 00 00 00 00 00 00 00 00 00 00 00
00:aa 19 b0 28 02 38 00 00 00 00 00 00 00 00 00 00 00 00 00 00 00 00 00 00 00 00 00 00 00 00 00 00 00 00 00 00 00 00 00 00 00 00 00 00 00 00 00 00 00 00 00 00 00 00 00 00 00 00 00 00 00 00 00 00
00:aa 19 e8 28 02 38 00 00 00 00 00 00 00 00 00 00 00 00 00 00 00 00 00 00 00 69 e3 00 00 50 50 50 50 89 e3 87 b4 00 00 00 51 89 e3 87 b4 00 00 00 55 89 e3 47 bc 00 00 00 42 89 e3 89 db ed aa aa
00:aa 19 20 29 02 38 00 00 6f 89 e3 89 db aa ea aa ba 89 e3 89 db aa 9f 6f ba 89 e3 89 db af fa aa ba 89 e3 89 db aa ee aa e9 89 e3 89 db ae ab ae aa 89 e3 89 db ba aa 6a aa 89 e3 89 db ba bb a6
00:aa 19 58 29 02 38 00 00 aa 89 e3 89 db ea aa ea a9 89 e3 89 db aa ea aa aa 89 e3 89 db e9 9a a9 d6 89 e3 89 db be a7 b6 a9 89 e3 89 db eb f9 66 aa 89 e3 89 db aa ba ab f6 89 e3 00 00 00 00 0a
00:aa 19 90 29 02 38 00 00 15 89 e3 00 00 00 00 22 55 89 e3 00 00 00 00 22 55 89 e3 00 00 01 01 a9 55 00 00 00 00 00 00 00 00 00 00 00 00 00 00 00 00 00 00 00 00 00 00 00 00 00 00 00 00 00 00 00
00:aa 19 c8 29 02 38 00 00 00 00 00 00 00 00 00 00 00 00 00 00 00 00 00 00 00 00 00 00 00 00 00 00 00 00 00 00 00 00 00 00 00 00 00 00 00 00 00 00 00 00 00 00 00 00 00 00 00 00 00 00 00 00 00 00
00:aa 19 00 2a 02 38 00 00 00 00 00 00 00 00 00 00 00 00 00 00 00 00 00 00 00 00 00 00 00 00 00 00 00 00 00 00 00 00 00 00 00 00 00 00 00 00 00 00 00 00 00 00 00 00 00 00 00 00 00 00 00 00 00 00
00:aa 19 38 2a 02 38 00 00 00 00 00 00 00 00 00 00 00 00 00 00 00 00 00 00 00 00 00 00 00 00 00 00 00 00 00 00 00 00 00 00 00 00 00 00 00 00 00 00 00 00 00 00 00 00 00 00 00 00 00 00 00 00 00 00
00:aa 19 70 2a 02 38 00 00 00 00 00 00 00 00 00 00 00 00 00 00 00 00 00 00 00 00 00 00 00 00 00 00 00 00 00 00 00 00 00 00 00 00 00 00 00 00 00 00 00 00 00 00 00 00 00 00 00 00 00 00 00 00 00 00
00:aa 19 a8 2a 02 38 00 00 00 00 00 00 00 00 00 00 00 00 00 00 00 00 00 00 00 00 00 00 00 00 00 00 00 00 00 00 00 00 00 00 00 00 00 00 00 00 00 00 00 00 00 00 00 00 00 00 00 00 00 00 00 00 00 00
00:aa 19 e0 2a 02 38 00 00 00 00 00 00 00 00 00 00 00 00 00 00 00 00 00 00 00 00 00 00 00 00 00 00 00 89 e3 45 95 00 00 00 40 89 e3 89 db ab 9e 9a ab 89 e3 89 db fb aa b9 aa 89 e3 89 db ba ae 9b
00:aa 19 18 2b 02 38 00 00 9b 89 e3 89 db aa a9 ea fa 89 e3 89 db aa ba aa 6e 89 e3 89 db b9 aa 59 aa 89 e3 89 db ba aa 9e bb 89 e3 89 db aa b9 aa ee 89 e3 89 db 9a ad ba ea 89 e3 89 db ae d9 a6
00:aa 19 50 2b 02 38 00 00 aa 89 e3 89 db fb aa eb e6 89 e3 89 db ae aa 9e a9 89 e3 89 db ba a6 ba ab 29 eb 00 00 15 15 15 15 00 00 00 00 00 00 00 00 00 00 00 00 00 00 00 00 00 00 00 00 00 00 00
00:aa 19 88 2b 02 38 00 00 00 00 00 00 00 00 00 00 00 00 00 00 00 00 00 00 00 00 00 00 00 00 00 00 00 00 00 00 00 00 00 00 00 00 00 00 00 00 00 00 00 00 00 00 00 00 00 00 00 00 00 00 00 00 00 00
00:aa 19 c0 2b 02 38 00 00 00 00 00 00 00 00 00 00 00 00 00 00 00 00 00 00 00 00 00 00 00 00 00 00 00 00 00 00 00 00 00 00 00 00 00 00 00 00 00 00 00 00 00 00 00 00 00 00 00 00 00 00 00 00 00 00
00:aa 19 f8 2b 02 38 00 00 00 00 00 00 00 00 00 00 00 00 00 00 00 00 00 00 00 00 00 00 00 00 00 00 00 00 00 00 00 00 00 00 00 00 00 00 00 00 00 00 00 00 00 00 00 00 00 00 00 00 00 00 00 00 00 00
00:aa 19 30 2c 02 38 00 00 00 00 00 00 00 00 00 00 00 00 00 00 00 00 00 00 00 00 00 00 00 00 00 00 00 00 00 00 00 00 00 00 00 00 00 00 00 00 00 00 00 00 00 00 00 00 00 00 00 00 00 00 00 00 00 00
00:aa 19 68 2c 02 38 00 00 00 00 00 00 00 00 00 00 00 00 00 00 00 00 00 00 00 00 00 00 00 00 00 00 00 00 00 00 00 00 00 00 00 00 00 00 00 00 00 00 00 00 00 00 00 00 00 00 00 00 00 00 00 00 00 00
00:aa 19 a0 2c 02 38 00 00 00 00 00 00 00 00 00 00 00 00 00 00 00 00 00 00 00 00 00 00 00 00 00 00 00 00 00 00 00 00 00 00 00 00 00 00 00 00 00 00 00 00 00 00 00 00 00 00 00 00 00 00 00 00 00 00
00:aa 19 d8 2c 02 38 00 00 00 89 e3 c4 85 00 40 00 40 89 e3 00 00 00 00 01 01 89 db 00 00 00 00 55 55 89 db 00 00 00 00 54 54 89 e3 89 db be ea aa e6 89 e3 00 00 00 00 05 05 89 db 00 00 00 00 55
00:aa 19 10 2d 02 38 00 00 55 a6 b4 00 00 00 00 55 55 a6 b4 00 00 00 00 55 55 89 e3 89 db a6 ee aa ae 89 e3 00 00 00 01 01 01 29 eb 00 00 00 55 55 55 89 e3 00 00 00 60 60 60 89 e3 89 db ab ba e6
00:aa 19 48 2d 02 38 00 00 ea 29 eb 00 00 15 15 15 15 00 00 00 00 00 00 00 00 00 00 00 00 00 00 00 00 00 00 00 00 00 00 00 00 00 00 00 00 00 00 00 00 00 00 00 00 00 00 00 00 00 00 00 00 00 00 00
00:aa 19 80 2d 02 38 00 00 00 00 00 00 00 00 00 00 00 00 00 00 00 00 00 00 00 00 00 00 00 00 00 00 00 00 00 00 00 00 00 00 00 00 00 00 00 00 00 00 00 00 00 00 00 00 00 00 00 00 00 00 00 00 00 00
00:aa 19 b8 2d 02 38 00 00 00 00 00 00 00 00 00 00 00 00 00 00 00 00 00 00 00 00 00 00 00 00 00 00 00 00 00 00 00 00 00 00 00 00 00 00 00 00 00 00 00 00 00 00 00 00 00 00 00 00 00 00 00 00 00 00
00:aa 19 f0 2d 02 38 00 00 00 00 00 00 00 00 00 00 00 00 00 00 00 00 00 00 00 00 00 00 00 00 00 00 00 00 00 00 00 00 00 00 00 00 00 00 00 00 00 00 00 00 00 00 00 00 00 00 00 00 00 00 00 00 00 00
00:aa 19 28 2e 02 38 00 00 00 00 00 00 00 00 00 00 00 00 00 00 00 00 00 00 00 00 00 00 00 00 00 00 00 00 00 00 00 00 00 00 00 00 00 00 00 00 00 00 00 00 00 00 00 00 00 00 00 00 00 00 00 00 00 00
00:aa 19 60 2e 02 38 00 00 00 00 00 00 00 00 00 00 00 00 00 00 00 00 00 00 00 00 00 00 00 00 00 00 00 00 00 00 00 00 00 00 00 00 00 00 00 00 00 00 00 00 00 00 00 00 00 00 00 00 00 00 00 00 00 00
00:aa 19 98 2e 02 38 00 00 00 00 00 00 00 00 00 00 00 00 00 00 00 00 00 00 00 00 00 00 00 00 00 00 00 00 00 00 00 00 00 00 00 89 e3 65 95 00 40 00 00 89 e3 00 00 01 01 01 01 00 00 00 00 00 00 00
00:aa 19 d0 2e 02 38 00 00 00 89 db 00 00 54 54 54 54 89 e3 89 db aa 9a 6b 9a 69 e3 00 00 05 05 05 05 00 00 00 00 00 00 00 00 00 00 00 00 00 00 00 00 00 00 00 00 00 00 00 00 89 e3 89 db aa aa aa
00:aa 19 08 2f 02 38 00 00 ae 89 e3 00 00 01 01 01 01 00 00 00 00 00 00 00 00 89 e3 00 00 60 60 60 60 89 e3 89 db a6 ba ea aa 29 eb 00 00 15 15 15 15 00 00 00 00 00 00 00 00 00 00 00 00 00 00 00
00:aa 19 40 2f 02 38 00 00 00 00 00 00 00 00 00 00 00 00 00 00 00 00 00 00 00 00 00 00 00 00 00 00 00 00 00 00 00 00 00 00 00 00 00 00 00 00 00 00 00 00 00 00 00 00 00 00 00 00 00 00 00 00 00 00
00:aa 19 78 2f 02 38 00 00 00 00 00 00 00 00 00 00 00 00 00 00 00 00 00 00 00 00 00 00 00 00 00 00 00 00 00 00 00 00 00 00 00 00 00 00 00 00 00 00 00 00 00 00 00 00 00 00 00 00 00 00 00 00 00 00
00:aa 19 b0 2f 02 38 00 00 00 00 00 00 00 00 00 00 00 00 00 00 00 00 00 00 00 00 00 00 00 00 00 00 00 00 00 00 00 00 00 00 00 00 00 00 00 00 00 00 00 00 00 00 00 00 00 00 00 00 00 00 00 00 00 00
00:aa 19 e8 2f 02 38 00 00 00 00 00 00 00 00 00 00 00 00 00 00 00 00 00 00 00 00 00 00 00 00 00 00 00 00 00 00 00 00 00 00 00 00 00 00 00 00 00 00 00 00 00 00 00 00 00 00 00 00 00 00 00 00 00 00
00:aa 19 20 30 02 38 00 00 00 00 00 00 00 00 00 00 00 00 00 00 00 00 00 00 00 00 00 00 00 00 00 00 00 00 00 00 00 00 00 00 00 00 00 00 00 00 00 00 00 00 00 00 00 00 00 00 00 00 00 00 00 00 00 00
00:aa 19 58 30 02 38 00 00 00 00 00 00 00 00 00 00 00 00 00 00 00 00 00 00 00 00 00 00 00 00 00 00 00 00 00 00 00 00 00 00 00 00 00 00 00 00 00 00 00 00 00 00 00 00 00 00 00 00 00 00 00 00 00 00
00:aa 19 90 30 02 38 00 00 00 00 00 00 00 00 00 00 00 89 e3 c4 85 40 00 40 00 89 e3 00 00 01 01 01 01 00 00 00 00 00 00 00 00 89 db 00 00 54 54 54 54 89 e3 89 db ab ee 6a aa 69 e3 00 00 05 05 05
00:aa 19 c8 30 02 38 00 00 05 00 00 00 00 00 00 00 00 00 00 00 00 00 00 00 00 00 00 00 00 00 00 00 00 89 e3 89 db ae aa aa ae 89 e3 00 00 01 01 01 01 00 00 00 00 00 00 00 00 89 e3 00 00 60 60 60
00:aa 19 00 31 02 38 00 00 60 89 e3 89 db aa e6 ea ee 29 eb 00 00 15 15 15 15 00 00 00 00 00 00 00 00 00 00 00 00 00 00 00 00 00 00 00 00 00 00 00 00 00 00 00 00 00 00 00 00 00 00 00 00 00 00 00
00:aa 19 38 31 02 38 00 00 00 00 00 00 00 00 00 00 00 00 00 00 00 00 00 00 00 00 00 00 00 00 00 00 00 00 00 00 00 00 00 00 00 00 00 00 00 00 00 00 00 00 00 00 00 00 00 00 00 00 00 00 00 00 00 00
00:aa 19 70 31 02 38 00 00 00 00 00 00 00 00 00 00 00 00 00 00 00 00 00 00 00 00 00 00 00 00 00 00 00 00 00 00 00 00 00 00 00 00 00 00 00 00 00 00 00 00 00 00 00 00 00 00 00 00 00 00 00 00 00 00
00:aa 19 a8 31 02 38 00 00 00 00 00 00 00 00 00 00 00 00 00 00 00 00 00 00 00 00 00 00 00 00 00 00 00 00 00 00 00 00 00 00 00 00 00 00 00 00 00 00 00 00 00 00 00 00 00 00 00 00 00 00 00 00 00 00
00:aa 19 e0 31 02 38 00 00 00 00 00 00 00 00 00 00 00 00 00 00 00 00 00 00 00 00 00 00 00 00 00 00 00 00 00 00 00 00 00 00 00 00 00 00 00 00 00 00 00 00 00 00 00 00 00 00 00 00 00 00 00 00 00 00
00:aa 19 18 32 02 38 00 00 00 00 00 00 00 00 00 00 00 00 00 00 00 00 00 00 00 00 00 00 00 00 00 00 00 00 00 00 00 00 00 00 00 00 00 00 00 00 00 00 00 00 00 00 00 00 00 00 00 00 00 00 00 00 00 00
00:aa 19 50 32 02 38 00 00 00 00 00 00 00 00 00 00 00 00 00 00 00 00 00 00 00 00 00 00 00 00 00 00 00 00 00 00 00 00 00 00 00 00 00 00 00 00 00 00 00 89 e3 c4 85 40 00 c0 00 89 e3 00 00 01 01 01
00:aa 19 88 32 02 38 00 00 01 00 00 00 00 00 00 00 00 89 db 00 00 54 54 54 54 89 e3 89 db bb ea ba 00 69 e3 00 00 05 05 05 05 00 00 00 00 00 00 00 00 00 00 00 00 00 00 00 00 00 00 00 00 00 00 00
00:aa 19 c0 32 02 38 00 00 00 69 e3 89 db 9d bf bf 00 89 e3 00 00 01 01 01 01 00 00 00 00 00 00 00 00 89 e3 00 00 60 60 60 60 89 e3 49 e3 00 00 00 ff 29 eb 00 00 15 15 15 15 00 00 00 00 00 00 00
00:aa 19 f8 32 02 38 00 00 00 00 00 00 00 00 00 00 00 00 00 00 00 00 00 00 00 00 00 00 00 00 00 00 00 00 00 00 00 00 00 00 00 00 00 00 00 00 00 00 00 00 00 00 00 00 00 00 00 00 00 00 00 00 00 00
00:aa 19 30 33 02 38 00 00 00 00 00 00 00 00 00 00 00 00 00 00 00 00 00 00 00 00 00 00 00 00 00 00 00 00 00 00 00 00 00 00 00 00 00 00 00 00 00 00 00 00 00 00 00 00 00 00 00 00 00 00 00 00 00 00
00:aa 19 68 33 02 38 00 00 00 00 00 00 00 00 00 00 00 00 00 00 00 00 00 00 00 00 00 00 00 00 00 00 00 00 00 00 00 00 00 00 00 00 00 00 00 00 00 00 00 00 00 00 00 00 00 00 00 00 00 00 00 00 00 00
00:aa 19 a0 33 02 38 00 00 00 00 00 00 00 00 00 00 00 00 00 00 00 00 00 00 00 00 00 00 00 00 00 00 00 00 00 00 00 00 00 00 00 00 00 00 00 00 00 00 00 00 00 00 00 00 00 00 00 00 00 00 00 00 00 00
00:aa 19 d8 33 02 38 00 00 00 00 00 00 00 00 00 00 00 00 00 00 00 00 00 00 00 00 00 00 00 00 00 00 00 00 00 00 00 00 00 00 00 00 00 00 00 00 00 00 00 00 00 00 00 00 00 00 00 00 00 00 00 00 00 00
00:aa 19 10 34 02 38 00 00 00 00 00 00 00 00 00 00 00 00 00 00 00 00 00 00 00 00 00 00 00 00 00 00 00 00 00 00 00 00 00 00 00 00 00 00 00 00 00 00 00 00 00 00 00 00 00 00 00 00 00 00 00 00 00 00
00:aa 19 48 34 02 38 00 00 00 00 00 00 00 00 00 00 00 00 00 00 00 00 00 00 00 00 00 00 00 00 00 00 00 00 00 00 00 00 00 00 00 00 00 00 00 00 00 00 00 00 00 00 00 00 00 00 00 00 00 00 00 00 00 00
00:aa 19 80 34 02 38 00 00 00 00 00 00 00 00 00 00 00 00 00 00 00 00 00 00 00 00 00 00 00 00 00 00 00 00 00 00 00 00 00 00 00 00 00 00 00 00 00 00 00 00 00 00 00 00 00 00 00 00 00 00 00 00 00 00
00:aa 19 b8 34 02 38 00 00 00 00 00 00 00 00 00 00 00 00 00 00 00 00 00 00 00 00 00 00 00 00 00 00 00 00 00 00 00 00 00 00 00 00 00 00 00 00 00 00 00 00 00 00 00 00 00 00 00 00 00 00 00 00 00 00
00:aa 19 f0 34 02 38 00 00 00 00 00 00 00 00 00 00 00 00 00 00 00 00 00 00 00 00 00 00 00 00 00 00 00 00 00 00 00 00 00 00 00 00 00 00 00 00 00 00 00 00 00 00 00 00 00 00 00 00 00 00 00 00 00 00
00:aa 19 28 35 02 38 00 00 00 00 00 00 00 00 00 00 00 00 00 00 00 00 00 00 00 00 00 00 00 00 00 00 00 00 00 00 00 00 00 00 00 00 00 00 00 00 00 00 00 00 00 00 00 00 00 00 00 00 00 00 00 00 00 00
00:aa 19 60 35 02 38 00 00 00 00 00 00 00 00 00 00 00 00 00 00 00 00 00 00 00 00 00 00 00 00 00 00 00 00 00 00 00 00 00 00 00 00 00 00 00 00 00 00 00 00 00 00 00 00 00 00 00 00 00 00 00 00 00 00
00:aa 19 98 35 02 38 00 00 00 00 00 00 00 00 00 00 00 00 00 00 00 00 00 00 00 00 00 00 00 00 00 00 00 00 00 00 00 00 00 00 00 00 00 00 00 00 00 00 00 00 00 00 00 00 00 00 00 00 00 00 00 00 00 00
00:aa 19 d0 35 02 38 00 00 00 00 00 00 00 00 00 00 00 00 00 00 00 00 00 00 00 00 00 00 00 00 00 00 00 00 00 00 00 00 00 00 00 00 00 00 00 00 00 00 00 00 00 00 00 00 00 00 00 00 00 00 00 00 00 00
00:aa 19 08 36 02 38 00 00 00 00 00 00 00 00 00 00 00 00 00 00 00 00 00 00 00 00 00 00 00 00 00 00 00 00 00 00 00 00 00 00 00 00 00 00 00 00 00 00 00 00 00 00 00 00 00 00 00 00 00 00 00 00 00 00
00:aa 19 40 36 02 38 00 00 00 00 00 00 00 00 00 00 00 00 00 00 00 00 00 00 00 00 00 00 00 00 00 00 00 00 00 00 00 00 00 00 00 00 00 00 00 00 00 00 00 00 00 00 00 00 00 00 00 00 00 00 00 00 00 00
00:aa 19 78 36 02 38 00 00 00 00 00 00 00 00 00 00 00 00 00 00 00 00 00 00 00 00 00 00 00 00 00 00 00 00 00 00 00 00 00 00 00 00 00 00 00 00 00 00 00 00 00 00 00 00 00 00 00 00 00 00 00 00 00 00
00:aa 19 b0 36 02 38 00 00 00 00 00 00 00 00 00 00 00 00 00 00 00 00 00 00 00 00 00 00 00 00 00 00 00 00 00 00 00 00 00 00 00 00 00 00 00 00 00 00 00 00 00 00 00 00 00 00 00 00 00 00 00 00 00 00
00:aa 19 e8 36 02 38 00 00 00 00 00 00 00 00 00 00 00 00 00 00 00 00 00 00 00 00 00 00 00 00 00 00 00 00 00 00 00 00 00 00 00 00 00 00 00 00 00 00 00 00 00 00 00 00 00 00 00 00 00 00 00 00 00 00
00:aa 19 20 37 02 38 00 00 00 00 00 00 00 00 00 00 00 00 00 00 00 00 00 00 00 00 00 00 00 00 00 00 00 00 00 00 00 00 00 00 00 00 00 00 00 00 00 00 00 00 00 00 00 00 00 00 00 00 00 00 00 00 00 00
00:aa 19 58 37 02 38 00 00 00 00 00 00 00 00 00 00 00 00 00 00 00 00 00 00 00 00 00 00 00 00 00 00 00 00 00 00 00 00 00 00 00 00 00 00 00 00 00 00 00 00 00 00 00 00 00 00 00 00 00 00 00 00 00 00
00:aa 19 90 37 02 38 00 00 00 00 00 00 00 00 00 00 00 00 00 00 00 00 00 00 00 00 00 00 00 00 00 00 00 00 00 00 00 00 00 00 00 00 00 00 00 00 00 00 00 00 00 00 00 00 00 00 00 00 00 00 00 00 00 00
00:aa 19 c8 37 02 38 00 00 00 00 00 00 00 00 00 00 00 00 00 00 00 00 00 00 00 00 00 00 00 00 00 00 00 00 00 00 00 00 00 00 00 00 00 00 00 00 00 00 00 00 00 00 00 00 00 00 00 00 00 00 00 00 00 00
00:aa 19 00 38 02 38 00 00 00 00 00 00 00 00 00 00 00 00 00 00 00 00 00 00 00 00 00 00 00 00 00 00 00 00 00 00 00 00 00 00 00 00 00 00 00 00 00 00 00 00 00 00 00 00 00 00 00 00 00 00 00 00 00 00
00:aa 19 38 38 02 38 00 00 00 00 00 00 00 00 00 00 00 00 00 00 00 00 00 00 00 00 00 00 00 00 00 00 00 00 00 00 00 00 00 00 00 00 00 00 00 00 00 00 00 00 00 00 00 00 00 00 00 00 00 00 00 00 00 00
00:aa 19 70 38 02 38 00 00 00 00 00 00 00 00 00 00 00 00 00 00 00 00 00 00 00 00 00 00 00 00 00 00 00 00 00 00 00 00 00 00 00 00 00 00 00 00 00 00 00 00 00 00 00 00 00 00 00 00 00 00 00 00 00 00
00:aa 19 a8 38 02 38 00 00 00 00 00 00 00 00 00 00 00 00 00 00 00 00 00 00 00 00 00 00 00 00 00 00 00 00 00 00 00 00 00 00 00 00 00 00 00 00 00 00 00 00 00 00 00 00 00 00 00 00 00 00 00 00 00 00
00:aa 19 e0 38 02 38 00 00 00 00 00 00 00 00 00 00 00 00 00 00 00 00 00 00 00 00 00 00 00 00 00 00 00 00 00 00 00 00 00 00 00 00 00 00 00 00 00 00 00 00 00 00 00 00 00 00 00 00 00 00 00 00 00 00
00:aa 19 18 39 02 38 00 00 00 00 00 00 00 00 00 00 00 00 00 00 00 00 00 00 00 00 00 00 00 00 00 00 00 00 00 00 00 00 00 00 00 00 00 00 00 00 00 00 00 00 00 00 00 00 00 00 00 00 00 00 00 00 00 00
00:aa 19 50 39 02 38 00 00 00 00 00 00 00 00 00 00 00 00 00 00 00 00 00 00 00 00 00 00 00 00 00 00 00 00 00 00 00 00 00 00 00 00 00 00 00 00 00 00 00 00 00 00 00 00 00 00 00 00 00 00 00 00 00 00
00:aa 19 88 39 02 38 00 00 00 00 00 00 00 00 00 00 00 00 00 00 00 00 00 00 00 00 00 00 00 00 00 00 00 00 00 00 00 00 00 00 00 00 00 00 00 00 00 00 00 00 00 00 00 00 00 00 00 00 00 00 00 00 00 00
00:aa 19 c0 39 02 38 00 00 00 00 00 00 00 00 00 00 00 00 00 00 00 00 00 00 00 00 00 00 00 00 00 00 00 00 00 00 00 00 00 00 00 00 00 00 00 00 00 00 00 00 00 00 00 00 00 00 00 00 00 00 00 00 00 00
00:aa 19 f8 39 02 38 00 00 00 00 00 00 00 00 00 00 00 00 00 00 00 00 00 00 00 00 00 00 00 00 00 00 00 00 00 00 00 00 00 00 00 00 00 00 00 00 00 00 00 00 00 00 00 00 00 00 00 00 00 00 00 00 00 00
00:aa 19 30 3a 02 38 00 00 00 00 00 00 00 00 00 00 00 00 00 00 00 00 00 00 00 00 00 00 00 00 00 00 00 00 00 00 00 00 00 00 00 00 00 00 00 00 00 00 00 00 00 00 00 00 00 00 00 00 00 00 00 00 00 00
00:aa 19 68 3a 02 38 00 00 00 00 00 00 00 00 00 00 00 00 00 00 00 00 00 00 00 00 00 00 00 00 00 00 00 00 00 00 00 00 00 00 00 00 00 00 00 00 00 00 00 00 00 00 00 00 00 00 00 00 00 00 00 00 00 00
00:aa 19 a0 3a 02 38 00 00 00 00 00 00 00 00 00 00 00 00 00 00 00 00 00 00 00 00 00 00 00 00 00 00 00 00 00 00 00 00 00 00 00 00 00 00 00 00 00 00 00 00 00 00 00 00 00 00 00 00 00 00 00 00 00 00
00:aa 19 d8 3a 02 38 00 00 00 00 00 00 00 00 00 00 00 00 00 00 00 00 00 00 00 00 00 00 00 00 00 00 00 00 00 00 00 00 00 00 00 00 00 00 00 00 00 00 00 00 00 00 00 00 00 00 00 00 00 00 00 00 00 00
00:aa 19 10 3b 02 38 00 00 00 00 00 00 00 00 00 00 00 00 00 00 00 00 00 00 00 00 00 00 00 00 00 00 00 00 00 00 00 00 00 00 00 00 00 00 00 00 00 00 00 00 00 00 00 00 00 00 00 00 00 00 00 00 00 00
00:aa 19 48 3b 02 38 00 00 00 00 00 00 00 00 00 00 00 00 00 00 00 00 00 00 00 00 00 00 00 00 00 00 00 00 00 00 00 00 00 00 00 00 00 00 00 00 00 00 00 00 00 00 00 00 00 00 00 00 00 00 00 00 00 00
00:aa 19 80 3b 02 38 00 00 00 00 00 00 00 00 00 00 00 00 00 00 00 00 00 00 00 00 00 00 00 00 00 00 00 00 00 00 00 00 00 00 00 00 00 00 00 00 00 00 00 00 00 00 00 00 00 00 00 00 00 00 00 00 00 00
00:aa 19 b8 3b 02 38 00 00 00 00 00 00 00 00 00 00 00 00 00 00 00 00 00 00 00 00 00 00 00 00 00 00 00 00 00 00 00 00 00 00 00 00 00 00 00 00 00 00 00 00 00 00 00 00 00 00 00 00 00 00 00 00 00 00
00:aa 19 f0 3b 02 38 00 00 00 00 00 00 00 00 00 00 00 00 00 00 00 00 00 00 00 00 00 00 00 00 00 00 00 00 00 00 00 00 00 00 00 00 00 00 00 00 00 00 00 00 00 00 00 00 00 00 00 00 00 00 00 00 00 00
00:aa 19 28 3c 02 38 00 00 00 00 00 00 00 00 00 00 00 00 00 00 00 00 00 00 00 00 00 00 00 00 00 00 00 00 00 00 00 00 00 00 00 00 00 00 00 00 00 00 00 00 00 00 00 00 00 00 00 00 00 00 00 00 00 00
00:aa 19 60 3c 02 38 00 00 00 00 00 00 00 00 00 00 00 00 00 00 00 00 00 00 00 00 00 00 00 00 00 00 00 00 00 00 00 00 00 00 00 00 00 00 00 00 00 00 00 00 00 00 00 00 00 00 00 00 00 00 00 00 00 00
00:aa 19 98 3c 02 38 00 00 00 00 00 00 00 00 00 00 00 00 00 00 00 00 00 00 00 00 00 00 00 00 00 00 00 00 00 00 00 00 00 00 00 00 00 00 00 00 00 00 00 00 00 00 00 00 00 00 00 00 00 00 00 00 00 00
00:aa 19 d0 3c 02 38 00 00 00 00 00 00 00 00 00 00 00 00 00 00 00 00 00 00 00 00 00 00 00 00 00 00 00 00 00 00 00 00 00 00 00 00 00 00 00 00 00 00 00 00 00 00 00 00 00 00 00 00 00 00 00 00 00 00
00:aa 19 08 3d 02 38 00 00 00 00 00 00 00 00 00 00 00 00 00 00 00 00 00 00 00 00 00 00 00 00 00 00 00 00 00 00 00 00 00 00 00 00 00 00 00 00 00 00 00 00 00 00 00 00 00 00 00 00 00 00 00 00 00 00
00:aa 19 40 3d 02 38 00 00 00 00 00 00 00 00 00 00 00 00 00 00 00 00 00 00 00 00 00 00 00 00 00 00 00 00 00 00 00 00 00 00 00 00 00 00 00 00 00 00 00 00 00 00 00 00 00 00 00 00 00 00 00 00 00 00
00:aa 19 78 3d 02 38 00 00 00 00 00 00 00 00 00 00 00 00 00 00 00 00 00 00 00 00 00 00 00 00 00 00 00 00 00 00 00 00 00 00 00 00 00 00 00 00 00 00 00 00 00 00 00 00 00 00 00 00 00 00 00 00 00 00
00:aa 19 b0 3d 02 38 00 00 00 00 00 00 00 00 00 00 00 00 00 00 00 00 00 00 00 00 00 00 00 00 00 00 00 00 00 00 00 00 00 00 00 00 00 00 00 00 00 00 00 00 00 00 00 00 00 00 00 00 00 00 00 00 00 00
00:aa 19 e8 3d 02 38 00 00 00 00 00 00 00 00 00 00 00 00 00 00 00 00 00 00 00 00 00 00 00 00 00 00 00 00 00 00 00 00 00 00 00 00 00 00 00 00 00 00 00 00 00 00 00 00 00 00 00 00 00 00 00 00 00 00
00:aa 19 20 3e 02 38 00 00 00 00 00 00 00 00 00 00 00 00 00 00 00 00 00 00 00 00 00 00 00 00 00 00 00 00 00 00 00 00 00 00 00 00 00 00 00 00 00 00 00 00 00 00 00 00 00 00 00 00 00 00 00 00 00 00
00:aa 19 58 3e 02 38 00 00 00 00 00 00 00 00 00 00 00 00 00 00 00 00 00 00 00 00 00 00 00 00 00 00 00 00 00 00 00 00 00 00 00 00 00 00 00 00 00 00 00 00 00 00 00 00 00 00 00 00 00 00 00 00 00 00
00:aa 19 90 3e 02 38 00 00 00 00 00 00 00 00 00 00 00 00 00 00 00 00 00 00 00 00 00 00 00 00 00 00 00 00 00 00 00 00 00 00 00 00 00 00 00 00 00 00 00 00 00 00 00 00 00 00 00 00 00 00 00 00 00 00
00:aa 19 c8 3e 02 38 00 00 00 00 00 00 00 00 00 00 00 00 00 00 00 00 00 00 00 00 00 00 00 00 00 00 00 00 00 00 00 00 00 00 00 00 00 00 00 00 00 00 00 00 00 00 00 00 00 00 00 00 00 00 00 00 00 00
00:aa 19 00 3f 02 38 00 00 00 00 00 00 00 00 00 00 00 00 00 00 00 00 00 00 00 00 00 00 00 00 00 00 00 00 00 00 00 00 00 00 00 00 00 00 00 00 00 00 00 00 00 00 00 00 00 00 00 00 00 00 00 00 00 00
00:aa 19 38 3f 02 38 00 00 00 00 00 00 00 00 00 00 00 00 00 00 00 00 00 00 00 00 00 00 00 00 00 00 00 00 00 00 00 00 00 00 00 00 00 00 00 00 00 00 00 00 00 00 00 00 00 00 00 00 00 00 00 00 00 00
00:aa 19 70 3f 02 38 00 00 00 00 00 00 00 00 00 00 00 00 00 00 00 00 00 00 00 00 00 00 00 00 00 00 00 00 00 00 00 00 00 00 00 00 00 00 00 00 00 00 00 00 00 00 00 00 00 00 00 00 00 00 00 00 00 00
00:aa 19 a8 3f 02 38 00 00 00 00 00 00 00 00 00 00 00 00 00 00 00 00 00 00 00 00 00 00 00 00 00 00 00 00 00 00 00 00 00 00 00 00 00 00 00 00 00 00 00 00 00 00 00 00 00 00 00 00 00 00 00 00 00 00
00:aa 19 e0 3f 02 38 00 00 00 00 00 00 00 00 00 00 00 00 00 00 00 00 00 00 00 00 00 00 00 00 00 00 00 00 00 00 00 00 00 00 00 00 00 00 00 00 00 00 00 00 00 00 00 00 00 00 00 00 00 00 00 00 00 00
00:aa 19 18 40 02 38 00 00 00 00 00 00 00 00 00 00 00 00 00 00 00 00 00 00 00 00 00 00 00 00 00 00 00 00 00 00 00 00 00 00 00 00 00 00 00 00 00 00 00 00 00 00 00 00 00 00 00 00 00 00 00 00 00 00
00:aa 19 50 40 02 38 00 00 00 00 00 00 00 00 00 00 00 00 00 00 00 00 00 00 00 00 00 00 00 00 00 00 00 00 00 00 00 00 00 00 00 00 00 00 00 00 00 00 00 00 00 00 00 00 00 00 00 00 00 00 00 00 00 00
00:aa 19 88 40 02 38 00 00 00 00 00 00 00 00 00 00 00 00 00 00 00 00 00 00 00 00 00 00 00 00 00 00 00 00 00 00 00 00 00 00 00 00 00 00 00 00 00 00 00 00 00 00 00 00 00 00 00 00 00 00 00 00 00 00
00:aa 19 c0 40 02 38 00 00 00 00 00 00 00 00 00 00 00 00 07 ff ff ff fe 00 00 00 7f ff ff ff e0 00 00 07 ff ff ff fe 00 00 00 7f ff ff ff e0 00 00 07 ff ff ff fe 00 00 00 7f ff ff ff e0 00 00 07
00:aa 19 f8 40 02 38 00 00 ff ff ff fe 00 00 00 7f ff ff ff e0 00 00 07 ff ff ff fe 00 00 00 7f ff ff ff e0 00 00 07 ff ff ff fe 00 00 00 7f ff ff ff e0 00 00 07 ff ff ff fe 00 00 00 7f ff ff ff
00:aa 19 30 41 02 38 00 00 e0 00 00 07 ff ff ff fe 00 00 00 7f ff ff ff e0 00 00 07 ff ff ff fe 00 00 00 7f ff ff ff e0 00 00 07 ff ff ff fe 00 00 00 7f ff ff ff e0 00 00 07 ff ff ff fe 00 00 00
00:aa 19 68 41 02 38 00 00 7f ff ff ff e0 00 00 07 ff ff ff fe 00 00 00 7f ff ff ff e0 00 00 07 ff ff ff fe 00 00 00 7f ff ff ff e0 00 00 07 ff ff ff fe 00 00 00 7f ff ff ff e0 00 00 07 ff ff ff
00:aa 19 a0 41 02 38 00 00 fe 00 00 00 7f ff ff ff e0 00 00 07 ff ff ff fe 00 00 00 7f ff ff ff e0 00 00 07 ff ff ff fe 00 00 00 7f ff ff ff e0 00 00 00 00 00 00 00 00 00 00 00 00 00 00 00 00 00
00:aa 19 d8 41 02 38 00 00 00 00 00 00 00 00 00 00 00 00 00 00 00 00 00 00 00 00 00 00 00 00 00 00 00 00 00 00 00 00 00 00 00 00 00 00 00 00 00 00 00 00 00 00 00 00 00 00 00 00 00 00 00 00 00 00
00:aa 19 10 42 02 38 00 00 00 00 00 00 00 00 00 00 00 00 00 00 00 00 00 00 00 00 00 00 00 00 00 00 00 00 00 00 00 00 00 00 00 00 00 00 00 00 00 00 00 00 00 00 00 00 00 00 00 00 00 00 00 00 00 00
00:aa 19 48 42 02 38 00 00 00 00 00 00 00 00 00 00 00 00 00 00 00 00 00 00 00 00 00 00 00 00 00 00 00 00 00 00 00 00 00 00 00 00 00 00 00 00 00 00 00 00 00 00 00 00 00 00 00 00 00 00 00 00 00 00
00:aa 19 80 42 02 38 00 00 00 00 00 00 00 00 00 00 00 00 00 00 00 00 00 00 00 00 00 00 00 00 00 00 00 00 00 00 00 00 00 00 00 00 00 00 00 00 00 00 00 00 00 00 00 00 00 00 00 00 00 00 00 00 00 00
00:aa 19 b8 42 02 38 00 00 00 00 00 00 00 00 00 00 00 00 00 00 00 00 00 00 00 00 00 00 00 00 00 00 00 00 00 00 00 00 00 00 00 00 00 00 00 00 00 00 00 00 00 00 00 00 00 00 00 00 00 00 00 00 00 00
00:aa 19 f0 42 02 38 00 00 00 00 00 00 00 00 00 00 00 00 00 00 00 00 00 00 00 00 00 00 00 00 00 00 00 00 00 00 00 00 00 00 00 00 00 00 00 00 00 00 00 00 00 00 00 00 00 00 00 00 00 00 00 00 00 00
00:aa 19 28 43 02 38 00 00 00 00 00 00 00 00 00 00 00 00 00 00 00 00 00 00 00 00 00 00 00 00 00 00 00 00 00 00 00 00 00 00 00 00 00 00 00 00 00 00 00 00 00 00 00 00 00 00 00 00 00 00 00 00 00 00
00:aa 19 60 43 02 38 00 00 00 00 00 00 00 00 00 00 00 00 00 00 00 00 00 00 00 00 00 00 00 00 00 00 00 00 00 00 00 00 00 00 00 00 00 00 00 00 00 00 00 00 00 00 00 00 00 00 00 00 00 00 00 00 00 00
00:aa 19 98 43 02 38 00 00 00 00 00 00 00 00 00 00 00 00 00 00 00 00 00 00 00 00 00 00 00 00 00 00 00 00 00 00 00 00 00 00 00 00 00 00 00 00 00 00 00 00 00 00 00 00 00 00 00 00 00 00 00 00 00 00
00:aa 19 d0 43 02 38 00 00 00 00 00 00 00 00 00 00 00 00 00 00 00 00 00 00 00 00 00 00 00 00 00 00 00 00 00 00 00 00 00 00 00 00 00 00 00 00 00 00 00 00 00 00 00 00 00 00 00 00 00 00 00 00 00 00
00:aa 19 08 44 02 38 00 00 00 00 00 00 00 00 00 00 00 00 00 00 00 00 00 00 00 00 00 00 00 00 00 00 00 00 00 00 00 00 00 00 00 00 00 00 00 00 00 00 00 00 00 00 00 00 00 00 00 00 00 00 00 00 00 00
00:aa 19 40 44 02 38 00 00 00 00 00 00 00 00 00 00 00 00 00 00 00 00 00 00 00 00 00 00 00 00 00 00 00 00 00 00 00 00 00 00 00 00 00 00 00 00 00 00 00 00 00 00 00 00 00 00 00 00 00 00 00 00 00 00
00:aa 19 78 44 02 38 00 00 00 00 00 00 00 00 00 00 00 00 00 00 00 00 00 00 00 00 00 00 00 00 00 00 00 00 00 00 00 00 00 00 00 00 00 00 00 00 00 00 00 00 00 00 00 00 00 00 00 00 00 00 00 00 00 00
00:aa 19 b0 44 02 38 00 00 00 00 00 00 00 00 00 00 00 00 00 00 00 00 00 00 00 00 00 00 00 00 00 00 00 00 00 00 00 00 00 00 00 00 00 00 00 00 00 00 00 00 00 00 00 00 00 00 00 00 00 00 00 00 00 00
00:aa 19 e8 44 02 38 00 00 00 00 00 00 00 00 00 00 00 00 00 00 00 00 00 00 00 00 00 00 00 00 00 00 00 00 00 00 00 00 00 00 00 00 00 00 00 00 00 00 00 00 00 00 00 00 00 00 00 00 00 00 00 00 00 00
00:aa 19 20 45 02 38 00 00 00 00 00 00 00 00 00 00 00 00 00 00 00 00 00 00 00 00 00 00 00 00 00 00 00 00 00 00 00 00 00 00 00 00 00 00 00 00 00 00 00 00 00 00 00 00 00 00 00 00 00 00 00 00 00 00
00:aa 19 58 45 02 38 00 00 00 00 00 00 00 00 00 00 00 00 00 00 00 00 00 00 00 00 00 00 00 00 00 00 00 00 00 00 00 00 00 00 00 00 00 00 00 00 00 00 00 00 00 00 00 00 00 00 00 00 00 00 00 00 00 00
00:aa 19 90 45 02 38 00 00 00 00 00 00 00 00 00 00 00 00 00 00 00 00 00 00 00 00 00 00 00 00 00 00 00 00 00 00 00 00 00 00 00 00 00 00 00 00 00 00 00 00 00 00 00 00 00 00 00 00 00 00 00 00 00 00
00:aa 19 c8 45 02 38 00 00 00 00 00 00 00 00 00 00 00 00 00 00 00 00 00 00 00 00 00 00 00 00 00 00 00 00 00 00 00 00 00 00 00 00 00 00 00 00 00 00 00 00 00 00 00 00 00 00 00 00 00 00 00 00 00 00
00:aa 19 00 46 02 38 00 00 00 00 00 00 00 00 00 00 00 00 00 00 00 00 00 00 00 00 00 00 00 00 00 00 00 00 00 00 00 00 00 00 00 00 00 00 00 00 00 00 00 00 00 00 00 00 00 00 00 00 00 00 00 00 00 00
00:aa 19 38 46 02 38 00 00 00 00 00 00 00 00 00 00 00 00 00 00 00 00 00 00 00 00 00 00 00 00 00 00 00 00 00 00 00 00 00 00 00 00 00 00 00 00 00 00 00 00 00 00 00 00 00 00 00 00 00 00 00 00 00 00
00:aa 19 70 46 02 38 00 00 00 00 00 00 00 00 00 00 00 00 00 00 00 00 00 00 00 00 00 00 00 00 00 00 00 00 00 00 00 00 00 00 00 00 00 00 00 00 00 00 00 00 00 00 00 00 00 00 00 00 00 00 00 00 00 00
00:aa 19 a8 46 02 38 00 00 00 00 00 00 00 00 00 00 00 00 00 00 00 00 00 00 00 00 00 00 00 00 00 00 00 00 00 00 00 00 00 00 00 00 00 00 00 00 00 00 00 00 00 00 00 00 00 00 00 00 00 00 00 00 00 00
00:aa 19 e0 46 02 38 00 00 00 00 00 00 00 00 00 00 00 00 00 00 00 00 00 00 00 00 00 00 00 00 00 00 00 00 00 00 00 00 00 00 00 00 00 00 00 00 00 00 00 00 00 00 00 00 00 00 00 00 00 00 00 00 00 00
00:aa 19 18 47 02 38 00 00 00 00 00 00 00 00 00 00 00 00 00 00 00 00 00 00 00 00 00 00 00 00 00 00 00 00 00 00 00 00 00 00 00 00 00 00 00 00 00 00 00 00 00 00 00 00 00 00 00 00 00 00 00 00 00 00
00:aa 19 50 47 02 38 00 00 00 00 00 00 00 00 00 00 00 00 00 00 00 00 00 00 00 00 00 00 00 00 00 00 00 00 00 00 00 00 00 00 00 00 00 00 00 00 00 00 00 00 00 00 00 00 00 00 00 00 00 00 00 00 00 00
00:aa 19 88 47 02 38 00 00 00 00 00 00 00 00 00 00 00 00 00 00 00 00 00 00 00 00 00 00 00 00 00 00 00 00 00 00 00 00 00 00 00 00 00 00 00 00 00 00 00 00 00 00 00 00 00 00 00 00 00 00 00 00 00 00
00:aa 19 c0 47 02 38 00 00 00 00 00 00 00 00 00 00 00 00 00 00 00 00 00 00 00 00 00 00 00 00 00 00 00 00 00 00 00 00 00 00 00 00 00 00 00 00 00 00 00 00 00 00 00 00 00 00 00 00 00 00 00 00 00 00
00:aa 19 f8 47 02 38 00 00 00 00 00 00 00 00 00 00 00 00 00 00 00 00 00 00 00 00 00 00 00 00 00 00 00 00 00 00 00 00 00 00 00 00 00 00 00 00 00 00 00 00 00 00 00 00 00 00 00 00 00 00 00 00 00 00
00:aa 19 30 48 02 38 00 00 00 00 00 00 00 00 00 00 00 00 00 00 00 00 00 00 00 00 00 00 00 00 00 00 00 00 00 00 00 00 00 00 00 00 00 00 00 00 00 00 00 00 00 00 00 00 00 00 00 00 00 00 00 00 00 00
00:aa 19 68 48 02 38 00 00 00 00 00 00 00 00 00 00 00 00 00 00 00 00 00 00 00 00 00 00 00 00 00 00 00 00 00 00 00 00 00 00 00 00 00 00 00 00 00 00 00 00 00 00 00 00 00 00 00 00 00 00 00 00 00 00
00:aa 19 a0 48 02 38 00 00 00 00 00 00 00 00 00 00 00 00 00 00 00 00 00 00 00 00 00 00 00 00 00 00 00 00 00 00 00 00 00 00 00 00 00 00 00 00 00 00 00 00 00 00 00 00 00 00 00 00 00 00 00 00 00 00
00:aa 19 d8 48 02 38 00 00 00 00 00 00 00 00 00 00 00 00 00 00 00 00 00 00 00 00 00 00 00 00 00 00 00 00 00 00 00 00 00 00 00 00 00 00 00 00 00 00 00 00 00 00 00 00 00 00 00 00 00 00 00 00 00 00
00:aa 19 10 49 02 38 00 00 00 00 00 00 00 00 00 00 00 00 00 00 00 00 00 00 00 00 00 00 00 00 00 00 00 00 00 00 00 00 00 00 00 00 00 00 00 00 00 00 00 00 00 00 00 00 00 00 00 00 00 00 00 00 00 00
00:aa 19 48 49 02 38 00 00 00 00 00 00 00 00 00 00 00 00 00 00 00 00 00 00 00 00 00 00 00 00 00 00 00 00 00 00 00 00 00 00 00 00 00 00 00 00 00 00 00 00 00 00 00 00 00 00 00 00 00 00 00 00 00 00
00:aa 19 80 49 02 38 00 00 00 00 00 00 00 00 00 00 00 00 00 00 00 00 00 00 00 00 00 00 00 00 00 00 00 00 00 00 00 00 00 00 00 00 00 00 00 00 00 00 00 00 00 00 00 00 00 00 00 00 00 00 00 00 00 00
00:aa 19 b8 49 02 38 00 00 00 00 00 00 00 00 00 00 00 00 00 00 00 00 00 00 00 00 00 00 00 00 00 00 00 00 00 00 00 00 00 00 00 00 00 00 00 00 00 00 00 00 00 00 00 00 00 00 00 00 00 00 00 00 00 00
00:aa 19 f0 49 02 38 00 00 00 00 00 00 00 00 00 00 00 00 00 00 00 00 00 00 00 00 00 00 00 00 00 00 00 00 00 00 00 00 00 00 00 00 00 00 00 00 00 00 00 00 00 00 00 00 00 00 00 00 00 00 00 00 00 00
00:aa 19 28 4a 02 38 00 00 00 00 00 00 00 00 00 00 00 00 00 00 00 00 00 00 00 00 00 00 00 00 00 00 00 00 00 00 00 00 00 00 00 00 00 00 00 00 00 00 00 00 00 00 00 00 00 00 00 00 00 00 00 00 00 00
00:aa 19 60 4a 02 38 00 00 00 00 00 00 00 00 00 00 00 00 00 00 00 00 00 00 00 00 00 00 00 00 00 00 00 00 00 00 00 00 00 00 00 00 00 00 00 00 00 00 00 00 00 00 00 00 00 00 00 00 00 00 00 00 00 00
00:aa 19 98 4a 02 38 00 00 00 00 00 00 00 00 00 00 00 00 00 00 00 00 00 00 0f 12 63 00 00 00 00 55 0f 12 63 00 00 00 00 55 0f 12 63 00 00 00 00 55 0f 12 63 00 00 00 00 55 0f 12 63 00 00 00 00 55
00:aa 19 d0 4a 02 38 00 00 0f 12 63 00 00 00 00 55 0f 12 63 00 00 00 00 55 00 00 00 00 00 00 00 00 00 00 00 00 00 00 00 00 00 00 00 00 00 00 00 00 00 00 00 00 00 00 00 00 00 00 00 00 00 00 00 00
00:aa 19 08 4b 02 38 00 00 00 00 00 00 00 00 00 00 00 00 00 00 00 00 00 00 00 00 00 00 00 00 00 00 00 00 00 00 00 00 00 00 00 00 00 00 00 00 00 00 00 00 00 00 00 00 00 00 00 00 00 00 00 00 00 00
00:aa 19 40 4b 02 38 00 00 00 00 00 00 00 00 00 00 00 00 00 00 00 00 00 00 00 00 00 00 00 00 00 00 00 00 00 00 00 00 00 00 00 00 00 00 00 00 00 00 00 00 00 00 00 00 00 00 00 00 00 00 00 00 00 00
00:aa 19 78 4b 02 38 00 00 00 00 00 00 00 00 00 00 00 00 00 00 00 00 00 00 00 00 00 00 00 00 00 00 00 00 00 00 00 00 00 00 00 00 00 00 00 00 00 00 0f 12 00 00 55 55 55 40 0f 12 00 00 40 40 40 15
00:aa 19 b0 4b 02 38 00 00 0f 12 00 00 01 01 01 55 00 00 00 00 00 00 00 00 00 00 00 00 00 00 00 00 00 00 00 00 00 00 00 00 00 00 00 00 00 00 00 00 00 00 00 00 00 00 00 00 00 00 00 00 00 00 00 00
00:aa 19 e8 4b 02 38 00 00 00 00 00 00 00 00 00 00 0f 12 00 00 00 00 80 55 0f 12 00 00 0d 0d 0d 54 0f 12 00 00 55 55 55 01 00 00 00 00 00 00 00 00 00 00 00 00 00 00 00 00 00 00 00 00 00 00 00 00
00:aa 19 20 4c 02 38 00 00 00 00 00 00 00 00 00 00 00 00 00 00 00 00 00 00 00 00 00 00 00 00 00 00 00 00 00 00 00 00 00 00 00 00 00 00 00 00 00 00 00 00 00 00 00 00 00 00 00 00 00 00 00 00 00 00
00:aa 19 58 4c 02 38 00 00 00 00 00 00 00 00 00 00 00 00 00 00 00 00 00 00 00 00 00 00 00 00 00 00 00 00 00 00 00 00 00 00 00 00 00 00 00 00 00 00 00 00 00 00 00 00 00 00 00 00 00 00 00 00 00 00
00:aa 19 90 4c 02 38 00 00 00 00 00 00 00 00 00 00 00 00 00 00 00 00 00 00 00 00 00 00 00 00 00 00 0f 12 00 00 55 55 55 60 ef 11 00 00 40 40 40 15 0f 12 00 00 15 15 15 55 00 00 00 00 00 00 00 00
00:aa 19 c8 4c 02 38 00 00 00 00 00 00 00 00 00 00 00 00 00 00 00 00 00 00 00 00 00 00 00 00 00 00 00 00 00 00 00 00 00 00 00 00 00 00 00 00 00 00 00 00 00 00 00 00 00 00 00 00 00 00 00 00 00 00
00:aa 19 00 4d 02 38 00 00 00 00 00 00 00 00 00 00 0f 12 00 00 54 54 54 55 0f 12 00 00 01 01 01 57 0f 12 00 00 55 55 55 01 00 00 00 00 00 00 00 00 00 00 00 00 00 00 00 00 00 00 00 00 00 00 00 00
00:aa 19 38 4d 02 38 00 00 00 00 00 00 00 00 00 00 00 00 00 00 00 00 00 00 00 00 00 00 00 00 00 00 00 00 00 00 00 00 00 00 00 00 00 00 00 00 00 00 00 00 00 00 00 00 00 00 00 00 00 00 00 00 00 00
00:aa 19 70 4d 02 38 00 00 00 00 00 00 00 00 00 00 00 00 00 00 00 00 00 00 00 00 00 00 00 00 00 00 00 00 00 00 00 00 00 00 00 00 00 00 00 00 00 00 00 00 00 00 00 00 00 00 00 00 00 00 00 00 00 00
00:aa 19 a8 4d 02 38 00 00 00 00 00 00 00 00 00 00 00 00 00 00 00 00 00 00 0f 12 00 00 60 60 60 60 0f 12 00 00 15 15 15 15 00 00 00 00 00 00 00 00 00 00 00 00 00 00 00 00 00 00 00 00 00 00 00 00
00:aa 19 e0 4d 02 38 00 00 00 00 00 00 00 00 00 00 89 db 00 00 55 55 54 54 69 e3 00 00 55 55 00 00 69 e3 00 00 55 55 00 00 69 e3 00 00 55 55 00 00 69 e3 00 00 55 55 00 00 69 e3 00 00 55 55 00 00
00:aa 19 18 4e 02 38 00 00 69 e3 00 00 55 55 00 00 69 e3 00 00 55 55 03 03 0f 12 00 00 01 01 01 00 0f 12 00 00 55 55 55 05 00 00 00 00 00 00 00 00 00 00 00 00 00 00 00 00 00 00 00 00 00 00 00 00
00:aa 19 50 4e 02 38 00 00 00 00 00 00 00 00 00 00 00 00 00 00 00 00 00 00 00 00 00 00 00 00 00 00 00 00 00 00 00 00 00 00 00 00 00 00 00 00 00 00 00 00 00 00 00 00 00 00 00 00 00 00 00 00 00 00
00:aa 19 88 4e 02 38 00 00 00 00 00 00 00 00 00 00 00 00 00 00 00 00 00 00 00 00 00 00 00 00 00 00 00 00 00 00 00 00 00 00 00 00 00 00 00 00 00 00 00 00 00 00 00 00 00 00 00 00 00 00 00 00 00 00
00:aa 19 c0 4e 02 38 00 00 00 00 00 00 00 00 00 00 0f 12 00 00 60 60 60 60 89 db 0f 12 55 40 40 40 89 db 00 00 55 00 00 00 89 db 00 00 55 00 00 00 89 db 00 00 55 00 00 00 89 db 00 00 55 00 00 00
00:aa 19 f8 4e 02 38 00 00 89 db 00 00 54 00 00 00 89 db 00 00 00 00 00 00 89 db 00 00 00 00 00 00 89 db 00 00 00 00 00 00 89 db 00 00 00 00 00 00 89 db 00 00 00 00 00 00 89 db 00 00 00 00 00 00
00:aa 19 30 4f 02 38 00 00 89 db 0f 1a 01 01 01 01 0f 12 00 00 00 00 00 00 0f 12 00 00 05 00 00 00 0f 12 00 00 55 35 35 35 00 00 00 00 00 00 00 00 00 00 00 00 00 00 00 00 00 00 00 00 00 00 00 00
00:aa 19 68 4f 02 38 00 00 00 00 00 00 00 00 00 00 00 00 00 00 00 00 00 00 00 00 00 00 00 00 00 00 00 00 00 00 00 00 00 00 00 00 00 00 00 00 00 00 00 00 00 00 00 00 00 00 00 00 00 00 00 00 00 00
00:aa 19 a0 4f 02 38 00 00 00 00 00 00 00 00 00 00 00 00 00 00 00 00 00 00 00 00 00 00 00 00 00 00 00 00 00 00 00 00 00 00 00 00 00 00 00 00 00 00 00 00 00 00 00 00 00 00 cf 11 00 00 55 50 50 50
00:aa 19 d8 4f 02 38 00 00 0f 12 00 00 60 00 00 00 89 db 0f 1a 40 40 40 40 89 db 00 00 00 00 00 00 89 db 00 00 00 00 00 00 89 db 00 00 00 00 00 00 89 db 00 00 00 00 00 00 89 db 00 00 00 00 00 00
00:aa 19 10 50 02 38 00 00 89 db 00 00 00 00 00 00 89 db 00 00 00 00 00 00 89 db 00 00 00 00 00 00 89 db 00 10 00 15 15 15 89 db 00 08 00 40 40 40 89 db 20 18 00 01 01 01 89 db 00 10 03 57 57 57
00:aa 19 48 50 02 38 00 00 0f 12 00 00 00 00 00 00 0f 12 00 00 00 00 00 00 0f 12 00 00 35 35 35 35 00 00 00 00 00 00 00 00 00 00 00 00 00 00 00 00 00 00 00 00 00 00 00 00 00 00 00 00 00 00 00 00
00:aa 19 80 50 02 38 00 00 00 00 00 00 00 00 00 00 00 00 00 00 00 00 00 00 00 00 00 00 00 00 00 00 00 00 00 00 00 00 00 00 00 00 00 00 00 00 00 00 00 00 00 00 00 00 00 00 00 00 00 00 00 00 00 00
00:aa 19 b8 50 02 38 00 00 00 00 00 00 00 00 00 00 00 00 00 00 00 00 00 00 00 00 00 00 00 00 00 00 00 00 00 00 00 00 00 00 ce 11 00 00 50 50 50 50 0f 12 ce 11 50 00 00 00 0f 12 00 00 00 00 00 00
00:aa 19 f0 50 02 38 00 00 0f 12 00 10 35 15 15 15 89 db 00 10 40 40 40 40 89 db e7 ba 01 01 01 01 03 49 00 10 54 54 54 54 89 db 00 00 00 00 00 00 89 db 00 00 00 00 00 00 89 db 00 00 00 00 00 00
00:aa 19 28 51 02 38 00 00 89 db 00 00 00 00 00 00 89 db 00 00 00 00 00 00 89 db 00 10 15 00 00 00 89 db 00 10 40 15 15 15 89 db 00 10 01 54 54 54 89 db 0f 1a 55 01 01 01 0f 12 00 00 00 00 00 00
00:aa 19 60 51 02 38 00 00 0f 12 00 00 00 00 00 00 0f 12 00 00 35 35 35 35 00 00 00 00 00 00 00 00 00 00 00 00 00 00 00 00 00 00 00 00 00 00 00 00 00 00 00 00 00 00 00 00 00 00 00 00 00 00 00 00
00:aa 19 98 51 02 38 00 00 00 00 00 00 00 00 00 00 00 00 00 00 00 00 00 00 00 00 00 00 00 00 00 00 00 00 00 00 00 00 00 00 00 00 00 00 00 00 00 00 00 00 00 00 00 00 00 00 00 00 00 00 00 00 00 00
00:aa 19 d0 51 02 38 00 00 00 00 00 00 00 00 00 00 00 00 00 00 00 00 00 00 00 00 00 00 00 00 00 00 0f 12 00 00 50 50 50 50 0f 12 00 00 00 00 00 00 0f 12 00 00 00 00 00 00 89 db 0f 1a 40 40 40 40
00:aa 19 08 52 02 38 00 00 89 db 00 00 15 15 15 2a 25 8a 00 10 57 57 57 00 a9 e3 89 db 00 ff ff ff 89 db 00 00 00 00 00 00 89 db 00 00 00 00 00 00 89 db 00 00 00 00 00 00 89 db 00 00 00 00 00 00
00:aa 19 40 52 02 38 00 00 89 db 00 00 00 00 00 00 89 db 00 00 00 00 00 00 89 db c7 aa 15 00 00 00 89 db c7 aa 54 00 00 00 89 db 0f 1a 01 01 01 01 0f 12 00 00 00 00 00 00 0f 12 00 00 00 00 00 00
00:aa 19 78 52 02 38 00 00 0f 12 00 00 35 35 35 35 00 00 00 00 00 00 00 00 00 00 00 00 00 00 00 00 00 00 00 00 00 00 00 00 00 00 00 00 00 00 00 00 00 00 00 00 00 00 00 00 00 00 00 00 00 00 00 00
00:aa 19 b0 52 02 38 00 00 00 00 00 00 00 00 00 00 00 00 00 00 00 00 00 00 00 00 00 00 00 00 00 00 00 00 00 00 00 00 00 00 00 00 00 00 00 00 00 00 00 00 00 00 00 00 00 00 00 00 00 00 00 00 00 00
00:aa 19 e8 52 02 38 00 00 00 00 00 00 00 00 00 00 00 00 00 00 00 00 00 00 0f 12 00 00 50 50 50 50 0f 12 00 00 00 00 00 00 0f 12 00 00 00 00 00 00 89 db 0f 1a 40 40 40 40 89 db 00 00 00 00 00 00
00:aa 19 20 53 02 38 00 00 89 db 00 00 00 00 00 00 89 db 00 00 00 00 00 00 89 db 00 00 00 00 00 00 89 db 00 00 00 00 00 00 89 db 00 00 00 00 00 00 89 db 00 00 00 00 00 00 89 db 00 00 00 00 00 00
00:aa 19 58 53 02 38 00 00 89 db 00 00 00 00 00 00 89 db 00 00 00 00 00 00 89 db 00 00 00 00 00 00 89 db 0f 1a 01 01 01 01 0f 12 00 00 00 00 00 00 0a a3 0f 12 55 55 55 58 89 db 0f 12 70 70 70 a0
00:aa 19 90 53 02 38 00 00 89 db 00 00 00 00 00 00 89 db 00 00 00 00 00 00 08 c4 00 00 15 15 15 15 00 00 00 00 00 00 00 00 00 00 00 00 00 00 00 00 00 00 00 00 00 00 00 00 00 00 00 00 00 00 00 00
00:aa 19 c8 53 02 38 00 00 00 00 00 00 00 00 00 00 00 00 00 00 00 00 00 00 00 00 00 00 00 00 00 00 00 00 00 00 00 00 00 00 00 00 00 00 00 00 00 00 00 00 00 00 00 00 00 00 00 00 00 00 00 00 00 00
00:aa 19 00 54 02 38 00 00 00 00 00 00 00 00 00 00 b0 11 00 00 50 50 5a 55 0f 12 00 00 00 00 a0 50 0f 12 00 00 00 00 00 00 89 db 0f 1a 40 40 40 40 89 db 00 00 00 00 00 00 89 db 00 00 00 00 00 00
00:aa 19 38 54 02 38 00 00 89 db 00 00 00 00 00 00 89 db 00 00 00 00 00 00 89 db 00 00 00 00 00 00 89 db 00 00 00 00 00 00 89 db 00 00 00 00 00 00 89 db 00 00 00 00 00 00 89 db 00 00 00 00 00 00
00:aa 19 70 54 02 38 00 00 89 db 00 00 00 00 00 00 89 db 00 00 00 00 00 00 89 db 0f 1a 01 01 01 02 2a bb 0f 12 55 55 55 00 89 db 0f 12 58 58 58 a0 89 db 00 00 00 00 00 00 89 db 00 00 00 00 00 00
00:aa 19 a8 54 02 38 00 00 89 db 00 00 00 00 00 00 08 c4 00 00 15 15 15 15 00 00 00 00 00 00 00 00 00 00 00 00 00 00 00 00 00 00 00 00 00 00 00 00 00 00 00 00 00 00 00 00 00 00 00 00 00 00 00 00
00:aa 19 e0 54 02 38 00 00 00 00 00 00 00 00 00 00 00 00 00 00 00 00 00 00 00 00 00 00 00 00 00 00 00 00 00 00 00 00 00 00 00 00 00 00 00 00 00 00 00 00 00 00 00 00 00 00 00 00 00 00 00 00 00 00
00:aa 19 18 55 02 38 00 00 00 00 00 00 00 00 00 00 0f 12 00 00 50 50 5a 55 0f 12 00 00 00 00 aa 55 89 db 0f 12 40 40 c0 80 89 db 00 00 00 00 00 00 89 db 00 00 00 00 00 00 89 db 00 00 00 00 00 00
00:aa 19 50 55 02 38 00 00 89 db 00 00 00 00 00 00 89 db 00 00 00 00 00 00 89 db 00 00 00 00 00 00 89 db 00 00 00 00 00 00 89 db 00 00 00 00 00 00 89 db 00 00 00 00 00 00 89 db 00 00 00 00 00 00
00:aa 19 88 55 02 38 00 00 89 db 00 00 00 00 00 00 89 db 00 00 00 00 00 00 89 db 00 00 00 00 00 00 89 db 00 00 00 00 00 00 89 db 00 00 00 00 00 00 89 db 00 00 00 00 00 00 89 db 00 00 00 00 00 00
00:aa 19 c0 55 02 38 00 00 08 c4 00 00 15 15 15 15 00 00 00 00 00 00 00 00 00 00 00 00 00 00 00 00 00 00 00 00 00 00 00 00 00 00 00 00 00 00 00 00 00 00 00 00 00 00 00 00 00 00 00 00 00 00 00 00
00:aa 19 f8 55 02 38 00 00 00 00 00 00 00 00 00 00 00 00 00 00 00 00 00 00 00 00 00 00 00 00 00 00 00 00 00 00 00 00 00 00 00 00 00 00 00 00 00 00 00 00 00 00 00 00 00 00 69 e3 00 00 55 55 54 54
00:aa 19 30 56 02 38 00 00 89 db 00 00 55 55 00 00 89 db 00 00 55 55 00 00 89 db c4 85 40 40 00 00 89 db 00 00 00 00 00 00 89 db 00 00 00 00 00 00 89 db 00 00 00 00 00 00 89 db 00 00 00 00 00 00
00:aa 19 68 56 02 38 00 00 89 db 00 00 00 00 00 00 89 db 00 00 00 00 00 00 89 db 00 00 00 00 00 00 89 db 00 00 00 00 00 00 89 db 00 00 00 00 00 00 89 db 00 00 00 00 00 00 89 db 00 00 00 00 00 00
00:aa 19 a0 56 02 38 00 00 89 db 00 00 00 00 00 00 89 db 00 00 00 00 00 00 89 db 00 00 00 00 00 00 89 db 00 00 00 00 0a 05 89 db 00 00 00 00 aa 55 89 db 00 00 00 00 aa 55 08 c4 00 00 15 15 95 55
00:aa 19 d8 56 02 38 00 00 00 00 00 00 00 00 00 00 00 00 00 00 00 00 00 00 00 00 00 00 00 00 00 00 00 00 00 00 00 00 00 00 00 00 00 00 00 00 00 00 00 00 00 00 00 00 00 00 00 00 00 00 00 00 00 00
00:aa 19 10 57 02 38 00 00 00 00 00 00 00 00 00 00 00 00 00 00 00 00 00 00 00 00 00 00 00 00 00 00 00 00 00 00 00 00 00 00 00 00 00 00 00 00 00 00 69 e3 00 00 54 54 54 54 89 db 00 00 00 00 00 00
00:aa 19 48 57 02 38 00 00 89 db 00 00 00 00 00 00 89 db 00 00 00 00 00 00 89 db 00 00 00 00 00 00 89 db 00 00 00 00 00 00 89 db 00 00 00 00 00 00 89 db 00 00 00 00 00 00 89 db 00 00 00 00 00 00
00:aa 19 80 57 02 38 00 00 89 db 00 00 00 00 00 00 89 db 00 00 00 00 00 00 89 db 00 00 00 00 00 00 89 db 00 00 00 00 00 00 89 db 00 00 00 00 00 00 89 db 00 00 00 00 00 00 89 db 00 00 00 00 00 00
00:aa 19 b8 57 02 38 00 00 89 db 00 00 00 00 00 00 89 db 00 00 00 00 00 00 06 a5 00 00 05 05 05 05 00 00 00 00 00 00 00 00 00 00 00 00 00 00 00 00 00 00 00 00 00 00 00 00 00 00 00 00 00 00 00 00
00:aa 19 f0 57 02 38 00 00 00 00 00 00 00 00 00 00 00 00 00 00 00 00 00 00 00 00 00 00 00 00 00 00 00 00 00 00 00 00 00 00 00 00 00 00 00 00 00 00 00 00 00 00 00 00 00 00 00 00 00 00 00 00 00 00
00:aa 19 28 58 02 38 00 00 00 00 00 00 00 00 00 00 00 00 00 00 00 00 00 00 00 00 00 00 00 00 00 00 00 00 00 00 00 00 00 00 69 e3 00 00 54 54 54 54 89 db 00 00 00 00 00 00 89 db 00 00 00 00 00 00
00:aa 19 60 58 02 38 00 00 89 db 00 00 00 00 00 00 89 db 00 00 00 00 00 00 89 db 00 00 00 00 00 00 89 db 00 00 00 00 00 00 89 db 00 00 00 00 00 00 89 db 00 00 00 00 00 00 89 db 00 00 00 00 00 00
00:aa 19 98 58 02 38 00 00 89 db 00 00 00 00 00 00 89 db 00 00 00 00 00 00 89 db 00 00 00 00 00 00 89 db 00 00 00 00 00 00 89 db 00 00 00 00 00 00 89 db 00 00 00 00 00 00 89 db 00 00 00 00 00 00
00:aa 19 d0 58 02 38 00 00 89 db 00 00 00 00 00 00 89 db 00 00 05 00 00 00 89 db 00 00 55 25 25 25 00 00 00 00 00 00 00 00 00 00 00 00 00 00 00 00 00 00 00 00 00 00 00 00 00 00 00 00 00 00 00 00
00:aa 19 08 59 02 38 00 00 00 00 00 00 00 00 00 00 00 00 00 00 00 00 00 00 00 00 00 00 00 00 00 00 00 00 00 00 00 00 00 00 00 00 00 00 00 00 00 00 00 00 00 00 00 00 00 00 00 00 00 00 00 00 00 00
00:aa 19 40 59 02 38 00 00 00 00 00 00 00 00 00 00 00 00 00 00 00 00 00 00 00 00 00 00 00 00 00 00 69 e3 00 00 54 54 54 54 69 e3 89 db ff ff ff aa 69 e3 89 db ff ff ff aa 69 e3 89 db ff ff ff aa
00:aa 19 78 59 02 38 00 00 89 e3 89 db ff ff ff bf 89 db 00 00 00 00 00 00 89 db 00 00 00 00 00 00 89 db 00 00 00 00 00 00 89 db 00 00 00 00 00 00 89 db 00 00 00 00 00 00 89 db 00 00 00 00 00 00
00:aa 19 b0 59 02 38 00 00 89 db 00 00 00 00 00 00 89 db 00 00 00 00 00 00 89 db 00 00 00 00 00 00 89 db 00 00 00 00 00 00 89 db 00 00 00 00 00 00 89 db 00 00 00 00 00 00 89 db 00 00 00 00 00 00
00:aa 19 e8 59 02 38 00 00 89 db 00 00 00 00 00 00 89 db 00 00 25 25 25 25 00 00 00 00 00 00 00 00 00 00 00 00 00 00 00 00 00 00 00 00 00 00 00 00 00 00 00 00 00 00 00 00 00 00 00 00 00 00 00 00
00:aa 19 20 5a 02 38 00 00 00 00 00 00 00 00 00 00 00 00 00 00 00 00 00 00 00 00 00 00 00 00 00 00 00 00 00 00 00 00 00 00 00 00 00 00 00 00 00 00 00 00 00 00 00 00 00 00 00 00 00 00 00 00 00 00
00:aa 19 58 5a 02 38 00 00 00 00 00 00 00 00 00 00 00 00 00 00 00 00 00 00 00 00 00 00 00 00 00 00 00 00 00 00 00 00 00 00 00 00 00 00 00 00 00 00 00 00 00 00 00 00 00 00 89 db 65 95 40 40 40 40
00:aa 19 90 5a 02 38 00 00 89 db 00 00 00 00 00 00 69 e3 89 db ff ff ff aa 69 e3 89 db ff ff ff ab 89 db 00 00 00 00 00 00 69 e3 89 db ff ff ff fe 69 e3 89 db ff ff ff aa 69 e3 89 db ff ff ff aa
00:aa 19 c8 5a 02 38 00 00 69 e3 89 db ff ff ff aa 69 e3 89 db ff ff ff ab 89 db 00 00 00 00 00 00 89 db 00 00 00 01 01 01 29 eb 00 00 00 55 55 55 89 db 00 00 00 70 70 70 89 db 00 00 00 00 00 00
00:aa 19 00 5b 02 38 00 00 89 db 00 00 25 25 25 25 00 00 00 00 00 00 00 00 00 00 00 00 00 00 00 00 00 00 00 00 00 00 00 00 00 00 00 00 00 00 00 00 00 00 00 00 00 00 00 00 00 00 00 00 00 00 00 00
00:aa 19 38 5b 02 38 00 00 00 00 00 00 00 00 00 00 00 00 00 00 00 00 00 00 00 00 00 00 00 00 00 00 00 00 00 00 00 00 00 00 00 00 00 00 00 00 00 00 00 00 00 00 00 00 00 00 00 00 00 00 00 00 00 00
00:aa 19 70 5b 02 38 00 00 00 00 00 00 00 00 00 00 00 00 00 00 00 00 00 00 00 00 00 00 00 00 00 00 00 00 00 00 00 00 00 00 00 00 00 00 00 00 00 00 89 db 65 95 40 40 40 40 89 db 00 00 00 00 00 00
00:aa 19 a8 5b 02 38 00 00 62 39 00 00 15 15 15 15 89 db 00 00 54 54 54 54 89 db 00 00 00 00 00 00 89 db 00 00 01 01 01 01 00 00 00 00 00 00 00 00 00 00 00 00 00 00 00 00 00 00 00 00 00 00 00 00
00:aa 19 e0 5b 02 38 00 00 41 10 00 00 54 54 54 54 89 db 00 00 00 00 00 00 89 db 00 00 01 01 01 01 00 00 00 00 00 00 00 00 89 db 00 00 70 70 70 70 89 db 00 00 00 00 00 00 89 db 00 00 25 25 25 25
00:aa 19 18 5c 02 38 00 00 00 00 00 00 00 00 00 00 00 00 00 00 00 00 00 00 00 00 00 00 00 00 00 00 00 00 00 00 00 00 00 00 00 00 00 00 00 00 00 00 00 00 00 00 00 00 00 00 00 00 00 00 00 00 00 00
00:aa 19 50 5c 02 38 00 00 00 00 00 00 00 00 00 00 00 00 00 00 00 00 00 00 00 00 00 00 00 00 00 00 00 00 00 00 00 00 00 00 00 00 00 00 00 00 00 00 00 00 00 00 00 00 00 00 00 00 00 00 00 00 00 00
00:aa 19 88 5c 02 38 00 00 00 00 00 00 00 00 00 00 00 00 00 00 00 00 00 00 00 00 00 00 00 00 00 00 00 00 00 00 00 00 00 00 89 db 65 95 40 40 40 40 89 db 00 00 00 00 00 00 62 39 00 00 15 15 15 15
00:aa 19 c0 5c 02 38 00 00 89 db 00 00 54 54 54 54 89 db 00 00 00 00 00 00 89 db 00 00 01 01 01 01 00 00 00 00 00 00 00 00 00 00 00 00 00 00 00 00 00 00 00 00 00 00 00 00 41 10 00 00 54 54 54 54
00:aa 19 f8 5c 02 38 00 00 89 db 00 00 00 00 00 00 89 db 00 00 01 01 01 01 00 00 00 00 00 00 00 00 89 db 00 00 70 70 70 55 89 db 00 00 00 00 00 55 89 db 00 00 25 25 25 55 00 00 00 00 00 00 00 00
00:aa 19 30 5d 02 38 00 00 00 00 00 00 00 00 00 00 00 00 00 00 00 00 00 00 00 00 00 00 00 00 00 00 00 00 00 00 00 00 00 00 00 00 00 00 00 00 00 00 00 00 00 00 00 00 00 00 00 00 00 00 00 00 00 00
00:aa 19 68 5d 02 38 00 00 00 00 00 00 00 00 00 00 00 00 00 00 00 00 00 00 00 00 00 00 00 00 00 00 00 00 00 00 00 00 00 00 00 00 00 00 00 00 00 00 00 00 00 00 00 00 00 00 00 00 00 00 00 00 00 00
00:aa 19 a0 5d 02 38 00 00 00 00 00 00 00 00 00 00 00 00 00 00 00 00 00 00 00 00 00 00 00 00 00 00 89 db 65 95 40 40 40 40 89 db 00 00 00 00 00 00 62 39 00 00 15 15 15 15 89 db 00 00 54 54 54 54
00:aa 19 d8 5d 02 38 00 00 89 db 00 00 00 00 00 00 89 db 00 00 01 01 01 01 00 00 00 00 00 00 00 00 00 00 00 00 00 00 00 00 00 00 00 00 00 00 00 00 41 10 00 00 54 54 57 55 89 db 00 00 00 00 ff 55
00:aa 19 10 5e 02 38 00 00 89 db 00 00 01 01 fd 55 00 00 00 00 00 00 00 00 00 00 00 00 00 00 00 00 00 00 00 00 00 00 00 00 00 00 00 00 00 00 00 00 00 00 00 00 00 00 00 00 00 00 00 00 00 00 00 00
00:aa 19 48 5e 02 38 00 00 00 00 00 00 00 00 00 00 00 00 00 00 00 00 00 00 00 00 00 00 00 00 00 00 00 00 00 00 00 00 00 00 00 00 00 00 00 00 00 00 00 00 00 00 00 00 00 00 00 00 00 00 00 00 00 00
00:aa 19 80 5e 02 38 00 00 00 00 00 00 00 00 00 00 00 00 00 00 00 00 00 00 00 00 00 00 00 00 00 00 00 00 00 00 00 00 00 00 00 00 00 00 00 00 00 00 00 00 00 00 00 00 00 00 00 00 00 00 00 00 00 00
00:aa 19 b8 5e 02 38 00 00 00 00 00 00 00 00 00 00 00 00 00 00 00 00 00 00 89 db 00 00 80 80 7f 55 89 db 00 00 00 00 ff 55 62 39 00 00 15 15 55 55 89 db 00 00 54 54 57 55 89 db 00 00 00 00 ff 55
00:aa 19 f0 5e 02 38 00 00 89 db 00 00 01 01 f5 55 00 00 00 00 00 00 00 00 00 00 00 00 00 00 00 00 00 00 00 00 00 00 00 00 00 00 00 00 00 00 00 00 00 00 00 00 00 00 00 00 00 00 00 00 00 00 00 00
00:aa 19 28 5f 02 38 00 00 00 00 00 00 00 00 00 00 00 00 00 00 00 00 00 00 00 00 00 00 00 00 00 00 00 00 00 00 00 00 00 00 00 00 00 00 00 00 00 00 00 00 00 00 00 00 00 00 00 00 00 00 00 00 00 00
00:aa 19 60 5f 02 38 00 00 00 00 00 00 00 00 00 00 00 00 00 00 00 00 00 00 00 00 00 00 00 00 00 00 00 00 00 00 00 00 00 00 00 00 00 00 00 00 00 00 00 00 00 00 00 00 00 00 00 00 00 00 00 00 00 00
00:aa 19 98 5f 02 38 00 00 00 00 00 00 00 00 00 00 00 00 00 00 00 00 00 00 00 00 00 00 00 00 00 00 00 00 00 00 00 00 00 00 00 00 00 00 00 00 00 00 00 00 00 00 00 00 00 00 00 00 00 00 00 00 00 00
00:aa 19 d0 5f 02 38 00 00 00 00 00 00 00 00 00 00 00 00 00 00 00 00 00 00 00 00 00 00 00 00 00 00 00 00 00 00 00 00 00 00 00 00 00 00 00 00 00 00 00 00 00 00 00 00 00 00 00 00 00 00 00 00 00 00
00:aa 19 08 60 02 38 00 00 00 00 00 00 00 00 00 00 00 00 00 00 00 00 00 00 00 00 00 00 00 00 00 00 00 00 00 00 00 00 00 00 00 00 00 00 00 00 00 00 00 00 00 00 00 00 00 00 00 00 00 00 00 00 00 00
00:aa 19 40 60 02 38 00 00 00 00 00 00 00 00 00 00 00 00 00 00 00 00 00 00 00 00 00 00 00 00 00 00 00 00 00 00 00 00 00 00 00 00 00 00 00 00 00 00 00 00 00 00 00 00 00 00 00 00 00 00 00 00 00 00
00:aa 19 78 60 02 38 00 00 00 00 00 00 00 00 00 00 00 00 00 00 00 00 00 00 00 00 00 00 00 00 00 00 00 00 00 00 00 00 00 00 00 00 00 00 00 00 00 00 00 00 00 00 00 00 00 00 00 00 00 00 00 00 00 00
00:aa 19 b0 60 02 38 00 00 00 00 00 00 00 00 00 00 00 00 00 00 00 00 00 00 00 00 00 00 00 00 00 00 00 00 00 00 00 00 00 00 00 00 00 00 00 00 00 00 00 00 00 00 00 00 00 00 00 00 00 00 00 00 00 00
00:aa 19 e8 60 02 38 00 00 00 00 00 00 00 00 00 00 00 00 00 00 00 00 00 00 00 00 00 00 00 00 00 00 00 00 00 00 00 00 00 00 00 00 00 00 00 00 00 00 00 00 00 00 00 00 00 00 00 00 00 00 00 00 00 00
00:aa 19 20 61 02 38 00 00 00 00 00 00 00 00 00 00 00 00 00 00 00 00 00 00 00 00 00 00 00 00 00 00 00 00 00 00 00 00 00 00 00 00 00 00 00 00 00 00 00 00 00 00 00 00 00 00 00 00 00 00 00 00 00 00
00:aa 19 58 61 02 38 00 00 00 00 00 00 00 00 00 00 00 00 00 00 00 00 00 00 00 00 00 00 00 00 00 00 00 00 00 00 00 00 00 00 00 00 00 00 00 00 00 00 00 00 00 00 00 00 00 00 00 00 00 00 00 00 00 00
00:aa 19 90 61 02 38 00 00 00 00 00 00 00 00 00 00 00 00 00 00 00 00 00 00 00 00 00 00 00 00 00 00 00 00 00 00 00 00 00 00 00 00 00 00 00 00 00 00 00 00 00 00 00 00 00 00 00 00 00 00 00 00 00 00
00:aa 19 c8 61 02 38 00 00 00 00 00 00 00 00 00 00 00 00 00 00 00 00 00 00 00 00 00 00 00 00 00 00 00 00 00 00 00 00 00 00 00 00 00 00 00 00 00 00 00 00 00 00 00 00 00 00 00 00 00 00 00 00 00 00
00:aa 19 00 62 02 38 00 00 00 00 00 00 00 00 00 00 00 00 00 00 00 00 00 00 00 00 00 00 00 00 00 00 00 00 00 00 00 00 00 00 00 00 00 00 00 00 00 00 00 00 00 00 00 00 00 00 00 00 00 00 00 00 00 00
00:aa 19 38 62 02 38 00 00 00 00 00 00 00 00 00 00 00 00 00 00 00 00 00 00 00 00 00 00 00 00 00 00 00 00 00 00 00 00 00 00 00 00 00 00 00 00 00 00 00 00 00 00 00 00 00 00 00 00 00 00 00 00 00 00
00:aa 19 70 62 02 38 00 00 00 00 00 00 00 00 00 00 00 00 00 00 00 00 00 00 00 00 00 00 00 00 00 00 00 00 00 00 00 00 00 00 00 00 00 00 00 00 00 00 00 00 00 00 00 00 00 00 00 00 00 00 00 00 00 00
00:aa 19 a8 62 02 38 00 00 00 00 00 00 00 00 00 00 00 00 00 00 00 00 00 00 00 00 00 00 00 00 00 00 00 00 00 00 00 00 00 00 00 00 00 00 00 00 00 00 00 00 00 00 00 00 00 00 00 00 00 00 00 00 00 00
00:aa 19 e0 62 02 38 00 00 00 00 00 00 00 00 00 00 00 00 00 00 00 00 00 00 00 00 00 00 00 00 00 00 00 00 00 00 00 00 00 00 00 00 00 00 00 00 00 00 00 00 00 00 00 00 00 00 00 00 00 00 00 00 00 00
00:aa 19 18 63 02 38 00 00 00 00 00 00 00 00 00 00 00 00 00 00 00 00 00 00 00 00 00 00 00 00 00 00 00 00 00 00 00 00 00 00 00 00 00 00 00 00 00 00 00 00 00 00 00 00 00 00 00 00 00 00 00 00 00 00
00:aa 19 50 63 02 38 00 00 00 00 00 00 00 00 00 00 00 00 00 00 00 00 00 00 00 00 00 00 00 00 00 00 00 00 00 00 00 00 00 00 00 00 00 00 00 00 00 00 00 00 00 00 00 00 00 00 00 00 00 00 00 00 00 00
00:aa 19 88 63 02 38 00 00 00 00 00 00 00 00 00 00 00 00 00 00 00 00 00 00 00 00 00 00 00 00 00 00 00 00 00 00 00 00 00 00 00 00 00 00 00 00 00 00 00 00 00 00 00 00 00 00 00 00 00 00 00 00 00 00
00:aa 19 c0 63 02 38 00 00 00 00 00 00 00 00 00 00 00 00 00 00 00 00 00 00 00 00 00 00 00 00 00 00 00 00 00 00 00 00 00 00 00 00 00 00 00 00 00 00 00 00 00 00 00 00 00 00 00 00 00 00 00 00 00 00
00:aa 19 f8 63 02 38 00 00 00 00 00 00 00 00 00 00 00 00 00 00 00 00 00 00 00 00 00 00 00 00 00 00 00 00 00 00 00 00 00 00 00 00 00 00 00 00 00 00 00 00 00 00 00 00 00 00 00 00 00 00 00 00 00 00
00:aa 19 30 64 02 38 00 00 00 00 00 00 00 00 00 00 00 00 00 00 00 00 00 00 00 00 00 00 00 00 00 00 00 00 00 00 00 00 00 00 00 00 00 00 00 00 00 00 00 00 00 00 00 00 00 00 00 00 00 00 00 00 00 00
00:aa 19 68 64 02 38 00 00 00 00 00 00 00 00 00 00 00 00 00 00 00 00 00 00 00 00 00 00 00 00 00 00 00 00 00 00 00 00 00 00 00 00 00 00 00 00 00 00 00 00 00 00 00 00 00 00 00 00 00 00 00 00 00 00
00:aa 19 a0 64 02 38 00 00 00 00 00 00 00 00 00 00 00 00 00 00 00 00 00 00 00 00 00 00 00 00 00 00 00 00 00 00 00 00 00 00 00 00 00 00 00 00 00 00 00 00 00 00 00 00 00 00 00 00 00 00 00 00 00 00
00:aa 19 d8 64 02 38 00 00 00 00 00 00 00 00 00 00 00 00 00 00 00 00 00 00 00 00 00 00 00 00 00 00 00 00 00 00 00 00 00 00 00 00 00 00 00 00 00 00 00 00 00 00 00 00 00 00 00 00 00 00 00 00 00 00
00:aa 19 10 65 02 38 00 00 00 00 00 00 00 00 00 00 00 00 00 00 00 00 00 00 00 00 00 00 00 00 00 00 00 00 00 00 00 00 00 00 00 00 00 00 00 00 00 00 00 00 00 00 00 00 00 00 00 00 00 00 00 00 00 00
00:aa 19 48 65 02 38 00 00 00 00 00 00 00 00 00 00 00 00 00 00 00 00 00 00 00 00 00 00 00 00 00 00 00 00 00 00 00 00 00 00 00 00 00 00 00 00 00 00 00 00 00 00 00 00 00 00 00 00 00 00 00 00 00 00
00:aa 19 80 65 02 38 00 00 00 00 00 00 00 00 00 00 00 00 00 00 00 00 00 00 00 00 00 00 00 00 00 00 00 00 00 00 00 00 00 00 00 00 00 00 00 00 00 00 00 00 00 00 00 00 00 00 00 00 00 00 00 00 00 00
00:aa 19 b8 65 02 38 00 00 00 00 00 00 00 00 00 00 00 00 00 00 00 00 00 00 00 00 00 00 00 00 00 00 00 00 00 00 00 00 00 00 00 00 00 00 00 00 00 00 00 00 00 00 00 00 00 00 00 00 00 00 00 00 00 00
00:aa 19 f0 65 02 38 00 00 00 00 00 00 00 00 00 00 00 00 00 00 00 00 00 00 00 00 00 00 00 00 00 00 00 00 00 00 00 00 00 00 00 00 00 00 00 00 00 00 00 00 00 00 00 00 00 00 00 00 00 00 00 00 00 7f
00:aa 19 28 66 02 38 00 00 80 00 00 00 00 00 3f fe 00 00 00 00 00 07 c0 70 00 00 00 00 00 71 ff 80 00 00 00 00 07 ff fc 00 00 00 00 00 ff ff c0 00 00 00 00 1f ff fe 00 00 00 00 01 ff ff e0 00 00
00:aa 19 60 66 02 38 00 00 00 00 1f ff ff 80 00 00 00 01 ff ff f8 00 00 00 00 1f ff ff 80 00 00 00 01 ff ff f8 00 00 00 00 1f ff ff 80 00 00 00 01 ff ff e0 00 00 00 00 1f ff fe 00 00 00 00 00 3f
00:aa 19 98 66 02 38 00 00 ff e0 00 00 00 00 03 f8 fe 00 00 00 00 00 3f 8f e0 00 00 00 00 03 f8 fc 00 00 00 00 00 3f 8d c0 00 00 00 00 00 00 00 00 00 00 00 00 00 00 00 00 00 00 00 00 00 00 00 00
00:aa 19 d0 66 02 38 00 00 00 00 00 00 00 00 00 00 00 00 00 00 00 00 00 00 00 00 00 00 00 00 00 0f 12 00 00 55 56 54 54 0f 12 00 00 55 aa 00 00 0f 12 00 00 55 aa 00 00 0f 12 00 00 55 aa 00 00 0f
00:aa 19 08 67 02 38 00 00 12 00 00 55 aa 00 00 0f 12 00 00 55 aa 00 00 0f 12 00 00 55 aa 00 00 0f 12 00 00 55 a9 01 01 00 00 00 00 00 00 00 00 00 00 00 00 00 00 00 00 0f 12 00 00 55 00 00 00 0f
00:aa 19 40 67 02 38 00 00 12 00 00 54 01 01 01 0f 12 00 00 00 55 55 55 0f 12 00 00 00 55 55 55 0f 12 00 00 00 55 55 55 0f 12 00 00 00 55 55 55 0f 12 00 00 00 55 55 55 0f 12 00 00 00 55 55 55 0f
00:aa 19 78 67 02 38 00 00 12 00 00 01 55 55 55 0f 12 00 00 55 00 00 00 0f 12 00 00 55 0d 0d 0d 00 00 00 00 00 00 00 00 00 00 00 00 00 00 00 00 0f 12 00 00 55 01 01 01 0f 12 00 00 00 55 55 55 0f
00:aa 19 b0 67 02 38 00 00 12 00 00 01 55 55 55 00 00 00 00 00 00 00 00 0f 12 00 00 57 54 54 54 0f 12 00 00 f5 25 25 25 00 00 00 00 00 00 00 00 0f 12 00 00 55 01 01 01 0f 12 00 00 01 55 55 55 00
00:aa 19 e8 67 02 38 00 00 00 00 00 00 00 00 00 00 00 00 00 00 00 00 00 00 00 00 00 00 00 00 00 00 00 00 00 00 00 00 00 00 00 00 00 00 00 00 00 00 00 00 00 00 00 00 00 00 00 00 00 00 00 00 00 0f
00:aa 19 20 68 02 38 00 00 12 00 00 54 55 55 55 0f 12 00 00 25 50 50 50 0f 12 00 00 55 25 25 25 00 00 00 00 00 00 00 00 0f 12 21 00 01 01 01 03 00 00 00 00 00 00 00 00 00 00 00 00 00 00 00 00 00
00:aa 19 58 68 02 38 00 00 00 00 00 00 00 00 00 00 00 00 00 00 00 00 00 00 00 00 00 00 00 00 00 00 00 00 00 00 00 00 00 00 00 00 00 00 00 00 00 00 00 00 00 00 00 00 00 00 00 00 00 00 00 00 00 00
00:aa 19 90 68 02 38 00 00 00 00 00 00 00 00 00 00 00 00 00 00 00 00 00 00 00 00 00 00 00 00 00 0f 12 00 00 50 50 50 50 0f 12 00 00 25 25 25 25 00 00 00 00 00 00 00 00 0f 12 00 00 55 55 55 60 0f
00:aa 19 c8 68 02 38 00 00 12 63 00 40 40 40 00 0f 1a 0f 12 a8 a8 a8 a8 89 db 00 00 00 00 00 00 89 db 00 00 00 00 00 00 89 db 00 00 00 00 00 00 89 db 00 00 00 00 00 00 89 db 00 00 00 00 00 00 89
00:aa 19 00 69 02 38 00 00 db 00 00 00 00 00 00 89 db 00 00 00 00 00 00 89 db 00 00 00 00 00 00 89 db 00 00 00 00 00 00 89 db 00 00 00 00 00 00 89 db 00 00 00 00 00 00 89 db 00 00 00 00 00 00 89
00:aa 19 38 69 02 38 00 00 db 0f 12 25 25 25 25 0f 12 00 00 00 00 00 00 8e 11 00 00 15 15 15 15 00 00 00 00 00 00 00 00 0f 12 00 00 60 60 60 60 0f 12 00 00 00 00 00 00 0f 1a 0f 12 a8 a8 a8 aa a9
00:aa 19 70 69 02 38 00 00 e3 00 10 00 00 00 57 89 db 00 00 00 00 00 00 89 db 00 10 00 00 00 05 89 db 21 10 00 00 00 50 89 db 00 00 00 00 00 00 89 db 00 00 00 00 00 00 89 db 00 00 00 00 00 00 89
00:aa 19 a8 69 02 38 00 00 db 00 00 00 00 00 00 89 db c2 38 00 00 00 01 89 db 00 10 00 00 a8 56 89 db 00 00 00 00 00 00 89 db 00 10 00 00 0a 05 89 db 0f 12 25 25 a5 55 0f 12 00 00 00 00 00 00 0f
00:aa 19 e0 69 02 38 00 00 12 00 00 00 00 00 00 4d 11 00 00 15 15 15 15 00 00 00 00 00 00 00 00 0f 12 00 00 60 60 60 60 0f 12 00 00 00 00 00 00 0f 1a 0f 12 aa aa aa a8 89 db 00 10 57 57 57 02 89
00:aa 19 18 6a 02 38 00 00 db 00 10 00 00 00 55 89 db 21 10 05 05 05 50 89 db 21 10 50 50 50 00 89 db 00 00 00 00 00 00 89 db 00 00 00 00 00 00 89 db 00 00 00 00 00 00 89 db 00 00 00 00 00 00 89
00:aa 19 50 6a 02 38 00 00 db c2 38 01 01 02 00 89 db 00 10 56 56 fe 01 89 db 00 10 00 00 aa 55 89 db 00 10 05 05 af 50 0f 12 00 10 70 70 f0 00 0f 12 00 00 00 00 00 00 0f 12 00 00 00 00 00 00 4d
00:aa 19 88 6a 02 38 00 00 11 00 00 15 15 15 15 00 00 00 00 00 00 00 00 0f 12 00 00 60 60 60 60 0f 12 00 00 00 00 00 00 0f 1a 0f 12 a8 a8 a8 a8 89 db 47 8a 01 01 00 00 89 db 00 08 55 55 00 00 89
00:aa 19 c0 6a 02 38 00 00 db 00 08 50 50 00 00 89 db 00 00 00 00 00 00 89 db 00 00 00 00 00 00 89 db 00 00 00 00 00 00 89 db 00 00 00 00 00 00 89 db 00 00 00 00 00 00 89 db 00 00 00 00 00 00 89
00:aa 19 f8 6a 02 38 00 00 db a2 30 01 01 00 00 89 db 21 18 55 55 00 00 89 db 21 10 50 50 00 00 89 db 0f 12 25 25 25 25 0f 12 00 00 00 00 00 00 0f 12 00 00 00 00 00 00 4d 11 00 00 15 15 15 15 00
00:aa 19 30 6b 02 38 00 00 00 00 00 00 00 00 00 00 00 00 00 00 00 00 00 89 db 00 00 55 60 40 40 89 db ef 09 55 35 00 00 0f 12 00 00 00 00 00 00 0f 1a 0f 12 a8 a8 a8 a8 89 db 00 00 00 00 00 00 89
00:aa 19 68 6b 02 38 00 00 db 00 00 00 00 00 00 89 db 00 00 00 00 00 00 89 db 00 00 00 00 00 00 89 db 00 00 00 00 00 00 89 db 00 00 00 00 00 00 89 db 00 00 00 00 00 00 89 db 00 00 00 00 00 00 89
00:aa 19 a0 6b 02 38 00 00 db 00 00 00 00 00 00 89 db 00 00 00 00 00 00 89 db 00 00 00 00 00 00 89 db 00 00 00 00 00 00 89 db 0f 12 25 25 25 25 0f 12 00 00 00 00 00 00 89 db 0f 12 55 55 40 40 89
00:aa 19 d8 6b 02 38 00 00 db 00 00 d5 d5 00 00 89 db 00 00 55 55 00 00 89 db 00 00 55 55 01 01 89 db 00 00 40 40 40 40 89 db 69 d3 03 00 00 00 89 db 0f 12 55 00 00 00 89 db 0f 12 55 00 00 00 89
00:aa 19 10 6c 02 38 00 00 db 00 00 00 00 00 00 89 db 00 00 00 00 00 00 89 db 00 00 00 00 00 00 89 db 00 00 00 00 00 00 89 db 00 00 00 00 00 00 89 db 00 00 00 00 00 00 89 db 00 00 00 00 00 00 89
00:aa 19 48 6c 02 38 00 00 db 00 00 00 00 00 00 89 db 00 00 00 00 00 00 89 db 00 00 00 00 00 00 89 db 00 00 00 00 00 00 89 db 00 00 00 00 00 00 89 db 0f 12 25 25 00 00 89 db 0f 12 55 70 00 00 89
00:aa 19 80 6c 02 38 00 00 db ef 11 40 00 00 00 89 db 00 00 00 00 00 00 89 db 00 00 00 00 00 00 89 db 00 00 01 01 01 01 89 db 00 00 40 40 40 40 89 db 00 00 00 00 00 00 89 db 00 00 00 00 00 00 89
00:aa 19 b8 6c 02 38 00 00 db 00 00 00 00 00 00 89 db 00 00 00 00 00 00 89 db 00 00 00 00 00 00 89 db 00 00 00 00 00 00 89 db 00 00 00 00 00 00 89 db 00 00 00 00 00 00 89 db 00 00 00 00 00 00 89
00:aa 19 f0 6c 02 38 00 00 db 00 00 00 00 00 00 89 db 00 00 00 00 00 00 89 db 00 00 00 00 00 00 89 db 00 00 00 00 00 00 89 db 00 00 00 00 00 00 89 db 00 00 00 00 00 00 89 db 00 00 00 00 00 00 89
00:aa 19 28 6d 02 38 00 00 db 00 00 00 00 00 00 89 db 00 00 00 00 00 00 89 db 00 00 00 00 00 00 89 db 00 00 00 00 00 00 89 db 00 00 01 01 01 01 89 db 00 00 40 40 40 55 89 db 00 00 00 00 00 55 89
00:aa 19 60 6d 02 38 00 00 db 00 00 00 00 00 55 89 db 00 00 00 00 00 00 89 db 00 00 00 00 00 00 89 db 00 00 00 00 00 00 89 db 00 00 00 00 00 00 89 db 00 00 00 00 00 00 89 db 00 00 00 00 00 00 89
00:aa 19 98 6d 02 38 00 00 db 00 00 00 00 00 00 89 db 00 00 00 00 00 00 89 db 00 00 00 00 00 00 89 db 00 00 00 00 00 00 89 db 00 00 00 00 00 00 89 db 00 00 00 00 00 00 89 db 00 00 00 00 00 00 89
00:aa 19 d0 6d 02 38 00 00 db 00 00 00 00 00 00 89 db 00 00 00 00 00 00 89 e3 89 db ff ff ff fe 89 e3 89 db ff ff ff bf 89 e3 89 db ff ff ff ee 89 db 00 00 01 01 01 01 00 00 00 00 00 00 00 00 00
00:aa 19 08 6e 02 38 00 00 00 00 00 00 00 00 00 00 00 00 00 00 00 00 00 89 db 00 00 00 00 00 00 89 db 00 00 00 00 00 00 89 db 00 00 00 00 00 00 89 db 00 00 00 00 00 00 89 db 00 00 00 00 00 00 89
00:aa 19 40 6e 02 38 00 00 db 00 00 00 00 00 00 89 db 00 00 00 00 00 00 89 db 00 00 00 00 00 00 89 db 00 00 00 00 00 00 89 db 00 00 00 00 00 00 89 db 00 00 00 00 00 00 89 db 00 00 00 00 00 00 89
00:aa 19 78 6e 02 38 00 00 db 00 00 00 00 00 00 89 db 00 00 00 00 00 00 89 db 00 00 00 00 00 00 69 e3 00 00 15 15 15 15 00 00 00 00 00 00 00 00 00 00 00 00 00 00 00 00 00 00 00 00 00 00 00 00 00
00:aa 19 b0 6e 02 38 00 00 00 00 00 00 00 00 00 89 db 00 00 00 00 00 54 89 db 00 00 00 00 00 00 89 db 00 00 00 00 00 00 89 db 00 00 00 00 00 00 89 db 00 00 00 00 00 00 89 db 00 00 00 00 00 00 89
00:aa 19 e8 6e 02 38 00 00 db 00 00 00 00 00 00 89 db 00 00 00 00 00 00 89 db 00 00 00 00 00 00 89 db 00 00 00 00 00 00 89 db 00 00 00 00 00 00 89 db 00 00 00 00 00 00 89 db 00 00 00 00 00 00 89
00:aa 19 20 6f 02 38 00 00 db 00 00 00 00 00 00 89 db 00 00 00 00 00 00 69 e3 00 00 15 15 15 15 00 00 00 00 00 00 00 00 89 db 00 00 54 54 54 54 89 db 00 00 00 00 00 00 89 db 00 00 00 00 01 01 89
00:aa 19 58 6f 02 38 00 00 db 00 00 00 00 69 55 89 db 00 00 00 00 90 50 89 db 00 00 00 00 00 00 89 db 00 00 00 00 15 15 89 db 00 00 00 00 66 55 89 db 00 00 00 00 6d 55 89 db 00 00 00 00 65 55 89
00:aa 19 90 6f 02 38 00 00 db 00 00 00 00 00 00 89 db 60 11 00 00 09 09 89 db 00 00 00 00 67 55 89 db 00 00 00 00 b0 70 89 db 00 00 00 00 00 00 69 e3 00 00 15 15 15 15 00 00 00 00 00 00 00 00 89
00:aa 19 c8 6f 02 38 00 00 db 00 00 54 54 54 54 89 db 00 00 00 00 00 00 69 e3 00 00 01 01 01 01 00 00 00 00 00 00 00 00 89 db 00 00 50 50 50 50 89 db 00 00 00 00 00 00 89 db 00 00 15 15 15 15 89
00:aa 19 00 70 02 38 00 00 db 00 00 00 00 00 00 89 db 00 00 0d 0d 09 09 00 00 00 00 00 00 00 00 89 db 00 00 70 70 70 70 89 db 00 00 00 00 00 00 69 e3 00 00 15 15 15 15 00 00 00 00 00 00 00 00 89
00:aa 19 38 70 02 38 00 00 db 00 00 54 54 54 54 89 db 00 00 00 00 00 00 69 e3 00 00 01 01 01 01 00 00 00 00 00 00 00 00 89 db 00 00 50 50 50 50 89 db 00 00 00 00 00 00 89 db 00 00 15 15 15 15 89
00:aa 19 70 70 02 38 00 00 db 00 00 00 00 00 00 89 db 00 00 09 09 09 09 00 00 00 00 00 00 00 00 89 db 00 00 70 70 70 70 89 db 00 00 00 00 00 00 69 e3 00 00 15 15 15 15 00 00 00 00 00 00 00 00 89
00:aa 19 a8 70 02 38 00 00 db 00 00 54 54 54 54 89 db 00 00 00 00 00 00 69 e3 00 00 01 01 01 01 00 00 00 00 00 00 00 00 89 db 00 00 50 50 50 50 89 db 00 00 00 00 00 00 89 db 00 00 15 15 15 15 89
00:aa 19 e0 70 02 38 00 00 db 00 00 00 00 00 00 89 db 00 00 09 09 09 09 00 00 00 00 00 00 00 00 89 db 00 00 70 70 70 70 89 db 00 00 00 00 00 00 69 e3 00 00 15 15 15 15 89 db 00 00 54 56 55 55 89
00:aa 19 18 71 02 38 00 00 db 00 00 00 aa 55 55 89 db 00 00 01 ad 55 55 00 00 00 00 00 00 00 00 28 c4 00 00 50 55 55 55 28 c4 00 00 00 55 55 55 28 c4 00 00 15 55 55 55 28 c4 00 00 00 55 55 55 28
00:aa 19 50 71 02 38 00 00 c4 00 00 0d 55 55 55 28 c4 00 00 70 55 55 55 28 c4 00 00 00 55 55 55 e7 bb 00 00 15 55 55 55 00 00 00 00 00 00 00 00 00 00 00 00 00 00 00 00 00 00 00 00 00 00 00 00 00
00:aa 19 88 71 02 38 00 00 00 00 00 00 00 00 00 00 00 00 00 00 00 00 00 00 00 00 00 00 00 00 00 00 00 00 00 00 00 00 00 00 00 00 00 00 00 00 00 00 00 00 00 00 00 04 00 00 00 00 00 00 00 40 00 00
00:aa 19 c0 71 02 38 00 00 00 00 00 00 00 00 80 00 00 00 00 00 00 00 00 00 00 00 00 1f ff 00 00 00 00 00 03 ff f0 00 00 00 00 00 3f ff 00 00 00 00 00 39 ff f0 00 00 00 00 03 9f ff 78 00 00 00 00
00:aa 19 f8 71 02 38 00 00 3f ff ff 80 00 00 00 03 ff ff f8 00 00 00 00 1f ff ff 80 00 00 00 00 3f ff f0 00 00 00 00 03 ff fc 00 00 00 00 00 3f ff c0 00 00 00 00 03 f9 fc 00 00 00 00 00 3f 9f c0
00:aa 19 30 72 02 38 00 00 00 00 00 00 03 f9 fc 00 00 00 00 00 3b 8d c0 00 00 00 00 00 00 00 00 00 00 00 00 00 00 00 00 00 00 00 00 00 00 00 00 00 00 00 00 00 00 00 00 00 00 00 00 00 00 00 00 00
00:aa 19 68 72 02 38 00 00 00 00 00 00 00 00 0f 12 00 00 54 01 01 01 0f 12 00 00 01 55 55 55 0f 12 00 00 55 25 25 25 89 db 00 00 00 00 00 00 89 db 00 00 00 00 00 00 89 db 00 00 00 00 00 00 89 db
00:aa 19 a0 72 02 38 00 00 00 00 00 00 00 00 89 db 00 00 00 00 00 00 89 db 00 00 00 00 00 00 89 db 00 00 00 00 00 00 89 db 00 00 00 00 00 00 89 db 00 00 00 00 00 00 89 db 00 00 00 00 00 00 89 db
00:aa 19 d8 72 02 38 00 00 00 00 00 00 00 00 89 db 00 00 00 00 00 00 89 db 0f 12 25 25 25 25 0f 1a 0f 12 a8 a8 a8 aa a9 e3 01 08 00 00 00 57 89 db 00 00 00 00 00 00 89 db 01 08 00 00 00 05 89 db
00:aa 19 10 73 02 38 00 00 01 10 00 00 00 50 89 db 00 00 00 00 00 00 89 db 00 00 00 00 00 00 89 db 00 00 00 00 00 00 89 db 00 00 00 00 00 00 89 db 08 62 00 00 00 01 89 db 01 08 00 00 a8 56 89 db
00:aa 19 48 73 02 38 00 00 00 00 00 00 00 00 89 db 01 08 00 00 0a 05 89 db 0f 12 25 25 a5 55 0f 1a 0f 12 aa aa aa a8 89 db 41 10 57 57 57 02 89 db 01 08 00 00 00 55 89 db 01 10 05 05 05 50 89 db
00:aa 19 80 73 02 38 00 00 01 10 50 50 50 00 89 db 00 00 00 00 00 00 89 db 00 00 00 00 00 00 89 db 00 00 00 00 00 00 89 db 00 00 00 00 00 00 89 db 08 62 01 01 03 00 89 db 01 08 56 56 fe 03 89 db
00:aa 19 b8 73 02 38 00 00 01 08 00 00 aa 55 89 db 01 08 05 05 af 50 0f 12 01 08 70 70 f0 00 89 db 00 00 55 55 50 50 89 db 00 00 55 55 00 00 89 db 0f 12 55 55 35 35 89 db 46 8a 01 01 00 00 89 db
00:aa 19 f0 73 02 38 00 00 00 08 55 55 00 00 89 db 00 08 50 50 00 00 89 db 00 00 00 00 00 00 89 db 00 00 00 00 00 00 89 db 00 00 00 00 00 00 89 db 00 00 00 00 00 00 89 db 00 00 00 00 00 00 89 db
00:aa 19 28 74 02 38 00 00 00 00 00 00 00 00 89 db c7 59 01 01 00 00 89 db 21 18 55 55 00 00 89 db 21 10 50 50 00 00 89 db 0f 12 25 25 25 25 69 e3 00 00 50 50 50 50 89 db 00 00 00 00 00 00 89 db
00:aa 19 60 74 02 38 00 00 ef 09 35 35 00 00 89 db 00 00 00 00 00 00 89 db 00 00 00 00 00 00 89 db 00 00 00 00 00 00 89 db 00 00 00 00 00 00 89 db 00 00 00 00 00 00 89 db 00 00 00 00 00 00 89 db
00:aa 19 98 74 02 38 00 00 00 00 00 00 00 00 89 db 00 00 00 00 00 00 89 db 00 00 00 00 00 00 89 db 00 00 00 00 00 00 89 db 00 00 00 00 00 00 89 db 00 00 00 00 00 00 89 db 0f 12 25 25 25 25 0f 12
00:aa 19 d0 74 02 38 00 00 00 00 00 00 15 15 4d 11 00 00 15 15 55 55 00 00 00 00 00 00 00 00 00 00 00 00 00 00 00 00 69 e3 00 00 50 50 50 50 89 db 00 00 00 00 00 00 89 db 69 db 03 00 00 00 89 db
00:aa 19 08 75 02 38 00 00 0f 12 55 00 00 00 89 db 0f 12 55 00 00 00 89 db 00 00 00 00 00 00 89 db 00 00 00 00 00 00 89 db 00 00 00 00 00 00 89 db 00 00 00 00 00 00 89 db 00 00 00 00 00 00 89 db
00:aa 19 40 75 02 38 00 00 00 00 00 00 00 00 89 db 00 00 00 00 00 00 89 db 00 00 00 00 00 00 89 db 00 00 00 00 00 00 89 db 00 00 00 00 00 00 89 db 00 00 00 00 00 00 89 db 00 00 00 00 00 00 89 db
00:aa 19 78 75 02 38 00 00 0f 12 25 25 00 00 89 db 0f 12 55 55 00 00 89 db 0f 12 40 40 00 00 69 e3 89 db aa ff ff ff 89 db 00 00 01 01 01 01 00 00 00 00 00 00 00 00 69 e3 00 00 50 50 50 55 89 db
00:aa 19 b0 75 02 38 00 00 00 00 00 00 00 55 89 db 00 00 00 00 00 55 89 db 00 00 00 00 00 55 89 db 23 49 00 00 00 40 89 db 00 00 00 00 00 00 89 db 00 00 00 00 00 00 89 db 00 00 00 00 00 00 89 db
00:aa 19 e8 75 02 38 00 00 00 00 00 00 00 00 89 db 00 00 00 00 00 00 89 db 00 00 00 00 00 00 89 db 00 00 00 00 00 00 89 db 00 00 00 00 00 00 89 db 00 00 00 00 00 00 89 db 00 00 00 00 00 00 89 db
00:aa 19 20 76 02 38 00 00 00 00 00 00 00 00 89 db 00 00 00 00 00 00 89 db 00 00 00 00 00 00 89 db 00 00 00 00 00 00 89 db 00 00 00 00 00 00 89 db 00 00 00 00 00 00 89 db 00 00 01 01 01 01 00 00
00:aa 19 58 76 02 38 00 00 00 00 00 00 00 00 00 00 00 00 00 00 00 00 00 00 00 00 00 00 00 00 00 00 00 00 00 00 00 00 89 db c4 85 40 40 40 40 89 db 00 00 00 00 00 00 89 db 00 00 00 00 00 00 89 db
00:aa 19 90 76 02 38 00 00 00 00 00 00 00 00 89 db 00 00 00 00 00 00 89 db 00 00 00 00 00 00 89 db 00 00 00 00 00 00 89 db 00 00 00 00 00 00 89 db 00 00 00 00 00 00 89 db 00 00 00 00 00 00 89 db
00:aa 19 c8 76 02 38 00 00 00 00 00 00 00 00 89 db 00 00 00 00 00 00 89 db 00 00 00 00 00 00 89 db 00 00 00 00 00 00 89 db 00 00 00 00 00 00 89 db 00 00 00 00 00 00 89 db 00 00 00 00 00 00 89 db
00:aa 19 00 77 02 38 00 00 00 00 01 01 01 01 00 00 00 00 00 00 00 00 89 db c4 85 40 40 40 40 89 db 00 00 00 00 00 00 89 db 00 00 00 00 00 00 89 db 00 00 00 00 00 00 89 db 00 00 00 00 00 00 89 db
00:aa 19 38 77 02 38 00 00 00 00 00 00 00 00 89 db 00 00 00 00 00 00 89 db 00 00 00 00 00 00 89 db 00 00 00 00 00 00 89 db 00 00 00 00 00 00 89 db 00 00 00 00 00 00 89 db 00 00 00 00 00 00 89 db
00:aa 19 70 77 02 38 00 00 00 00 00 00 00 00 89 db 00 00 00 00 00 00 89 db 00 00 00 00 2a 15 89 db 00 00 00 00 aa 55 89 db 00 00 00 00 aa 55 89 db 00 00 01 01 a9 55 89 db c4 85 40 40 40 40 89 db
00:aa 19 a8 77 02 38 00 00 00 00 00 00 00 00 89 db 00 00 00 00 00 00 89 db 00 00 00 00 00 00 89 db 00 00 00 00 00 00 89 db 00 00 00 00 00 00 89 db 00 00 00 00 00 00 89 db 00 00 00 00 00 00 89 db
00:aa 19 e0 77 02 38 00 00 00 00 00 00 00 00 89 db 00 00 00 00 00 00 89 db 00 00 00 00 00 00 89 db 00 00 00 00 00 00 89 db 00 00 00 00 00 00 89 db 00 00 00 00 00 00 29 eb 00 00 15 15 15 15 00 00
00:aa 19 18 78 02 38 00 00 00 00 00 00 00 00 89 db c4 85 40 40 40 40 89 db 00 00 00 02 01 01 89 db 00 00 00 00 55 55 89 db 00 00 00 00 54 54 89 db 00 00 00 00 00 00 89 db 00 00 00 00 05 05 89 db
00:aa 19 50 78 02 38 00 00 00 00 00 00 55 55 89 db 00 00 00 00 55 55 89 db 00 00 00 00 55 55 69 e3 89 db ff ff bf bf 89 db 00 00 00 01 01 01 29 eb 00 00 00 55 55 55 89 db 00 00 00 70 70 70 89 db
00:aa 19 88 78 02 38 00 00 00 00 00 00 00 00 29 eb 00 00 15 15 15 15 00 00 00 00 00 00 00 00 89 db c4 85 40 40 40 40 89 db 00 00 01 01 01 01 00 00 00 00 00 00 00 00 89 db 00 00 54 54 54 54 89 db
00:aa 19 c0 78 02 38 00 00 00 00 00 00 00 00 69 e3 00 00 05 05 05 05 00 00 00 00 00 00 00 00 69 e3 89 db bf bf bf bf 89 db 00 00 01 01 01 01 00 00 00 00 00 00 00 00 89 db 00 00 70 70 70 70 89 db
00:aa 19 f8 78 02 38 00 00 00 00 00 00 00 00 29 eb 00 00 15 15 15 15 00 00 00 00 00 00 00 00 89 db c4 85 40 40 40 40 89 db 00 00 01 01 01 01 00 00 00 00 00 00 00 00 89 db 00 00 54 54 54 54 89 db
00:aa 19 30 79 02 38 00 00 00 00 00 00 00 00 69 e3 00 00 05 05 05 05 00 00 00 00 00 00 00 00 69 e3 89 db bf bf bf bf 89 db 00 00 01 01 01 01 00 00 00 00 00 00 00 00 89 db 00 00 70 70 70 70 89 db
00:aa 19 68 79 02 38 00 00 00 00 00 00 00 00 29 eb 00 00 15 15 15 15 00 00 00 00 00 00 00 00 89 db c4 85 40 40 40 40 89 db 00 00 01 01 01 01 00 00 00 00 00 00 00 00 89 db 00 00 54 54 54 54 69 e3
00:aa 19 a0 79 02 38 00 00 89 db ff ff ff 00 69 e3 00 00 05 05 05 05 00 00 00 00 00 00 00 00 69 e3 89 db bf bf bf 00 89 db 00 00 01 01 01 01 00 00 00 00 00 00 00 00 89 db 00 00 70 70 70 70 69 e3
00:aa 19 d8 79 02 38 00 00 89 db ff ff ff 00 29 eb 00 00 15 15 15 15 00 00 00 00 00 00 00 00 00 00 00 00 00 00 00 00 00 00 00 00 00 00 00 00 00 00 00 00 00 00 00 00 00 00 00 00 00 00 00 00 00 00
00:aa 19 10 7a 02 38 00 00 00 00 00 00 00 00 00 00 00 00 00 00 00 00 00 00 00 00 00 00 00 00 00 00 00 00 00 00 00 00 00 00 00 00 00 00 00 00 00 00 00 00 00 00 00 00 00 00 00 00 00 00 00 00 00 00
00:aa 19 48 7a 02 38 00 00 00 00 00 00 00 00 00 00 00 00 00 00 00 00 00 00 00 00 00 00 00 00 00 00 00 00 00 00 00 00 00 00 00 00 00 00 00 00 00 00 00 00 00 00 00 00 00 00 00 00 00 00 00 00 00 00
00:aa 19 80 7a 02 38 00 00 00 00 00 00 00 7f 80 00 00 00 00 00 0c 06 00 00 00 00 00 01 40 10 00 00 00 00 00 20 01 80 00 00 00 00 02 00 08 00 00 00 00 00 bf ff 40 00 00 00 00 0b ff f2 00 00 00 00
00:aa 19 b8 7a 02 38 00 00 00 bf ff 20 00 00 00 00 3b ff f2 00 00 00 00 03 bf ff 60 00 00 00 00 3f ff ff 00 00 00 00 03 ff ff f0 00 00 00 00 3f ff ff 00 00 00 00 03 ff ff f0 00 00 00 00 03 ff f0
00:aa 19 f0 7a 02 38 00 00 00 00 00 00 00 3f fb 00 00 00 00 00 03 71 b0 00 00 00 00 00 37 1b 00 00 00 00 00 03 71 b0 00 00 00 00 00 00 00 00 00 00 00 00 00 00 00 00 00 00 00 00 00 00 00 00 00 00
00:aa 19 28 7b 02 38 00 00 00 00 00 00 00 00 00 00 00 00 00 00 00 00 00 00 00 00 00 00 00 00 00 00 00 00 00 00 00 0f 12 00 00 55 56 54 54 0f 12 00 00 55 aa 00 00 0f 12 00 00 55 aa 00 00 0f 12 00
00:aa 19 60 7b 02 38 00 00 00 55 aa 00 00 0f 12 00 00 55 aa 00 00 0f 12 00 00 55 aa 00 00 0f 12 00 00 55 aa 00 00 0f 12 00 00 55 a9 01 01 0f 12 00 00 55 00 00 00 0f 12 00 00 54 01 01 01 0f 12 00
00:aa 19 98 7b 02 38 00 00 00 55 00 00 00 0f 12 00 00 55 0d 0d 0d 0f 12 00 00 55 01 01 01 0f 12 00 00 01 55 55 55 0f 12 00 00 f5 25 25 25 0f 12 00 00 55 01 01 01 0f 12 00 00 25 50 50 50 0f 12 00
00:aa 19 d0 7b 02 38 00 00 00 55 25 25 25 0f 12 21 00 01 01 01 03 0f 12 00 00 25 25 25 25 0f 12 00 00 55 55 55 60 0f 1a 0f 12 a8 a8 a8 a8 89 e3 89 db ee aa ae eb 89 e3 89 db ab 9a f9 9a 89 e3 89
00:aa 19 08 7c 02 38 00 00 db ab 9a 9a ae 89 e3 89 db ae aa ae 9a 89 e3 89 db 6b aa aa 6f 89 e3 89 db ba aa ae 7a 89 e3 89 db a6 aa ee aa 89 e3 89 db aa aa ee ae 89 e3 89 db 9a aa e6 aa 89 e3 89
00:aa 19 40 7c 02 38 00 00 db ea aa 9a aa 89 e3 89 db e9 aa ee ab 89 e3 89 db aa aa aa ff 89 e3 0f 1a 25 25 25 25 6f 11 00 00 15 15 15 15 0f 12 00 00 60 60 60 60 0f 1a 0f 12 a8 a8 a8 aa 89 e3 01
00:aa 19 78 7c 02 38 00 00 08 00 00 00 57 89 e3 89 db e9 b9 ae ab 89 e3 01 08 00 00 00 05 89 e3 01 10 00 00 00 50 89 e3 89 db fa af 9a ae 89 e3 89 db 67 66 a7 a7 89 e3 89 db ab aa 9b bb 89 e3 89
00:aa 19 b0 7c 02 38 00 00 db 69 97 9a ba 89 e3 c5 69 00 00 02 01 89 e3 01 08 00 00 a8 56 89 e3 89 db ae 9a b9 ab 89 e3 01 08 00 00 0a 05 89 e3 0f 12 25 25 a5 55 4d 11 00 00 15 15 15 15 0f 12 00
00:aa 19 e8 7c 02 38 00 00 00 60 60 60 60 0f 1a 0f 12 aa aa aa a8 89 e3 41 10 57 57 57 02 89 e3 01 08 00 00 00 55 89 db 01 10 05 05 05 50 89 db 01 10 50 50 50 00 89 e3 89 db aa 67 aa aa 89 e3 89
00:aa 19 20 7d 02 38 00 00 db ba bb aa ee 89 e3 89 db aa bb aa aa 89 e3 89 db 97 eb a6 bb 89 e3 c5 69 01 01 01 00 89 e3 01 08 56 56 fe 03 89 e3 01 08 00 00 aa 55 89 db 01 08 05 05 af 50 0f 12 01
00:aa 19 58 7d 02 38 00 00 08 70 70 f0 00 4d 11 00 00 15 15 15 15 00 00 00 00 00 00 00 00 00 00 00 00 00 00 00 00 0f 12 00 00 60 60 60 60 0f 1a 0f 12 a8 a8 a8 a8 89 e3 06 7a 01 01 00 00 89 db 00
00:aa 19 90 7d 02 38 00 00 08 55 55 00 00 89 e3 00 08 50 50 00 00 89 e3 89 db ab 6b aa 66 89 e3 89 db 9b aa ab aa 89 e3 89 db 9b 6a 6a ba 89 e3 89 db be 6a 95 ea 89 e3 89 db ea aa aa ee 89 e3 89
00:aa 19 c8 7d 02 38 00 00 db 99 aa aa ae 89 e3 85 61 01 01 00 00 89 e3 21 18 55 55 00 00 89 e3 21 10 50 50 00 00 89 e3 0f 1a 25 25 25 25 4d 11 00 00 15 15 15 15 00 00 00 00 00 00 00 00 00 00 00
00:aa 19 00 7e 02 38 00 00 00 00 00 00 00 0f 12 00 00 60 60 7a 55 0f 1a 0f 12 a8 a8 a8 a8 89 e3 89 db 9a d9 ba a7 89 e3 89 db ab ea aa 6e 89 e3 89 db ba af aa 7e 89 e3 89 db ba 6e be ea 89 e3 89
00:aa 19 38 7e 02 38 00 00 db eb ae 66 aa 89 e3 89 db aa ba aa ab 89 e3 89 db aa 66 ea 6f 89 e3 89 db ae ea 96 ea 89 e3 89 db fa aa 6d aa 89 e3 89 db aa ea ae ae 89 e3 89 db aa f9 aa 66 89 e3 89
00:aa 19 70 7e 02 38 00 00 db be aa aa aa 89 e3 0f 1a 25 25 25 25 0f 12 00 00 00 00 15 15 4d 11 00 00 15 15 55 55 69 e3 00 00 55 50 50 50 89 db 00 00 55 00 00 00 89 db 00 00 55 00 00 00 89 e3 0f
00:aa 19 a8 7e 02 38 00 00 12 55 55 ff 00 89 e3 0f 1a 55 55 ff 00 89 e3 89 db da aa a9 aa 89 e3 89 db ae a9 aa ae 89 e3 89 db ae 9b 6a aa 89 e3 89 db aa db aa 9e 89 e3 89 db e6 aa 9b aa 89 e3 89
00:aa 19 e0 7e 02 38 00 00 db fa aa a7 79 89 e3 89 db aa aa eb b6 89 e3 89 db b9 ab 9a aa 89 e3 89 db af 99 ba da 89 e3 89 db ba ea e5 da 89 e3 89 db aa a9 be a5 89 e3 89 db e9 aa 96 ea 89 e3 0f
00:aa 19 18 7f 02 38 00 00 12 25 25 00 00 89 e3 0f 12 55 55 00 00 89 e3 0f 12 40 40 00 00 89 e3 69 e3 55 00 00 00 89 e3 00 00 01 01 01 01 69 e3 00 00 50 50 50 50 89 e3 89 db ee 76 ba ba 89 e3 89
00:aa 19 50 7f 02 38 00 00 db ea aa 66 ea 89 e3 89 db aa ae ba ae 89 e3 89 db ea 66 aa ad 89 e3 89 db ed ea d5 9a 89 e3 89 db ae aa 66 6e 89 e3 89 db eb 9b aa ba 89 e3 89 db fa ae 6a 6e 89 e3 89
00:aa 19 88 7f 02 38 00 00 db ae db ab 6a 89 e3 89 db ee aa ae aa 89 e3 89 db ee aa 6a aa 89 e3 89 db ea 9e aa a6 89 e3 89 db aa da a7 fa 89 e3 89 db aa 99 ea aa 89 e3 89 db ba aa a5 ae 89 e3 89
00:aa 19 c0 7f 02 38 00 00 db f6 e6 ea 96 89 e3 89 db e7 6f a9 a6 89 e3 89 db aa ba aa a6 89 e3 89 db bb 6e 9a 9a 89 e3 89 db be 9b aa a6 89 db 00 00 01 01 01 01 69 e3 00 00 50 50 50 50 89 e3 89
00:aa 19 f8 7f 02 38 00 00 db eb fa ba bb 89 e3 89 db a7 aa aa bb 89 e3 89 db ea ba af eb 89 e3 89 db aa bb 6e aa 89 e3 89 db 7f aa aa 66 89 e3 89 db ee ae ae aa 89 e3 89 db aa aa ea ab 89 e3 89
00:aa 19 30 80 02 38 00 00 db aa e6 6a a6 89 e3 89 db aa eb a6 ea 89 e3 89 db e6 aa a6 aa 89 e3 89 db 6e aa 6a aa 89 e3 89 db aa ae ea ae 89 e3 89 db ae 6a aa 66 89 e3 89 db f6 aa aa 7a 89 e3 89
00:aa 19 68 80 02 38 00 00 db fb aa b9 ae 89 e3 89 db aa bb 7e e9 89 e3 89 db aa ba 6a aa 89 e3 89 db ae ad a9 6a 89 e3 89 db ab 99 ab 9a 89 e3 89 db aa e6 fa 6e 89 e3 00 00 01 01 01 01 69 e3 00
00:aa 19 a0 80 02 38 00 00 00 50 50 50 5a 89 e3 87 b4 00 00 00 5d 89 e3 87 b4 00 00 00 55 89 e3 46 9a 00 00 00 95 89 e3 89 db ed aa aa 6f 89 e3 89 db aa ea aa ba 89 e3 89 db aa 9f 6f ba 89 e3 89
00:aa 19 d8 80 02 38 00 00 db af fa aa ba 89 e3 89 db aa ee aa e9 89 e3 89 db ae ab ae aa 89 e3 89 db ba aa 6a aa 89 e3 89 db ba bb a6 aa 89 e3 89 db ea aa ea a9 89 e3 89 db aa ea aa aa 89 e3 89
00:aa 19 10 81 02 38 00 00 db e9 9a a9 d6 89 e3 89 db be a7 b6 a9 89 e3 89 db eb f9 66 aa 89 e3 89 db aa ba ab f6 89 e3 00 00 00 00 3a 15 89 e3 00 00 00 00 ee 55 89 e3 00 00 00 00 ee 55 89 db 00
00:aa 19 48 81 02 38 00 00 00 01 01 a9 55 89 e3 03 49 40 40 40 c0 89 e3 89 db ab 9e 9a ab 89 e3 89 db fb aa b9 aa 89 e3 89 db ba ae 9b 9b 89 e3 89 db aa a9 ea fa 89 e3 89 db aa ba aa 6e 89 e3 89
00:aa 19 80 81 02 38 00 00 db b9 aa 59 aa 89 e3 89 db ba aa 9e bb 89 e3 89 db aa b9 aa ee 89 e3 89 db 9a ad ba ea 89 e3 89 db ae d9 a6 aa 89 e3 89 db fb aa eb e6 89 e3 89 db ae aa 9e a9 89 e3 89
00:aa 19 b8 81 02 38 00 00 db ba a6 ba ab 89 e3 03 49 40 80 40 80 89 e3 00 00 00 03 01 01 89 db 00 00 00 00 55 55 89 db 00 00 00 00 54 54 89 e3 89 db be ea aa e6 89 e3 00 00 00 00 05 05 89 db 00
00:aa 19 f0 81 02 38 00 00 00 00 00 55 55 a6 b4 00 00 00 00 55 55 a6 b4 00 00 00 00 55 55 89 e3 89 db a6 ee aa ae 89 e3 00 00 00 01 01 01 89 e3 00 00 00 70 70 70 89 e3 89 db ab ba e6 ea 89 e3 03
00:aa 19 28 82 02 38 00 00 49 40 c0 40 40 89 e3 00 00 01 01 01 01 89 db 00 00 54 54 54 54 89 e3 89 db aa 9a 6b 9a 69 e3 00 00 05 05 05 05 89 e3 89 db aa aa aa ae 89 e3 00 00 01 01 01 01 89 e3 00
00:aa 19 60 82 02 38 00 00 00 70 70 70 70 89 e3 89 db a6 ba ea aa 89 e3 03 49 80 40 80 40 89 e3 00 00 01 01 01 01 89 db 00 00 54 54 54 54 89 e3 89 db ab ee 6a aa 69 e3 00 00 05 05 05 05 89 e3 89
00:aa 19 98 82 02 38 00 00 db ae aa aa ae 89 e3 00 00 01 01 01 01 89 e3 00 00 70 70 70 70 89 e3 89 db aa e6 ea ee 89 e3 83 51 80 40 c0 40 89 e3 00 00 01 01 01 01 89 db 00 00 54 54 54 54 89 e3 89
00:aa 19 d0 82 02 38 00 00 db bb ea ba 00 69 e3 00 00 05 05 05 05 69 e3 89 db 9d bf bf 00 89 e3 00 00 01 01 01 01 89 e3 00 00 70 70 70 70 89 e3 49 e3 00 00 00 ff 00 00 00 00 00 00 00 00 00 00 00
00:aa 19 08 83 02 38 00 00 00 00 00 00 00 00 00 00 00 00 00 00 00 00 00 00 00 00 00 00 00 00 00 00 00 00 00 00 00 00 00 00 00 00 00 00 00 00 00 00 00 00 00 00 00 00 00 00 00 00 00 00 7f e0 00 00
00:aa 19 40 83 02 38 00 00 00 00 00 0f ff c0 00 00 00 00 01 e0 3e 00 00 00 00 00 3f fb e0 00 00 00 00 03 ff fe 00 00 00 00 00 ff ff f0 00 00 00 00 0f ff ff 80 00 00 00 00 ff ff f8 00 00 00 00 1f
00:aa 19 78 83 02 38 00 00 ff ff 80 00 00 00 01 ff ff f8 00 00 00 00 3f ff ff 00 00 00 00 03 ff ff f8 00 00 00 00 3f ff ff 80 00 00 00 03 ff ff f8 00 00 00 00 07 ff ff 80 00 00 00 00 7f ff 80 00
00:aa 19 b0 83 02 38 00 00 00 00 00 07 71 f8 00 00 00 00 00 77 1f 80 00 00 00 00 03 71 f8 00 00 00 00 00 00 1f 80 00 00 00 00 00 00 00 00 00 00 00 00 00 00 00 00 00 00 00 00 00 00 00 00 00 00 00
00:aa 19 e8 83 02 38 00 00 00 00 00 00 00 00 00 00 00 00 00 00 00 00 00 00 00 00 00 00 00 00 00 00 00 00 00 00 00 00 00 00 00 00 00 00 00 00 00 00 00 00 00 00 0f 12 63 00 00 00 00 55 0f 12 63 00
00:aa 19 20 84 02 38 00 00 00 00 00 55 0f 12 63 00 00 00 00 55 0f 12 63 00 00 00 00 55 0f 12 63 00 00 00 00 55 0f 12 63 00 00 00 00 55 0f 12 63 00 00 00 00 55 00 00 00 00 00 00 00 00 0f 12 00 00
00:aa 19 58 84 02 38 00 00 55 55 55 40 0f 12 00 00 70 70 70 15 0f 12 00 00 00 00 02 55 00 00 00 00 00 00 00 00 00 00 00 00 00 00 00 00 00 00 00 00 00 00 00 00 00 00 00 00 00 00 00 00 00 00 00 00
00:aa 19 90 84 02 38 00 00 00 00 00 00 00 00 00 00 00 00 00 00 00 00 00 00 00 00 00 00 0f 12 00 00 40 40 40 55 0f 12 00 00 01 01 01 54 0f 12 00 00 55 55 55 01 00 00 00 00 00 00 00 00 0f 12 00 00
00:aa 19 c8 84 02 38 00 00 55 55 55 40 0f 12 00 00 40 40 40 d5 0f 12 00 00 15 15 15 55 00 00 00 00 00 00 00 00 00 00 00 00 00 00 00 00 0f 12 00 00 54 54 54 55 ef 11 00 00 01 01 01 54 0f 12 00 00
00:aa 19 00 85 02 38 00 00 55 55 55 09 00 00 00 00 00 00 00 00 0f 12 00 00 55 55 55 50 0f 12 00 00 40 40 40 00 69 e3 00 00 55 55 c0 c0 69 e3 00 00 55 55 00 00 69 e3 00 00 55 55 00 00 69 e3 00 00
00:aa 19 38 85 02 38 00 00 55 55 00 00 69 e3 00 00 55 55 00 00 69 e3 00 00 55 55 00 00 69 e3 00 00 55 55 00 00 69 e3 00 00 55 55 15 15 00 00 00 00 00 00 00 00 00 00 00 00 00 00 00 00 00 00 00 00
00:aa 19 70 85 02 38 00 00 00 00 00 00 0f 12 00 00 54 54 54 54 0f 12 00 00 09 09 09 09 0f 12 00 00 55 5c 5c 5c 0f 12 00 00 50 00 00 00 0f 12 00 00 00 00 00 00 89 db 0f 1a 40 40 40 40 89 db 00 00
00:aa 19 a8 85 02 38 00 00 00 00 00 00 89 db 00 00 00 00 00 00 89 db 00 00 00 00 00 00 89 db 00 00 00 00 00 00 89 db 00 00 00 00 00 00 89 db 00 00 00 00 00 00 89 db 00 00 15 00 00 00 89 db 00 00
00:aa 19 e0 85 02 38 00 00 55 00 00 00 89 db 00 00 55 00 00 00 89 db 00 00 55 00 00 00 89 db 00 00 55 00 00 00 89 db 0f 12 55 01 01 01 0f 12 00 00 09 09 09 09 00 00 00 00 00 00 00 00 00 00 00 00
00:aa 19 18 86 02 38 00 00 00 00 00 00 0f 12 00 00 5c 5c 5c 5c 0f 12 00 00 00 00 00 00 0f 12 00 00 00 00 00 00 89 db 00 10 c0 d5 d5 d5 89 db 20 18 00 40 40 40 89 db 00 10 00 01 01 01 89 db 20 10
00:aa 19 50 86 02 38 00 00 00 54 54 54 89 db 00 00 00 00 00 00 89 db 00 00 00 00 00 00 89 db 00 00 00 00 00 00 89 db 00 00 00 00 00 00 89 db 00 00 00 00 00 00 89 db 89 db 00 00 00 00 89 db 00 00
00:aa 19 88 86 02 38 00 00 00 00 00 00 89 db 89 db 00 00 00 00 89 db 0f 12 01 01 01 01 0f 12 00 00 09 00 00 00 cf 11 00 00 55 05 05 05 00 00 00 00 00 00 00 00 00 00 00 00 00 00 00 00 0f 12 00 00
00:aa 19 c0 86 02 38 00 00 5c 5c 5c 5c 0f 12 00 00 00 00 00 00 0f 12 00 00 00 00 00 00 89 db 0f 1a 55 40 40 40 89 db 00 10 40 15 15 15 89 db 00 10 01 54 54 54 89 db 00 10 54 00 00 00 89 db 00 00
00:aa 19 f8 86 02 38 00 00 00 00 00 00 89 db 00 00 00 00 00 00 89 db 00 00 00 00 00 00 89 db 00 00 00 00 00 00 89 db 00 00 00 00 00 00 03 49 00 10 15 15 15 15 89 db e7 ba 40 40 40 40 89 e3 00 10
00:aa 19 30 87 02 38 00 00 01 01 01 01 0f 12 00 10 5c 54 54 54 0f 12 00 00 00 00 00 00 0f 12 ae 11 05 00 00 00 b0 11 00 00 05 05 05 05 00 00 00 00 00 00 00 00 00 00 00 00 00 00 00 00 0f 12 00 00
00:aa 19 68 87 02 38 00 00 5c 5c 5c 5c 0f 12 00 00 00 00 00 00 0f 12 00 00 00 00 00 00 89 db 0f 1a 40 40 40 40 89 db 07 bb 15 00 00 00 89 db 07 bb 54 00 00 00 89 db 00 00 00 00 00 00 89 db 00 00
00:aa 19 a0 87 02 38 00 00 00 00 00 00 89 db 00 00 00 00 00 00 89 db 00 00 00 00 00 00 89 db 00 00 00 00 00 00 89 db 00 00 00 00 00 00 a9 e3 89 db 00 ff ff ff 25 8a 00 10 d5 d5 d5 00 89 db 00 08
00:aa 19 d8 87 02 38 00 00 54 54 54 a8 89 db 0f 12 01 01 01 01 0f 12 00 00 00 00 00 00 0f 12 00 00 00 00 00 00 0f 12 00 00 05 05 05 05 28 c4 00 00 54 54 54 54 89 db 00 00 00 00 00 00 89 db 00 00
00:aa 19 10 88 02 38 00 00 00 00 00 00 89 db 0f 12 0d 0d 0d 0a 0a a3 0f 12 55 55 55 05 0f 12 00 00 00 00 00 00 89 db 0f 1a 40 40 40 40 89 db 00 00 00 00 00 00 89 db 00 00 00 00 00 00 89 db 00 00
00:aa 19 48 88 02 38 00 00 00 00 00 00 89 db 00 00 00 00 00 00 89 db 00 00 00 00 00 00 89 db 00 00 00 00 00 00 89 db 00 00 00 00 00 00 89 db 00 00 00 00 00 00 89 db 00 00 00 00 00 00 89 db 00 00
00:aa 19 80 88 02 38 00 00 00 00 00 00 89 db 00 00 00 00 00 00 89 db 0f 12 01 01 01 01 0f 12 00 00 00 00 00 00 0f 12 00 00 00 00 00 00 0f 12 00 00 05 05 05 05 28 c4 00 00 54 54 54 54 89 db 00 00
00:aa 19 b8 88 02 38 00 00 00 00 00 00 89 db 00 00 00 00 00 00 89 db 00 00 00 00 00 00 89 db 0f 12 05 05 05 0a 4a bb 0f 12 55 55 55 00 89 db 0f 1a 40 40 40 80 89 db 00 00 00 00 00 00 89 db 00 00
00:aa 19 f0 88 02 38 00 00 00 00 00 00 89 db 00 00 00 00 00 00 89 db 00 00 00 00 00 00 89 db 00 00 00 00 00 00 89 db 00 00 00 00 00 00 89 db 00 00 00 00 00 00 89 db 00 00 00 00 00 00 89 db 00 00
00:aa 19 28 89 02 38 00 00 00 00 00 00 89 db 00 00 00 00 00 00 89 db 00 00 00 00 00 00 89 db 0f 12 01 01 01 01 0f 12 00 00 00 00 00 00 0f 12 00 00 00 00 0a 05 b0 11 00 00 05 05 a5 55 00 00 00 00
00:aa 19 60 89 02 38 00 00 00 00 00 00 28 c4 00 00 54 54 54 54 89 db 00 00 00 00 00 00 89 db 00 00 00 00 00 00 89 db 00 00 00 00 00 00 89 db 00 00 00 00 00 00 89 db 00 00 00 00 00 00 89 db 00 00
00:aa 19 98 89 02 38 00 00 00 00 00 00 89 db 00 00 00 00 00 00 89 db 00 00 00 00 00 00 89 db 00 00 00 00 00 00 89 db 00 00 00 00 00 00 89 db 00 00 00 00 00 00 89 db 00 00 00 00 00 00 89 db 00 00
00:aa 19 d0 89 02 38 00 00 00 00 00 00 89 db 00 00 00 00 00 00 89 db 00 00 00 00 00 00 89 db 00 00 00 00 00 00 89 db 00 00 00 00 00 00 89 db 0f 12 01 01 03 02 0f 12 00 00 00 00 aa 55 0f 12 00 00
00:aa 19 08 8a 02 38 00 00 05 05 a5 55 00 00 00 00 00 00 00 00 28 c4 00 00 54 54 56 55 89 db 00 00 00 00 aa 55 89 db 00 00 00 00 aa 55 89 db 00 00 00 00 a0 50 89 db 00 00 00 00 00 00 89 db 00 00
00:aa 19 40 8a 02 38 00 00 00 00 00 00 89 db 00 00 00 00 00 00 89 db 00 00 00 00 00 00 89 db 00 00 00 00 00 00 89 db 00 00 00 00 00 00 89 db 00 00 00 00 00 00 89 db 00 00 00 00 00 00 89 db 00 00
00:aa 19 78 8a 02 38 00 00 00 00 00 00 89 db 00 00 00 00 00 00 89 db 00 00 00 00 00 00 89 db 00 00 00 00 00 00 89 db 00 00 00 00 00 00 89 db 00 00 00 00 00 00 89 db c4 85 01 01 00 00 89 db 00 00
00:aa 19 b0 8a 02 38 00 00 55 55 00 00 89 db 00 00 55 55 00 00 69 e3 00 00 55 55 15 15 00 00 00 00 00 00 00 00 00 00 00 00 00 00 00 00 00 00 00 00 00 00 00 00 00 00 00 00 00 00 00 00 06 a5 00 00
00:aa 19 e8 8a 02 38 00 00 50 50 50 50 89 db 00 00 00 00 00 00 89 db 00 00 00 00 00 00 89 db 00 00 00 00 00 00 89 db 00 00 00 00 00 00 89 db 00 00 00 00 00 00 89 db 00 00 00 00 00 00 89 db 00 00
00:aa 19 20 8b 02 38 00 00 00 00 00 00 89 db 00 00 00 00 00 00 89 db 00 00 00 00 00 00 89 db 00 00 00 00 00 00 89 db 00 00 00 00 00 00 89 db 00 00 00 00 00 00 89 db 00 00 00 00 00 00 89 db 00 00
00:aa 19 58 8b 02 38 00 00 00 00 00 00 89 db 00 00 00 00 00 00 89 db 00 00 00 00 00 00 89 db 00 00 00 00 00 00 69 e3 00 00 15 15 15 15 00 00 00 00 00 00 00 00 00 00 00 00 00 00 00 00 00 00 00 00
00:aa 19 90 8b 02 38 00 00 00 00 00 00 89 db 00 00 55 58 58 58 89 db 00 00 50 00 00 00 89 db 00 00 00 00 00 00 89 db 00 00 00 00 00 00 89 db 00 00 00 00 00 00 89 db 00 00 00 00 00 00 89 db 00 00
00:aa 19 c8 8b 02 38 00 00 00 00 00 00 89 db 00 00 00 00 00 00 89 db 00 00 00 00 00 00 89 db 00 00 00 00 00 00 89 db 00 00 00 00 00 00 89 db 00 00 00 00 00 00 89 db 00 00 00 00 00 00 89 db 00 00
00:aa 19 00 8c 02 38 00 00 00 00 00 00 89 db 00 00 00 00 00 00 89 db 00 00 00 00 00 00 89 db 00 00 00 00 00 00 89 db 00 00 00 00 00 00 89 db 00 00 00 00 00 00 69 e3 00 00 15 15 15 15 89 db 00 00
00:aa 19 38 8c 02 38 00 00 58 58 58 58 89 db 00 00 00 00 00 00 89 db 00 00 00 00 00 00 89 db 00 00 00 00 00 00 89 db 00 00 00 00 00 00 89 db 00 00 00 00 00 00 89 db 00 00 00 00 00 00 89 db 00 00
00:aa 19 70 8c 02 38 00 00 00 00 00 00 89 db 00 00 00 00 00 00 89 db 00 00 00 00 00 00 89 db 00 00 00 00 00 00 89 db 00 00 00 00 00 00 89 db 00 00 00 00 00 00 89 db 00 00 00 00 00 00 89 db 00 00
00:aa 19 a8 8c 02 38 00 00 00 00 00 00 69 e3 89 db ff ff ff fe 69 e3 89 db ff ff ff aa 69 e3 89 db ff ff ff aa 69 e3 89 db ff ff ff aa 69 e3 00 00 15 15 15 15 89 db 00 00 58 58 58 58 89 db 00 00
00:aa 19 e0 8c 02 38 00 00 00 00 00 00 89 db 00 00 00 0d 0d 0d 29 eb 00 00 00 55 55 55 89 db 00 00 00 40 40 40 89 db 00 00 00 00 00 00 69 e3 89 db ff ff ff ea 69 e3 89 db ff ff ff aa 69 e3 89 db
00:aa 19 18 8d 02 38 00 00 ff ff ff aa 69 e3 89 db ff ff ff aa 69 e3 89 db ff ff ff bf 89 db 00 00 00 00 00 00 69 e3 89 db ff ff ff ea 69 e3 89 db ff ff ff aa 89 db 00 00 00 00 00 00 89 db 65 95
00:aa 19 50 8d 02 38 00 00 01 01 01 01 89 db 00 00 58 58 58 58 89 db 00 00 00 00 00 00 89 db 00 00 0d 0d 0d 0d 89 db 00 00 40 40 40 40 89 db 00 00 00 00 00 00 41 10 00 00 15 15 15 15 89 db 00 00
00:aa 19 88 8d 02 38 00 00 40 40 40 40 89 db 00 00 00 00 00 00 89 db 00 00 15 15 15 15 62 39 00 00 54 54 54 54 89 db 00 00 00 00 00 00 89 db 65 95 01 01 01 01 89 db 00 00 58 58 58 55 89 db 00 00
00:aa 19 c0 8d 02 38 00 00 00 00 00 55 89 db 00 00 0d 0d 0d 55 89 db 00 00 40 40 40 40 89 db 00 00 00 00 00 00 41 10 00 00 15 15 15 15 89 db 00 00 40 40 40 40 89 db 00 00 00 00 00 00 89 db 00 00
00:aa 19 f8 8d 02 38 00 00 15 15 15 15 62 39 00 00 54 54 54 54 89 db 00 00 00 00 00 00 89 db 65 95 01 01 01 01 00 00 00 00 00 00 00 00 00 00 00 00 00 00 00 00 89 db 00 00 40 40 7f 55 89 db 00 00
00:aa 19 30 8e 02 38 00 00 00 00 ff 55 41 10 00 00 15 15 d5 55 89 db 00 00 40 40 40 40 89 db 00 00 00 00 00 00 89 db 00 00 15 15 15 15 62 39 00 00 54 54 54 54 89 db 00 00 00 00 00 00 89 db 65 95
00:aa 19 68 8e 02 38 00 00 01 01 01 01 89 db 00 00 40 40 5f 55 89 db 00 00 00 00 ff 55 89 db 00 00 15 15 d5 55 62 39 00 00 54 54 55 55 89 db 00 00 00 00 ff 55 89 db 00 00 02 02 fd 55 00 00 00 00
00:aa 19 a0 8e 02 38 00 00 00 00 00 00 00 00 00 00 00 00 00 00 00 00 00 00 00 00 00 00 00 00 00 00 00 00 00 00 00 00 00 00 00 00 00 00 00 00 00 00 00 00 00 00 00 00 00 00 00 00 00 00 00 00 00 00
00:aa 19 d8 8e 02 38 00 00 00 00 00 1f e0 00 00 00 00 00 07 ff c0 00 00 00 00 00 e0 3e 00 00 00 00 00 1f f8 e0 00 00 00 00 03 ff fe 00 00 00 00 00 3f ff f0 00 00 00 00 07 ff ff 80 00 00 00 00 7f
00:aa 19 10 8f 02 38 00 00 ff f8 00 00 00 00 1f ff ff 80 00 00 00 01 ff ff f8 00 00 00 00 1f ff ff 80 00 00 00 01 ff ff f8 00 00 00 00 1f ff ff 80 00 00 00 00 7f ff f8 00 00 00 00 07 ff ff 80 00
00:aa 19 48 8f 02 38 00 00 00 00 00 7f ff c0 00 00 00 00 07 f1 fc 00 00 00 00 00 7f 1f c0 00 00 00 00 03 f1 fc 00 00 00 00 00 3b 1f c0 00 00 00 00 00 00 00 00 00 00 00 00 00 00 00 00 00 00 00 00
00:aa 19 80 8f 02 38 00 00 00 00 00 00 00 00 00 00 00 00 00 00 00 00 00 00 00 00 00 00 00 00 00 00 00 00 00 0f 12 00 00 55 6a 40 40 0f 12 00 00 55 aa 00 00 0f 12 00 00 55 aa 00 00 0f 12 00 00 55
00:aa 19 b8 8f 02 38 00 00 aa 00 00 0f 12 00 00 55 aa 00 00 0f 12 00 00 55 aa 00 00 0f 12 00 00 55 aa 00 00 0f 12 00 00 55 95 15 15 0f 12 00 00 55 70 70 70 0f 12 00 00 55 00 00 00 0f 12 00 00 40
00:aa 19 f0 8f 02 38 00 00 55 55 55 0f 12 00 00 00 55 55 55 0f 12 00 00 00 55 55 55 0f 12 00 00 00 55 55 55 0f 12 00 00 00 55 55 55 0f 12 00 00 00 55 55 55 0f 12 00 00 00 55 55 55 0f 12 00 00 15
00:aa 19 28 90 02 38 00 00 40 40 40 0f 12 00 00 55 00 00 00 00 00 00 00 00 00 00 00 00 00 00 00 00 00 00 00 0f 12 00 00 5f 58 58 58 0f 12 00 00 d5 15 15 15 00 00 00 00 00 00 00 00 0f 12 00 00 40
00:aa 19 60 90 02 38 00 00 55 55 55 0f 12 00 00 00 55 55 55 0f 12 00 00 55 40 40 40 00 00 00 00 00 00 00 00 00 00 00 00 00 00 00 00 0f 12 00 00 55 58 58 58 0f 12 00 00 58 05 05 05 0f 12 00 00 15
00:aa 19 98 90 02 38 00 00 55 55 55 00 00 00 00 00 00 00 00 00 00 00 00 00 00 00 00 00 00 00 00 00 00 00 00 00 00 00 00 00 00 00 00 00 00 00 00 00 00 00 00 00 00 00 00 00 00 00 00 00 00 00 00 00
00:aa 19 d0 90 02 38 00 00 00 00 00 0f 12 00 00 40 55 55 55 0f 12 00 00 55 40 40 40 00 00 00 00 00 00 00 00 00 00 00 00 00 00 00 00 0f 12 00 00 58 58 58 58 0f 12 00 00 05 05 05 05 00 00 00 00 00
00:aa 19 08 91 02 38 00 00 00 00 00 00 00 00 00 00 00 00 00 00 00 00 00 00 00 00 00 00 00 00 00 00 00 00 00 00 00 00 00 00 00 00 00 00 00 00 00 00 00 00 00 00 00 00 00 00 00 00 00 00 00 00 00 00
00:aa 19 40 91 02 38 00 00 00 00 00 00 00 00 00 00 00 00 00 00 00 00 00 00 00 00 00 00 00 00 00 00 00 00 00 00 00 00 00 00 00 00 00 0f 12 21 00 40 40 40 c0 00 00 00 00 00 00 00 00 6f 11 00 00 54
00:aa 19 78 91 02 38 00 00 54 54 54 0f 12 00 00 00 00 00 00 89 db 0f 12 58 58 58 58 89 db 00 00 00 00 00 00 89 db 00 00 00 00 00 00 89 db 00 00 00 00 00 00 89 db 00 00 00 00 00 00 89 db 00 00 00
00:aa 19 b0 91 02 38 00 00 00 00 00 89 db 00 00 00 00 00 00 89 db 00 00 00 00 00 00 89 db 00 00 00 00 00 00 89 db 00 00 00 00 00 00 89 db 00 00 00 00 00 00 89 db 00 00 00 00 00 00 89 db 00 00 00
00:aa 19 e8 91 02 38 00 00 00 00 00 0f 1a 0f 12 2a 2a 2a 2a 0f 12 63 00 01 01 01 00 0f 12 00 00 55 55 55 09 4d 11 00 00 54 54 54 54 0f 12 00 00 00 00 00 00 0f 12 00 00 00 00 00 00 89 db 0f 12 58
00:aa 19 20 92 02 38 00 00 58 5a 55 89 db 00 08 00 00 a0 50 89 db 00 00 00 00 00 00 89 db 00 08 00 00 2a 95 89 db c5 71 00 00 80 40 89 db 00 00 00 00 00 00 89 db 00 00 00 00 00 00 89 db 00 00 00
00:aa 19 58 92 02 38 00 00 00 00 00 89 db 00 00 00 00 00 00 89 db 00 08 00 00 00 05 89 db 00 08 00 00 00 50 89 db 00 00 00 00 00 00 89 db 00 08 00 00 00 95 0f 1a 0f 12 2a 2a 2a aa 0f 12 00 00 00
00:aa 19 90 92 02 38 00 00 00 00 00 0f 12 00 00 09 09 09 09 00 00 00 00 00 00 00 00 4d 11 00 00 54 54 54 54 0f 12 00 00 00 00 00 00 0f 12 00 00 00 00 00 00 0f 12 00 08 0d 0d 0f 00 89 db 00 08 50
00:aa 19 c8 92 02 38 00 00 50 fa 05 89 db 00 08 00 00 aa 55 89 db 00 08 95 95 bf c0 89 db c5 71 40 40 c0 00 89 db 00 00 00 00 00 00 89 db 00 00 00 00 00 00 89 db 00 00 00 00 00 00 89 db 00 00 00
00:aa 19 00 93 02 38 00 00 00 00 00 89 db 41 10 05 05 05 00 89 db 00 08 50 50 50 05 89 db 00 08 00 00 00 55 89 db 00 08 95 95 95 80 0f 1a 0f 12 aa aa aa 2a 0f 12 00 00 00 00 00 00 0f 12 00 00 09
00:aa 19 38 93 02 38 00 00 09 09 09 00 00 00 00 00 00 00 00 00 00 00 00 00 00 00 00 00 00 00 00 00 00 00 00 4d 11 00 00 54 54 54 54 0f 12 00 00 00 00 00 00 0f 12 00 00 00 00 00 00 89 db 0f 12 58
00:aa 19 70 93 02 38 00 00 58 58 58 89 db 21 10 05 05 00 00 89 db 00 08 55 55 00 00 89 db a4 69 40 40 00 00 89 db 00 00 00 00 00 00 89 db 00 00 00 00 00 00 89 db 00 00 00 00 00 00 89 db 00 00 00
00:aa 19 a8 93 02 38 00 00 00 00 00 89 db 00 00 00 00 00 00 89 db 00 00 00 00 00 00 89 db 00 08 05 05 00 00 89 db 00 08 55 55 00 00 89 db c5 71 40 40 00 00 0f 1a 0f 12 2a 2a 2a 2a 0f 12 00 00 00
00:aa 19 e0 93 02 38 00 00 00 00 00 0f 12 00 00 09 09 09 09 00 00 00 00 00 00 00 00 89 db 00 00 55 55 40 40 89 db 00 00 55 55 00 00 89 db 00 00 57 57 00 00 89 db ef 11 55 55 01 01 0f 12 00 00 00
00:aa 19 18 94 02 38 00 00 00 00 00 89 db 0f 12 58 58 58 58 89 db 00 00 00 00 00 00 89 db 00 00 00 00 00 00 89 db 00 00 00 00 00 00 89 db 00 00 00 00 00 00 89 db 00 00 00 00 00 00 89 db 00 00 00
00:aa 19 50 94 02 38 00 00 00 00 00 89 db 00 00 00 00 00 00 89 db 00 00 00 00 00 00 89 db 00 00 00 00 00 00 89 db 00 00 00 00 00 00 89 db 00 00 00 00 00 00 89 db 00 00 00 00 00 00 0f 1a 0f 12 2a
00:aa 19 88 94 02 38 00 00 2a 2a 2a 0f 12 00 00 00 00 00 00 89 db ef 09 55 5c 00 00 89 db 00 00 55 01 01 01 89 db 00 00 40 40 40 40 89 db 00 00 00 00 00 00 89 db 00 00 00 00 00 00 89 db ef 11 01
00:aa 19 c0 94 02 38 00 00 00 00 00 89 db ef 11 55 0d 00 00 89 db 0f 12 58 58 00 00 89 db 00 00 00 00 00 00 89 db 00 00 00 00 00 00 89 db 00 00 00 00 00 00 89 db 00 00 00 00 00 00 89 db 00 00 00
00:aa 19 f8 94 02 38 00 00 00 00 00 89 db 00 00 00 00 00 00 89 db 00 00 00 00 00 00 89 db 00 00 00 00 00 00 89 db 00 00 00 00 00 00 89 db 00 00 00 00 00 00 89 db 00 00 00 00 00 00 89 db 00 00 00
00:aa 19 30 95 02 38 00 00 00 00 00 89 db ef 11 55 00 00 00 89 db ef 11 55 00 00 00 89 db 69 db aa aa aa aa 89 db 00 00 01 01 01 01 89 db 00 00 40 40 40 40 89 db 00 00 00 00 00 00 89 db 00 00 00
00:aa 19 68 95 02 38 00 00 00 00 00 89 db 00 00 00 00 00 00 89 db 00 00 00 00 00 00 89 db 00 00 00 00 00 00 89 db 00 00 00 00 00 00 89 db 00 00 00 00 00 00 89 db 00 00 00 00 00 00 89 db 00 00 00
00:aa 19 a0 95 02 38 00 00 00 00 00 89 db 00 00 00 00 00 00 89 db 00 00 00 00 00 00 89 db 00 00 00 00 00 00 89 db 00 00 00 00 00 00 89 db 00 00 00 00 00 00 89 db 00 00 00 00 00 00 89 db 00 00 00
00:aa 19 d8 95 02 38 00 00 00 00 00 89 db 00 00 00 00 00 00 89 db 00 00 00 00 00 00 89 db 00 00 00 00 00 00 89 db 00 00 00 00 00 00 89 db 00 00 01 01 01 01 89 db 00 00 40 40 40 40 69 e3 89 db ff
00:aa 19 10 96 02 38 00 00 ff ff fe 69 e3 89 db ff ff ff eb 69 e3 89 db ff ff ff bf 89 db 00 00 00 00 00 00 89 db 00 00 00 00 00 00 89 db 00 00 00 00 00 00 89 db 00 00 00 00 00 00 89 db 00 00 00
00:aa 19 48 96 02 38 00 00 00 00 00 89 db 00 00 00 00 00 00 89 db 00 00 00 00 00 00 89 db 00 00 00 00 00 00 89 db 00 00 00 00 00 00 89 db 00 00 00 00 00 00 89 db 00 00 00 00 00 00 89 db 00 00 00
00:aa 19 80 96 02 38 00 00 00 00 00 89 db 00 00 00 00 00 00 89 db 00 00 00 00 00 00 89 db 00 00 00 00 00 00 89 db 00 00 00 00 00 55 89 db 00 00 00 00 00 55 89 db 00 00 01 01 01 55 00 00 00 00 00
00:aa 19 b8 96 02 38 00 00 00 00 00 69 e3 00 00 54 54 54 54 89 db 00 00 00 00 00 00 89 db 00 00 00 00 00 00 89 db 00 00 00 00 00 00 89 db 00 00 00 00 00 00 89 db 00 00 00 00 00 00 89 db 00 00 00
00:aa 19 f0 96 02 38 00 00 00 00 00 89 db 00 00 00 00 00 00 89 db 00 00 00 00 00 00 89 db 00 00 00 00 00 00 89 db 00 00 00 00 00 00 89 db 00 00 00 00 00 00 89 db 00 00 00 00 00 00 89 db 00 00 00
00:aa 19 28 97 02 38 00 00 00 00 00 89 db 00 00 00 00 00 00 89 db 00 00 00 00 00 00 00 00 00 00 00 00 00 00 00 00 00 00 00 00 00 00 00 00 00 00 00 00 00 00 00 00 00 00 00 00 00 00 69 e3 00 00 54
00:aa 19 60 97 02 38 00 00 54 54 54 89 db 00 00 00 00 00 00 89 db 00 00 00 00 00 00 89 db 00 00 00 00 00 00 89 db 00 00 00 00 00 00 89 db 00 00 00 00 00 00 89 db 00 00 00 00 00 00 89 db 00 00 00
00:aa 19 98 97 02 38 00 00 00 00 00 89 db 00 00 00 00 00 00 89 db 00 00 00 00 00 00 89 db 00 00 00 00 00 00 89 db 00 00 00 00 00 00 89 db 00 00 00 00 00 00 89 db 00 00 00 00 00 00 89 db 00 00 00
00:aa 19 d0 97 02 38 00 00 00 00 00 89 db 00 00 00 00 00 15 00 00 00 00 00 00 00 00 00 00 00 00 00 00 00 00 00 00 00 00 00 00 00 00 00 00 00 00 00 00 00 00 69 e3 00 00 54 54 54 54 89 db 00 00 00
00:aa 19 08 98 02 38 00 00 00 00 00 89 db 00 00 00 00 0a 0d 89 db 00 00 00 00 aa 55 89 db c2 56 00 00 70 f0 89 db 00 00 00 00 00 00 89 db 00 00 00 00 6a 55 89 db 00 00 00 00 aa 55 89 db 00 00 00
00:aa 19 40 98 02 38 00 00 00 aa 55 89 db 00 00 00 00 a8 54 89 db 00 00 00 00 00 00 89 db 00 00 00 00 0a 05 89 db 00 00 00 00 aa 55 89 db 00 00 00 00 80 40 89 db 00 00 00 00 00 00 89 db 00 00 15
00:aa 19 78 98 02 38 00 00 15 15 15 00 00 00 00 00 00 00 00 69 e3 00 00 54 54 54 54 89 db 00 00 00 00 00 00 89 db 00 00 0d 0d 0d 0d 00 00 00 00 00 00 00 00 89 db 00 00 60 60 60 60 89 db 00 00 00
00:aa 19 b0 98 02 38 00 00 00 00 00 89 db 00 00 54 54 54 54 89 db 00 00 00 00 00 00 89 db 00 00 05 05 05 05 00 00 00 00 00 00 00 00 89 db 00 00 40 40 40 40 89 db 00 00 00 00 00 00 89 db 00 00 15
00:aa 19 e8 98 02 38 00 00 15 15 15 00 00 00 00 00 00 00 00 69 e3 00 00 54 54 54 54 89 db 00 00 00 00 00 00 89 db 00 00 0d 0d 0d 0d 00 00 00 00 00 00 00 00 89 db 00 00 60 60 60 60 89 db 00 00 00
00:aa 19 20 99 02 38 00 00 00 00 00 89 db 00 00 54 54 54 54 89 db 00 00 00 00 00 00 89 db 00 00 05 05 05 05 00 00 00 00 00 00 00 00 89 db 00 00 40 40 40 40 89 db 00 00 00 00 00 00 89 db 00 00 15
00:aa 19 58 99 02 38 00 00 15 15 15 69 e3 00 00 54 54 54 54 89 db 00 00 00 00 00 00 89 db 00 00 0d 0d 0d 0d 00 00 00 00 00 00 00 00 89 db 00 00 60 60 60 60 89 db 00 00 00 00 00 00 89 db 00 00 54
00:aa 19 90 99 02 38 00 00 54 54 54 89 db 00 00 00 00 00 00 89 db 00 00 05 05 05 05 00 00 00 00 00 00 00 00 89 db 00 00 40 40 40 40 89 db 00 00 00 00 00 00 89 db 00 00 15 15 15 15 e7 bb 00 00 54
00:aa 19 c8 99 02 38 00 00 55 55 55 28 c4 00 00 00 55 55 55 28 c4 00 00 0d 55 55 55 28 c4 00 00 70 55 55 55 28 c4 00 00 00 55 55 55 28 c4 00 00 54 55 55 55 28 c4 00 00 00 55 55 55 28 c4 00 00 05
00:aa 19 00 9a 02 38 00 00 55 55 55 00 00 00 00 00 00 00 00 89 db 00 00 40 7a 55 55 89 db 00 00 00 aa 55 55 69 db 00 00 15 95 55 55 00 00 00 00 00 00 00 00 00 00 00 00 00 00 00 00 00 00 00 00 00
00:aa 19 38 9a 02 38 00 00 00 00 00 00 00 00 00 00 00 00 00 00 00 00 00 00 00 00 00 00 00 00 00 00 00 00 00 00 00 00 00 00 00 00 00 00 00 00 00 00 00 00 00 20 00 00 00 00 00 04 02 00 00 00 00 00
00:aa 19 70 9a 02 38 00 00 00 c0 20 00 00 00 00 00 10 00 00 00 00 00 00 00 00 04 00 00 00 00 00 2f ff f0 00 00 00 00 04 ff fc 00 00 00 00 00 4f ff c0 00 00 00 00 04 ff fd c0 00 00 00 01 ef ff dc
00:aa 19 a8 9a 02 38 00 00 00 00 00 00 1f ff ff c0 00 00 00 01 ff ff fc 00 00 00 00 1f ff ff 80 00 00 00 00 ff ff c0 00 00 00 00 03 ff fc 00 00 00 00 00 3f ff c0 00 00 00 00 03 f9 fc 00 00 00 00
00:aa 19 e0 9a 02 38 00 00 00 3f 9f c0 00 00 00 00 03 f9 fc 00 00 00 00 00 3b 1d c0 00 00 00 00 00 00 00 00 00 00 00 00 00 00 00 00 00 00 00 00 00 00 00 00 00 00 00 00 00 00 00 00 00 00 00 00 00
00:aa 19 18 9b 02 38 00 00 00 00 00 00 00 00 00 00 00 00 0f 12 00 00 55 95 15 15 0f 12 00 00 55 70 70 70 cf 11 00 00 15 40 40 40 0f 12 00 00 5f 58 58 58 0f 12 00 00 d5 15 15 15 0f 12 00 00 40 55
00:aa 19 50 9b 02 38 00 00 55 55 0f 12 00 00 55 58 58 58 0f 12 21 00 40 40 40 c0 6f 11 00 00 54 54 54 54 89 db 0f 12 50 50 50 50 89 db 00 00 00 00 00 00 89 db 00 00 00 00 00 00 89 db 00 00 00 00
00:aa 19 88 9b 02 38 00 00 00 00 89 db 00 00 00 00 00 00 89 db 00 00 00 00 00 00 89 db 00 00 00 00 00 00 89 db 00 00 00 00 00 00 89 db 00 00 00 00 00 00 89 db 00 00 00 00 00 00 89 db 00 00 00 00
00:aa 19 c0 9b 02 38 00 00 00 00 89 db 00 00 00 00 00 00 89 db 00 00 00 00 00 00 0f 12 0f 12 00 00 00 00 0f 12 63 00 01 01 01 00 0f 12 00 00 55 55 55 09 4d 11 00 00 54 54 54 54 89 db 0f 12 50 50
00:aa 19 f8 9b 02 38 00 00 58 55 89 db 00 08 00 00 a0 50 89 db 00 00 00 00 00 00 89 db 00 08 00 00 2a 95 89 db c5 69 00 00 80 40 89 db 00 00 00 00 00 00 89 db 00 00 00 00 00 00 89 db 00 00 00 00
00:aa 19 30 9c 02 38 00 00 00 00 89 db 00 00 00 00 00 00 89 db 00 08 00 00 00 05 89 db 00 08 00 00 00 50 89 db 00 00 00 00 00 00 89 db 00 08 00 00 00 d5 0f 12 ef 11 00 00 00 c0 4d 11 00 00 54 54
00:aa 19 68 9c 02 38 00 00 54 54 0f 12 00 08 0d 0d 0f 00 89 db 00 08 50 50 fa 05 89 db 00 08 00 00 aa 55 89 db 00 08 95 95 bf c0 89 db c5 69 40 40 c0 00 89 db 00 00 00 00 00 00 89 db 00 00 00 00
00:aa 19 a0 9c 02 38 00 00 00 00 89 db 00 00 00 00 00 00 89 db 00 00 00 00 00 00 89 db 41 10 05 05 05 00 89 db 00 08 50 50 50 05 89 db 00 08 00 00 00 55 89 db 41 10 d5 d5 d5 80 0f 12 ef 11 c0 c0
00:aa 19 d8 9c 02 38 00 00 80 00 4d 11 00 00 54 54 54 54 89 db 0f 12 50 50 50 50 89 db 21 10 05 05 00 00 89 db 00 08 55 55 00 00 89 db 85 61 40 40 00 00 89 db 00 00 00 00 00 00 89 db 00 00 00 00
00:aa 19 10 9d 02 38 00 00 00 00 89 db 00 00 00 00 00 00 89 db 00 00 00 00 00 00 89 db 00 00 00 00 00 00 89 db 00 00 00 00 00 00 89 db 00 08 05 05 00 00 89 db 00 08 55 55 00 00 89 db 05 82 40 40
00:aa 19 48 9d 02 38 00 00 00 00 0f 12 0f 12 00 00 00 00 89 db 0f 12 55 55 5c 5c 89 db 00 00 55 55 00 00 89 db 00 00 55 55 05 05 00 00 00 00 00 00 00 00 00 00 00 00 00 00 00 00 4d 11 00 00 54 54
00:aa 19 80 9d 02 38 00 00 55 55 0f 12 00 00 00 00 54 54 89 db 0f 12 50 50 50 50 89 db 00 00 00 00 00 00 89 db 00 00 00 00 00 00 89 db 00 00 00 00 00 00 89 db 00 00 00 00 00 00 89 db 00 00 00 00
00:aa 19 b8 9d 02 38 00 00 00 00 89 db 00 00 00 00 00 00 89 db 00 00 00 00 00 00 89 db 00 00 00 00 00 00 89 db 00 00 00 00 00 00 89 db 00 00 00 00 00 00 89 db 00 00 00 00 00 00 89 db 00 00 00 00
00:aa 19 f0 9d 02 38 00 00 00 00 0f 12 0f 12 00 00 00 00 89 db ef 09 5c 5c 00 00 89 db 00 00 00 00 00 00 69 e3 00 00 05 05 05 05 00 00 00 00 00 00 00 00 89 db 00 00 40 40 40 40 69 e3 89 db aa ff
00:aa 19 28 9e 02 38 00 00 ff ff 89 db 0f 12 01 01 00 00 89 db 0f 12 55 55 00 00 89 db 0f 12 50 50 00 00 89 db 00 00 00 00 00 00 89 db 00 00 00 00 00 00 89 db 00 00 00 00 00 00 89 db 00 00 00 00
00:aa 19 60 9e 02 38 00 00 00 00 89 db 00 00 00 00 00 00 89 db 00 00 00 00 00 00 89 db 00 00 00 00 00 00 89 db 00 00 00 00 00 00 89 db 00 00 00 00 00 00 89 db 00 00 00 00 00 00 89 db 00 00 00 00
00:aa 19 98 9e 02 38 00 00 00 00 89 db 00 00 00 00 00 00 89 db 0f 12 55 00 00 00 89 db 0f 12 55 00 00 00 89 db 69 db c0 00 00 00 89 db 00 00 00 00 00 00 69 e3 00 00 05 05 05 05 00 00 00 00 00 00
00:aa 19 d0 9e 02 38 00 00 00 00 89 db 00 00 40 40 40 40 89 db 00 00 00 00 00 00 89 db 00 00 00 00 00 00 89 db 00 00 00 00 00 00 89 db 00 00 00 00 00 00 89 db 00 00 00 00 00 00 89 db 00 00 00 00
00:aa 19 08 9f 02 38 00 00 00 00 89 db 00 00 00 00 00 00 89 db 00 00 00 00 00 00 89 db 00 00 00 00 00 00 89 db 00 00 00 00 00 00 89 db 00 00 00 00 00 00 89 db 00 00 00 00 00 00 89 db 00 00 00 00
00:aa 19 40 9f 02 38 00 00 00 00 89 db 00 00 00 00 00 00 89 db 00 00 00 00 00 00 89 db 00 00 00 00 00 00 89 db 03 49 00 00 00 01 89 db 00 00 00 00 00 55 89 db 00 00 00 00 00 55 89 db 00 00 00 00
00:aa 19 78 9f 02 38 00 00 00 55 69 e3 00 00 05 05 05 55 00 00 00 00 00 00 00 00 89 db 00 00 40 40 40 40 89 db 00 00 00 00 00 00 89 db 00 00 00 00 00 00 89 db 00 00 00 00 00 00 89 db 00 00 00 00
00:aa 19 b0 9f 02 38 00 00 00 00 89 db 00 00 00 00 00 00 89 db 00 00 00 00 00 00 89 db 00 00 00 00 00 00 89 db 00 00 00 00 00 00 89 db 00 00 00 00 00 00 89 db 00 00 00 00 00 00 89 db 00 00 00 00
00:aa 19 e8 9f 02 38 00 00 00 00 89 db 00 00 00 00 00 00 89 db 00 00 00 00 00 00 89 db 00 00 00 00 00 00 89 db 00 00 00 00 00 00 89 db 00 00 00 00 00 00 89 db c4 85 01 01 01 01 00 00 00 00 00 00
00:aa 19 20 a0 02 38 00 00 00 00 00 00 00 00 00 00 00 00 00 00 00 00 00 00 00 00 89 db 00 00 40 40 6a 55 89 db 00 00 00 00 aa 55 89 db 00 00 00 00 aa 55 89 db 00 00 00 00 a8 54 89 db 00 00 00 00
00:aa 19 58 a0 02 38 00 00 00 00 89 db 00 00 00 00 00 00 89 db 00 00 00 00 00 00 89 db 00 00 00 00 00 00 89 db 00 00 00 00 00 00 89 db 00 00 00 00 00 00 89 db 00 00 00 00 00 00 89 db 00 00 00 00
00:aa 19 90 a0 02 38 00 00 00 00 89 db 00 00 00 00 00 00 89 db 00 00 00 00 00 00 89 db 00 00 00 00 00 00 89 db 00 00 00 00 00 00 89 db 00 00 00 00 00 00 89 db c4 85 01 01 01 01 00 00 00 00 00 00
00:aa 19 c8 a0 02 38 00 00 00 00 29 eb 00 00 54 54 54 54 89 db 00 00 00 00 00 00 89 db 00 00 00 00 00 00 89 db 00 00 00 00 00 00 89 db 00 00 00 00 00 00 89 db 00 00 00 00 00 00 89 db 00 00 00 00
00:aa 19 00 a1 02 38 00 00 00 00 89 db 00 00 00 00 00 00 89 db 00 00 00 00 00 00 89 db 00 00 00 00 00 00 89 db 00 00 00 00 00 00 89 db 00 00 00 00 00 00 89 db 00 00 00 00 00 00 89 db 00 00 00 00
00:aa 19 38 a1 02 38 00 00 00 00 89 db c4 85 01 01 01 01 00 00 00 00 00 00 00 00 29 eb 00 00 54 54 54 54 89 db 00 00 00 00 00 00 89 db 00 00 00 0d 0d 0d 29 eb 00 00 00 55 55 55 89 db 00 00 00 40
00:aa 19 70 a1 02 38 00 00 40 40 69 e3 89 db ff fe fe fe 89 db 00 00 00 00 55 55 89 db 00 00 00 00 55 55 89 db 00 00 00 00 55 55 89 db 00 00 00 00 50 50 89 db 00 00 00 00 00 00 89 db 00 00 00 00
00:aa 19 a8 a1 02 38 00 00 15 15 89 db 00 00 00 00 55 55 89 db 00 00 00 80 40 40 89 db c4 85 01 01 01 01 00 00 00 00 00 00 00 00 29 eb 00 00 54 54 54 54 89 db 00 00 00 00 00 00 89 db 00 00 0d 0d
00:aa 19 e0 a1 02 38 00 00 0d 0d 00 00 00 00 00 00 00 00 89 db 00 00 40 40 40 40 69 e3 89 db fe fe fe fe 00 00 00 00 00 00 00 00 69 e3 00 00 50 50 50 50 89 db 00 00 00 00 00 00 89 db 00 00 15 15
00:aa 19 18 a2 02 38 00 00 15 15 00 00 00 00 00 00 00 00 89 db 00 00 40 40 40 40 89 db c4 85 01 01 01 01 00 00 00 00 00 00 00 00 29 eb 00 00 54 54 54 54 89 db 00 00 00 00 00 00 89 db 00 00 0d 0d
00:aa 19 50 a2 02 38 00 00 0d 0d 00 00 00 00 00 00 00 00 89 db 00 00 40 40 40 40 69 e3 89 db fe fe fe fe 00 00 00 00 00 00 00 00 69 e3 00 00 50 50 50 50 89 db 00 00 00 00 00 00 89 db 00 00 15 15
00:aa 19 88 a2 02 38 00 00 15 15 00 00 00 00 00 00 00 00 89 db 00 00 40 40 40 40 89 db c4 85 01 01 01 01 00 00 00 00 00 00 00 00 29 eb 00 00 54 54 54 54 49 e3 89 db 55 55 55 00 89 db 00 00 0d 0d
00:aa 19 c0 a2 02 38 00 00 0d 0d 00 00 00 00 00 00 00 00 89 db 00 00 40 40 40 40 69 e3 89 db fe fe fe 00 00 00 00 00 00 00 00 00 69 e3 00 00 50 50 50 50 49 e3 89 db 55 55 55 00 89 db 00 00 15 15
00:aa 19 f8 a2 02 38 00 00 15 15 00 00 00 00 00 00 00 00 89 db 00 00 40 40 40 40 89 db c4 85 01 01 01 01 00 00 00 00 00 00 00 00 00 00 00 00 00 00 00 00 00 00 00 00 00 00 00 00 00 00 00 00 00 00
00:aa 19 30 a3 02 38 00 00 00 00 00 00 00 00 00 00 00 00 00 00 00 00 00 00 00 00 00 00 00 00 00 00 00 00 00 00 00 00 00 00 00 00 00 00 00 00 00 00 00 00 00 00 00 00 00 00 00 00 00 00 00 00 00 00
00:aa 19 68 a3 02 38 00 00 00 00 00 00 00 00 00 00 00 00 00 00 00 00 00 00 00 00 00 00 00 00 00 00 00 00 00 00 00 00 00 00 00 00 00 00 00 00 00 00 00 00 00 00 00 00 00 00 00 00 00 00 00 00 00 00
00:aa 19 a0 a3 02 38 00 00 00 00 00 00 00 00 00 00 00 1f e0 00 00 00 00 00 06 03 00 00 00 00 00 00 c0 28 00 00 00 00 00 18 00 40 00 00 00 00 01 00 04 00 00 00 00 00 28 00 70 00 00 00 00 04 d8 6d
00:aa 19 d8 a3 02 38 00 00 00 00 00 00 00 4f 87 d0 00 00 00 00 04 d0 2d c0 00 00 00 00 68 00 5c 00 00 00 00 03 80 07 c0 00 00 00 00 00 00 7c 00 00 00 00 00 00 07 c0 00 00 00 00 f0 00 7c 00 00 00
00:aa 19 10 a4 02 38 00 00 00 01 00 04 00 00 00 00 00 17 7b 40 00 00 00 00 01 40 84 00 00 00 00 00 14 08 40 00 00 00 00 01 40 84 00 00 00 00 00 00 00 00 00 00 00 00 00 00 00 00 00 00 00 00 00 00
00:aa 19 48 a4 02 38 00 00 00 00 00 00 00 00 00 00 00 00 00 00 00 00 00 00 00 00 00 00 00 00 00 00 00 00 00 00 00 00 00 00 00 0f 12 00 00 55 6a 40 40 0f 12 00 00 55 aa 00 00 0f 12 00 00 55 aa 00
00:aa 19 80 a4 02 38 00 00 00 0f 12 00 00 55 aa 00 00 0f 12 00 00 55 aa 00 00 0f 12 00 00 55 aa 00 00 0f 12 00 00 55 aa 00 00 0f 12 00 00 55 95 15 15 0f 12 00 00 55 70 70 70 0f 12 00 00 55 00 00
00:aa 19 b8 a4 02 38 00 00 00 0f 12 00 00 15 40 40 40 0f 12 00 00 55 00 00 00 0f 12 00 00 5f 58 58 58 0f 12 00 00 d5 15 15 15 0f 12 00 00 40 55 55 55 0f 12 00 00 55 40 40 40 0f 12 00 00 55 58 58
00:aa 19 f0 a4 02 38 00 00 58 0f 12 00 00 58 05 05 05 0f 12 00 00 55 40 40 40 0f 12 00 00 58 58 58 58 0f 12 21 00 40 40 40 c0 6f 11 00 00 54 54 54 54 89 db 0f 12 58 58 58 58 2f 1a 0f 12 3f 3f 3f
00:aa 19 28 a5 02 38 00 00 3f 0f 12 63 00 01 01 01 00 0f 12 00 00 55 55 55 09 4d 11 00 00 54 54 54 54 89 db 0f 12 58 58 5a 55 89 db 00 08 00 00 a0 50 89 db 00 08 00 00 2a 95 89 db e5 79 00 00 80
00:aa 19 60 a5 02 38 00 00 40 89 db 00 08 00 00 00 05 89 db 00 08 00 00 00 50 89 db 00 08 00 00 00 95 2f 1a 0f 12 3f 3f 3f ff 0f 12 00 00 09 09 09 09 4d 11 00 00 54 54 54 54 0f 12 00 08 0d 0d 0b
00:aa 19 98 a5 02 38 00 00 00 89 db 21 08 50 50 fa 05 89 db 00 08 00 00 aa 55 89 db 00 08 95 95 bf c0 89 db e5 79 40 40 40 00 89 db 41 10 05 05 05 00 89 db 00 08 50 50 50 05 89 db 00 08 00 00 00
00:aa 19 d0 a5 02 38 00 00 55 89 db 00 08 95 95 95 80 0f 1a 0f 12 aa aa aa 2a 0f 12 00 00 09 09 09 09 4d 11 00 00 54 54 54 54 89 db 0f 12 58 58 58 58 89 db 21 10 05 05 00 00 89 db c5 69 40 40 00
00:aa 19 08 a6 02 38 00 00 00 89 db 00 08 05 05 00 00 89 db c5 71 40 40 00 00 2f 1a 0f 12 3f 3f 3f 3f 0f 12 00 00 09 09 09 09 00 00 00 00 00 00 00 00 00 00 00 00 00 00 00 00 4d 11 00 00 54 54 55
00:aa 19 40 a6 02 38 00 00 55 0f 12 00 00 00 00 54 54 89 db 0f 12 58 58 58 58 2f 1a 0f 12 3f 3f 3f 3f 0f 12 00 00 09 09 ad 55 00 00 00 00 00 00 00 00 00 00 00 00 00 00 00 00 89 db 0f 12 01 01 00
00:aa 19 78 a6 02 38 00 00 00 89 db 0f 12 55 55 00 00 89 db 0f 12 58 58 00 00 89 db 2f 1a 55 55 ff 00 89 db 0f 12 55 55 ff 00 89 db 00 00 55 00 00 00 89 db 00 00 55 00 00 00 69 e3 00 00 55 05 05
00:aa 19 b0 a6 02 38 00 00 05 89 db 00 00 00 00 00 00 89 db 00 00 00 00 00 00 89 db 00 00 00 00 00 00 89 db 00 00 00 00 00 00 69 e3 00 00 05 05 05 05 89 db 00 00 00 00 00 00 89 db 00 00 00 00 00
00:aa 19 e8 a6 02 38 00 00 00 89 db 00 00 00 00 00 00 89 db 00 00 00 00 00 00 69 e3 00 00 05 05 05 05 89 db 00 00 40 40 6a 55 89 db 00 00 00 00 aa 55 89 db 00 00 00 00 aa 55 89 db 00 00 00 00 a8
00:aa 19 20 a7 02 38 00 00 54 89 db 08 cc 00 00 00 01 89 db 87 b4 00 00 00 55 89 db 87 b4 00 00 00 55 89 db 87 b4 00 00 00 55 69 e3 00 00 05 05 05 25 29 eb 00 00 54 54 54 54 89 db c4 85 01 01 01
00:aa 19 58 a7 02 38 00 00 01 29 eb 00 00 54 54 54 54 89 db 00 00 00 0d 0d 0d 29 eb 00 00 00 55 55 55 89 db 00 00 00 40 40 40 89 db 00 00 00 00 55 55 89 db 00 00 00 00 55 55 89 db 00 00 00 00 55
00:aa 19 90 a7 02 38 00 00 55 89 db 00 00 00 00 50 50 89 db 00 00 00 00 15 15 89 db 00 00 00 00 55 55 89 db c4 85 01 01 01 01 29 eb 00 00 54 54 54 54 89 db 00 00 0d 0d 0d 0d 69 e3 00 00 50 50 50
00:aa 19 c8 a7 02 38 00 00 50 89 db c4 85 01 01 01 01 29 eb 00 00 54 54 54 54 89 db 00 00 0d 0d 0d 0d 69 e3 00 00 50 50 50 50 89 db c4 85 01 01 01 01 29 eb 00 00 54 54 54 54 89 db 00 00 0d 0d 0d
00:aa 19 00 a8 02 38 00 00 0d 69 e3 00 00 50 50 50 50 89 db c4 85 01 01 01 01 00 07 ff ff ff fe 00 00 00 7f ff ff ff e0 00 00 07 ff ff ff fe 00 00 00 7f ff ff ff e0 00 00 07 ff ff ff fe 00 00 00
00:aa 19 38 a8 02 38 00 00 7f ff ff ff e0 00 00 07 ff ff ff fe 00 00 00 7f ff ff ff e0 00 00 07 ff ff ff fe 00 00 00 7f ff ff ff e0 00 00 07 ff ff ff fe 00 00 00 7f ff ff ff e0 00 00 07 ff ff ff
00:aa 19 70 a8 02 38 00 00 fe 00 00 00 7f ff ff ff e0 00 00 07 ff ff ff fe 00 00 00 7f ff ff ff e0 00 00 07 ff ff ff fe 00 00 00 7f ff ff ff e0 00 00 07 ff ff ff fe 00 00 00 7f ff ff ff e0 00 00
00:aa 19 a8 a8 02 38 00 00 07 ff ff ff fe 00 00 00 7f ff ff ff e0 00 00 07 ff ff ff fe 00 00 00 7f ff ff ff e0 00 00 07 ff ff ff fe 00 00 00 7f ff ff ff e0 00 00 07 ff ff ff fe 00 00 00 7f ff ff
00:aa 19 e0 a8 02 38 00 00 ff e0 00 00 07 ff ff ff fe 00 00 00 7f ff ff ff e0 00 00 07 ff ff ff fe 00 00 00 7f ff ff ff e0 00 00 07 ff ff ff fe 00 00 00 7f ff ff ff e0 00 00 00 00 00 00 00 00 00
00:aa 19 18 a9 02 38 00 00 00 00 00 00 00 00 00 00 00 00 00 00 00 00 00 00 00 00 00 00 00 00 00 00 00 00 00 00 00 00 00 00 00 00 00 00 00 00 00 00 00 00 00 00 00 00 00 00 00 00 00 00 00 00 00 00
00:aa 19 50 a9 02 38 00 00 00 00 00 00 00 00 00 00 00 00 00 00 00 00 00 00 00 00 00 00 00 00 00 00 00 00 00 00 00 00 00 00 00 00 00 00 00 00 00 00 00 00 00 00 00 00 00 00 00 00 00 00 00 00 00 00
00:aa 19 88 a9 02 38 00 00 00 00 00 00 00 00 00 00 00 00 00 00 00 00 00 00 00 00 00 00 00 00 00 00 00 00 00 00 00 00 00 00 00 00 00 00 00 00 00 00 00 00 00 00 00 00 00 00 00 00 00 00 00 00 00 00
00:aa 19 c0 a9 02 38 00 00 00 00 00 00 00 00 00 00 00 00 00 00 00 00 00 00 00 00 00 00 00 00 00 00 00 00 00 00 00 00 00 00 00 00 00 00 00 00 00 00 00 00 00 00 00 00 00 00 00 00 00 00 00 00 00 00
00:aa 19 f8 a9 02 38 00 00 00 00 00 00 00 00 00 00 00 00 00 00 00 00 00 00 00 00 00 00 00 00 00 00 00 00 00 00 00 00 00 00 00 00 00 00 00 00 00 00 00 00 00 00 00 00 00 00 00 00 00 00 00 00 00 00
00:aa 19 30 aa 02 38 00 00 00 00 00 00 00 00 00 00 00 00 00 00 00 00 00 00 00 00 00 00 00 00 00 00 00 00 00 00 00 00 00 00 00 00 00 00 00 00 00 00 00 00 00 00 00 00 00 00 00 00 00 00 00 00 00 00
00:aa 19 68 aa 02 38 00 00 00 00 00 00 00 00 00 00 00 00 00 00 00 00 00 00 00 00 00 00 00 00 00 00 00 00 00 00 00 00 00 00 00 00 00 00 00 00 00 00 00 00 00 00 00 00 00 00 00 00 00 00 00 00 00 00
00:aa 19 a0 aa 02 38 00 00 00 00 00 00 00 00 00 00 00 00 00 00 00 00 00 00 00 00 00 00 00 00 00 00 00 00 00 00 00 00 00 00 00 00 00 00 00 00 00 00 00 00 00 00 00 00 00 00 00 00 00 00 00 00 00 00
00:aa 19 d8 aa 02 38 00 00 00 00 00 00 00 00 00 00 00 00 00 00 00 00 00 00 00 00 00 00 00 00 00 00 00 00 00 00 00 00 00 00 00 00 00 00 00 00 00 00 00 00 00 00 00 00 00 00 00 00 00 00 00 00 00 00
00:aa 19 10 ab 02 38 00 00 00 00 00 00 00 00 00 00 00 00 00 00 00 00 00 00 00 00 00 00 00 00 00 00 00 00 00 00 00 00 00 00 00 00 00 00 00 00 00 00 00 00 00 00 00 00 00 00 00 00 00 00 00 00 00 00
00:aa 19 48 ab 02 38 00 00 00 00 00 00 00 00 00 00 00 00 00 00 00 00 00 00 00 00 00 00 00 00 00 00 00 00 00 00 00 00 00 00 00 00 00 00 00 00 00 00 00 00 00 00 00 00 00 00 00 00 00 00 00 00 00 00
00:aa 19 80 ab 02 38 00 00 00 00 00 00 00 00 00 00 00 00 00 00 00 00 00 00 00 00 00 00 00 00 00 00 00 00 00 00 00 00 00 00 00 00 00 00 00 00 00 00 00 00 00 00 00 00 00 00 00 00 00 00 00 00 00 00
00:aa 19 b8 ab 02 38 00 00 00 00 00 00 00 00 00 00 00 00 00 00 00 00 00 00 00 00 00 00 00 00 00 00 00 00 00 00 00 00 00 00 00 00 00 00 00 00 00 00 00 00 00 00 00 00 00 00 00 00 00 00 00 00 00 00
00:aa 19 f0 ab 02 38 00 00 00 00 00 00 00 00 00 00 00 00 00 00 00 00 00 00 00 00 00 00 00 00 00 00 00 00 00 00 00 00 00 00 00 00 00 00 00 00 00 00 00 00 00 00 00 00 00 00 00 00 00 00 00 00 00 00
00:aa 19 28 ac 02 38 00 00 00 00 00 00 00 00 00 00 00 00 00 00 00 00 00 00 00 00 00 00 00 00 00 00 00 00 00 00 00 00 00 00 00 00 00 00 00 00 00 00 00 00 00 00 00 00 00 00 00 00 00 00 00 00 00 00
00:aa 19 60 ac 02 38 00 00 00 00 00 00 00 00 00 00 00 00 00 00 00 00 00 00 00 00 00 00 00 00 00 00 00 00 00 00 00 00 00 00 00 00 00 00 00 00 00 00 00 00 00 00 00 00 00 00 00 00 00 00 00 00 00 00
00:aa 19 98 ac 02 38 00 00 00 00 00 00 00 00 00 00 00 00 00 00 00 00 00 00 00 00 00 00 00 00 00 00 00 00 00 00 00 00 00 00 00 00 00 00 00 00 00 00 00 00 00 00 00 00 00 00 00 00 00 00 00 00 00 00
00:aa 19 d0 ac 02 38 00 00 00 00 00 00 00 00 00 00 00 00 00 00 00 00 00 00 00 00 00 00 00 00 00 00 00 00 00 00 00 00 00 00 00 00 00 00 00 00 00 00 00 00 00 00 00 00 00 00 00 00 00 00 00 00 00 00
00:aa 19 08 ad 02 38 00 00 00 00 00 00 00 00 00 00 00 00 00 00 00 00 00 00 00 00 00 00 00 00 00 00 00 00 00 00 00 00 00 00 00 00 00 00 00 00 00 00 00 00 00 00 00 00 00 00 00 00 00 00 00 00 00 00
00:aa 19 40 ad 02 38 00 00 00 00 00 00 00 00 00 00 00 00 00 00 00 00 00 00 00 00 00 00 00 00 00 00 00 00 00 00 00 00 00 00 00 00 00 00 00 00 00 00 00 00 00 00 00 00 00 00 00 00 00 00 00 00 00 00
00:aa 19 78 ad 02 38 00 00 00 00 00 00 00 00 00 00 00 00 00 00 00 00 00 00 00 00 00 00 00 00 00 00 00 00 00 00 00 00 00 00 00 00 00 00 00 00 00 00 00 00 00 00 00 00 00 00 00 00 00 00 00 00 00 00
00:aa 19 b0 ad 02 38 00 00 00 00 00 00 00 00 00 00 00 00 00 00 00 00 00 00 00 00 00 00 00 00 00 00 00 00 00 00 00 00 00 00 00 00 00 00 00 00 00 00 00 00 00 00 00 00 00 00 00 00 00 00 00 00 00 00
00:aa 19 e8 ad 02 38 00 00 00 00 00 00 00 00 00 00 00 00 00 00 00 00 00 00 00 00 00 00 00 00 00 00 00 00 00 00 00 00 00 00 00 00 00 00 00 00 00 00 00 00 00 00 00 00 00 00 00 00 00 00 00 00 00 00
00:aa 19 20 ae 02 38 00 00 00 00 00 00 00 00 00 00 00 00 00 00 00 00 00 00 00 00 00 00 00 00 00 00 00 00 00 00 00 00 00 00 00 00 00 00 00 00 00 00 00 00 00 00 00 00 00 00 00 00 00 00 00 00 00 00
00:aa 19 58 ae 02 38 00 00 00 00 00 00 00 00 00 00 00 00 00 00 00 00 00 00 00 00 00 00 00 00 00 00 00 00 00 00 00 00 00 00 00 00 00 00 00 00 00 00 00 00 00 00 00 00 00 00 00 00 00 00 00 00 00 00
00:aa 19 90 ae 02 38 00 00 00 00 00 00 00 00 00 00 00 00 00 00 00 00 00 00 00 00 00 00 00 00 00 00 00 00 00 00 00 00 00 00 00 00 00 00 00 00 00 00 00 00 00 00 00 00 00 00 00 00 00 00 00 00 00 00
00:aa 19 c8 ae 02 38 00 00 00 00 00 00 00 00 00 00 00 00 00 00 00 00 00 00 00 00 00 00 00 00 00 00 00 00 00 00 00 00 00 00 00 00 00 00 00 00 00 00 00 00 00 00 00 00 00 00 00 00 00 00 00 00 00 00
00:aa 19 00 af 02 38 00 00 00 00 00 00 00 00 00 00 00 00 00 00 00 00 00 00 00 00 00 00 00 00 00 00 00 00 00 00 00 00 00 00 00 00 00 00 00 00 00 00 00 00 00 00 00 00 00 00 00 00 00 00 00 00 00 00
00:aa 19 38 af 02 38 00 00 00 00 00 00 00 00 00 00 00 00 00 00 00 00 00 00 00 00 00 00 00 00 00 00 00 00 00 00 00 00 00 00 00 00 00 00 00 00 00 00 00 00 00 00 00 00 00 00 00 00 00 00 00 00 00 00
00:aa 19 70 af 02 38 00 00 00 00 00 00 00 00 00 00 00 00 00 00 00 00 00 00 00 00 00 00 00 00 00 00 00 00 00 00 00 00 00 00 00 00 00 00 00 00 00 00 00 00 00 00 00 00 00 00 00 00 00 00 00 00 00 00
00:aa 19 a8 af 02 38 00 00 00 00 00 00 00 00 00 00 00 00 00 00 00 00 00 00 00 00 00 00 00 00 00 00 00 00 00 00 00 00 00 00 00 00 00 00 00 00 00 00 00 00 00 00 00 00 00 00 00 00 00 00 00 00 00 00
00:aa 19 e0 af 02 38 00 00 00 00 00 00 00 00 00 00 00 00 00 00 00 00 00 00 00 00 00 00 00 00 00 00 00 00 00 00 00 00 00 00 00 00 00 00 00 00 00 00 00 00 00 00 00 00 00 00 00 00 00 00 00 00 00 00
00:aa 19 18 b0 02 38 00 00 00 00 00 00 00 00 00 00 00 00 00 00 00 00 00 00 00 00 00 00 00 00 00 00 00 00 00 00 00 00 00 00 00 00 00 00 00 00 00 00 00 00 00 00 00 00 00 00 00 00 00 00 00 00 00 00
00:aa 19 50 b0 02 38 00 00 00 00 00 00 00 00 00 00 00 00 00 00 00 00 00 00 00 00 00 00 00 00 00 00 00 00 00 00 00 00 00 00 00 00 00 00 00 00 00 00 00 00 00 00 00 00 00 00 00 00 00 00 00 00 00 00
00:aa 19 88 b0 02 38 00 00 00 00 00 00 00 00 00 00 00 00 00 00 00 00 00 00 00 00 00 00 00 00 00 00 00 00 00 00 00 00 00 00 00 00 00 00 00 00 00 00 00 00 00 00 00 00 00 00 00 00 00 00 00 00 00 00
00:aa 19 c0 b0 02 38 00 00 00 00 00 00 00 00 00 00 00 00 00 00 00 00 00 00 00 00 00 00 00 00 00 00 00 00 00 00 00 00 00 00 00 00 00 00 00 00 00 00 00 00 00 00 00 00 00 00 00 00 00 00 00 00 00 00
00:aa 19 f8 b0 02 38 00 00 00 00 00 00 00 00 00 00 00 00 00 00 00 00 00 00 00 00 00 00 00 00 00 00 00 00 00 00 00 00 00 00 00 00 00 00 00 00 00 00 00 00 00 00 00 00 00 00 00 00 00 00 00 00 00 00
00:aa 19 30 b1 02 38 00 00 00 00 00 00 00 00 00 00 00 00 00 00 00 00 00 00 00 00 00 00 00 00 00 00 00 00 00 00 00 00 00 00 00 00 00 00 00 00 00 00 00 00 00 00 00 00 00 00 00 00 00 00 00 00 00 00
00:aa 19 68 b1 02 38 00 00 00 00 00 00 00 00 00 00 00 00 00 00 00 00 00 00 00 00 00 00 00 00 00 00 00 00 00 00 00 00 00 00 00 00 00 00 00 00 00 00 00 00 00 00 00 00 00 00 00 00 00 00 00 00 00 00
00:aa 19 a0 b1 02 38 00 00 00 00 00 00 00 00 00 00 00 00 00 00 00 00 00 00 00 00 00 00 00 00 00 00 00 00 00 00 00 00 00 00 00 00 00 00 00 00 00 00 00 00 00 00 00 00 00 00 00 00 00 00 00 00 00 00
00:aa 19 d8 b1 02 38 00 00 00 00 00 00 00 00 00 00 00 00 00 00 00 00 00 00 00 00 00 00 00 00 00 00 0f 12 00 00 55 54 54 54 0f 12 00 00 55 00 00 00 0f 12 00 00 55 00 00 00 0f 12 00 00 55 00 00 00
00:aa 19 10 b2 02 38 00 00 0f 12 00 00 55 00 00 00 0f 12 00 00 55 00 00 00 0f 12 00 00 55 00 00 00 0f 12 00 00 55 01 01 01 00 00 00 00 00 00 00 00 00 00 00 00 00 00 00 00 00 00 00 00 00 00 00 00
00:aa 19 48 b2 02 38 00 00 00 00 00 00 00 00 00 00 00 00 00 00 00 00 00 00 00 00 00 00 00 00 00 00 00 00 00 00 00 00 00 00 00 00 00 00 00 00 00 00 00 00 00 00 00 00 00 00 00 00 00 00 00 00 00 00
00:aa 19 80 b2 02 38 00 00 00 00 00 00 00 00 00 00 00 00 00 00 00 00 00 00 00 00 00 00 00 00 00 00 00 00 00 00 00 00 00 00 00 00 00 00 00 00 00 00 00 00 00 00 00 00 00 00 00 00 00 00 00 00 00 00
00:aa 19 b8 b2 02 38 00 00 00 00 00 00 00 00 00 00 00 00 00 00 00 00 00 00 00 00 00 00 00 00 00 00 00 00 00 00 00 00 00 00 00 00 00 00 00 00 00 00 00 00 00 00 00 00 00 00 00 00 00 00 00 00 00 00
00:aa 19 f0 b2 02 38 00 00 00 00 00 00 00 00 00 00 0f 12 00 00 55 00 00 00 d0 11 00 00 54 01 01 01 0f 12 00 00 00 55 55 55 0f 12 00 00 00 55 55 55 0f 12 00 00 00 55 55 55 0f 12 00 00 00 55 55 55
00:aa 19 28 b3 02 38 00 00 0f 12 00 00 00 55 55 55 0f 12 00 00 00 55 55 55 0f 12 00 00 01 54 54 54 0f 12 00 00 55 00 00 00 b0 11 00 00 55 01 01 01 00 00 00 00 00 00 00 00 00 00 00 00 00 00 00 00
00:aa 19 60 b3 02 38 00 00 00 00 00 00 00 00 00 00 00 00 00 00 00 00 00 00 00 00 00 00 00 00 00 00 00 00 00 00 00 00 00 00 00 00 00 00 00 00 00 00 00 00 00 00 00 00 00 00 00 00 00 00 00 00 00 00
00:aa 19 98 b3 02 38 00 00 00 00 00 00 00 00 00 00 00 00 00 00 00 00 00 00 00 00 00 00 00 00 00 00 00 00 00 00 00 00 00 00 00 00 00 00 00 00 00 00 00 00 00 00 00 00 00 00 00 00 00 00 00 00 00 00
00:aa 19 d0 b3 02 38 00 00 00 00 00 00 00 00 00 00 00 00 00 00 00 00 00 00 00 00 00 00 00 00 00 00 00 00 00 00 00 00 00 00 00 00 00 00 00 00 00 00 00 00 00 00 00 00 00 00 0f 12 00 00 55 01 01 01
00:aa 19 08 b4 02 38 00 00 0f 12 00 00 00 55 55 55 0f 12 00 00 01 55 55 55 00 00 00 00 00 00 00 00 00 00 00 00 00 00 00 00 00 00 00 00 00 00 00 00 00 00 00 00 00 00 00 00 00 00 00 00 00 00 00 00
00:aa 19 40 b4 02 38 00 00 00 00 00 00 00 00 00 00 00 00 00 00 00 00 00 00 00 00 00 00 00 00 00 00 0f 12 00 00 54 54 54 54 b0 11 00 00 05 05 05 05 00 00 00 00 00 00 00 00 00 00 00 00 00 00 00 00
00:aa 19 78 b4 02 38 00 00 00 00 00 00 00 00 00 00 00 00 00 00 00 00 00 00 00 00 00 00 00 00 00 00 00 00 00 00 00 00 00 00 00 00 00 00 00 00 00 00 00 00 00 00 00 00 00 00 00 00 00 00 00 00 00 00
00:aa 19 b0 b4 02 38 00 00 00 00 00 00 00 00 00 00 00 00 00 00 00 00 00 00 00 00 00 00 00 00 00 00 00 00 00 00 00 00 00 00 00 00 00 00 00 00 00 00 00 00 00 00 00 00 00 00 00 00 00 00 00 00 00 00
00:aa 19 e8 b4 02 38 00 00 00 00 00 00 00 00 00 00 00 00 00 00 00 00 00 00 00 00 00 00 00 00 00 00 00 00 00 00 00 00 00 00 0f 12 00 00 55 00 00 00 0f 12 00 00 01 55 55 55 00 00 00 00 00 00 00 00
00:aa 19 20 b5 02 38 00 00 00 00 00 00 00 00 00 00 00 00 00 00 00 00 00 00 00 00 00 00 00 00 00 00 00 00 00 00 00 00 00 00 00 00 00 00 00 00 00 00 00 00 00 00 00 00 00 00 00 00 00 00 00 00 00 00
00:aa 19 58 b5 02 38 00 00 00 00 00 00 00 00 00 00 00 00 00 00 00 00 00 00 0f 12 00 00 54 55 55 55 0f 12 00 00 05 50 50 50 b0 11 00 00 55 05 05 05 00 00 00 00 00 00 00 00 00 00 00 00 00 00 00 00
00:aa 19 90 b5 02 38 00 00 00 00 00 00 00 00 00 00 00 00 00 00 00 00 00 00 00 00 00 00 00 00 00 00 00 00 00 00 00 00 00 00 00 00 00 00 00 00 00 00 00 00 00 00 00 00 00 00 00 00 00 00 00 00 00 00
00:aa 19 c8 b5 02 38 00 00 00 00 00 00 00 00 00 00 00 00 00 00 00 00 00 00 00 00 00 00 00 00 00 00 00 00 00 00 00 00 00 00 00 00 00 00 00 00 00 00 00 00 00 00 00 00 00 00 00 00 00 00 00 00 00 00
00:aa 19 00 b6 02 38 00 00 00 00 00 00 00 00 00 00 00 00 00 00 00 00 00 00 00 00 00 00 00 00 00 00 0f 1a 0f 12 aa aa aa a8 00 00 00 00 00 00 00 00 00 00 00 00 00 00 00 00 00 00 00 00 00 00 00 00
00:aa 19 38 b6 02 38 00 00 00 00 00 00 00 00 00 00 00 00 00 00 00 00 00 00 00 00 00 00 00 00 00 00 00 00 00 00 00 00 00 00 00 00 00 00 00 00 00 00 00 00 00 00 00 00 00 00 00 00 00 00 00 00 00 00
00:aa 19 70 b6 02 38 00 00 00 00 00 00 00 00 00 00 00 00 00 00 00 00 00 00 0f 12 00 00 50 50 50 50 b0 11 00 00 05 05 05 05 00 00 00 00 00 00 00 00 00 00 00 00 00 00 00 00 00 00 00 00 00 00 00 00
00:aa 19 a8 b6 02 38 00 00 00 00 00 00 00 00 00 00 00 00 00 00 00 00 00 00 00 00 00 00 00 00 00 00 00 00 00 00 00 00 00 00 00 00 00 00 00 00 00 00 00 00 00 00 00 00 00 00 00 00 00 00 00 00 00 00
00:aa 19 e0 b6 02 38 00 00 00 00 00 00 00 00 00 00 00 00 00 00 00 00 00 00 00 00 00 00 00 00 00 00 00 00 00 00 00 00 00 00 00 00 00 00 00 00 00 00 00 00 00 00 00 00 00 00 00 00 00 00 00 00 00 00
00:aa 19 18 b7 02 38 00 00 0f 12 00 00 55 55 55 40 0f 12 b0 11 40 40 40 00 0f 1a 0f 12 a8 a8 a8 a8 89 e3 89 db ee aa ae eb 89 e3 89 db ab 9a f9 9a 89 e3 89 db ab 9a 9a ae 89 e3 89 db ae aa ae 9a
00:aa 19 50 b7 02 38 00 00 89 e3 89 db 6b aa aa 6f 89 e3 89 db ba aa ae 7a 89 e3 89 db a6 aa ee aa 89 e3 89 db aa aa ee ae 89 e3 89 db 9a aa e6 aa 89 e3 89 db ea aa 9a aa 89 e3 89 db e9 aa ee ab
00:aa 19 88 b7 02 38 00 00 89 e3 89 db aa aa aa ff 89 e3 0f 1a 25 25 25 25 0f 12 00 00 00 00 00 00 b0 11 00 00 15 15 15 15 00 00 00 00 00 00 00 00 00 00 00 00 00 00 00 00 00 00 00 00 00 00 00 00
00:aa 19 c0 b7 02 38 00 00 00 00 00 00 00 00 00 00 00 00 00 00 00 00 00 00 00 00 00 00 00 00 00 00 00 00 00 00 00 00 00 00 00 00 00 00 00 00 00 00 00 00 00 00 00 00 00 00 00 00 00 00 00 00 00 00
00:aa 19 f8 b7 02 38 00 00 00 00 00 00 00 00 00 00 00 00 00 00 00 00 00 00 00 00 00 00 00 00 00 00 00 00 00 00 00 00 00 00 00 00 00 00 00 00 00 00 00 00 00 00 00 00 00 00 0f 12 00 00 40 40 40 40
00:aa 19 30 b8 02 38 00 00 0f 12 00 00 00 00 00 00 0f 1a 0f 12 a8 a8 a8 aa 89 e3 01 08 00 00 00 57 89 e3 89 db e9 b9 ae ab 89 e3 01 08 00 00 00 05 89 e3 01 10 00 00 00 50 89 e3 89 db fa af 9a ae
00:aa 19 68 b8 02 38 00 00 89 e3 89 db 67 66 a7 a7 89 e3 89 db ab aa 9b bb 89 e3 89 db 69 97 9a ba 89 e3 c5 69 00 00 02 01 89 e3 01 08 00 00 a8 56 89 e3 89 db ae 9a b9 ab 89 e3 01 08 00 00 0a 05
00:aa 19 a0 b8 02 38 00 00 89 e3 0f 12 25 25 a5 55 0f 12 00 00 00 00 00 00 0f 12 00 00 00 00 00 00 90 11 00 00 15 15 15 15 00 00 00 00 00 00 00 00 00 00 00 00 00 00 00 00 00 00 00 00 00 00 00 00
00:aa 19 d8 b8 02 38 00 00 00 00 00 00 00 00 00 00 00 00 00 00 00 00 00 00 00 00 00 00 00 00 00 00 00 00 00 00 00 00 00 00 00 00 00 00 00 00 00 00 00 00 00 00 00 00 00 00 00 00 00 00 00 00 00 00
00:aa 19 10 b9 02 38 00 00 00 00 00 00 00 00 00 00 00 00 00 00 00 00 00 00 00 00 00 00 00 00 00 00 00 00 00 00 00 00 00 00 00 00 00 00 00 00 00 00 0f 12 00 00 40 40 40 40 0f 12 00 00 00 00 00 00
00:aa 19 48 b9 02 38 00 00 0f 1a 0f 12 aa aa aa a8 89 e3 41 10 57 57 57 02 89 e3 01 08 00 00 00 55 89 db 01 10 05 05 05 50 89 db 01 10 50 50 50 00 89 e3 89 db aa 67 aa aa 89 e3 89 db ba bb aa ee
00:aa 19 80 b9 02 38 00 00 89 e3 89 db aa bb aa aa 89 e3 89 db 97 eb a6 bb 89 e3 c5 69 01 01 01 00 89 e3 01 08 56 56 fe 03 89 e3 01 08 00 00 aa 55 89 db 01 08 05 05 af 50 0f 12 01 08 70 70 f0 00
00:aa 19 b8 b9 02 38 00 00 0f 12 00 00 00 00 00 00 0f 12 00 00 00 00 00 00 90 11 00 00 15 15 15 15 00 00 00 00 00 00 00 00 00 00 00 00 00 00 00 00 00 00 00 00 00 00 00 00 00 00 00 00 00 00 00 00
00:aa 19 f0 b9 02 38 00 00 00 00 00 00 00 00 00 00 00 00 00 00 00 00 00 00 00 00 00 00 00 00 00 00 00 00 00 00 00 00 00 00 00 00 00 00 00 00 00 00 00 00 00 00 00 00 00 00 00 00 00 00 00 00 00 00
00:aa 19 28 ba 02 38 00 00 00 00 00 00 00 00 00 00 00 00 00 00 00 00 00 00 00 00 00 00 00 00 00 00 00 00 00 00 00 00 00 00 0f 12 00 00 40 40 40 40 0f 12 00 00 00 00 00 00 0f 1a 0f 12 a8 a8 a8 a8
00:aa 19 60 ba 02 38 00 00 89 e3 06 7a 01 01 00 00 89 db 00 08 55 55 00 00 89 e3 00 08 50 50 00 00 89 e3 89 db ab 6b aa 66 89 e3 89 db 9b aa ab aa 89 e3 89 db 9b 6a 6a ba 89 e3 89 db be 6a 95 ea
00:aa 19 98 ba 02 38 00 00 89 e3 89 db ea aa aa ee 89 e3 89 db 99 aa aa ae 89 e3 85 61 01 01 00 00 89 e3 21 18 55 55 00 00 89 e3 21 10 50 50 00 00 89 e3 0f 1a 25 25 25 25 0f 12 00 00 00 00 00 00
00:aa 19 d0 ba 02 38 00 00 0f 12 00 00 00 00 00 00 90 11 00 00 15 15 15 15 00 00 00 00 00 00 00 00 00 00 00 00 00 00 00 00 00 00 00 00 00 00 00 00 00 00 00 00 00 00 00 00 00 00 00 00 00 00 00 00
00:aa 19 08 bb 02 38 00 00 00 00 00 00 00 00 00 00 00 00 00 00 00 00 00 00 00 00 00 00 00 00 00 00 00 00 00 00 00 00 00 00 00 00 00 00 00 00 00 00 00 00 00 00 00 00 00 00 00 00 00 00 00 00 00 00
00:aa 19 40 bb 02 38 00 00 00 00 00 00 00 00 00 00 00 00 00 00 00 00 00 00 00 00 00 00 00 00 00 00 b0 11 00 00 40 40 40 55 0f 12 00 00 00 00 00 00 0f 1a 0f 12 a8 a8 a8 a8 89 e3 89 db 9a d9 ba a7
00:aa 19 78 bb 02 38 00 00 89 e3 89 db ab ea aa 6e 89 e3 89 db ba af aa 7e 89 e3 89 db ba 6e be ea 89 e3 89 db eb ae 66 aa 89 e3 89 db aa ba aa ab 89 e3 89 db aa 66 ea 6f 89 e3 89 db ae ea 96 ea
00:aa 19 b0 bb 02 38 00 00 89 e3 89 db fa aa 6d aa 89 e3 89 db aa ea ae ae 89 e3 89 db aa f9 aa 66 89 e3 89 db be aa aa aa 89 e3 0f 1a 25 25 25 25 0f 12 00 00 00 00 00 00 b0 11 00 00 00 00 15 15
00:aa 19 e8 bb 02 38 00 00 90 11 00 00 15 15 55 55 00 00 00 00 00 00 00 00 00 00 00 00 00 00 00 00 00 00 00 00 00 00 00 00 00 00 00 00 00 00 00 00 00 00 00 00 00 00 00 00 00 00 00 00 00 00 00 00
00:aa 19 20 bc 02 38 00 00 00 00 00 00 00 00 00 00 00 00 00 00 00 00 00 00 00 00 00 00 00 00 00 00 00 00 00 00 00 00 00 00 00 00 00 00 00 00 00 00 00 00 00 00 00 00 00 00 00 00 00 00 00 00 00 00
00:aa 19 58 bc 02 38 00 00 69 e3 00 00 55 50 50 50 89 db 00 00 55 00 00 00 89 db 00 00 55 00 00 00 89 e3 0f 12 55 55 ff 00 89 e3 0f 1a 55 55 ff 00 89 e3 89 db da aa a9 aa 89 e3 89 db ae a9 aa ae
00:aa 19 90 bc 02 38 00 00 89 e3 89 db ae 9b 6a aa 89 e3 89 db aa db aa 9e 89 e3 89 db e6 aa 9b aa 89 e3 89 db fa aa a7 79 89 e3 89 db aa aa eb b6 89 e3 89 db b9 ab 9a aa 89 e3 89 db af 99 ba da
00:aa 19 c8 bc 02 38 00 00 89 e3 89 db ba ea e5 da 89 e3 89 db aa a9 be a5 89 e3 89 db e9 aa 96 ea 89 e3 0f 12 25 25 00 00 89 e3 0f 12 55 55 00 00 89 e3 0f 12 40 40 00 00 89 e3 69 e3 55 00 00 00
00:aa 19 00 bd 02 38 00 00 89 e3 00 00 01 01 01 01 00 00 00 00 00 00 00 00 00 00 00 00 00 00 00 00 00 00 00 00 00 00 00 00 00 00 00 00 00 00 00 00 00 00 00 00 00 00 00 00 00 00 00 00 00 00 00 00
00:aa 19 38 bd 02 38 00 00 00 00 00 00 00 00 00 00 00 00 00 00 00 00 00 00 00 00 00 00 00 00 00 00 00 00 00 00 00 00 00 00 00 00 00 00 00 00 00 00 00 00 00 00 00 00 00 00 69 e3 00 00 50 50 50 50
00:aa 19 70 bd 02 38 00 00 89 e3 89 db ee 76 ba ba 89 e3 89 db ea aa 66 ea 89 e3 89 db aa ae ba ae 89 e3 89 db ea 66 aa ad 89 e3 89 db ed ea d5 9a 89 e3 89 db ae aa 66 6e 89 e3 89 db eb 9b aa ba
00:aa 19 a8 bd 02 38 00 00 89 e3 89 db fa ae 6a 6e 89 e3 89 db ae db ab 6a 89 e3 89 db ee aa ae aa 89 e3 89 db ee aa 6a aa 89 e3 89 db ea 9e aa a6 89 e3 89 db aa da a7 fa 89 e3 89 db aa 99 ea aa
00:aa 19 e0 bd 02 38 00 00 89 e3 89 db ba aa a5 ae 89 e3 89 db f6 e6 ea 96 89 e3 89 db e7 6f a9 a6 89 e3 89 db aa ba aa a6 89 e3 89 db bb 6e 9a 9a 89 e3 89 db be 9b aa a6 89 db 00 00 01 01 01 01
00:aa 19 18 be 02 38 00 00 00 00 00 00 00 00 00 00 00 00 00 00 00 00 00 00 00 00 00 00 00 00 00 00 00 00 00 00 00 00 00 00 00 00 00 00 00 00 00 00 00 00 00 00 00 00 00 00 00 00 00 00 00 00 00 00
00:aa 19 50 be 02 38 00 00 00 00 00 00 00 00 00 00 00 00 00 00 00 00 00 00 00 00 00 00 00 00 00 00 00 00 00 00 00 00 00 00 00 00 00 00 00 00 00 00 69 e3 00 00 50 50 50 50 89 e3 89 db eb fa ba bb
00:aa 19 88 be 02 38 00 00 89 e3 89 db a7 aa aa bb 89 e3 89 db ea ba af eb 89 e3 89 db aa bb 6e aa 89 e3 89 db 7f aa aa 66 89 e3 89 db ee ae ae aa 89 e3 89 db aa aa ea ab 89 e3 89 db aa e6 6a a6
00:aa 19 c0 be 02 38 00 00 89 e3 89 db aa eb a6 ea 89 e3 89 db e6 aa a6 aa 89 e3 89 db 6e aa 6a aa 89 e3 89 db aa ae ea ae 89 e3 89 db ae 6a aa 66 89 e3 89 db f6 aa aa 7a 89 e3 89 db fb aa b9 ae
00:aa 19 f8 be 02 38 00 00 89 e3 89 db aa bb 7e e9 89 e3 89 db aa ba 6a aa 89 e3 89 db ae ad a9 6a 89 e3 89 db ab 99 ab 9a 89 e3 89 db aa e6 fa 6e 89 e3 00 00 01 01 01 01 00 00 00 00 00 00 00 00
00:aa 19 30 bf 02 38 00 00 00 00 00 00 00 00 00 00 00 00 00 00 00 00 00 00 00 00 00 00 00 00 00 00 00 00 00 00 00 00 00 00 00 00 00 00 00 00 00 00 00 00 00 00 00 00 00 00 00 00 00 00 00 00 00 00
00:aa 19 68 bf 02 38 00 00 00 00 00 00 00 00 00 00 00 00 00 00 00 00 00 00 00 00 00 00 00 00 00 00 00 00 00 00 00 00 00 00 69 e3 00 00 50 50 50 50 89 e3 87 b4 00 00 00 51 89 e3 87 b4 00 00 00 55
00:aa 19 a0 bf 02 38 00 00 89 e3 47 bc 00 00 00 42 89 e3 89 db ed aa aa 6f 89 e3 89 db aa ea aa ba 89 e3 89 db aa 9f 6f ba 89 e3 89 db af fa aa ba 89 e3 89 db aa ee aa e9 89 e3 89 db ae ab ae aa
00:aa 19 d8 bf 02 38 00 00 89 e3 89 db ba aa 6a aa 89 e3 89 db ba bb a6 aa 89 e3 89 db ea aa ea a9 89 e3 89 db aa ea aa aa 89 e3 89 db e9 9a a9 d6 89 e3 89 db be a7 b6 a9 89 e3 89 db eb f9 66 aa
00:aa 19 10 c0 02 38 00 00 89 e3 89 db aa ba ab f6 89 e3 00 00 00 00 0a 15 89 e3 00 00 00 00 22 55 89 e3 00 00 00 00 22 55 89 e3 00 00 01 01 a9 55 00 00 00 00 00 00 00 00 00 00 00 00 00 00 00 00
00:aa 19 48 c0 02 38 00 00 00 00 00 00 00 00 00 00 00 00 00 00 00 00 00 00 00 00 00 00 00 00 00 00 00 00 00 00 00 00 00 00 00 00 00 00 00 00 00 00 00 00 00 00 00 00 00 00 00 00 00 00 00 00 00 00
00:aa 19 80 c0 02 38 00 00 00 00 00 00 00 00 00 00 00 00 00 00 00 00 00 00 00 00 00 00 00 00 00 00 00 00 00 00 00 00 00 00 00 00 00 00 00 00 00 00 00 00 00 00 00 00 00 00 00 00 00 00 00 00 00 00
00:aa 19 b8 c0 02 38 00 00 89 e3 45 95 00 00 00 40 89 e3 89 db ab 9e 9a ab 89 e3 89 db fb aa b9 aa 89 e3 89 db ba ae 9b 9b 89 e3 89 db aa a9 ea fa 89 e3 89 db aa ba aa 6e 89 e3 89 db b9 aa 59 aa
00:aa 19 f0 c0 02 38 00 00 89 e3 89 db ba aa 9e bb 89 e3 89 db aa b9 aa ee 89 e3 89 db 9a ad ba ea 89 e3 89 db ae d9 a6 aa 89 e3 89 db fb aa eb e6 89 e3 89 db ae aa 9e a9 89 e3 89 db ba a6 ba ab
00:aa 19 28 c1 02 38 00 00 29 eb 00 00 15 15 15 15 00 00 00 00 00 00 00 00 00 00 00 00 00 00 00 00 00 00 00 00 00 00 00 00 00 00 00 00 00 00 00 00 00 00 00 00 00 00 00 00 00 00 00 00 00 00 00 00
00:aa 19 60 c1 02 38 00 00 00 00 00 00 00 00 00 00 00 00 00 00 00 00 00 00 00 00 00 00 00 00 00 00 00 00 00 00 00 00 00 00 00 00 00 00 00 00 00 00 00 00 00 00 00 00 00 00 00 00 00 00 00 00 00 00
00:aa 19 98 c1 02 38 00 00 00 00 00 00 00 00 00 00 00 00 00 00 00 00 00 00 00 00 00 00 00 00 00 00 00 00 00 00 00 00 00 00 00 00 00 00 00 00 00 00 00 00 00 00 00 00 00 00 89 e3 c4 85 00 40 00 40
00:aa 19 d0 c1 02 38 00 00 89 e3 00 00 00 00 01 01 89 db 00 00 00 00 55 55 89 db 00 00 00 00 54 54 89 e3 89 db be ea aa e6 89 e3 00 00 00 00 05 05 89 db 00 00 00 00 55 55 a6 b4 00 00 00 00 55 55
00:aa 19 08 c2 02 38 00 00 a6 b4 00 00 00 00 55 55 89 e3 89 db a6 ee aa ae 89 e3 00 00 00 01 01 01 29 eb 00 00 00 55 55 55 89 e3 00 00 00 60 60 60 89 e3 89 db ab ba e6 ea 29 eb 00 00 15 15 15 15
00:aa 19 40 c2 02 38 00 00 00 00 00 00 00 00 00 00 00 00 00 00 00 00 00 00 00 00 00 00 00 00 00 00 00 00 00 00 00 00 00 00 00 00 00 00 00 00 00 00 00 00 00 00 00 00 00 00 00 00 00 00 00 00 00 00
00:aa 19 78 c2 02 38 00 00 00 00 00 00 00 00 00 00 00 00 00 00 00 00 00 00 00 00 00 00 00 00 00 00 00 00 00 00 00 00 00 00 00 00 00 00 00 00 00 00 00 00 00 00 00 00 00 00 00 00 00 00 00 00 00 00
00:aa 19 b0 c2 02 38 00 00 00 00 00 00 00 00 00 00 00 00 00 00 00 00 00 00 00 00 00 00 00 00 00 00 00 00 00 00 00 00 00 00 00 00 00 00 00 00 00 00 89 e3 65 95 00 40 00 00 89 e3 00 00 01 01 01 01
00:aa 19 e8 c2 02 38 00 00 00 00 00 00 00 00 00 00 89 db 00 00 54 54 54 54 89 e3 89 db aa 9a 6b 9a 69 e3 00 00 05 05 05 05 00 00 00 00 00 00 00 00 00 00 00 00 00 00 00 00 00 00 00 00 00 00 00 00
00:aa 19 20 c3 02 38 00 00 89 e3 89 db aa aa aa ae 89 e3 00 00 01 01 01 01 00 00 00 00 00 00 00 00 89 e3 00 00 60 60 60 60 89 e3 89 db a6 ba ea aa 29 eb 00 00 15 15 15 15 00 00 00 00 00 00 00 00
00:aa 19 58 c3 02 38 00 00 00 00 00 00 00 00 00 00 00 00 00 00 00 00 00 00 00 00 00 00 00 00 00 00 00 00 00 00 00 00 00 00 00 00 00 00 00 00 00 00 00 00 00 00 00 00 00 00 00 00 00 00 00 00 00 00
00:aa 19 90 c3 02 38 00 00 00 00 00 00 00 00 00 00 00 00 00 00 00 00 00 00 00 00 00 00 00 00 00 00 00 00 00 00 00 00 00 00 00 00 00 00 00 00 00 00 00 00 00 00 00 00 00 00 00 00 00 00 00 00 00 00
00:aa 19 c8 c3 02 38 00 00 00 00 00 00 00 00 00 00 00 00 00 00 00 00 00 00 00 00 00 00 00 00 00 00 00 00 00 00 00 00 00 00 89 e3 c4 85 40 00 40 00 89 e3 00 00 01 01 01 01 00 00 00 00 00 00 00 00
00:aa 19 00 c4 02 38 00 00 89 db 00 00 54 54 54 54 89 e3 89 db ab ee 6a aa 69 e3 00 00 05 05 05 05 00 00 00 00 00 00 00 00 00 00 00 00 00 00 00 00 00 00 00 00 00 00 00 00 89 e3 89 db ae aa aa ae
00:aa 19 38 c4 02 38 00 00 89 e3 00 00 01 01 01 01 00 00 00 00 00 00 00 00 89 e3 00 00 60 60 60 60 89 e3 89 db aa e6 ea ee 29 eb 00 00 15 15 15 15 00 00 00 00 00 00 00 00 00 00 00 00 00 00 00 00
00:aa 19 70 c4 02 38 00 00 00 00 00 00 00 00 00 00 00 00 00 00 00 00 00 00 00 00 00 00 00 00 00 00 00 00 00 00 00 00 00 00 00 00 00 00 00 00 00 00 00 00 00 00 00 00 00 00 00 00 00 00 00 00 00 00
00:aa 19 a8 c4 02 38 00 00 00 00 00 00 00 00 00 00 00 00 00 00 00 00 00 00 00 00 00 00 00 00 00 00 00 00 00 00 00 00 00 00 00 00 00 00 00 00 00 00 00 00 00 00 00 00 00 00 00 00 00 00 00 00 00 00
00:aa 19 e0 c4 02 38 00 00 00 00 00 00 00 00 00 00 00 00 00 00 00 00 00 00 00 00 00 00 00 00 00 00 89 e3 c4 85 40 00 c0 00 89 e3 00 00 01 01 01 01 00 00 00 00 00 00 00 00 89 db 00 00 54 54 54 54
00:aa 19 18 c5 02 38 00 00 89 e3 89 db bb ea ba 00 69 e3 00 00 05 05 05 05 00 00 00 00 00 00 00 00 00 00 00 00 00 00 00 00 00 00 00 00 00 00 00 00 69 e3 89 db 9d bf bf 00 89 e3 00 00 01 01 01 01
00:aa 19 50 c5 02 38 00 00 00 00 00 00 00 00 00 00 89 e3 00 00 60 60 60 60 89 e3 49 e3 00 00 00 ff 29 eb 00 00 15 15 15 15 00 00 00 00 00 00 00 00 00 00 00 00 00 00 00 00 00 00 00 00 00 00 00 00
00:aa 19 88 c5 02 38 00 00 00 00 00 00 00 00 00 00 00 00 00 00 00 00 00 00 00 00 00 00 00 00 00 00 00 00 00 00 00 00 00 00 00 00 00 00 00 00 00 00 00 00 00 00 00 00 00 00 00 00 00 00 00 00 00 00
00:aa 19 c0 c5 02 38 00 00 00 00 00 00 00 00 00 00 00 00 00 00 00 00 00 00 00 00 00 00 00 00 00 00 00 00 00 00 00 00 00 00 00 00 00 00 00 00 00 00 00 00 00 00 00 00 00 00 00 00 00 00 00 00 00 00
00:aa 19 f8 c5 02 38 00 00 00 00 00 00 00 00 00 00 00 00 00 00 00 00 00 00 00 00 00 00 00 00 00 00 00 00 00 00 00 00 00 00 00 00 00 00 00 00 00 00 00 00 00 00 00 00 00 00 00 00 00 00 00 00 00 00
00:aa 19 30 c6 02 38 00 00 00 00 00 00 00 00 00 00 00 00 00 00 00 00 00 00 00 00 00 00 00 00 00 00 00 00 00 00 00 00 00 00 00 00 00 00 00 00 00 00 00 00 00 00 00 00 00 00 00 00 00 00 00 00 00 00
00:aa 19 68 c6 02 38 00 00 00 00 00 00 00 00 00 00 00 00 00 00 00 00 00 00 00 00 00 00 00 00 00 00 00 00 00 00 00 00 00 00 00 00 00 00 00 00 00 00 00 00 00 00 00 00 00 00 00 00 00 00 00 00 00 00
00:aa 19 a0 c6 02 38 00 00 00 00 00 00 00 00 00 00 00 00 00 00 00 00 00 00 00 00 00 00 00 00 00 00 00 00 00 00 00 00 00 00 00 00 00 00 00 00 00 00 00 00 00 00 00 00 00 00 00 00 00 00 00 00 00 00
00:aa 19 d8 c6 02 38 00 00 00 00 00 00 00 00 00 00 00 00 00 00 00 00 00 00 00 00 00 00 00 00 00 00 00 00 00 00 00 00 00 00 00 00 00 00 00 00 00 00 00 00 00 00 00 00 00 00 00 00 00 00 00 00 00 00
00:aa 19 10 c7 02 38 00 00 00 00 00 00 00 00 00 00 00 00 00 00 00 00 00 00 00 00 00 00 00 00 00 00 00 00 00 00 00 00 00 00 00 00 00 00 00 00 00 00 00 00 00 00 00 00 00 00 00 00 00 00 00 00 00 00
00:aa 19 48 c7 02 38 00 00 00 00 00 00 00 00 00 00 00 00 00 00 00 00 00 00 00 00 00 00 00 00 00 00 00 00 00 00 00 00 00 00 00 00 00 00 00 00 00 00 00 00 00 00 00 00 00 00 00 00 00 00 00 00 00 00
00:aa 19 80 c7 02 38 00 00 00 00 00 00 00 00 00 00 00 00 00 00 00 00 00 00 00 00 00 00 00 00 00 00 00 00 00 00 00 00 00 00 00 00 00 00 00 00 00 00 00 00 00 00 00 00 00 00 00 00 00 00 00 00 00 00
00:aa 19 b8 c7 02 38 00 00 00 00 00 00 00 00 00 00 00 00 00 00 00 00 00 00 00 00 00 00 00 00 00 00 00 00 00 00 00 00 00 00 00 00 00 00 00 00 00 00 00 00 00 00 00 00 00 00 00 00 00 00 00 00 00 00
00:aa 19 f0 c7 02 38 00 00 00 00 00 00 00 00 00 00 00 00 00 00 00 00 00 00 00 00 00 00 00 00 00 00 00 00 00 00 00 00 00 00 00 00 00 00 00 00 00 00 00 00 00 00 00 00 00 00 00 00 00 00 00 00 00 00
00:aa 19 28 c8 02 38 00 00 00 00 00 00 00 00 00 00 00 00 00 00 00 00 00 00 00 00 00 00 00 00 00 00 00 00 00 00 00 00 00 00 00 00 00 00 00 00 00 00 00 00 00 00 00 00 00 00 00 00 00 00 00 00 00 00
00:aa 19 60 c8 02 38 00 00 00 00 00 00 00 00 00 00 00 00 00 00 00 00 00 00 00 00 00 00 00 00 00 00 00 00 00 00 00 00 00 00 00 00 00 00 00 00 00 00 00 00 00 00 00 00 00 00 00 00 00 00 00 00 00 00
00:aa 19 98 c8 02 38 00 00 00 00 00 00 00 00 00 00 00 00 00 00 00 00 00 00 00 00 00 00 00 00 00 00 00 00 00 00 00 00 00 00 00 00 00 00 00 00 00 00 00 00 00 00 00 00 00 00 00 00 00 00 00 00 00 00
00:aa 19 d0 c8 02 38 00 00 00 00 00 00 00 00 00 00 00 00 00 00 00 00 00 00 00 00 00 00 00 00 00 00 00 00 00 00 00 00 00 00 00 00 00 00 00 00 00 00 00 00 00 00 00 00 00 00 00 00 00 00 00 00 00 00
00:aa 19 08 c9 02 38 00 00 00 00 00 00 00 00 00 00 00 00 00 00 00 00 00 00 00 00 00 00 00 00 00 00 00 00 00 00 00 00 00 00 00 00 00 00 00 00 00 00 00 00 00 00 00 00 00 00 00 00 00 00 00 00 00 00
00:aa 19 40 c9 02 38 00 00 00 00 00 00 00 00 00 00 00 00 00 00 00 00 00 00 00 00 00 00 00 00 00 00 00 00 00 00 00 00 00 00 00 00 00 00 00 00 00 00 00 00 00 00 00 00 00 00 00 00 00 00 00 00 00 00
00:aa 19 78 c9 02 38 00 00 00 00 00 00 00 00 00 00 00 00 00 00 00 00 00 00 00 00 00 00 00 00 00 00 00 00 00 00 00 00 00 00 00 00 00 00 00 00 00 00 00 00 00 00 00 00 00 00 00 00 00 00 00 00 00 00
00:aa 19 b0 c9 02 38 00 00 00 00 00 00 00 00 00 00 00 00 00 00 00 00 00 00 00 00 00 00 00 00 00 00 00 00 00 00 00 00 00 00 00 00 00 00 00 00 00 00 00 00 00 00 00 00 00 00 00 00 00 00 00 00 00 00
00:aa 19 e8 c9 02 38 00 00 00 00 00 00 00 00 00 00 00 00 00 00 00 00 00 00 00 00 00 00 00 00 00 00 00 00 00 00 00 00 00 00 00 00 00 00 00 00 00 00 00 00 00 00 00 00 00 00 00 00 00 00 00 00 00 00
00:aa 19 20 ca 02 38 00 00 00 00 00 00 00 00 00 00 00 00 00 00 00 00 00 00 00 00 00 00 00 00 00 00 00 00 00 00 00 00 00 00 00 00 00 00 00 00 00 00 00 00 00 00 00 00 00 00 00 00 00 00 00 00 00 00
00:aa 19 58 ca 02 38 00 00 00 00 00 00 00 00 00 00 00 00 00 00 00 00 00 00 00 00 00 00 00 00 00 00 00 00 00 00 00 00 00 00 00 00 00 00 00 00 00 00 00 00 00 00 00 00 00 00 00 00 00 00 00 00 00 00
00:aa 19 90 ca 02 38 00 00 00 00 00 00 00 00 00 00 00 00 00 00 00 00 00 00 00 00 00 00 00 00 00 00 00 00 00 00 00 00 00 00 00 00 00 00 00 00 00 00 00 00 00 00 00 00 00 00 00 00 00 00 00 00 00 00
00:aa 19 c8 ca 02 38 00 00 00 00 00 00 00 00 00 00 00 00 00 00 00 00 00 00 00 00 00 00 00 00 00 00 00 00 00 00 00 00 00 00 00 00 00 00 00 00 00 00 00 00 00 00 00 00 00 00 00 00 00 00 00 00 00 00
00:aa 19 00 cb 02 38 00 00 00 00 00 00 00 00 00 00 00 00 00 00 00 00 00 00 00 00 00 00 00 00 00 00 00 00 00 00 00 00 00 00 00 00 00 00 00 00 00 00 00 00 00 00 00 00 00 00 00 00 00 00 00 00 00 00
00:aa 19 38 cb 02 38 00 00 00 00 00 00 00 00 00 00 00 00 00 00 00 00 00 00 00 00 00 00 00 00 00 00 00 00 00 00 00 00 00 00 00 00 00 00 00 00 00 00 00 00 00 00 00 00 00 00 00 00 00 00 00 00 00 00
00:aa 19 70 cb 02 38 00 00 00 00 00 00 00 00 00 00 00 00 00 00 00 00 00 00 00 00 00 00 00 00 00 00 00 00 00 00 00 00 00 00 00 00 00 00 00 00 00 00 00 00 00 00 00 00 00 00 00 00 00 00 00 00 00 00
00:aa 19 a8 cb 02 38 00 00 00 00 00 00 00 00 00 00 00 00 00 00 00 00 00 00 00 00 00 00 00 00 00 00 00 00 00 00 00 00 00 00 00 00 00 00 00 00 00 00 00 00 00 00 00 00 00 00 00 00 00 00 00 00 00 00
00:aa 19 e0 cb 02 38 00 00 00 00 00 00 00 00 00 00 00 00 00 00 00 00 00 00 00 00 00 00 00 00 00 00 00 00 00 00 00 00 00 00 00 00 00 00 00 00 00 00 00 00 00 00 00 00 00 00 00 00 00 00 00 00 00 00
00:aa 19 18 cc 02 38 00 00 00 00 00 00 00 00 00 00 00 00 00 00 00 00 00 00 00 00 00 00 00 00 00 00 00 00 00 00 00 00 00 00 00 00 00 00 00 00 00 00 00 00 00 00 00 00 00 00 00 00 00 00 00 00 00 00
00:aa 19 50 cc 02 38 00 00 00 00 00 00 00 00 00 00 00 00 00 00 00 00 00 00 00 00 00 00 00 00 00 00 00 00 00 00 00 00 00 00 00 00 00 00 00 00 00 00 00 00 00 00 00 00 00 00 00 00 00 00 00 00 00 00
00:aa 19 88 cc 02 38 00 00 00 00 00 00 00 00 00 00 00 00 00 00 00 00 00 00 00 00 00 00 00 00 00 00 00 00 00 00 00 00 00 00 00 00 00 00 00 00 00 00 00 00 00 00 00 00 00 00 00 00 00 00 00 00 00 00
00:aa 19 c0 cc 02 38 00 00 00 00 00 00 00 00 00 00 00 00 00 00 00 00 00 00 00 00 00 00 00 00 00 00 00 00 00 00 00 00 00 00 00 00 00 00 00 00 00 00 00 00 00 00 00 00 00 00 00 00 00 00 00 00 00 00
00:aa 19 f8 cc 02 38 00 00 00 00 00 00 00 00 00 00 00 00 00 00 00 00 00 00 00 00 00 00 00 00 00 00 00 00 00 00 00 00 00 00 00 00 00 00 00 00 00 00 00 00 00 00 00 00 00 00 00 00 00 00 00 00 00 00
00:aa 1a 00 00 00 00 00 00 00 00 00 00 00 00 00 00 00 00 00 00 00 00 00 00 00 00 00 00 00 00 00 00 00 00 00 00 00 00 00 00 00 00 00 00 00 00 00 00 00 00 00 00 00 00 00 00 00 00 00 00 00 00 00 00
00:aa 10 00 00 00 00 00 00 00 00 00 00 00 00 00 00 00 00 00 00 00 00 00 00 00 00 00 00 00 00 00 00 00 00 00 00 00 00 00 00 00 00 00 00 00 00 00 00 00 00 00 00 00 00 00 00 00 00 00 00 00 00 00 00
00:aa 17 00 00 00 38 00 00 02 00 02 06 00 09 03 01 06 01 06 03 09 04 00 00 00 00 00 00 00 00 00 00 00 00 00 00 00 00 00 00 00 00 00 00 00 00 00 00 00 00 00 00 00 00 00 00 00 00 00 00 00 00 00 00
00:aa 11 00 00 00 00 00 00 00 00 00 00 00 00 00 00 00 00 00 00 00 00 00 00 00 00 00 00 00 00 00 00 00 00 00 00 00 00 00 00 00 00 00 00 00 00 00 00 00 00 00 00 00 00 00 00 00 00 00 00 00 00 00 00
00:aa 11 00 00 00 00 00 00 00 00 00 00 00 00 00 00 00 00 00 00 00 00 00 00 00 00 00 00 00 00 00 00 00 00 00 00 00 00 00 00 00 00 00 00 00 00 00 00 00 00 00 00 00 00 00 00 00 00 00 00 00 00 00 00
00:aa 1c 00 00 00 00 00 00 00 00 00 00 00 00 00 00 00 00 00 00 00 00 00 00 00 00 00 00 00 00 00 00 00 00 00 00 00 00 00 00 00 00 00 00 00 00 00 00 00 00 00 00 00 00 00 00 00 00 00 00 00 00 00 00
00:aa 1c 00 00 00 00 00 00 00 00 00 00 00 00 00 00 00 00 00 00 00 00 00 00 00 00 00 00 00 00 00 00 00 00 00 00 00 00 00 00 00 00 00 00 00 00 00 00 00 00 00 00 00 00 00 00 00 00 00 00 00 00 00 00
