00:aa e2 00 00 00 00 00 00 00 00 00 00 00 00 00 00 00 00 00 00 00 00 00 00 00 00 00 00 00 00 00 00
00:aa e0 00 00 00 00 00 00 00 00 00 00 00 00 00 00 00 00 00 00 00 00 00 00 00 00 00 00 00 00 00 00
00:aa e0 00 00 00 00 00 00 00 00 00 00 00 00 00 00 00 00 00 00 00 00 00 00 00 00 00 00 00 00 00 00
00:aa e0 00 00 00 00 00 00 00 00 00 00 00 00 00 00 00 00 00 00 00 00 00 00 00 00 00 00 00 00 00 00
00:aa e0 00 00 00 00 00 00 00 00 00 00 00 00 00 00 00 00 00 00 00 00 00 00 00 00 00 00 00 00 00 00
00:aa e0 00 00 00 00 00 00 00 00 00 00 00 00 00 00 00 00 00 00 00 00 00 00 00 00 00 00 00 00 00 00
00:aa e0 00 00 00 00 00 00 00 00 00 00 00 00 00 00 00 00 00 00 00 00 00 00 00 00 00 00 00 00 00 00
00:aa e0 00 00 00 00 00 00 00 00 00 00 00 00 00 00 00 00 00 00 00 00 00 00 00 00 00 00 00 00 00 00
00:aa 10 00 00 00 00 00 00 00 00 00 00 00 00 00 00 00 00 00 00 00 00 00 00 00 00 00 00 00 00 00 00 00 00 00 00 00 00 00 00 00 00 00 00 00 00 00 00 00 00 00 00 00 00 00 00 00 00 00 00 00 00 00 00
00:aa 17 00 00 00 38 00 00 02 00 02 06 00 09 02 01 05 01 02 02 07 05 07 00 00 00 00 00 00 00 00 00 00 00 00 00 00 00 00 00 00 00 00 00 00 00 00 00 00 00 00 00 00 00 00 00 00 00 00 00 00 00 00 00
00:aa 11 00 00 00 00 00 00 00 00 00 00 00 00 00 00 00 00 00 00 00 00 00 00 00 00 00 00 00 00 00 00 00 00 00 00 00 00 00 00 00 00 00 00 00 00 00 00 00 00 00 00 00 00 00 00 00 00 00 00 00 00 00 00
00:aa 1c 00 00 00 00 00 00 00 00 00 00 00 00 00 00 00 00 00 00 00 00 00 00 00 00 00 00 00 00 00 00 00 00 00 00 00 00 00 00 00 00 00 00 00 00 00 00 00 00 00 00 00 00 00 00 00 00 00 00 00 00 00 00
00:aa 10 00 00 00 00 00 00 00 00 00 00 00 00 00 00 00 00 00 00 00 00 00 00 00 00 00 00 00 00 00 00 00 00 00 00 00 00 00 00 00 00 00 00 00 00 00 00 00 00 00 00 00 00 00 00 00 00 00 00 00 00 00 00
00:aa 12 00 00 00 38 00 00 00 00 00 00 00 00 00 00 00 00 00 00 00 00 00 00 00 00 00 00 00 00 00 00 00 00 00 00 00 00 00 00 00 00 00 00 00 00 00 00 00 00 00 00 00 00 00 00 00 00 00 00 00 00 00 00
00:aa 11 00 00 00 00 00 00 00 00 00 00 00 00 00 00 00 00 00 00 00 00 00 00 00 00 00 00 00 00 00 00 00 00 00 00 00 00 00 00 00 00 00 00 00 00 00 00 00 00 00 00 00 00 00 00 00 00 00 00 00 00 00 00
00:aa 1c 00 00 00 00 00 00 00 00 00 00 00 00 00 00 00 00 00 00 00 00 00 00 00 00 00 00 00 00 00 00 00 00 00 00 00 00 00 00 00 00 00 00 00 00 00 00 00 00 00 00 00 00 00 00 00 00 00 00 00 00 00 00
00:aa 1c 00 00 00 00 00 00 00 00 00 00 00 00 00 00 00 00 00 00 00 00 00 00 00 00 00 00 00 00 00 00 00 00 00 00 00 00 00 00 00 00 00 00 00 00 00 00 00 00 00 00 00 00 00 00 00 00 00 00 00 00 00 00
00:aa 1c 00 00 00 00 00 00 00 00 00 00 00 00 00 00 00 00 00 00 00 00 00 00 00 00 00 00 00 00 00 00 00 00 00 00 00 00 00 00 00 00 00 00 00 00 00 00 00 00 00 00 00 00 00 00 00 00 00 00 00 00 00 00
00:aa 1b 00 00 00 38 00 00 00 00 00 00 00 00 00 00 00 00 00 00 00 00 00 00 00 00 00 00 00 00 00 00 00 00 00 00 00 00 00 00 00 00 00 00 00 00 00 00 00 00 00 00 00 00 00 00 00 00 00 00 00 00 00 00
00:aa e3 00 00 00 01 00 00 01 00 00 00 00 00 00 00 00 00 00 00 00 00 00 00 00 00 00 00 00 00 00 00
00:aa 14 00 00 00 38 00 00 00 00 00 00 00 00 00 00 00 00 00 00 00 00 00 00 00 00 00 00 00 00 00 00 00 00 00 00 00 00 00 00 00 00 00 00 00 00 00 00 00 00 00 00 00 00 00 00 00 00 00 00 00 00 00 00
00:aa 15 00 00 00 38 00 00 00 01 03 00 00 b2 af 02 00 00 00 00 00 00 00 00 00 00 00 00 00 00 00 00 00 00 00 00 00 00 00 00 00 00 00 00 00 00 00 00 00 00 00 00 00 00 00 00 00 00 00 00 00 00 00 00
00:aa 15 38 00 00 38 00 00 00 00 00 00 00 00 00 00 00 00 00 00 00 00 00 00 00 00 00 00 00 00 00 00 00 00 00 00 00 00 00 00 00 00 00 00 00 00 00 00 00 00 00 00 00 00 00 00 00 00 00 00 00 00 00 00
00:aa 15 70 00 00 10 00 00 00 00 00 00 00 00 00 00 00 00 00 00 00 00 00 00 00 00 00 00 00 00 00 00 00 00 00 00 00 00 00 00 00 00 00 00 00 00 00 00 00 00 00 00 00 00 00 00 00 00 00 00 00 00 00 00
00:aa 16 00 00 00 38 00 00 00 00 00 00 00 00 00 00 00 00 00 00 00 00 00 00 00 00 00 00 00 00 00 00 00 00 00 00 00 00 00 00 00 00 00 00 00 00 00 00 00 00 00 00 00 00 00 00 00 00 00 00 00 00 00 00
00:aa 18 00 00 00 01 00 00 03 00 00 00 00 00 00 00 00 00 00 00 00 00 00 00 00 00 00 00 00 00 00 00 00 00 00 00 00 00 00 00 00 00 00 00 00 00 00 00 00 00 00 00 00 00 00 00 00 00 00 00 00 00 00 00
00:aa 19 00 00 00 38 00 00 51 47 49 46 00 13 00 27 3b 21 ff ff ff ff ff ff ff ff ff ff ff ff ff ff ff ff ff ff ff ff ff ff ff ff ff ff ff ff ff ff ff ff ff ff ff ff ff ff ff ff ff ff ff ff ff ff
00:aa 19 38 00 00 38 00 00 ff ff ff ff ff ff ff ff ff ff ff ff ff ff ff ff ff ff ff ff ff ff ff ff ff ff ff ff ff ff ff ff ff ff ff ff ff ff ff ff ff ff ff ff ff ff ff ff ff ff ff ff ff ff ff ff
00:aa 19 70 00 00 38 00 00 ff ff ff ff ff ff ff ff ff ff ff ff ff ff ff ff ff ff ff ff ff ff ff ff ff ff ff ff ff ff ff ff ff ff ff ff ff ff ff ff ff ff ff ff ff ff ff ff ff ff ff ff ff ff ff ff
00:aa 19 a8 00 00 38 00 00 ff ff ff ff ff ff ff ff ff ff ff ff ff ff ff ff ff ff ff ff ff ff ff ff ff ff ff ff ff ff ff ff ff ff ff ff ff ff ff ff ff ff ff ff ff ff ff ff ff ff ff ff ff ff ff ff
00:aa 19 e0 00 00 38 00 00 ff ff ff ff ff ff ff ff ff ff ff ff ff ff ff ff ff ff ff ff ff ff ff ff ff ff ff ff ff ff ff ff ff ff ff ff ff ff ff ff ff 00 00 00 00 00 00 00 00 00 00 00 00 00 00 00
00:aa 19 18 01 00 38 00 00 00 00 00 00 00 00 00 00 00 00 00 00 00 00 00 00 00 00 00 00 00 00 00 00 00 00 00 00 00 00 00 00 00 00 00 00 00 00 00 00 00 00 00 00 00 00 00 00 00 00 00 00 00 00 00 00
00:aa 19 50 01 00 38 00 00 00 00 00 00 00 00 00 00 00 00 00 00 00 00 00 00 00 00 00 00 00 00 00 00 00 00 00 00 00 00 00 00 00 00 00 00 00 00 00 00 00 00 00 00 00 00 00 00 00 00 00 00 00 00 00 00
00:aa 19 88 01 00 38 00 00 00 00 00 00 00 00 00 00 00 00 00 00 00 00 00 00 00 00 00 00 00 00 00 00 00 00 00 00 00 00 00 00 00 00 00 00 00 00 00 00 00 00 00 00 00 00 00 00 00 00 00 00 00 00 00 00
00:aa 19 c0 01 00 38 00 00 00 00 00 00 00 00 00 00 00 00 00 00 00 00 00 00 00 00 00 00 00 00 00 00 00 00 00 00 00 00 00 00 00 00 00 00 00 00 00 00 00 00 00 00 00 00 00 00 00 00 00 00 00 00 00 00
00:aa 19 f8 01 00 38 00 00 00 00 00 00 00 00 00 00 00 00 00 00 00 00 00 00 00 00 00 00 00 00 00 00 00 00 00 00 00 00 00 00 00 00 00 00 00 00 00 00 00 00 00 00 00 00 00 00 00 00 00 00 00 00 00 00
00:aa 19 30 02 00 38 00 00 00 00 00 00 00 00 00 00 00 00 00 00 00 00 00 00 00 00 00 00 00 00 00 00 00 00 00 00 00 00 00 00 00 00 00 00 00 00 00 00 00 00 00 00 00 00 00 00 00 00 00 00 00 00 00 00
00:aa 19 68 02 00 38 00 00 00 00 00 00 00 00 00 00 00 00 00 00 00 00 00 00 00 00 00 00 00 00 00 00 00 00 00 00 00 00 00 00 00 00 00 00 00 00 00 00 00 00 00 00 00 00 00 00 00 00 00 00 00 00 00 00
00:aa 19 a0 02 00 38 00 00 00 00 00 00 00 00 00 00 00 00 00 00 00 00 00 00 00 00 00 00 00 00 00 00 00 00 00 00 00 00 00 00 00 00 00 00 00 00 00 00 00 00 00 00 00 00 00 00 00 00 00 00 00 00 00 00
00:aa 19 d8 02 00 38 00 00 00 00 00 00 00 00 00 00 00 00 00 00 00 00 00 00 00 00 00 00 00 00 00 00 00 00 00 00 00 00 00 00 00 00 00 00 00 00 00 00 00 00 00 00 00 00 00 00 00 00 00 00 00 00 00 00
00:aa 19 10 03 00 38 00 00 00 00 00 00 00 00 00 00 00 00 00 00 00 00 00 00 00 00 00 00 00 00 00 00 00 00 00 00 00 00 00 00 00 00 00 00 00 00 00 00 00 00 00 00 00 00 00 00 00 00 00 00 00 00 00 00
00:aa 19 48 03 00 38 00 00 00 00 00 00 00 00 00 00 00 00 00 00 00 00 00 00 00 00 00 00 00 00 00 00 00 00 00 00 00 00 00 00 00 00 00 00 00 00 00 00 00 00 00 00 00 00 00 00 00 00 00 00 00 00 00 00
00:aa 19 80 03 00 38 00 00 00 00 00 00 00 00 00 00 00 00 00 00 00 00 00 00 00 20 08 00 00 ff 3f ff ff 00 00 00 00 00 00 00 00 00 00 00 00 00 00 00 00 00 00 00 00 00 00 00 00 00 00 00 00 00 00 00
00:aa 19 b8 03 00 38 00 00 00 00 00 00 00 00 00 00 00 00 00 00 00 00 00 00 00 00 00 00 00 00 00 00 00 00 00 00 00 00 00 00 00 00 00 00 00 00 00 00 00 00 00 00 00 00 00 00 00 00 00 00 00 00 00 00
00:aa 19 f0 03 00 38 00 00 00 81 20 00 00 55 55 55 c0 03 39 00 00 55 55 55 80 03 39 00 00 55 55 55 00 c2 30 00 00 55 55 55 0a 41 10 00 00 ff ff ff 2b 00 00 00 00 00 00 00 00 00 00 00 00 00 00 00
00:aa 19 28 04 00 38 00 00 00 00 00 00 00 00 00 00 00 00 00 00 00 00 00 00 00 00 00 00 00 00 00 00 00 00 00 00 00 00 00 00 00 00 00 00 00 00 00 00 00 00 00 00 00 00 00 00 00 00 00 00 00 00 00 00
00:aa 19 60 04 00 38 00 00 00 00 00 00 00 00 00 00 00 00 00 00 00 00 00 00 00 00 00 00 00 00 00 00 00 00 00 00 00 00 00 00 00 00 00 00 00 00 00 00 00 00 00 00 00 00 00 00 00 00 00 00 00 00 00 00
00:aa 19 98 04 00 38 00 00 00 00 00 00 00 00 00 00 00 00 00 00 00 00 00 00 00 00 00 00 00 00 00 00 00 00 00 00 00 00 00 00 00 00 00 00 00 00 00 00 00 00 00 00 00 00 00 00 00 00 00 00 00 00 00 00
00:aa 19 d0 04 00 38 00 00 00 00 00 00 00 00 00 00 00 00 00 00 00 00 00 00 00 00 00 00 00 00 00 00 00 00 00 00 00 00 00 00 00 00 00 00 00 00 00 00 00 00 00 00 00 00 00 00 00 00 00 00 00 00 00 00
00:aa 19 08 05 00 38 00 00 00 00 00 00 00 00 00 00 00 00 00 00 00 00 00 00 00 00 00 00 00 00 00 00 00 00 00 00 00 00 00 00 00 00 00 00 00 00 00 00 00 00 00 00 00 00 00 00 00 00 00 00 00 00 00 00
00:aa 19 40 05 00 38 00 00 00 00 00 00 00 00 00 00 00 00 00 00 00 00 00 00 00 00 00 00 00 00 00 00 00 00 00 00 00 00 00 00 00 00 00 00 00 00 00 00 00 00 00 00 00 00 00 00 00 00 00 00 00 00 00 00
00:aa 19 78 05 00 38 00 00 00 00 00 00 00 00 00 00 00 00 00 00 00 00 00 00 00 00 00 00 00 00 00 00 00 00 00 00 00 00 00 00 00 00 00 00 00 00 00 00 00 00 00 00 00 00 00 00 00 00 00 00 00 00 00 00
00:aa 19 b0 05 00 38 00 00 00 00 00 00 00 00 00 00 00 02 39 00 00 55 55 5f 5c 24 59 20 08 55 55 aa 00 e6 69 20 10 55 fa a0 80 27 92 43 49 55 fa aa a0 27 92 24 61 55 aa aa 00 27 92 24 61 55 aa aa
00:aa 19 e8 05 00 38 00 00 02 c6 79 e2 40 fd 00 00 00 c6 79 41 18 f5 ab 0a 00 24 61 20 08 55 d5 b5 09 00 00 00 00 00 00 00 00 00 00 00 00 00 00 00 00 00 00 00 00 00 00 00 00 00 00 00 00 00 00 00
00:aa 19 20 06 00 38 00 00 00 00 00 00 00 00 00 00 00 00 00 00 00 00 00 00 00 00 00 00 00 00 00 00 00 00 00 00 00 00 00 00 00 00 00 00 00 00 00 00 00 00 00 00 00 00 00 00 00 00 00 00 00 00 00 00
00:aa 19 58 06 00 38 00 00 00 00 00 00 00 00 00 00 00 00 00 00 00 00 00 00 00 00 00 00 00 00 00 00 00 00 00 00 00 00 00 00 00 00 00 00 00 00 00 00 00 00 00 00 00 00 00 00 00 00 00 00 00 00 00 00
00:aa 19 90 06 00 38 00 00 00 00 00 00 00 00 00 00 00 00 00 00 00 00 00 00 00 00 00 00 00 00 00 00 00 00 00 00 00 00 00 00 00 00 00 00 00 00 00 00 00 00 00 00 00 00 00 00 00 00 00 00 00 00 00 00
00:aa 19 c8 06 00 38 00 00 00 00 00 00 00 00 00 00 00 00 00 00 00 00 00 00 00 00 00 00 00 00 00 00 00 00 00 00 00 00 00 00 00 00 00 00 00 00 00 00 00 00 00 00 00 00 00 00 00 00 00 00 00 00 00 00
00:aa 19 00 07 00 38 00 00 00 00 00 00 00 00 00 00 00 00 00 00 00 00 00 00 00 00 00 00 00 00 00 00 00 00 00 00 00 00 00 00 00 00 00 00 00 00 00 00 00 00 00 00 00 00 00 00 00 00 00 00 00 00 00 00
00:aa 19 38 07 00 38 00 00 00 00 00 00 00 00 00 00 00 00 00 00 00 00 00 00 00 00 00 00 00 00 00 00 00 00 00 00 00 00 00 00 00 00 00 00 00 00 00 00 00 00 00 00 00 00 00 00 00 00 00 00 00 00 00 00
00:aa 19 70 07 00 38 00 00 00 00 00 00 00 00 00 00 00 00 00 00 00 00 00 00 00 00 00 00 00 00 00 00 00 00 00 00 00 00 00 00 00 00 00 00 00 00 00 00 00 43 49 20 08 58 58 58 58 c6 79 24 61 55 5f 40
00:aa 19 a8 07 00 38 00 00 40 e6 81 c6 79 7f fc fc fc 07 a2 27 92 55 55 40 60 07 a2 27 92 55 d7 00 00 07 a2 27 92 55 3f 00 00 07 aa 07 8a d5 ff 00 00 07 a2 e6 81 d5 b5 0d 0b c6 79 c2 30 09 02 02
00:aa 19 e0 07 00 38 00 00 00 24 59 20 08 55 95 35 25 00 00 00 00 00 00 00 00 00 00 00 00 00 00 00 00 00 00 00 00 00 00 00 00 00 00 00 00 00 00 00 00 00 00 00 00 00 00 00 00 00 00 00 00 00 00 00
00:aa 19 18 08 00 38 00 00 00 00 00 00 00 00 00 00 00 00 00 00 00 00 00 00 00 00 00 00 00 00 00 00 00 00 00 00 00 00 00 00 00 00 00 00 00 00 00 00 00 00 00 00 00 00 00 00 00 00 00 00 00 00 00 00
00:aa 19 50 08 00 38 00 00 00 00 00 00 00 00 00 00 00 00 00 00 00 00 00 00 00 00 00 00 00 00 00 00 00 00 00 00 00 00 00 00 00 00 00 00 00 00 00 00 00 00 00 00 00 00 00 00 00 00 00 00 00 00 00 00
00:aa 19 88 08 00 38 00 00 00 00 00 00 00 00 00 00 00 00 00 00 00 00 00 00 00 00 00 00 00 00 00 00 00 00 00 00 00 00 00 00 00 00 00 00 00 00 00 00 00 00 00 00 00 00 00 00 00 00 00 00 00 00 00 00
00:aa 19 c0 08 00 38 00 00 00 00 00 00 00 00 00 00 00 00 00 00 00 00 00 00 00 00 00 00 00 00 00 00 00 00 00 00 00 00 00 00 00 00 00 00 00 00 00 00 00 00 00 00 00 00 00 00 00 00 00 00 00 00 00 00
00:aa 19 f8 08 00 38 00 00 00 00 00 00 00 00 00 00 00 00 00 00 00 00 00 00 00 00 00 00 00 00 00 00 00 00 00 00 00 00 00 00 00 00 00 00 00 00 00 00 00 00 00 00 00 00 00 00 00 00 00 00 00 00 00 00
00:aa 19 30 09 00 38 00 00 00 00 00 00 00 00 00 00 00 00 00 00 00 00 00 00 00 00 00 00 00 00 00 00 00 00 00 00 00 00 00 00 00 00 00 00 00 00 00 00 00 00 00 00 00 00 00 00 00 00 00 00 00 00 00 00
00:aa 19 68 09 00 38 00 00 00 00 00 00 00 00 00 00 00 00 00 00 00 00 00 00 00 44 61 20 08 58 78 70 60 c6 79 24 61 40 80 00 00 27 92 c6 79 54 54 5c 60 07 a2 27 92 40 50 54 56 07 aa 00 00 00 00 00
00:aa 19 a0 09 00 38 00 00 00 07 aa 00 00 00 00 00 00 07 aa 00 00 00 00 00 00 07 aa 27 9a a5 aa aa a9 27 92 c6 79 35 05 09 09 c6 79 61 18 2d 2d 0b 0b 20 10 00 00 ff bf bf 3f 00 00 00 00 00 00 00
00:aa 19 d8 09 00 38 00 00 00 00 00 00 00 00 00 00 00 00 00 00 00 00 00 00 00 00 00 00 00 00 00 00 00 00 00 00 00 00 00 00 00 00 00 00 00 00 00 00 00 00 00 00 00 00 00 00 00 00 00 00 00 00 00 00
00:aa 19 10 0a 00 38 00 00 00 00 00 00 00 00 00 00 00 00 00 00 00 00 00 00 00 00 00 00 00 00 00 00 00 00 00 00 00 00 00 00 00 00 00 00 00 00 00 00 00 00 00 00 00 00 00 00 00 00 00 00 00 00 00 00
00:aa 19 48 0a 00 38 00 00 00 00 00 00 00 00 00 00 00 00 00 00 00 00 00 00 00 00 00 00 00 00 00 00 00 00 00 00 00 00 00 00 00 00 00 00 00 00 00 00 00 00 00 00 00 00 00 00 00 00 00 00 00 00 00 00
00:aa 19 80 0a 00 38 00 00 00 00 00 00 00 00 00 00 00 00 00 00 00 00 00 00 00 00 00 00 00 00 00 00 00 00 00 00 00 00 00 00 00 00 00 00 00 00 00 00 00 00 00 00 00 00 00 00 00 00 00 00 00 00 00 00
00:aa 19 b8 0a 00 38 00 00 00 00 00 00 00 00 00 00 00 00 00 00 00 00 00 00 00 00 00 00 00 00 00 00 00 00 00 00 00 00 00 00 00 00 00 00 00 00 00 00 00 00 00 00 00 00 00 00 00 00 00 00 00 00 00 00
00:aa 19 f0 0a 00 38 00 00 00 00 00 00 00 00 00 00 00 00 00 00 00 00 00 00 00 00 00 00 00 00 00 00 00 00 00 00 00 00 00 00 00 00 00 00 00 00 00 00 00 00 00 00 00 00 00 00 00 00 00 00 00 00 00 00
00:aa 19 28 0b 00 38 00 00 00 00 00 00 00 00 00 00 00 00 00 00 00 00 00 00 00 00 00 00 00 00 00 00 00 00 00 00 00 00 00 00 00 00 00 00 00 00 00 00 00 00 00 00 00 00 00 00 00 c6 79 c2 28 78 78 78
00:aa 19 60 0b 00 38 00 00 78 e6 81 c6 79 ff fe fc fc 27 92 07 8a 6a aa aa aa 27 92 4a 8b 00 00 01 25 27 9a 6a 8b 00 aa 57 57 27 9a 09 7b 00 aa 55 55 07 aa 0d 9c 00 ff 55 f5 4d ac 27 92 55 d5 a5
00:aa 19 98 0b 00 38 00 00 0b 27 92 e6 81 09 01 00 0b c6 79 03 51 0d 01 03 02 e2 38 00 00 95 95 35 35 00 00 00 00 00 00 00 00 00 00 00 00 00 00 00 00 00 00 00 00 00 00 00 00 00 00 00 00 00 00 00
00:aa 19 d0 0b 00 38 00 00 00 00 00 00 00 00 00 00 00 00 00 00 00 00 00 00 00 00 00 00 00 00 00 00 00 00 00 00 00 00 00 00 00 00 00 00 00 00 00 00 00 00 00 00 00 00 00 00 00 00 00 00 00 00 00 00
00:aa 19 08 0c 00 38 00 00 00 00 00 00 00 00 00 00 00 00 00 00 00 00 00 00 00 00 00 00 00 00 00 00 00 00 00 00 00 00 00 00 00 00 00 00 00 00 00 00 00 00 00 00 00 00 00 00 00 00 00 00 00 00 00 00
00:aa 19 40 0c 00 38 00 00 00 00 00 00 00 00 00 00 00 00 00 00 00 00 00 00 00 00 00 00 00 00 00 00 00 00 00 00 00 00 00 00 00 00 00 00 00 00 00 00 00 00 00 00 00 00 00 00 00 00 00 00 00 00 00 00
00:aa 19 78 0c 00 38 00 00 00 00 00 00 00 00 00 00 00 00 00 00 00 00 00 00 00 00 00 00 00 00 00 00 00 00 00 00 00 00 00 00 00 00 00 00 00 00 00 00 00 00 00 00 00 00 00 00 00 00 00 00 00 00 00 00
00:aa 19 b0 0c 00 38 00 00 00 00 00 00 00 00 00 00 00 00 00 00 00 00 00 00 00 00 00 00 00 00 00 00 00 00 00 00 00 00 00 00 00 00 00 00 00 00 00 00 00 00 00 00 00 00 00 00 00 00 00 00 00 00 00 00
00:aa 19 e8 0c 00 38 00 00 00 00 00 00 00 00 00 00 00 00 00 00 00 00 00 00 00 00 00 00 00 00 00 00 00 00 00 00 00 00 00 00 00 00 00 00 00 00 00 00 00 00 00 00 00 00 00 00 00 00 00 00 00 00 00 00
00:aa 19 20 0d 00 38 00 00 00 00 00 00 00 00 00 00 00 00 00 00 00 00 00 00 00 41 10 00 00 ff ff fc fc c6 79 e3 40 78 78 78 78 c6 79 05 5a 00 00 02 17 07 92 29 7b 02 3d f5 f5 cb 93 6a 8b 5a e0 e0
00:aa 19 58 0d 00 38 00 00 aa ab 93 09 7b 0b 0b 0b 09 09 7b 87 6a b5 01 02 bf 8b 8b 26 5a e0 5c d7 fe 4d ac ab 93 00 80 60 6a 2d a4 c6 79 b5 25 09 0b c6 79 24 61 02 02 02 c1 e2 38 00 00 35 35 35
00:aa 19 90 0d 00 38 00 00 35 00 00 00 00 00 00 00 00 00 00 00 00 00 00 00 00 00 00 00 00 00 00 00 00 00 00 00 00 00 00 00 00 00 00 00 00 00 00 00 00 00 00 00 00 00 00 00 00 00 00 00 00 00 00 00
00:aa 19 c8 0d 00 38 00 00 00 00 00 00 00 00 00 00 00 00 00 00 00 00 00 00 00 00 00 00 00 00 00 00 00 00 00 00 00 00 00 00 00 00 00 00 00 00 00 00 00 00 00 00 00 00 00 00 00 00 00 00 00 00 00 00
00:aa 19 00 0e 00 38 00 00 00 00 00 00 00 00 00 00 00 00 00 00 00 00 00 00 00 00 00 00 00 00 00 00 00 00 00 00 00 00 00 00 00 00 00 00 00 00 00 00 00 00 00 00 00 00 00 00 00 00 00 00 00 00 00 00
00:aa 19 38 0e 00 38 00 00 00 00 00 00 00 00 00 00 00 00 00 00 00 00 00 00 00 00 00 00 00 00 00 00 00 00 00 00 00 00 00 00 00 00 00 00 00 00 00 00 00 00 00 00 00 00 00 00 00 00 00 00 00 00 00 00
00:aa 19 70 0e 00 38 00 00 00 00 00 00 00 00 00 00 00 00 00 00 00 00 00 00 00 00 00 00 00 00 00 00 00 00 00 00 00 00 00 00 00 00 00 00 00 00 00 00 00 00 00 00 00 00 00 00 00 00 00 00 00 00 00 00
00:aa 19 a8 0e 00 38 00 00 00 00 00 00 00 00 00 00 00 00 00 00 00 00 00 00 00 00 00 00 00 00 00 00 00 00 00 00 00 00 00 00 00 00 00 00 00 00 00 00 00 00 00 00 00 00 00 00 00 00 00 00 00 00 00 00
00:aa 19 e0 0e 00 38 00 00 00 00 00 00 00 00 00 00 00 00 00 00 00 00 00 00 00 00 00 00 00 00 00 00 00 00 00 00 00 00 00 00 00 00 00 00 00 00 00 00 00 03 59 00 00 55 55 6a c0 c8 72 00 08 57 57 fe
00:aa 19 18 0f 00 38 00 00 fc 6a 8b 24 61 5f fe aa 00 e8 7a 05 5a d7 17 17 17 4a 83 c8 6a 58 68 68 68 cb 93 8b 93 ff ff ff f8 ab 93 09 7b 2d 2b 02 00 ab 93 67 62 f5 b5 ab 0a 6a 8b 67 62 78 78 f8
00:aa 19 50 0f 00 38 00 00 f8 2d a4 6a 8b 80 00 03 8d 2d a4 87 6a 0a 2f bd f5 46 62 24 59 25 25 b5 95 e2 38 20 08 15 15 95 d5 00 00 00 00 00 00 00 00 00 00 00 00 00 00 00 00 00 00 00 00 00 00 00
00:aa 19 88 0f 00 38 00 00 00 00 00 00 00 00 00 00 00 00 00 00 00 00 00 00 00 00 00 00 00 00 00 00 00 00 00 00 00 00 00 00 00 00 00 00 00 00 00 00 00 00 00 00 00 00 00 00 00 00 00 00 00 00 00 00
00:aa 19 c0 0f 00 38 00 00 00 00 00 00 00 00 00 00 00 00 00 00 00 00 00 00 00 00 00 00 00 00 00 00 00 00 00 00 00 00 00 00 00 00 00 00 00 00 00 00 00 00 00 00 00 00 00 00 00 00 00 00 00 00 00 00
00:aa 19 f8 0f 00 38 00 00 00 00 00 00 00 00 00 00 00 00 00 00 00 00 00 00 00 00 00 00 00 00 00 00 00 00 00 00 00 00 00 00 00 00 00 00 00 00 00 00 00 00 00 00 00 00 00 00 00 00 00 00 00 00 00 00
00:aa 19 30 10 00 38 00 00 00 00 00 00 00 00 00 00 00 00 00 00 00 00 00 00 00 00 00 00 00 00 00 00 00 00 00 00 00 00 00 00 00 00 00 00 00 00 00 00 00 00 00 00 00 00 00 00 00 00 00 00 00 00 00 00
00:aa 19 68 10 00 38 00 00 00 00 00 00 00 00 00 00 00 00 00 00 00 00 00 00 00 00 00 00 00 00 00 00 00 00 00 00 00 00 00 00 00 00 00 00 00 00 00 00 00 00 00 00 00 00 00 00 00 00 00 00 00 00 00 00
00:aa 19 a0 10 00 38 00 00 00 00 00 00 00 00 00 00 00 00 00 00 00 00 00 00 00 00 00 00 00 00 00 00 00 00 00 00 00 00 00 00 00 00 00 00 00 00 00 00 00 00 00 00 00 00 00 00 00 00 00 00 00 00 00 00
00:aa 19 d8 10 00 38 00 00 00 00 00 00 00 00 00 00 00 00 00 00 00 00 00 00 00 24 59 00 00 80 e0 5f 55 6a 8b 61 20 fc f8 58 58 2d 9c 6a 8b 55 55 d7 27 e8 72 26 5a 17 1e 1c 38 8b 93 c8 6a 7a 78 e8
00:aa 19 10 11 00 38 00 00 e8 2d a4 ab 93 5f 7e 70 70 6d b4 ec 9b 55 f5 fd 03 0c a4 4a 83 bd af ab 2a 8b 93 29 7b 57 bf af 00 8b 93 c8 72 8b ad ad 0d c8 6a c4 51 0a 2b 2b 29 e5 59 61 18 2f 2d 0d
00:aa 19 48 11 00 38 00 00 ad 20 08 00 00 0f 2f 3f 3f 00 00 00 00 00 00 00 00 00 00 00 00 00 00 00 00 00 00 00 00 00 00 00 00 00 00 00 00 00 00 00 00 00 00 00 00 00 00 00 00 00 00 00 00 00 00 00
00:aa 19 80 11 00 38 00 00 00 00 00 00 00 00 00 00 00 00 00 00 00 00 00 00 00 00 00 00 00 00 00 00 00 00 00 00 00 00 00 00 00 00 00 00 00 00 00 00 00 00 00 00 00 00 00 00 00 00 00 00 00 00 00 00
00:aa 19 b8 11 00 38 00 00 00 00 00 00 00 00 00 00 00 00 00 00 00 00 00 00 00 00 00 00 00 00 00 00 00 00 00 00 00 00 00 00 00 00 00 00 00 00 00 00 00 00 00 00 00 00 00 00 00 00 00 00 00 00 00 00
00:aa 19 f0 11 00 38 00 00 00 00 00 00 00 00 00 00 00 00 00 00 00 00 00 00 00 00 00 00 00 00 00 00 00 00 00 00 00 00 00 00 00 00 00 00 00 00 00 00 00 00 00 00 00 00 00 00 00 00 00 00 00 00 00 00
00:aa 19 28 12 00 38 00 00 00 00 00 00 00 00 00 00 00 00 00 00 00 00 00 00 00 00 00 00 00 00 00 00 00 00 00 00 00 00 00 00 00 00 00 00 00 00 00 00 00 00 00 00 00 00 00 00 00 00 00 00 00 00 00 00
00:aa 19 60 12 00 38 00 00 00 00 00 00 00 00 00 00 00 00 00 00 00 00 00 00 00 00 00 00 00 00 00 00 00 00 00 00 00 00 00 00 00 00 00 00 00 00 00 00 00 20 08 00 00 ff fc ff ff 00 00 00 00 00 00 00
00:aa 19 98 12 00 38 00 00 00 00 00 00 00 00 00 00 00 00 00 00 00 00 00 00 00 00 00 00 00 00 00 00 00 00 00 00 00 00 00 00 00 00 00 00 00 00 00 00 00 00 00 00 00 00 00 00 00 00 00 00 00 00 00 00
00:aa 19 d0 12 00 38 00 00 00 4a 83 20 08 5c 56 57 57 2d a4 67 62 0a ab 7d 55 09 7b 87 6a 5e 5c 5c 58 8b 93 4a 83 5c 5c 5c 5c 4d ac cb 93 78 78 78 78 6d b4 4d ac 00 00 00 75 4d ac ab 93 2f 2f 2d
00:aa 19 08 13 00 38 00 00 25 ec 9b 6a 8b ff f8 f8 d8 0c 9c c8 72 ad 2d 09 03 a8 6a c4 51 09 09 0b 0b 23 41 20 10 09 2d 25 35 20 10 00 00 bf ff ff ff 00 00 00 00 00 00 00 00 00 00 00 00 00 00 00
00:aa 19 40 13 00 38 00 00 00 00 00 00 00 00 00 00 00 00 00 00 00 00 00 00 00 00 00 00 00 00 00 00 00 00 00 00 00 00 00 00 00 00 00 00 00 00 00 00 00 00 00 00 00 00 00 00 00 00 00 00 00 00 00 00
00:aa 19 78 13 00 38 00 00 00 00 00 00 00 00 00 00 00 00 00 00 00 00 00 00 00 00 00 00 00 00 00 00 00 00 00 00 00 00 00 00 00 00 00 00 00 00 00 00 00 00 00 00 00 00 00 00 00 00 00 00 00 00 00 00
00:aa 19 b0 13 00 38 00 00 00 00 00 00 00 00 00 00 00 00 00 00 00 00 00 00 00 00 00 00 00 00 00 00 00 00 00 00 00 00 00 00 00 00 00 00 00 00 00 00 00 00 00 00 00 00 00 00 00 00 00 00 00 00 00 00
00:aa 19 e8 13 00 38 00 00 00 00 00 00 00 00 00 00 00 00 00 00 00 00 00 00 00 00 00 00 00 00 00 00 00 00 00 00 00 00 00 00 00 00 00 00 00 00 00 00 00 00 00 00 00 00 00 00 00 00 00 00 00 00 00 00
00:aa 19 20 14 00 38 00 00 00 00 00 00 00 00 00 00 00 00 00 00 00 00 00 00 00 00 00 00 00 00 00 00 00 00 00 00 00 00 00 00 00 00 00 00 00 00 00 00 00 00 00 00 00 00 00 00 00 00 00 00 00 00 00 00
00:aa 19 58 14 00 38 00 00 00 00 00 00 00 00 00 00 00 00 00 00 00 00 00 00 00 00 00 00 00 00 00 00 00 20 08 00 00 ff 3f ff ff 00 00 00 00 00 00 00 00 00 00 00 00 00 00 00 00 00 00 00 00 00 00 00
00:aa 19 90 14 00 38 00 00 00 00 00 00 00 00 00 00 00 00 00 00 00 00 00 00 00 00 00 00 00 00 00 00 00 00 00 00 00 00 00 00 00 46 62 00 00 5c 58 78 70 67 62 06 5a 0d 05 05 05 09 7b 66 62 70 70 70
00:aa 19 c8 14 00 38 00 00 70 cb 9b 4a 83 5e 58 58 5a 2d a4 ab 93 f0 fe ff 55 2d a4 ab 93 02 02 ff 55 ec 9b 6a 8b 2d 2d af ff 6a 8b 09 7b 28 0d 01 02 ec 9b e8 72 03 82 7f 55 09 7b 06 5a 2d 0b 02
00:aa 19 00 15 00 38 00 00 00 05 5a 00 08 b5 35 35 35 00 00 00 00 00 00 00 00 00 00 00 00 00 00 00 00 00 00 00 00 00 00 00 00 00 00 00 00 00 00 00 00 00 00 00 00 00 00 00 00 00 00 00 00 00 00 00
00:aa 19 38 15 00 38 00 00 00 00 00 00 00 00 00 00 00 00 00 00 00 00 00 00 00 00 00 00 00 00 00 00 00 00 00 00 00 00 00 00 00 00 00 00 00 00 00 00 00 00 00 00 00 00 00 00 00 00 00 00 00 00 00 00
00:aa 19 70 15 00 38 00 00 00 00 00 00 00 00 00 00 00 00 00 00 00 00 00 00 00 00 00 00 00 00 00 00 00 00 00 00 00 00 00 00 00 00 00 00 00 00 00 00 00 00 00 00 00 00 00 00 00 00 00 00 00 00 00 00
00:aa 19 a8 15 00 38 00 00 00 00 00 00 00 00 00 00 00 00 00 00 00 00 00 00 00 00 00 00 00 00 00 00 00 00 00 00 00 00 00 00 00 00 00 00 00 00 00 00 00 00 00 00 00 00 00 00 00 00 00 00 00 00 00 00
00:aa 19 e0 15 00 38 00 00 00 00 00 00 00 00 00 00 00 00 00 00 00 00 00 00 00 00 00 00 00 00 00 00 00 00 00 00 00 00 00 00 00 00 00 00 00 00 00 00 00 00 00 00 00 00 00 00 00 00 00 00 00 00 00 00
00:aa 19 18 16 00 38 00 00 00 00 00 00 00 00 00 00 00 00 00 00 00 00 00 00 00 00 00 00 00 00 00 00 00 00 00 00 00 00 00 00 00 00 00 00 00 00 00 00 00 00 00 00 00 00 00 00 00 00 00 00 00 00 00 00
00:aa 19 50 16 00 38 00 00 00 20 08 00 00 ff af ff ff 00 00 00 00 00 00 00 00 00 00 00 00 00 00 00 00 00 00 00 00 00 00 00 00 00 00 00 00 00 00 00 00 00 00 00 00 00 00 00 00 00 00 00 00 00 00 00
00:aa 19 88 16 00 38 00 00 00 00 00 00 00 00 00 00 00 67 62 20 08 70 70 60 60 a8 6a c4 51 af af 2d 2d 09 7b 05 5a e0 e0 68 7a 6a 83 09 7b a0 aa ea 6a 8b 93 4a 83 00 a0 5c 57 ab 93 6a 8b b5 b5 ad
00:aa 19 c0 16 00 38 00 00 80 6a 8b 29 7b 00 5a dc 28 ab 93 87 6a ab bf bd 0d 87 6a 26 5a 20 2a 96 55 09 7b 67 62 82 82 63 79 e5 51 20 08 15 95 95 d5 00 00 00 00 00 00 00 00 00 00 00 00 00 00 00
00:aa 19 f8 16 00 38 00 00 00 00 00 00 00 00 00 00 00 00 00 00 00 00 00 00 00 00 00 00 00 00 00 00 00 00 00 00 00 00 00 00 00 00 00 00 00 00 00 00 00 00 00 00 00 00 00 00 00 00 00 00 00 00 00 00
00:aa 19 30 17 00 38 00 00 00 00 00 00 00 00 00 00 00 00 00 00 00 00 00 00 00 00 00 00 00 00 00 00 00 00 00 00 00 00 00 00 00 00 00 00 00 00 00 00 00 00 00 00 00 00 00 00 00 00 00 00 00 00 00 00
00:aa 19 68 17 00 38 00 00 00 00 00 00 00 00 00 00 00 00 00 00 00 00 00 00 00 00 00 00 00 00 00 00 00 00 00 00 00 00 00 00 00 00 00 00 00 00 00 00 00 00 00 00 00 00 00 00 00 00 00 00 00 00 00 00
00:aa 19 a0 17 00 38 00 00 00 00 00 00 00 00 00 00 00 00 00 00 00 00 00 00 00 00 00 00 00 00 00 00 00 00 00 00 00 00 00 00 00 00 00 00 00 00 00 00 00 00 00 00 00 00 00 00 00 00 00 00 00 00 00 00
00:aa 19 d8 17 00 38 00 00 00 00 00 00 00 00 00 00 00 00 00 00 00 00 00 00 00 00 00 00 00 00 00 00 00 00 00 00 00 00 00 00 00 00 00 00 00 00 00 00 00 00 00 00 00 00 00 00 00 00 00 00 00 00 00 00
00:aa 19 10 18 00 38 00 00 00 00 00 00 00 00 00 00 00 00 00 00 00 00 00 00 00 00 00 00 00 00 00 00 00 00 00 00 00 00 00 00 00 20 08 00 00 f3 ff ff ff 00 00 00 00 00 00 00 00 00 00 00 00 00 00 00
00:aa 19 48 18 00 38 00 00 00 00 00 00 00 00 00 00 00 00 00 00 00 00 00 00 00 00 00 00 00 00 00 00 00 00 00 00 00 00 00 00 00 00 08 00 00 ff fe fe fe 87 62 81 20 60 e0 e0 e0 c8 6a c4 51 2d 0d 0d
00:aa 19 80 18 00 38 00 00 0d c8 6a c4 51 78 7a 7a 5e 4a 83 67 62 e0 fa fa 7f 4a 83 e8 72 00 00 fc 5e ec 9b 6a 8b ea 60 60 60 0c 9c 09 7b 3e 2f 0d 0d ab 93 87 6a 01 a3 fd 55 05 5a 84 49 fc 57 d7
00:aa 19 b8 18 00 38 00 00 bf 46 62 20 10 03 09 ad ad 20 08 00 00 3f 3f 3f ff 00 00 00 00 00 00 00 00 00 00 00 00 00 00 00 00 00 00 00 00 00 00 00 00 00 00 00 00 00 00 00 00 00 00 00 00 00 00 00
00:aa 19 f0 18 00 38 00 00 00 00 00 00 00 00 00 00 00 00 00 00 00 00 00 00 00 00 00 00 00 00 00 00 00 00 00 00 00 00 00 00 00 00 00 00 00 00 00 00 00 00 00 00 00 00 00 00 00 00 00 00 00 00 00 00
00:aa 19 28 19 00 38 00 00 00 00 00 00 00 00 00 00 00 00 00 00 00 00 00 00 00 00 00 00 00 00 00 00 00 00 00 00 00 00 00 00 00 00 00 00 00 00 00 00 00 00 00 00 00 00 00 00 00 00 00 00 00 00 00 00
00:aa 19 60 19 00 38 00 00 00 00 00 00 00 00 00 00 00 00 00 00 00 00 00 00 00 00 00 00 00 00 00 00 00 00 00 00 00 00 00 00 00 00 00 00 00 00 00 00 00 00 00 00 00 00 00 00 00 00 00 00 00 00 00 00
00:aa 19 98 19 00 38 00 00 00 00 00 00 00 00 00 00 00 00 00 00 00 00 00 00 00 00 00 00 00 00 00 00 00 00 00 00 00 00 00 00 00 00 00 00 00 00 00 00 00 00 00 00 00 00 00 00 00 00 00 00 00 00 00 00
00:aa 19 d0 19 00 38 00 00 00 00 00 00 00 00 00 00 00 00 00 00 00 00 00 00 00 00 00 00 00 00 00 00 00 00 00 00 00 00 00 00 00 00 00 00 00 00 00 00 00 00 00 00 00 00 00 00 00 00 00 00 00 00 00 00
00:aa 19 08 1a 00 38 00 00 00 00 00 00 00 00 00 00 00 00 00 00 00 00 00 00 00 00 00 00 00 00 00 00 00 00 00 00 00 00 00 00 00 00 00 00 00 00 00 00 00 00 00 00 00 00 00 00 00 00 00 00 00 00 00 00
00:aa 19 40 1a 00 38 00 00 00 00 08 00 00 ff ff ff fe 64 41 20 08 55 57 56 5c 29 83 a4 49 78 78 78 f8 09 7b 05 5a 2d 0d 09 03 e5 51 43 49 a0 aa ae 35 a8 6a c4 51 a0 f8 7a 7e 29 83 c8 6a 5c 58 58
00:aa 19 78 1a 00 38 00 00 56 2d a4 4a 83 68 78 78 5f 0c 9c 87 62 09 0d 2d b5 67 62 c5 51 03 03 09 fd c4 51 61 20 00 02 2d b5 43 41 00 08 25 b5 d5 55 00 00 00 00 00 00 00 00 00 00 00 00 00 00 00
00:aa 19 b0 1a 00 38 00 00 00 00 00 00 00 00 00 00 00 00 00 00 00 00 00 00 00 00 00 00 00 00 00 00 00 00 00 00 00 00 00 00 00 00 00 00 00 00 00 00 00 00 00 00 00 00 00 00 00 00 00 00 00 00 00 00
00:aa 19 e8 1a 00 38 00 00 00 00 00 00 00 00 00 00 00 00 00 00 00 00 00 00 00 00 00 00 00 00 00 00 00 00 00 00 00 00 00 00 00 00 00 00 00 00 00 00 00 00 00 00 00 00 00 00 00 00 00 00 00 00 00 00
00:aa 19 20 1b 00 38 00 00 00 00 00 00 00 00 00 00 00 00 00 00 00 00 00 00 00 00 00 00 00 00 00 00 00 00 00 00 00 00 00 00 00 00 00 00 00 00 00 00 00 00 00 00 00 00 00 00 00 00 00 00 00 00 00 00
00:aa 19 58 1b 00 38 00 00 00 00 00 00 00 00 00 00 00 00 00 00 00 00 00 00 00 00 00 00 00 00 00 00 00 00 00 00 00 00 00 00 00 00 00 00 00 00 00 00 00 00 00 00 00 00 00 00 00 00 00 00 00 00 00 00
00:aa 19 90 1b 00 38 00 00 00 00 00 00 00 00 00 00 00 00 00 00 00 00 00 00 00 00 00 00 00 00 00 00 00 00 00 00 00 00 00 00 00 00 00 00 00 00 00 00 00 00 00 00 00 00 00 00 00 00 00 00 00 00 00 00
00:aa 19 c8 1b 00 38 00 00 00 00 00 00 00 00 00 00 00 00 00 00 00 00 00 00 00 00 00 00 00 00 00 00 00 00 00 00 00 00 00 00 00 00 00 00 00 00 00 00 00 00 00 00 00 00 00 00 00 00 00 00 00 00 00 00
00:aa 19 00 1c 00 38 00 00 00 00 00 00 00 00 00 00 00 c5 51 20 08 55 55 57 78 46 62 20 08 55 55 fa 00 46 62 00 00 55 ff aa 00 46 62 20 10 55 ff aa 00 c4 51 81 20 5e a8 2a 00 4a 83 e5 59 78 78 78
00:aa 19 38 1c 00 38 00 00 78 6a 8b a8 6a a9 2b 0b 0b 67 62 43 49 b5 2f 2b 02 e5 51 43 49 e0 78 96 35 a8 6a c4 51 a0 f8 7e 57 4a 83 05 5a 80 aa ff 55 c8 72 a4 49 0b 2f f5 55 c5 51 81 20 02 0b 0d
00:aa 19 70 1c 00 38 00 00 a5 61 20 00 00 0f 3d d5 55 00 00 00 00 00 00 00 00 00 00 00 00 00 00 00 00 00 00 00 00 00 00 00 00 00 00 00 00 00 00 00 00 00 00 00 00 00 00 00 00 00 00 00 00 00 00 00
00:aa 19 a8 1c 00 38 00 00 00 00 00 00 00 00 00 00 00 00 00 00 00 00 00 00 00 00 00 00 00 00 00 00 00 00 00 00 00 00 00 00 00 00 00 00 00 00 00 00 00 00 00 00 00 00 00 00 00 00 00 00 00 00 00 00
00:aa 19 e0 1c 00 38 00 00 00 00 00 00 00 00 00 00 00 00 00 00 00 00 00 00 00 00 00 00 00 00 00 00 00 00 00 00 00 00 00 00 00 00 00 00 00 00 00 00 00 00 00 00 00 00 00 00 00 00 00 00 00 00 00 00
00:aa 19 18 1d 00 38 00 00 00 00 00 00 00 00 00 00 00 00 00 00 00 00 00 00 00 00 00 00 00 00 00 00 00 00 00 00 00 00 00 00 00 00 00 00 00 00 00 00 00 00 00 00 00 00 00 00 00 00 00 00 00 00 00 00
00:aa 19 50 1d 00 38 00 00 00 00 00 00 00 00 00 00 00 00 00 00 00 00 00 00 00 00 00 00 00 00 00 00 00 00 00 00 00 00 00 00 00 00 00 00 00 00 00 00 00 00 00 00 00 00 00 00 00 00 00 00 00 00 00 00
00:aa 19 88 1d 00 38 00 00 00 00 00 00 00 00 00 00 00 00 00 00 00 00 00 00 00 00 00 00 00 00 00 00 00 00 00 00 00 00 00 00 00 00 00 00 00 00 00 00 00 00 00 00 00 00 00 00 00 00 00 00 00 00 00 00
00:aa 19 c0 1d 00 38 00 00 00 00 00 00 00 00 00 00 00 00 00 00 00 00 00 00 00 20 08 00 00 ff ff ff f0 23 41 00 00 55 55 57 f8 87 6a 20 08 55 5e e8 a0 29 7b 03 39 7a a8 80 00 ab 93 c8 72 55 fe ea
00:aa 19 f8 1d 00 38 00 00 80 ab 93 c8 72 55 ea aa 00 4a 83 67 62 f5 2d 2d 2d 05 5a c4 51 d5 05 01 08 4a 8b 05 5a 78 78 78 78 6a 8b e8 7a 09 01 01 03 c8 72 c8 6a f5 bf bf bf 87 6a 84 49 b5 25 0d
00:aa 19 30 1e 00 38 00 00 0b 84 49 43 49 e0 ff ff 0a a4 49 43 49 00 ff ff 80 c4 51 43 41 d5 ff fd 03 43 41 20 10 0d 0d 0b 00 c2 30 00 00 55 55 d5 2d 00 00 00 00 00 00 00 00 00 00 00 00 00 00 00
00:aa 19 68 1e 00 38 00 00 00 00 00 00 00 00 00 00 00 00 00 00 00 00 00 00 00 00 00 00 00 00 00 00 00 00 00 00 00 00 00 00 00 00 00 00 00 00 00 00 00 00 00 00 00 00 00 00 00 00 00 00 00 00 00 00
00:aa 19 a0 1e 00 38 00 00 00 00 00 00 00 00 00 00 00 00 00 00 00 00 00 00 00 00 00 00 00 00 00 00 00 00 00 00 00 00 00 00 00 00 00 00 00 00 00 00 00 00 00 00 00 00 00 00 00 00 00 00 00 00 00 00
00:aa 19 d8 1e 00 38 00 00 00 00 00 00 00 00 00 00 00 00 00 00 00 00 00 00 00 00 00 00 00 00 00 00 00 00 00 00 00 00 00 00 00 00 00 00 00 00 00 00 00 00 00 00 00 00 00 00 00 00 00 00 00 00 00 00
00:aa 19 10 1f 00 38 00 00 00 00 00 00 00 00 00 00 00 00 00 00 00 00 00 00 00 00 00 00 00 00 00 00 00 00 00 00 00 00 00 00 00 00 00 00 00 00 00 00 00 00 00 00 00 00 00 00 00 00 00 00 00 00 00 00
00:aa 19 48 1f 00 38 00 00 00 00 00 00 00 00 00 00 00 00 00 00 00 00 00 00 00 00 00 00 00 00 00 00 00 00 00 00 00 00 00 00 00 00 00 00 00 00 00 00 00 00 00 00 00 00 00 00 00 00 00 00 00 00 00 00
00:aa 19 80 1f 00 38 00 00 00 00 00 00 00 00 00 00 00 00 00 00 00 00 00 00 00 00 00 00 00 00 00 00 00 00 00 00 00 00 00 00 00 20 10 00 00 ff ff fe fc a4 49 20 08 55 5e f8 80 46 62 81 20 55 fa aa
00:aa 19 b8 1f 00 38 00 00 a0 e8 72 03 39 5e fa a0 00 4a 83 a7 6a 5e 7a aa 00 8b 93 09 7b e8 f8 fe d7 cb 93 6a 83 80 80 80 5a cb 9b 09 7b 02 02 0b ad 09 7b 26 5a 0b 2d 3d b5 46 62 e5 51 f7 df 70
00:aa 19 f0 1f 00 38 00 00 c0 29 83 26 5a 58 58 f8 fc 8b 93 29 83 ad 89 83 82 29 83 c8 72 5d fd ff 2a 09 7b 66 62 a5 aa a0 00 4a 83 e5 59 f5 af aa 00 c8 6a e5 59 55 ab 02 02 46 62 e5 51 d5 f5 bf
00:aa 19 28 20 00 38 00 00 3c a8 6a a4 49 55 ff fa 00 87 6a 23 39 f5 ab 02 00 e5 59 20 08 55 f5 2d 02 20 08 00 00 ff ff bf 0f 00 00 00 00 00 00 00 00 00 00 00 00 00 00 00 00 00 00 00 00 00 00 00
00:aa 19 60 20 00 38 00 00 00 00 00 00 00 00 00 00 00 00 00 00 00 00 00 00 00 00 00 00 00 00 00 00 00 00 00 00 00 00 00 00 00 00 00 00 00 00 00 00 00 00 00 00 00 00 00 00 00 00 00 00 00 00 00 00
00:aa 19 98 20 00 38 00 00 00 00 00 00 00 00 00 00 00 00 00 00 00 00 00 00 00 00 00 00 00 00 00 00 00 00 00 00 00 00 00 00 00 00 00 00 00 00 00 00 00 00 00 00 00 00 00 00 00 00 00 00 00 00 00 00
00:aa 19 d0 20 00 38 00 00 00 00 00 00 00 00 00 00 00 00 00 00 00 00 00 00 00 00 00 00 00 00 00 00 00 00 00 00 00 00 00 00 00 00 00 00 00 00 00 00 00 00 00 00 00 00 00 00 00 00 00 00 00 00 00 00
00:aa 19 08 21 00 38 00 00 00 00 00 00 00 00 00 00 00 00 00 00 00 00 00 00 00 00 00 00 00 00 00 00 00 00 00 00 00 00 00 00 00 00 00 00 00 00 00 00 00 00 00 00 00 00 00 00 00 00 00 00 00 00 00 00
00:aa 19 40 21 00 38 00 00 00 00 00 00 00 00 00 00 00 00 00 00 00 00 00 00 00 00 00 00 00 00 00 00 00 00 00 00 00 00 00 00 00 00 00 00 00 00 00 00 00 00 00 00 00 00 00 00 00 00 00 00 00 00 00 00
00:aa 19 78 21 00 38 00 00 00 20 08 00 00 ff ff ff fc c4 51 00 08 5e 78 78 e0 67 62 c5 51 55 7f 78 e0 4a 83 87 6a 57 5e 78 e0 8b 93 29 7b 5f f0 ff fd 6a 8b e8 72 02 0a aa d5 29 83 c8 6a 2a 2d a5
00:aa 19 b0 21 00 38 00 00 55 09 7b a7 6a 80 ff d5 d5 09 7b 67 62 02 a9 d5 55 a8 6a 05 5a 25 95 d7 9a 4a 83 67 62 55 7d ed 89 29 83 67 62 54 5c 5c 5c 8b 93 6a 8b e9 ed ed 55 4a 83 09 7b 17 14 38
00:aa 19 e8 21 00 38 00 00 16 4a 83 29 7b c0 0c 08 00 4a 83 4a 83 00 00 00 00 09 7b 67 62 2d 29 2a 2a cb 93 67 62 57 7e fa a0 cb 9b e8 7a 55 ff 82 00 ab 93 09 7b 55 d5 ad 2b 09 7b 26 5a f5 bf 2b
00:aa 19 20 22 00 38 00 00 02 46 62 20 10 b5 2d 0a 02 43 41 00 00 55 55 d5 35 00 00 00 00 00 00 00 00 00 00 00 00 00 00 00 00 00 00 00 00 00 00 00 00 00 00 00 00 00 00 00 00 00 00 00 00 00 00 00
00:aa 19 58 22 00 38 00 00 00 00 00 00 00 00 00 00 00 00 00 00 00 00 00 00 00 00 00 00 00 00 00 00 00 00 00 00 00 00 00 00 00 00 00 00 00 00 00 00 00 00 00 00 00 00 00 00 00 00 00 00 00 00 00 00
00:aa 19 90 22 00 38 00 00 00 00 00 00 00 00 00 00 00 00 00 00 00 00 00 00 00 00 00 00 00 00 00 00 00 00 00 00 00 00 00 00 00 00 00 00 00 00 00 00 00 00 00 00 00 00 00 00 00 00 00 00 00 00 00 00
00:aa 19 c8 22 00 38 00 00 00 00 00 00 00 00 00 00 00 00 00 00 00 00 00 00 00 00 00 00 00 00 00 00 00 00 00 00 00 00 00 00 00 00 00 00 00 00 00 00 00 00 00 00 00 00 00 00 00 00 00 00 00 00 00 00
00:aa 19 00 23 00 38 00 00 00 00 00 00 00 00 00 00 00 00 00 00 00 00 00 00 00 00 00 00 00 00 00 00 00 00 00 00 00 00 00 00 00 00 00 00 00 00 00 00 00 00 00 00 00 00 00 00 00 00 00 00 00 00 00 00
00:aa 19 38 23 00 38 00 00 00 00 00 00 00 00 00 00 00 00 00 00 00 00 00 00 00 00 00 00 00 00 00 00 00 00 00 00 00 00 00 00 00 a2 30 00 00 57 56 5c 78 05 5a 03 39 7a 78 e8 e8 c8 72 46 62 70 70 78
00:aa 19 70 23 00 38 00 00 f8 4a 83 87 6a 80 aa af 55 09 7b 87 62 0a bf 5f 5f c8 72 c8 6a bf ff fc c0 29 83 c8 6a 55 55 ea 82 09 7b c8 6a 55 55 aa 00 09 7b 87 6a 55 ff aa 02 e8 7a 67 62 5e f8 00
00:aa 19 a8 23 00 38 00 00 00 29 83 c8 6a 09 89 fd fd cb 9b 87 62 5e 5c 58 58 ab 93 a8 6a 8a 0a 0b 2d 09 7b 67 62 08 37 b7 d5 4a 83 67 62 00 00 aa 5f 6a 8b c8 6a 02 2a 55 55 09 7b 87 6a 00 a8 ff
00:aa 19 e0 23 00 38 00 00 55 8b 93 67 62 a0 a0 ff 5f cb 93 09 7b 00 00 7f 55 ab 93 c8 72 0a 0a bf 55 4a 83 67 62 0a 02 ab 55 c8 72 c4 51 09 0b ad f5 c4 51 20 08 25 0d 0b 0a 81 28 00 00 55 55 d5
00:aa 19 18 24 00 38 00 00 35 00 00 00 00 00 00 00 00 00 00 00 00 00 00 00 00 00 00 00 00 00 00 00 00 00 00 00 00 00 00 00 00 00 00 00 00 00 00 00 00 00 00 00 00 00 00 00 00 00 00 00 00 00 00 00
00:aa 19 50 24 00 38 00 00 00 00 00 00 00 00 00 00 00 00 00 00 00 00 00 00 00 00 00 00 00 00 00 00 00 00 00 00 00 00 00 00 00 00 00 00 00 00 00 00 00 00 00 00 00 00 00 00 00 00 00 00 00 00 00 00
00:aa 19 88 24 00 38 00 00 00 00 00 00 00 00 00 00 00 00 00 00 00 00 00 00 00 00 00 00 00 00 00 00 00 00 00 00 00 00 00 00 00 00 00 00 00 00 00 00 00 00 00 00 00 00 00 00 00 00 00 00 00 00 00 00
00:aa 19 c0 24 00 38 00 00 00 00 00 00 00 00 00 00 00 00 00 00 00 00 00 00 00 00 00 00 00 00 00 00 00 00 00 00 00 00 00 00 00 00 00 00 00 00 00 00 00 00 00 00 00 00 00 00 00 00 00 00 00 00 00 00
00:aa 19 f8 24 00 38 00 00 00 00 00 00 00 00 00 00 00 00 00 00 00 00 00 00 00 00 00 00 00 00 00 00 00 00 00 00 00 00 00 00 00 00 00 00 00 00 00 00 00 00 00 00 00 00 00 00 00 00 00 00 00 00 00 00
00:aa 19 30 25 00 38 00 00 00 00 00 00 00 00 00 00 00 43 41 20 10 5c 5c 58 58 05 5a 43 41 78 78 78 78 67 62 e5 59 00 02 a9 55 67 62 05 5a 20 50 5c 50 e8 72 67 62 6a 68 e8 e0 4a 83 09 7b 55 56 54
00:aa 19 68 25 00 38 00 00 5c 4a 83 29 83 02 02 02 00 09 7b 09 7b 00 00 00 00 09 7b e8 7a 29 15 0b 00 6a 8b e8 7a 55 55 7f a0 6a 8b e8 7a 55 75 ff 00 ab 93 c8 72 58 5f f5 b5 6a 8b 67 62 25 d5 d5
00:aa 19 a0 25 00 38 00 00 55 c8 6a 67 62 55 70 5c 70 c8 6a 67 62 78 00 00 00 c8 72 c8 6a fd ff fc c0 09 7b 67 62 55 ff aa 00 09 7b 67 62 56 56 aa 02 e8 72 67 62 82 a9 a5 a5 a8 6a 67 62 25 55 55
00:aa 19 d8 25 00 38 00 00 55 87 6a 26 5a a9 aa 80 80 a8 6a c4 51 f5 af 2b 0a 67 62 43 41 f5 fd af 2a 84 49 00 08 b5 2f 02 00 43 41 20 08 55 55 d5 2d 00 00 00 00 00 00 00 00 00 00 00 00 00 00 00
00:aa 19 10 26 00 38 00 00 00 00 00 00 00 00 00 00 00 00 00 00 00 00 00 00 00 00 00 00 00 00 00 00 00 00 00 00 00 00 00 00 00 00 00 00 00 00 00 00 00 00 00 00 00 00 00 00 00 00 00 00 00 00 00 00
00:aa 19 48 26 00 38 00 00 00 00 00 00 00 00 00 00 00 00 00 00 00 00 00 00 00 00 00 00 00 00 00 00 00 00 00 00 00 00 00 00 00 00 00 00 00 00 00 00 00 00 00 00 00 00 00 00 00 00 00 00 00 00 00 00
00:aa 19 80 26 00 38 00 00 00 00 00 00 00 00 00 00 00 00 00 00 00 00 00 00 00 00 00 00 00 00 00 00 00 00 00 00 00 00 00 00 00 00 00 00 00 00 00 00 00 00 00 00 00 00 00 00 00 00 00 00 00 00 00 00
00:aa 19 b8 26 00 38 00 00 00 00 00 00 00 00 00 00 00 00 00 00 00 00 00 00 00 00 00 00 00 00 00 00 00 00 00 00 00 00 00 00 00 00 00 00 00 00 00 00 00 00 00 00 00 00 00 00 00 00 00 00 00 00 00 00
00:aa 19 f0 26 00 38 00 00 00 00 00 00 00 00 00 00 00 00 00 00 00 00 00 00 00 00 00 00 00 00 00 00 00 00 00 00 00 00 00 00 00 00 00 00 00 00 00 00 00 43 41 41 10 58 78 78 78 c4 51 43 41 60 60 70
00:aa 19 28 27 00 38 00 00 7a c5 51 63 49 0a aa da 5a a8 6a 05 5a 7a 78 78 78 09 7b c8 72 78 40 40 40 4a 83 09 7b a0 00 40 00 6a 8b 4a 83 55 55 54 00 8a 93 4a 83 55 fa aa a0 cb 93 4a 83 55 ff aa
00:aa 19 60 27 00 38 00 00 80 cb 93 4a 8b 7a ea aa 00 cb 93 4a 8b aa a9 a9 2d 4a 83 87 6a 35 b5 9f df 29 83 67 62 57 5f fa a0 cb 93 a8 6a 55 55 ff 00 29 83 c8 72 55 5f ea 00 6a 8b e8 72 7e fe a8
00:aa 19 98 27 00 38 00 00 00 6a 8b 09 7b df aa 00 00 8b 93 29 83 55 fb aa aa 6a 8b c8 72 f5 2f 2b 0b e8 7a 67 62 d7 aa 00 00 09 7b e8 7a 55 50 60 60 09 7b 87 6a ad 2a 02 00 c8 6a 46 62 f5 3f 2f
00:aa 19 d0 27 00 38 00 00 0f c8 6a 46 62 f5 ff 03 00 67 62 23 41 d5 bd 2b 02 a4 49 20 08 55 d5 b5 25 00 00 00 00 00 00 00 00 00 00 00 00 00 00 00 00 00 00 00 00 00 00 00 00 00 00 00 00 00 00 00
00:aa 19 08 28 00 38 00 00 00 00 00 00 00 00 00 00 00 00 00 00 00 00 00 00 00 00 00 00 00 00 00 00 00 00 00 00 00 00 00 00 00 00 00 00 00 00 00 00 00 00 00 00 00 00 00 00 00 00 00 00 00 00 00 00
00:aa 19 40 28 00 38 00 00 00 00 00 00 00 00 00 00 00 00 00 00 00 00 00 00 00 00 00 00 00 00 00 00 00 00 00 00 00 00 00 00 00 00 00 00 00 00 00 00 00 00 00 00 00 00 00 00 00 00 00 00 00 00 00 00
00:aa 19 78 28 00 38 00 00 00 00 00 00 00 00 00 00 00 00 00 00 00 00 00 00 00 00 00 00 00 00 00 00 00 00 00 00 00 00 00 00 00 00 00 00 00 00 00 00 00 00 00 00 00 00 00 00 00 00 00 00 00 00 00 00
00:aa 19 b0 28 00 38 00 00 00 00 00 00 00 00 00 00 00 00 00 00 00 00 00 00 00 00 00 00 00 00 00 00 00 00 00 00 00 00 00 00 00 00 00 00 00 00 00 00 00 00 00 00 00 00 00 00 00 00 00 00 00 00 00 00
00:aa 19 e8 28 00 38 00 00 00 00 00 00 00 00 00 00 00 00 00 00 00 00 00 00 00 e2 38 20 08 60 60 70 78 43 41 e2 38 00 00 7a 55 a4 49 e2 38 a0 a8 58 5c a8 6a 05 5a 78 78 78 78 09 7b c8 6a 40 60 60
00:aa 19 20 29 00 38 00 00 60 8b 93 4a 83 57 5e 7a 60 cb 93 6a 8b 6a a0 a0 a0 cb 9b ab 93 56 aa aa aa cb 9b 00 00 00 00 00 00 2d 9c cb 9b ff ff ff 0f ab 93 e8 7a 09 2d 35 95 29 83 c8 72 57 7f fe
00:aa 19 58 29 00 38 00 00 f8 2d a4 09 7b 5c 5e 7e e8 6d b4 ec 9b 00 60 5f c3 4d ac ab 93 b5 02 02 af 0c 9c ab 93 55 5f 3d ff 2d a4 ab 93 55 df 7f fc 2d a4 ab 93 55 fd ff 00 cc 9b 6a 8b d5 f5 b5
00:aa 19 90 29 00 38 00 00 0b 6a 8b 09 7b 55 95 ab 02 6a 8b 09 7b 55 56 fa a0 8b 93 4a 83 55 55 ab 02 6a 8b c8 72 f5 f5 bd 3f e8 7a e8 72 6a 6a e0 a0 09 7b 67 62 95 ad 0b 00 67 62 a1 28 ad 2d 2b
00:aa 19 c8 29 00 38 00 00 0a a2 28 00 00 55 d5 95 35 00 00 00 00 00 00 00 00 00 00 00 00 00 00 00 00 00 00 00 00 00 00 00 00 00 00 00 00 00 00 00 00 00 00 00 00 00 00 00 00 00 00 00 00 00 00 00
00:aa 19 00 2a 00 38 00 00 00 00 00 00 00 00 00 00 00 00 00 00 00 00 00 00 00 00 00 00 00 00 00 00 00 00 00 00 00 00 00 00 00 00 00 00 00 00 00 00 00 00 00 00 00 00 00 00 00 00 00 00 00 00 00 00
00:aa 19 38 2a 00 38 00 00 00 00 00 00 00 00 00 00 00 00 00 00 00 00 00 00 00 00 00 00 00 00 00 00 00 00 00 00 00 00 00 00 00 00 00 00 00 00 00 00 00 00 00 00 00 00 00 00 00 00 00 00 00 00 00 00
00:aa 19 70 2a 00 38 00 00 00 00 00 00 00 00 00 00 00 00 00 00 00 00 00 00 00 00 00 00 00 00 00 00 00 00 00 00 00 00 00 00 00 00 00 00 00 00 00 00 00 00 00 00 00 00 00 00 00 00 00 00 00 00 00 00
00:aa 19 a8 2a 00 38 00 00 00 00 00 00 00 00 00 00 00 00 00 00 00 00 00 00 00 00 00 00 00 00 00 00 00 00 00 00 00 00 00 00 00 00 00 00 00 00 00 00 00 00 00 00 00 00 00 00 00 81 20 00 00 60 60 70
00:aa 19 e0 2a 00 38 00 00 70 e2 38 81 20 00 fc ff ff 84 49 a2 28 f8 58 58 58 a8 6a 05 5a 78 78 78 78 4a 83 c8 6a 78 78 78 78 8b 93 6a 8b 7a 6a 6a 5e cb 9b ab 93 6a 6a 55 55 cb 9b ab 93 aa aa 55
00:aa 19 18 2b 00 38 00 00 56 0c 9c cb 9b fe fc fc f8 2d a4 ec 9b ad a9 a9 a9 6a 8b e8 7a 15 15 95 95 4a 83 e8 7a 7c 7c 7c 7c 6d b4 6a 8b 78 7a 7a e0 8d bc 2d a4 a2 fa 55 03 6d b4 0d 9c 2d 00 fc
00:aa 19 50 2b 00 38 00 00 af 6d b4 ec 9b d5 3d 02 a0 ae cc 0c 9c 5f 5a 5a d8 ce d4 4d ac 5d fa aa 00 8d c4 4d ac d5 0f 03 25 2d a4 6a 8b 0b 02 0b 25 2d a4 ab 93 55 ff f0 70 2d a4 ab 93 f5 09 02
00:aa 19 88 2b 00 38 00 00 00 8b 93 09 7b 95 b5 2d 2d 4a 83 e8 7a 5c 58 70 f0 8b 93 29 7b fd ad 2b 02 09 7b e5 51 2d 2d 0b 0b 05 5a 00 08 b5 b5 25 2d 00 00 00 00 00 00 00 00 00 00 00 00 00 00 00
00:aa 19 c0 2b 00 38 00 00 00 00 00 00 00 00 00 00 00 00 00 00 00 00 00 00 00 00 00 00 00 00 00 00 00 00 00 00 00 00 00 00 00 00 00 00 00 00 00 00 00 00 00 00 00 00 00 00 00 00 00 00 00 00 00 00
00:aa 19 f8 2b 00 38 00 00 00 00 00 00 00 00 00 00 00 00 00 00 00 00 00 00 00 00 00 00 00 00 00 00 00 00 00 00 00 00 00 00 00 00 00 00 00 00 00 00 00 00 00 00 00 00 00 00 00 00 00 00 00 00 00 00
00:aa 19 30 2c 00 38 00 00 00 00 00 00 00 00 00 00 00 00 00 00 00 00 00 00 00 00 00 00 00 00 00 00 00 00 00 00 00 00 00 00 00 00 00 00 00 00 00 00 00 00 00 00 00 00 00 00 00 00 00 00 00 00 00 00
00:aa 19 68 2c 00 38 00 00 00 00 00 00 00 00 00 00 00 00 00 00 00 00 00 00 00 00 00 00 00 00 00 00 00 00 00 00 00 00 00 00 00 00 00 00 00 00 00 00 00 00 00 00 00 00 00 00 00 00 00 00 00 00 00 00
00:aa 19 a0 2c 00 38 00 00 00 00 00 00 00 00 00 00 00 00 00 00 00 00 00 00 00 00 00 00 00 00 00 00 00 81 20 00 00 7c 7c 78 70 c2 30 81 20 ff ff 02 00 84 49 a2 28 5c 5c 5c fe a8 6a c4 51 e8 e8 e8
00:aa 19 d8 2c 00 38 00 00 78 4a 83 c8 72 7c 7c 5e 5f 6a 8b 4a 83 40 5f 55 55 8b 93 6a 8b ea 7a 7a 7a 8b 93 00 00 00 00 00 00 0d 9c cb 9b f8 f8 f8 f8 6d b4 ec 9b e1 c1 c1 c1 29 83 c8 72 3f 37 95
00:aa 19 10 2d 00 38 00 00 d5 4a 83 e8 7a 5f 7f 7c 7c 6d b4 6a 83 60 78 60 e0 ce d4 6d b4 82 70 57 55 50 dd 0c ac f5 2d ff 5f 8d bc ec 9b 7f d5 2d 09 ce d4 ab 93 f8 58 5c 5e ce d4 2d a4 02 0b 2d
00:aa 19 48 2d 00 38 00 00 f5 6d b4 09 7b 0a af bd f5 4a 8b 67 62 0b ad d5 55 ec 9b 87 6a e0 78 7a 5e 2d a4 ab 93 00 80 60 58 2d a4 4a 83 35 25 2d 0d cb 9b 09 7b 7e fa f8 e0 ec 9b 6a 8b ad a9 09
00:aa 19 80 2d 00 38 00 00 0b 4a 83 67 62 2d 29 2b 2b 66 62 20 10 2d 2d 2d 29 00 00 00 00 00 00 00 00 00 00 00 00 00 00 00 00 00 00 00 00 00 00 00 00 00 00 00 00 00 00 00 00 00 00 00 00 00 00 00
00:aa 19 b8 2d 00 38 00 00 00 00 00 00 00 00 00 00 00 00 00 00 00 00 00 00 00 00 00 00 00 00 00 00 00 00 00 00 00 00 00 00 00 00 00 00 00 00 00 00 00 00 00 00 00 00 00 00 00 00 00 00 00 00 00 00
00:aa 19 f0 2d 00 38 00 00 00 00 00 00 00 00 00 00 00 00 00 00 00 00 00 00 00 00 00 00 00 00 00 00 00 00 00 00 00 00 00 00 00 00 00 00 00 00 00 00 00 00 00 00 00 00 00 00 00 00 00 00 00 00 00 00
00:aa 19 28 2e 00 38 00 00 00 00 00 00 00 00 00 00 00 00 00 00 00 00 00 00 00 00 00 00 00 00 00 00 00 00 00 00 00 00 00 00 00 00 00 00 00 00 00 00 00 00 00 00 00 00 00 00 00 00 00 00 00 00 00 00
00:aa 19 60 2e 00 38 00 00 00 00 00 00 00 00 00 00 00 00 00 00 00 00 00 00 00 00 00 00 00 00 00 00 00 00 00 00 00 00 00 00 00 00 00 00 00 00 00 00 00 00 00 00 00 00 00 00 00 00 00 00 00 00 00 00
00:aa 19 98 2e 00 38 00 00 00 c2 30 20 08 78 78 e8 e8 43 41 e2 38 60 60 60 60 43 41 23 39 fc 08 08 aa 67 62 c4 51 70 70 70 5a e8 72 67 62 a0 e8 68 5e 4a 83 e8 7a e0 f0 7c 5f 8b 93 49 83 a0 e8 e8
00:aa 19 d0 2e 00 38 00 00 78 8b 93 00 00 00 00 00 00 2d a4 ab 93 f8 78 78 78 6d b4 ab 93 81 01 01 09 c8 72 67 62 2a 16 15 95 4a 8b 87 62 e8 fa 55 55 2d a4 05 5a 80 80 f0 5e 8d c4 4d ac ad 0f c3
00:aa 19 08 2f 00 38 00 00 7a 6d b4 ec 9b d7 d5 35 0d 4d ac 6a 8b 03 ab fd fd 2d a4 09 7b f0 d8 5c 5e 2d a4 6a 8b 0b 2d bd f5 6a 8b a7 6a 2f 2d ad bd 67 62 23 41 0a 29 2d 2d c8 72 84 49 e0 68 7a
00:aa 19 40 2f 00 38 00 00 5e ec 9b e8 72 e0 78 78 5e 2d a4 6a 8b 0d 0d 0f 8a 2d a4 ab 93 5c 5c 78 e0 2d a4 8b 93 0d 0d 0d 0d 4a 83 a8 6a 2d 2d 2d 2d e5 51 41 10 09 09 09 09 00 00 00 00 00 00 00
00:aa 19 78 2f 00 38 00 00 00 00 00 00 00 00 00 00 00 00 00 00 00 00 00 00 00 00 00 00 00 00 00 00 00 00 00 00 00 00 00 00 00 00 00 00 00 00 00 00 00 00 00 00 00 00 00 00 00 00 00 00 00 00 00 00
00:aa 19 b0 2f 00 38 00 00 00 00 00 00 00 00 00 00 00 00 00 00 00 00 00 00 00 00 00 00 00 00 00 00 00 00 00 00 00 00 00 00 00 00 00 00 00 00 00 00 00 00 00 00 00 00 00 00 00 00 00 00 00 00 00 00
00:aa 19 e8 2f 00 38 00 00 00 00 00 00 00 00 00 00 00 00 00 00 00 00 00 00 00 00 00 00 00 00 00 00 00 00 00 00 00 00 00 00 00 00 00 00 00 00 00 00 00 00 00 00 00 00 00 00 00 00 00 00 00 00 00 00
00:aa 19 20 30 00 38 00 00 00 00 00 00 00 00 00 00 00 00 00 00 00 00 00 00 00 00 00 00 00 00 00 00 00 00 00 00 00 00 00 00 00 00 00 00 00 00 00 00 00 00 00 00 00 00 00 00 00 00 00 00 00 00 00 00
00:aa 19 58 30 00 38 00 00 00 00 00 00 00 00 00 00 00 00 00 00 00 00 00 00 00 00 00 00 00 00 00 00 00 00 00 00 00 00 00 00 00 e2 38 20 08 e8 68 68 68 43 41 e2 38 60 60 5c 55 43 41 e2 38 05 35 55
00:aa 19 90 30 00 38 00 00 55 c4 51 82 28 80 e0 f8 7e 67 62 c5 51 c0 f0 78 5e 09 7b 87 6a e8 7a 5e 5f 6a 8b c8 6a a8 e8 fe 57 8b 93 e8 7a 00 aa ff 55 0c 9c c8 72 a0 aa ff 55 2d 9c 09 7b 09 bd 55
00:aa 19 c8 30 00 38 00 00 55 a8 6a c4 51 2a bf bf b7 a8 6a 66 62 ff fc fc 7c 4a 83 e5 51 d7 ff a8 a8 6d b4 6a 8b 70 70 c0 c0 6d b4 cb 93 09 0d 25 2d ab 93 6a 8b 29 a9 fb 79 6a 8b c8 72 f8 fc fc
00:aa 19 00 31 00 38 00 00 f7 6a 8b 09 7b 0a 29 b5 55 09 7b 87 62 0b 2f af f5 67 62 43 41 2d 0d 0d 0d 05 5a e2 38 78 7a 78 e8 29 83 06 5a 60 78 78 e8 2d a4 6a 8b 80 c0 e0 78 6d b4 2d a4 54 5c 5c
00:aa 19 38 31 00 38 00 00 55 2d a4 6a 8b 0d 2d 2d 35 09 7b 46 62 09 09 09 2d 05 5a 41 10 2d 2d 2d 2d 00 00 00 00 00 00 00 00 00 00 00 00 00 00 00 00 00 00 00 00 00 00 00 00 00 00 00 00 00 00 00
00:aa 19 70 31 00 38 00 00 00 00 00 00 00 00 00 00 00 00 00 00 00 00 00 00 00 00 00 00 00 00 00 00 00 00 00 00 00 00 00 00 00 00 00 00 00 00 00 00 00 00 00 00 00 00 00 00 00 00 00 00 00 00 00 00
00:aa 19 a8 31 00 38 00 00 00 00 00 00 00 00 00 00 00 00 00 00 00 00 00 00 00 00 00 00 00 00 00 00 00 00 00 00 00 00 00 00 00 00 00 00 00 00 00 00 00 00 00 00 00 00 00 00 00 00 00 00 00 00 00 00
00:aa 19 e0 31 00 38 00 00 00 00 00 00 00 00 00 00 00 00 00 00 00 00 00 00 00 00 00 00 00 00 00 00 00 00 00 00 00 00 00 00 00 00 00 00 00 00 00 00 00 00 00 00 00 00 00 00 00 00 00 00 00 00 00 00
00:aa 19 18 32 00 38 00 00 00 00 00 00 00 00 00 00 00 00 00 00 00 00 00 00 00 00 00 00 00 00 00 00 00 00 00 00 00 00 00 00 00 00 00 00 00 00 00 00 00 00 00 00 00 00 00 00 00 00 00 00 00 00 00 00
00:aa 19 50 32 00 38 00 00 00 00 00 00 00 00 00 00 00 e2 38 20 08 68 68 68 e8 e2 38 00 00 00 00 00 00 e2 38 81 20 00 02 03 03 e2 38 61 18 00 f8 ff d5 05 5a a2 28 a0 fa 7f 55 67 62 43 41 80 a0 fe
00:aa 19 88 32 00 38 00 00 57 c8 6a c4 51 a8 aa ff 55 c8 6a e5 51 00 aa ff 5f a7 6a 06 5a 00 aa 5a 78 29 83 c8 6a 5b 5a 72 82 a8 6a c4 51 b7 b7 35 3d a7 6a 06 5a 68 78 5a 56 09 7b 67 62 a8 a8 7a
00:aa 19 c0 32 00 38 00 00 57 6d b4 4a 83 e0 e0 60 78 6d b4 cb 93 09 09 09 09 6a 8b 09 7b 02 03 0b 2d c8 72 46 62 2c 3f bf b5 e8 7a 26 5a 0a af ff 55 87 6a 06 5a 2a aa 95 55 05 5a 43 41 0d bf be
00:aa 19 f8 32 00 38 00 00 d4 c8 6a c4 51 5e fe e8 80 4a 83 a7 6a 7e 7a e8 80 ab 93 09 7b fa df ff 0a ec 9b 4a 83 e0 7e 5f d5 cc 9b 09 7b 2d ad f5 55 c8 72 a4 49 0b 0d 2d ad 43 41 00 08 2d 2d 25
00:aa 19 30 33 00 38 00 00 a5 00 00 00 00 00 00 00 00 00 00 00 00 00 00 00 00 00 00 00 00 00 00 00 00 00 00 00 00 00 00 00 00 00 00 00 00 00 00 00 00 00 00 00 00 00 00 00 00 00 00 00 00 00 00 00
00:aa 19 68 33 00 38 00 00 00 00 00 00 00 00 00 00 00 00 00 00 00 00 00 00 00 00 00 00 00 00 00 00 00 00 00 00 00 00 00 00 00 00 00 00 00 00 00 00 00 00 00 00 00 00 00 00 00 00 00 00 00 00 00 00
00:aa 19 a0 33 00 38 00 00 00 00 00 00 00 00 00 00 00 00 00 00 00 00 00 00 00 00 00 00 00 00 00 00 00 00 00 00 00 00 00 00 00 00 00 00 00 00 00 00 00 00 00 00 00 00 00 00 00 00 00 00 00 00 00 00
00:aa 19 d8 33 00 38 00 00 00 00 00 00 00 00 00 00 00 00 00 00 00 00 00 00 00 00 00 00 00 00 00 00 00 00 00 00 00 00 00 00 00 00 00 00 00 00 00 00 00 00 00 00 00 00 00 00 00 00 00 00 00 00 00 00
00:aa 19 10 34 00 38 00 00 00 00 00 00 00 00 00 00 00 00 00 00 00 00 00 00 00 00 00 00 00 00 00 00 00 00 00 00 00 00 00 00 00 00 00 00 00 00 00 00 00 e2 38 61 18 70 70 70 60 e2 38 00 00 00 00 00
00:aa 19 48 34 00 38 00 00 00 e2 38 81 20 0f 3f ff ff 81 20 20 10 35 15 15 15 81 20 20 10 50 50 50 50 e2 38 81 20 c0 f0 e0 00 c4 51 03 39 fe 7e 78 e0 67 62 c4 51 5f 7c 70 f0 09 7b 87 62 5c f0 f0
00:aa 19 80 34 00 38 00 00 f0 4a 83 67 62 02 0a 2b bd a8 6a 05 5a 15 15 95 d5 05 5a c4 51 40 57 e5 00 87 62 c4 51 fc 57 55 55 ec 9b 06 5a e0 e0 78 7a 0c 9c 6a 8b 02 03 ab fd 6a 8b 09 7b 35 b5 29
00:aa 19 b8 34 00 38 00 00 2b 09 7b 05 5a bd ad 2d 0b 05 5a c4 51 00 bf 15 25 05 5a e2 38 0b ab a9 ad 67 62 e2 38 5c 58 58 78 4a 83 c8 6a 5e 78 78 68 ec 9b 6a 8b 7e 7e e8 e8 2d a4 ab 93 f5 fd 09
00:aa 19 f0 34 00 38 00 00 00 6a 8b 09 7b 0b 09 09 0b e8 7a 67 62 02 09 0d 25 67 62 43 49 2d 2d 2d 2d e2 38 20 08 25 25 25 35 00 00 00 00 00 00 00 00 00 00 00 00 00 00 00 00 00 00 00 00 00 00 00
00:aa 19 28 35 00 38 00 00 00 00 00 00 00 00 00 00 00 00 00 00 00 00 00 00 00 00 00 00 00 00 00 00 00 00 00 00 00 00 00 00 00 00 00 00 00 00 00 00 00 00 00 00 00 00 00 00 00 00 00 00 00 00 00 00
00:aa 19 60 35 00 38 00 00 00 00 00 00 00 00 00 00 00 00 00 00 00 00 00 00 00 00 00 00 00 00 00 00 00 00 00 00 00 00 00 00 00 00 00 00 00 00 00 00 00 00 00 00 00 00 00 00 00 00 00 00 00 00 00 00
00:aa 19 98 35 00 38 00 00 00 00 00 00 00 00 00 00 00 00 00 00 00 00 00 00 00 00 00 00 00 00 00 00 00 00 00 00 00 00 00 00 00 00 00 00 00 00 00 00 00 00 00 00 00 00 00 00 00 00 00 00 00 00 00 00
00:aa 19 d0 35 00 38 00 00 00 00 00 00 00 00 00 00 00 00 00 00 00 00 00 00 00 00 00 00 00 00 00 00 00 00 00 00 00 00 00 00 00 00 00 00 00 00 00 00 00 00 00 00 00 00 00 00 00 00 00 00 00 00 00 00
00:aa 19 08 36 00 38 00 00 00 00 00 00 00 00 00 00 00 00 00 00 00 00 00 00 00 e2 38 61 20 70 70 70 60 e2 38 00 00 00 00 00 00 a2 28 81 20 3f 3f 3f 3f 20 10 20 08 aa aa a9 a9 e2 38 20 10 5e 5e 5c
00:aa 19 40 36 00 38 00 00 5c 43 41 e2 38 57 54 54 54 c5 51 43 41 78 f8 e8 e8 67 62 06 5a 50 50 54 54 09 7b 87 6a f0 7f 7f 7f c8 6a 05 5a 0b 29 2d 2d 67 62 05 5a 58 50 50 50 c8 6a 26 62 fd c0 00
00:aa 19 78 36 00 38 00 00 80 c8 6a 26 62 55 00 00 00 09 7b 26 62 70 f8 aa ab 4a 83 67 62 00 00 ff 55 4a 83 a7 6a 00 00 f0 78 ab 93 a7 6a ad 0b 02 02 29 83 e5 51 d5 95 ad 2f c4 51 81 20 0b 2f 2d
00:aa 19 b0 36 00 38 00 00 2d 87 6a c2 30 78 78 68 68 6a 8b c8 6a 78 78 68 78 6d b4 cb 93 78 60 60 60 8d bc 2d a4 83 02 a9 b5 ab 93 09 7b 2d 2d 2d 2d e8 7a 67 62 25 25 25 25 46 62 43 49 2d 2d 2d
00:aa 19 e8 36 00 38 00 00 2d e2 38 20 08 35 35 35 25 00 00 00 00 00 00 00 00 00 00 00 00 00 00 00 00 00 00 00 00 00 00 00 00 00 00 00 00 00 00 00 00 00 00 00 00 00 00 00 00 00 00 00 00 00 00 00
00:aa 19 20 37 00 38 00 00 00 00 00 00 00 00 00 00 00 00 00 00 00 00 00 00 00 00 00 00 00 00 00 00 00 00 00 00 00 00 00 00 00 00 00 00 00 00 00 00 00 00 00 00 00 00 00 00 00 00 00 00 00 00 00 00
00:aa 19 58 37 00 38 00 00 00 00 00 00 00 00 00 00 00 00 00 00 00 00 00 00 00 00 00 00 00 00 00 00 00 00 00 00 00 00 00 00 00 00 00 00 00 00 00 00 00 00 00 00 00 00 00 00 00 00 00 00 00 00 00 00
00:aa 19 90 37 00 38 00 00 00 00 00 00 00 00 00 00 00 00 00 00 00 00 00 00 00 00 00 00 00 00 00 00 00 00 00 00 00 00 00 00 00 00 00 00 00 00 00 00 00 00 00 00 00 00 00 00 00 00 00 00 00 00 00 00
00:aa 19 c8 37 00 38 00 00 00 00 00 00 00 00 00 00 00 00 00 00 00 00 00 00 00 00 00 00 00 00 00 00 00 00 00 00 00 00 00 00 00 00 00 00 00 00 00 00 00 20 08 00 00 fe fc fc f8 e2 38 c2 30 6a 6a 6a
00:aa 19 00 38 00 38 00 00 6a e2 38 00 00 00 00 00 00 e2 38 81 20 3f 3f 3f 3f 20 10 00 00 ab ab ab ab e2 38 00 00 78 78 78 78 43 41 e2 38 54 58 50 60 e5 51 43 49 78 68 e8 a0 87 6a 06 5a 56 5a 78
00:aa 19 38 38 00 38 00 00 a0 c8 6a 87 6a 40 80 00 00 a7 6a 05 5a 29 29 a9 a9 67 62 05 5a 58 58 58 58 c8 6a 67 62 40 40 70 5f c8 6a 67 62 00 00 00 55 09 7b 87 6a ff e2 f0 5e ab 93 46 62 55 f5 bd
00:aa 19 70 38 00 38 00 00 a0 e9 72 05 5a e8 78 5e d7 ab 93 c8 72 00 a0 7a 57 4a 83 87 62 25 2d 0f 0a 87 6a 23 39 b5 2d 0b 02 05 5a 03 39 60 60 e0 a0 4a 83 87 62 e0 e8 e8 78 4d ac ab 93 60 70 7a
00:aa 19 a8 38 00 38 00 00 57 2d a4 ec 9b 29 a5 ad a5 cb 9b 4a 83 a5 2d 2d 0d 09 7b 67 62 a5 2d 2d 2d 46 62 a4 49 2d 2d 29 29 43 41 20 08 25 25 25 0d 00 00 00 00 00 00 00 00 00 00 00 00 00 00 00
00:aa 19 e0 38 00 38 00 00 00 00 00 00 00 00 00 00 00 00 00 00 00 00 00 00 00 00 00 00 00 00 00 00 00 00 00 00 00 00 00 00 00 00 00 00 00 00 00 00 00 00 00 00 00 00 00 00 00 00 00 00 00 00 00 00
00:aa 19 18 39 00 38 00 00 00 00 00 00 00 00 00 00 00 00 00 00 00 00 00 00 00 00 00 00 00 00 00 00 00 00 00 00 00 00 00 00 00 00 00 00 00 00 00 00 00 00 00 00 00 00 00 00 00 00 00 00 00 00 00 00
00:aa 19 50 39 00 38 00 00 00 00 00 00 00 00 00 00 00 00 00 00 00 00 00 00 00 00 00 00 00 00 00 00 00 00 00 00 00 00 00 00 00 00 00 00 00 00 00 00 00 00 00 00 00 00 00 00 00 00 00 00 00 00 00 00
00:aa 19 88 39 00 38 00 00 00 00 00 00 00 00 00 00 00 00 00 00 00 00 00 00 00 00 00 00 00 00 00 00 00 00 00 00 00 00 00 00 00 00 00 00 00 00 00 00 00 00 00 00 00 00 00 00 00 00 00 00 00 00 00 00
00:aa 19 c0 39 00 38 00 00 00 00 00 00 00 00 00 00 00 00 00 00 00 00 00 00 00 82 28 20 08 57 54 54 54 43 41 c2 30 7f ff 80 00 e2 38 c2 30 aa aa aa 09 e2 38 61 18 3f bf bf fd 20 10 00 00 ab ab ab
00:aa 19 f8 39 00 38 00 00 ab c2 30 20 08 70 70 60 60 a4 49 e2 38 78 68 60 60 67 62 c4 51 5c 7c f8 f8 c8 6a 67 62 5c 50 50 5c c8 6a 67 62 00 00 00 2d 67 62 05 5a 0d 05 05 35 67 62 05 5a 58 54 57
00:aa 19 30 3a 00 38 00 00 55 67 62 05 5a 00 00 d5 55 67 62 05 5a 25 55 55 55 a8 6a 05 5a f8 78 7a 5a 2d a4 c8 72 70 70 70 70 2d a4 67 62 d5 15 35 95 c8 72 67 62 5a fe aa a0 4a 83 09 7b c1 73 5d
00:aa 19 68 3a 00 38 00 00 55 4a 83 87 6a bd ab 82 00 e8 72 c5 51 d7 b7 2f 0b 09 7b 26 5a e8 e8 78 7e ab 93 09 7b e0 e8 f8 58 2d a4 0d 9c 6a 6a ea 6a 2d a4 8a 8b 2d 09 09 09 4a 83 87 62 ad 2f 2b
00:aa 19 a0 3a 00 38 00 00 2b 67 62 c4 51 2d 0d 0d 0d 64 49 41 10 2d 09 09 09 00 00 00 00 00 00 00 00 00 00 00 00 00 00 00 00 00 00 00 00 00 00 00 00 00 00 00 00 00 00 00 00 00 00 00 00 00 00 00
00:aa 19 d8 3a 00 38 00 00 00 00 00 00 00 00 00 00 00 00 00 00 00 00 00 00 00 00 00 00 00 00 00 00 00 00 00 00 00 00 00 00 00 00 00 00 00 00 00 00 00 00 00 00 00 00 00 00 00 00 00 00 00 00 00 00
00:aa 19 10 3b 00 38 00 00 00 00 00 00 00 00 00 00 00 00 00 00 00 00 00 00 00 00 00 00 00 00 00 00 00 00 00 00 00 00 00 00 00 00 00 00 00 00 00 00 00 00 00 00 00 00 00 00 00 00 00 00 00 00 00 00
00:aa 19 48 3b 00 38 00 00 00 00 00 00 00 00 00 00 00 00 00 00 00 00 00 00 00 00 00 00 00 00 00 00 00 00 00 00 00 00 00 00 00 00 00 00 00 00 00 00 00 00 00 00 00 00 00 00 00 00 00 00 00 00 00 00
00:aa 19 80 3b 00 38 00 00 00 00 00 00 00 00 00 00 00 00 00 00 00 00 00 00 00 00 00 00 00 00 00 00 00 20 08 00 00 ff ff cf ff 00 00 00 00 00 00 00 00 00 00 00 00 00 00 00 00 82 28 20 08 54 54 54
00:aa 19 b8 3b 00 38 00 00 54 c4 51 43 41 5e 78 40 40 c4 51 81 20 bd 0d 0b 02 e2 38 61 18 fd f5 fd 3f 20 10 00 00 ab ab ab ab c2 30 20 10 60 60 68 68 e5 59 e2 38 fa fa 78 78 67 62 05 5a 58 58 54
00:aa 19 f0 3b 00 38 00 00 54 87 6a 67 62 fc fc ff ff a7 6a 06 5a 2a 2a aa a9 06 5a 05 5a 2a 2a aa aa 05 5a c5 51 00 00 00 10 05 5a 00 00 00 00 00 00 46 62 05 5a 55 55 55 15 87 6a 06 5a 5a 58 58
00:aa 19 28 3c 00 38 00 00 58 cb 93 09 7b 70 7d 7d 7d a8 6a 05 5a 2a 37 35 b5 09 7b 06 5a a0 e8 78 7a 09 7b e9 7a 00 00 00 80 6a 8b 09 7b aa e8 68 78 6a 8b 26 62 2d 0b 02 00 09 7b 06 5a 57 55 95
00:aa 19 60 3c 00 38 00 00 25 49 83 26 5a a0 e8 7e 5f 0c 9c 6a 8b 80 e0 7e 57 2d a4 cb 93 0d 0d ed 7d 4a 83 e8 72 35 25 25 25 67 62 c4 51 0d 2d 2d 0d c4 51 81 20 2d 29 09 29 20 08 00 00 ff bf 3f
00:aa 19 98 3c 00 38 00 00 3f 00 00 00 00 00 00 00 00 00 00 00 00 00 00 00 00 00 00 00 00 00 00 00 00 00 00 00 00 00 00 00 00 00 00 00 00 00 00 00 00 00 00 00 00 00 00 00 00 00 00 00 00 00 00 00
00:aa 19 d0 3c 00 38 00 00 00 00 00 00 00 00 00 00 00 00 00 00 00 00 00 00 00 00 00 00 00 00 00 00 00 00 00 00 00 00 00 00 00 00 00 00 00 00 00 00 00 00 00 00 00 00 00 00 00 00 00 00 00 00 00 00
00:aa 19 08 3d 00 38 00 00 00 00 00 00 00 00 00 00 00 00 00 00 00 00 00 00 00 00 00 00 00 00 00 00 00 00 00 00 00 00 00 00 00 00 00 00 00 00 00 00 00 00 00 00 00 00 00 00 00 00 00 00 00 00 00 00
00:aa 19 40 3d 00 38 00 00 00 00 00 00 00 00 00 00 00 00 00 00 00 00 00 00 00 00 00 00 00 00 00 00 00 00 00 00 00 00 00 00 00 00 00 00 00 00 00 00 00 00 00 00 00 00 00 00 00 00 00 00 00 00 00 00
00:aa 19 78 3d 00 38 00 00 00 00 00 00 00 00 00 00 00 00 00 00 00 00 00 00 00 00 00 00 00 00 00 00 00 81 20 00 00 5c 5c 5f 57 a4 49 c2 30 80 e0 60 60 05 5a 43 41 a9 89 09 02 43 41 a2 28 b5 35 35
00:aa 19 b0 3d 00 38 00 00 0d 81 20 00 00 3d 3f 3f 3f e2 38 20 10 68 68 68 68 c4 51 e2 38 60 68 78 78 67 62 c4 51 fc 7f 7f 7f 67 62 67 62 00 00 00 00 67 62 05 5a 95 15 0d 0d 05 5a c4 51 07 02 05
00:aa 19 e8 3d 00 38 00 00 05 05 5a c4 51 57 8c 74 55 67 62 05 5a 5c 50 56 55 67 62 06 5a 15 15 15 d5 67 62 c4 51 f0 fe ff fd 29 7b e5 51 82 fb 7f 55 87 6a c4 51 2d 2d 3d f5 c8 6a c4 51 78 7c 5e
00:aa 19 20 3e 00 38 00 00 57 09 7b a8 6a 00 80 40 70 6a 8b 09 7b 58 5a 57 55 8b 93 4a 83 83 80 60 58 8b 93 c8 72 b5 25 2d 0b c8 72 06 5a 55 f5 b5 0d 4a 83 05 5a f8 7e 55 55 cb 93 05 5a 00 80 ea
00:aa 19 58 3e 00 38 00 00 7f 6a 8b c8 72 2d 2d ad fd a7 6a c4 51 2d 2d 2d 2d c4 51 a2 28 29 2b 2b ab 20 08 00 00 3f 3f 3f 3f 00 00 00 00 00 00 00 00 00 00 00 00 00 00 00 00 00 00 00 00 00 00 00
00:aa 19 90 3e 00 38 00 00 00 00 00 00 00 00 00 00 00 00 00 00 00 00 00 00 00 00 00 00 00 00 00 00 00 00 00 00 00 00 00 00 00 00 00 00 00 00 00 00 00 00 00 00 00 00 00 00 00 00 00 00 00 00 00 00
00:aa 19 c8 3e 00 38 00 00 00 00 00 00 00 00 00 00 00 00 00 00 00 00 00 00 00 00 00 00 00 00 00 00 00 00 00 00 00 00 00 00 00 00 00 00 00 00 00 00 00 00 00 00 00 00 00 00 00 00 00 00 00 00 00 00
00:aa 19 00 3f 00 38 00 00 00 00 00 00 00 00 00 00 00 00 00 00 00 00 00 00 00 00 00 00 00 00 00 00 00 00 00 00 00 00 00 00 00 00 00 00 00 00 00 00 00 00 00 00 00 00 00 00 00 00 00 00 00 00 00 00
00:aa 19 38 3f 00 38 00 00 00 00 00 00 00 00 00 00 00 00 00 00 00 00 00 00 00 00 00 00 00 00 00 00 00 00 00 00 00 00 00 00 00 00 00 00 00 00 00 00 00 00 00 00 00 00 00 00 00 00 00 00 00 00 00 00
00:aa 19 70 3f 00 38 00 00 00 20 08 00 00 fc fc ff ff c4 51 61 18 e8 68 7a 7e e5 59 64 41 00 80 80 5a 43 41 81 20 09 09 09 09 81 20 20 10 15 15 15 15 a2 28 20 10 78 58 5a 56 a4 49 e2 38 78 78 78
00:aa 19 a8 3f 00 38 00 00 5e 26 5a c4 51 a8 a8 6a 5f 67 62 05 5a 00 00 00 7f 67 62 05 5a 0d 0d 0d fd 05 5a a4 49 2f 2f 2f fd c4 51 43 41 00 00 00 d5 05 5a 43 41 a0 aa bf 55 e5 51 43 41 02 aa aa
00:aa 19 e0 3f 00 38 00 00 55 c4 51 43 41 00 aa d5 55 c4 51 43 41 00 a0 55 55 c4 51 43 41 00 20 5f 55 05 5a 43 41 a8 ea ea 55 c8 72 84 49 80 e8 fa 5f 09 7b 26 5a 00 00 aa 7f 4a 83 87 6a a0 e8 fa
00:aa 19 18 40 00 38 00 00 55 6a 8b e9 72 02 02 c2 55 4a 83 67 62 ad 2b 0b ef a8 6a 05 5a d5 b5 25 b5 06 5a c5 51 a8 aa aa d5 a8 6a c5 51 c0 fa ff 55 46 62 84 49 2b 2f ad f5 43 41 a2 28 02 02 01
00:aa 19 50 40 00 38 00 00 a9 20 08 00 00 3f 3f 3f 3f 00 00 00 00 00 00 00 00 00 00 00 00 00 00 00 00 00 00 00 00 00 00 00 00 00 00 00 00 00 00 00 00 00 00 00 00 00 00 00 00 00 00 00 00 00 00 00
00:aa 19 88 40 00 38 00 00 00 00 00 00 00 00 00 00 00 00 00 00 00 00 00 00 00 00 00 00 00 00 00 00 00 00 00 00 00 00 00 00 00 00 00 00 00 00 00 00 00 00 00 00 00 00 00 00 00 00 00 00 00 00 00 00
00:aa 19 c0 40 00 38 00 00 00 00 00 00 00 00 00 00 00 00 00 00 00 00 00 00 00 00 00 00 07 c0 00 00 00 00 00 03 fe 00 00 00 00 00 00 ff f0 00 00 00 00 00 0f ff 80 00 00 00 00 00 ff f8 00 00 00 00
00:aa 19 f8 40 00 38 00 00 00 0f ff 80 00 00 00 00 00 ff f8 00 00 00 00 00 3f ff 00 00 00 00 00 03 ff f0 00 00 00 00 00 0f ff 00 00 00 00 00 00 ff f0 00 00 00 00 00 0f fe 00 00 00 00 00 00 ff e0
00:aa 19 30 41 00 38 00 00 00 00 00 00 00 ff fc 00 00 00 00 00 3f ff c0 00 00 00 00 1f ff ff 00 00 00 00 01 ff ff f8 00 00 00 00 3f ff ff c0 00 00 00 07 ff ff fe 00 00 00 00 7d ff ff f0 00 00 00
00:aa 19 68 41 00 38 00 00 07 ef ff ff 80 00 00 00 7e ff ff f8 00 00 00 07 f7 ff ff 80 00 00 00 7f ff ff f8 00 00 00 07 ff ff ff 80 00 00 00 7f ff bf f8 00 00 00 06 ff ff ff 80 00 00 00 7f ff ff
00:aa 19 a0 41 00 38 00 00 f8 00 00 00 07 ff ff ff 80 00 00 00 7f 3f ff f8 00 00 00 07 ff ff ff 80 00 00 00 ff fb ff fc 00 00 00 0f fc ff 7f c0 00 20 08 00 00 ff ff ff 00 00 00 00 00 00 00 00 00
00:aa 19 d8 41 00 38 00 00 00 00 00 00 00 00 00 00 20 08 00 00 ff ff ff f8 20 08 00 00 ff ff ff 03 20 08 00 00 ff fe f0 e3 20 08 00 00 ff 00 ff ff 20 08 00 00 e0 eb ff ff 00 00 00 00 00 00 00 00
00:aa 19 10 42 00 38 00 00 00 00 00 00 00 00 00 00 00 00 00 00 00 00 00 00 00 00 00 00 00 00 00 00 20 08 00 00 f0 fe ff ff 20 08 00 00 af 8f f3 fc 24 51 00 00 55 55 57 58 44 61 20 08 55 55 ea 00
00:aa 19 48 42 00 38 00 00 24 59 20 08 55 55 00 00 46 62 41 10 55 55 aa 00 c6 79 00 00 55 ff 80 00 c6 79 20 08 55 fb 00 00 c6 79 20 08 55 ff aa 00 85 71 20 08 55 55 af 0a 03 49 00 00 55 55 55 2d
00:aa 19 80 42 00 38 00 00 00 00 00 00 00 00 00 00 00 00 00 00 00 00 00 00 20 08 00 00 3f cf eb f0 44 61 20 08 78 78 78 58 c6 79 24 61 00 03 09 55 24 61 e5 59 0d 0d 00 0c c6 79 05 5a 4c 80 00 00
00:aa 19 b8 42 00 38 00 00 07 a2 e6 81 57 f7 8f 00 27 9a e6 81 95 aa a8 a8 07 a2 e6 81 55 fd a0 00 07 a2 c6 79 55 55 3f 02 c6 81 a2 28 ad 0b 02 00 65 69 20 08 55 d5 35 2d 00 00 00 00 00 00 00 00
00:aa 19 f0 42 00 38 00 00 20 08 00 00 fc fc ff ff 20 08 00 00 bf 3f 3f 3f 24 61 00 00 58 58 58 58 c6 79 24 61 57 56 54 58 e6 89 c6 79 7f ff ff fc 07 92 c6 79 55 57 56 28 07 a2 27 92 7f 57 50 f0
00:aa 19 28 43 00 38 00 00 07 aa 27 92 57 fe aa aa 07 aa 00 00 00 00 00 00 07 aa 07 a2 a5 aa aa aa 07 a2 c6 79 2d 09 02 02 c6 79 a1 28 0d 0b 02 02 04 59 20 08 55 55 95 35 00 00 00 00 00 00 00 00
00:aa 19 60 43 00 38 00 00 20 08 00 00 ef cf cf cf 24 61 00 00 58 58 58 58 07 8a 24 61 7a 72 6a 6a 27 92 c6 79 5c 58 70 c0 07 aa 27 92 6a aa 6a 5a 07 aa 07 a2 aa aa a9 a9 07 aa 27 9a aa aa aa 59
00:aa 19 98 43 00 38 00 00 07 aa 27 92 aa aa aa 95 07 aa 27 92 aa aa aa 69 07 aa 27 92 a9 a9 a9 a5 27 92 c6 79 25 25 0b 01 c6 79 20 08 ad 2d 2d 29 00 00 00 00 00 00 00 00 20 08 00 00 cf cf cf cf
00:aa 19 d0 43 00 38 00 00 24 61 20 08 58 58 58 58 c6 79 24 61 00 80 40 40 27 92 e6 81 40 40 40 83 27 92 07 8a aa aa aa 5a 27 92 6a 8b 00 02 3d 55 cb 93 e9 92 55 aa 2a 00 8a 8b 87 6a a0 2a bd 2d
00:aa 19 08 44 00 38 00 00 ab 93 87 62 00 80 78 57 2d a4 27 92 ad 02 00 e0 4a a3 c6 81 fd f5 35 0d c6 79 20 10 09 09 09 0b 20 08 00 00 bf 3f 3f 3f 20 08 00 00 cf cf cf cf 21 08 00 00 ff ff ff fc
00:aa 19 40 44 00 38 00 00 23 49 00 00 55 55 55 82 44 61 20 08 78 78 78 e0 07 8a 24 61 6a aa a8 80 e6 89 06 5a aa 2b 25 25 8a 8b a8 6a 5e 7a 78 7a ec 9b 6a 8b 78 f8 fe d7 2d a4 6a 8b 0a 2a e1 e9
00:aa 19 78 44 00 38 00 00 6a 8b 67 62 0a 2f b5 ad e8 72 06 5a b5 5f 5c fc 2d a4 87 6a 70 78 e0 c0 0c 9c 87 6a 09 0b 2b ad c6 79 20 10 8b a9 29 a9 20 08 00 00 3f 3e 3c 3c c2 30 00 00 56 54 56 55
00:aa 19 b0 44 00 38 00 00 24 59 61 18 02 00 82 57 cc 9b e2 38 5e 5e 58 58 88 9a ab 93 02 5d 5d 55 ab 93 05 5a 25 25 37 3f 4a 83 87 6a 78 5e 5e fa cb 93 4a 83 de 5e 5e 50 2d a4 cb 93 7d 73 72 b0
00:aa 19 e8 44 00 38 00 00 ec 9b 6a 8b d5 ad ab 0b 6a 8b c8 6a d7 b7 3e 2a 0d 9c e8 7a 82 82 8b a9 4a 83 e5 51 2d ad bd f5 84 49 20 10 09 2d 2d 2d 20 08 00 00 fc f8 f2 e3 ec 9b 00 00 78 78 58 5e
00:aa 19 20 45 00 38 00 00 2d a4 cb 93 1c 28 02 41 8a 8b 67 62 15 17 17 97 8a 8b c8 6a 7e 78 e8 e8 2d a4 8b 93 5c 78 7c 7c 6d b4 0d 9c df e3 c0 c0 6d b4 ec 9b f5 fd 95 0b ab 93 6a 8b 97 0b 0a aa
00:aa 19 58 45 00 38 00 00 ab 93 09 7b a9 83 82 a3 29 7b 84 49 b5 ad 2d 2d e2 38 20 08 05 25 35 35 20 10 00 00 fb ff ff ff 46 62 00 00 58 58 78 60 29 7b 26 5a 80 ab ab a9 09 7b 26 5a be fc 7c 5e
00:aa 19 90 45 00 38 00 00 ab 93 09 7b 7c 7c 70 70 2d a4 cb 93 7c f8 e0 c0 6d b4 2d a4 40 40 40 55 6d b4 0c a4 01 01 01 55 eb 9b 6a 8b 2f 3d 35 a5 2d a4 29 83 ea a0 78 56 ec 9b 05 5a b5 3d 2d 2d
00:aa 19 c8 45 00 38 00 00 c2 30 00 00 35 35 35 35 20 08 00 00 cb cf cf 0f c8 72 61 18 78 78 68 e8 09 7b 26 5a a9 09 09 09 c8 6a e5 59 5c 58 58 58 cb 93 09 7b 78 78 7a 7e 2d a4 ab 93 c0 cb ff 55
00:aa 19 00 46 00 38 00 00 2d a4 ab 93 00 fb ff fd 2d a4 29 83 2a a8 af f5 ec 9b 09 7b 2e 2f 8f fd 8b 93 87 6a 2f a5 f5 d5 e8 72 46 62 0d fb fb 7d 43 39 20 08 95 15 15 95 c8 72 03 39 78 78 78 f8
00:aa 19 38 46 00 38 00 00 4a 83 87 6a a9 89 01 01 87 62 c4 51 f8 dc de d6 4a 83 87 6a a0 e0 78 7e 8b 93 4a 83 80 55 55 55 cb 93 4a 83 02 a8 a8 68 2d a4 6a 83 75 bd aa 00 ec 9b 4a 83 7d c0 b8 f5
00:aa 19 70 46 00 38 00 00 4a 8b 64 49 bf 35 25 35 e5 51 20 10 00 03 89 ad 20 10 00 00 bb ab bf ff 20 08 00 00 ff ff a0 2f 20 08 00 00 ff c0 ff ff 20 08 00 00 ff 00 ff ff 23 39 20 08 55 56 56 5c
00:aa 19 a8 46 00 38 00 00 c8 72 a4 49 78 78 78 78 4a 83 c8 72 01 01 03 02 46 62 e5 59 1f 3f 3f 3f e9 72 66 62 78 5a 5a de 4a 83 c8 72 c0 70 7e 7f cb 93 4a 83 58 54 56 57 2d a4 0c 9c aa ea 6a 6a
00:aa 19 e0 46 00 38 00 00 ab 93 e5 51 0a 2f 2f 2d 26 62 81 20 2b 0b af b5 81 20 00 00 0f 3d 95 55 20 08 00 00 ff ff f0 0b 20 08 00 00 f0 cf 3f ff 20 08 00 00 ff ff ff a8 61 18 00 00 55 55 55 c0
00:aa 19 18 47 00 38 00 00 e2 38 20 08 55 55 57 e0 c4 51 20 08 5e 7a e0 80 29 7b c5 51 58 58 78 78 6a 8b 4a 83 7d 00 01 03 c8 72 06 5a 95 15 3f 0b a8 6a e5 59 88 7a df d5 c8 6a 46 62 00 38 f7 55
00:aa 19 50 47 00 38 00 00 4a 83 87 6a 80 e0 7c 55 0c 9c 46 62 00 82 ab fd c8 72 e2 30 0b 2f bd fd c2 30 20 08 2d 35 95 55 20 08 00 00 ff 3f 0f e2 20 08 00 00 ff ff fc fe 20 08 00 00 fc 83 3f ff
00:aa 19 88 47 00 38 00 00 20 08 00 00 0a ff ff ff 84 49 00 00 55 55 57 58 87 6a 20 08 55 7e e0 00 09 7b c2 30 55 fa 80 00 09 7b 84 49 5f aa a2 00 c8 72 a4 49 d5 bf 0a 02 06 5a c4 51 55 ad 2a 2a
00:aa 19 c0 47 00 38 00 00 4a 83 e5 51 78 78 58 78 8b 93 6a 8b 69 e9 a9 a9 09 7b c8 72 d5 3d 3e 00 e8 72 84 49 b5 2d 0d 0b 05 5a 43 49 80 ea 55 55 05 5a 43 41 00 aa f5 d5 06 5a e2 38 03 ad f5 fd
00:aa 19 f8 47 00 38 00 00 03 39 20 10 09 09 09 0b 20 10 00 00 ff ff ff bf 20 08 00 00 fc ff ff ff 20 08 00 00 0f c3 f8 ff 20 08 00 00 ff ff bf 0f 41 10 00 00 ff ff ff f0 23 39 20 08 55 55 55 a8
00:aa 19 30 48 00 38 00 00 e5 59 20 08 55 5e e8 80 09 7b a4 49 5f 78 e0 a0 8b 93 c8 6a 5e ea a8 e8 cb 93 4a 83 57 e0 80 00 cb 9b 4a 83 e9 09 0d 0d 09 7b 67 62 09 29 25 15 06 5a 05 5a aa 2a 2a e2
00:aa 19 68 48 00 38 00 00 09 7b 05 5a 7c 58 78 78 8b 93 6a 8b a9 a9 a9 69 6a 8b 09 7b 95 15 15 1c 4a 83 87 6a 3d 2d 22 28 09 7b 43 41 d5 bf 0a 02 67 62 43 41 55 d5 bf 2f e5 51 43 41 55 57 aa a0
00:aa 19 a0 48 00 38 00 00 67 62 43 41 55 57 ea a8 46 62 81 20 f5 ad 0a 00 e5 51 20 08 55 55 95 2d 00 08 00 00 ff ff ff bf 20 08 00 00 e2 fc ff ff 20 08 00 00 ff ff 3f cb a2 30 00 00 57 57 5c 70
00:aa 19 d8 48 00 38 00 00 c4 51 61 20 5a e0 80 00 c8 72 a4 49 55 5e f0 a0 4a 83 66 62 5e e8 a0 00 6a 8b 09 7b 5d eb 09 ad 4a 83 c8 72 a0 ff 55 55 ab 93 a8 6a 00 ff ff 55 8a 8b 87 6a 0a af fd 55
00:aa 19 10 49 00 38 00 00 87 6a 06 5a 21 25 95 95 e8 7a 06 5a 5f 7b c2 82 09 7b 67 62 5c 5c 5c 5c 8b 93 6a 8b 69 6f 65 65 6a 8b 09 7b 22 22 a9 ae 4a 83 29 7b fb c0 00 00 4a 83 c8 6a 01 03 0b 0d
00:aa 19 48 49 00 38 00 00 c8 6a e5 59 95 b5 2a 00 4a 83 05 5a 57 7e a0 80 6a 8b 87 62 55 fb 02 00 49 83 67 62 55 ff 8b 2a c8 72 a4 49 b5 af 0a 02 c5 51 20 08 d5 ad 01 00 81 20 00 00 55 55 55 15
00:aa 19 80 49 00 38 00 00 20 08 00 00 f3 f8 ff ff 20 08 00 00 ff ff 3f 8f 20 08 00 00 ff ff fe fc c4 51 61 18 78 78 e0 a0 c8 6a c4 51 5f f8 e8 e8 4a 83 a7 6a 5a e0 ea ab 4a 83 87 62 00 2a bf d5
00:aa 19 b8 49 00 38 00 00 09 7b a7 6a 2f 7f 7e 7a 09 7b 87 6a ad 2f bf 2f c8 6a 67 62 55 15 00 00 c8 6a 66 62 f5 ff ab 00 e8 7a 26 5a d7 fe e8 a0 09 7b 87 6a 89 89 81 2b ab 93 67 62 5f 5e 5c d8
00:aa 19 f0 49 00 38 00 00 ab 93 09 7b aa 89 0b 2d 4a 83 67 62 20 02 aa 55 4a 83 67 62 00 00 ab 7f 4a 83 c8 6a 0d 25 55 55 e9 72 67 62 a8 a8 ab 55 6a 8b 67 62 00 a0 fe 57 cb 9b 09 7b 0a ab 55 55
00:aa 19 28 4a 00 38 00 00 4a 83 67 62 02 00 af f5 e8 7a 06 5a 03 0b fd f5 67 62 c4 51 0d 2d f5 d5 43 41 00 00 35 0d 0b 02 20 10 00 00 ff ff ff 3f 20 08 00 00 e2 f8 ff ff 20 08 00 00 ff ff 03 fa
00:aa 19 60 4a 00 38 00 00 e2 38 00 00 56 5c 5c 58 e5 51 43 41 58 78 58 78 87 6a 06 5a 60 6a 6a 6d c8 72 05 5a 0a ff d7 57 a8 6a 66 62 ff dc fc c8 4a 83 09 7b a2 00 40 00 4a 83 09 7b e5 0f 25 95
00:aa 19 98 4a 00 38 00 00 09 7b e8 7a b5 09 15 25 09 7b e8 7a 65 55 55 ea e8 7a c8 72 a9 a9 aa 00 cb 9b 87 6a 58 7a ff ff 29 7b 87 6a 05 35 9f dd c8 72 67 62 56 fa a0 ea c8 6a 67 62 b0 58 56 54
00:aa 19 d0 4a 00 38 00 00 e8 72 a8 6a ff e9 3f 80 e8 72 67 62 55 ff aa 00 e9 7a 67 62 55 55 a5 0a c8 72 67 62 f5 55 55 2d 67 62 05 5a 0c 37 00 00 e8 7a 26 5a 57 fb f0 a0 a8 6a c4 51 b5 af 2a 02
00:aa 19 08 4b 00 38 00 00 46 62 64 49 55 f5 aa 08 e5 59 20 08 f5 ad 02 00 64 49 20 08 55 55 b5 2d 00 08 00 00 fe ff ff ff 20 08 00 00 3f af eb f3 43 41 00 00 78 78 78 70 05 5a 43 41 78 78 7a 7a
00:aa 19 40 4b 00 38 00 00 e5 51 43 49 00 0a 2a a6 67 62 c4 51 fe 78 70 70 09 7b 87 62 7f 7a e0 e0 09 7b e8 7a 68 98 38 28 6a 8b 09 7b 55 d5 aa 00 6a 8b 09 7b 55 fe a8 00 cb 93 09 7b 7f aa 80 00
00:aa 19 78 4b 00 38 00 00 ab 93 4a 83 55 aa 2b 29 29 83 87 62 2d 35 97 95 e8 72 87 6a ab 86 1a 28 e8 7a c8 6a 7f ff fc 00 6a 8b c8 72 55 7e e8 80 6a 8b c8 72 7f aa 00 00 ab 93 09 7b 55 fa e8 00
00:aa 19 b0 4b 00 38 00 00 ab 93 09 7b 55 aa 2a 00 6a 8b 09 7b 55 a5 29 0a 09 7b 87 6a 55 aa aa 0a 4a 83 e8 7a 75 7f 52 5c 4a 83 87 6a ed ab a2 02 e8 7a 67 62 55 95 25 09 e8 7a 26 5a f9 ff e0 c0
00:aa 19 e8 4b 00 38 00 00 67 62 03 41 b5 2d 0b 02 c4 51 20 08 55 55 b5 25 20 08 00 00 fc fe ff ff 20 08 00 00 ff 3f 2f cf e2 38 00 00 60 60 60 60 c4 51 43 41 70 7a 5f 5f a4 49 e2 38 28 a8 aa f6
00:aa 19 20 4c 00 38 00 00 67 62 c4 51 70 70 70 70 e8 7a c8 6a f0 f8 fc fc 4a 83 09 7b 56 74 64 c0 cb 93 8b 93 aa c0 ff ff cb 9b ab 93 6a aa 55 56 0d 9c cb 9b ff fe fc fe 0d 9c e8 7a 2d 2d b5 b5
00:aa 19 58 4c 00 38 00 00 e8 7a a8 6a 50 70 80 00 4a 83 e8 7a 55 7c 7c 60 0c 9c 09 7b 5f 7f ea 80 0c 9c 6a 8b 5f ff aa 02 2d a4 ab 93 57 ff ff f2 2d a4 ec 9b d5 5d 5a c0 2d a4 cb 93 f5 ef eb 00
00:aa 19 90 4c 00 38 00 00 4d ac 6a 8b d5 d5 ff 00 ec 9b 09 7b d5 fd bf 02 8a 8b 09 7b 57 56 f8 00 cb 93 4a 83 55 7d 2b 00 6a 8b c8 72 f5 bd 3f 2f e8 7a c8 6a e0 e0 80 00 09 7b 67 62 b5 ad 83 02
00:aa 19 c8 4c 00 38 00 00 05 5a 41 18 2d 09 0b 02 81 20 00 00 55 55 d5 35 20 08 00 00 cf c3 f3 fa c2 30 00 00 60 60 68 6a 43 41 c2 30 80 e3 7d 7d e2 38 a2 28 08 5c 08 9c 66 62 84 49 70 70 70 78
00:aa 19 00 4d 00 38 00 00 09 7b c8 6a 58 58 58 58 8b 93 4a 83 5a 58 68 68 ab 93 4a 83 7c 55 bd a9 cb 93 8b 93 ff ff ff fc 0d 9c cb 9b fa fa f8 08 ab 93 e8 7a 35 35 35 35 09 7b c8 72 b8 f0 d0 50
00:aa 19 38 4d 00 38 00 00 2d a4 e8 7a 78 78 70 70 6d b4 2d a4 5d 54 4c 10 6d b4 ec 9b fd bd 0a 03 2d a4 cb 9b 5e 54 80 a0 ce d4 2d a4 55 5f 7e e8 ce d4 2d a4 7e a8 80 02 ce d4 2d a4 02 0b 2d f5
00:aa 19 70 4d 00 38 00 00 6d b4 09 7b 0a 0a 2d f5 2d a4 29 83 ea e8 78 5e 2d a4 0d 9c 67 ab aa a8 ec 9b 09 7b b5 35 2d 2d 4a 83 e8 7a 5e 5c 58 f0 6a 8b 09 7b 6d e1 a3 83 c8 72 c4 51 2d 2d 0b 0b
00:aa 19 a8 4d 00 38 00 00 84 49 20 08 95 35 35 25 20 08 00 00 f8 f8 fc fc 81 20 00 00 50 50 50 50 e2 38 a2 28 43 4b 66 a6 43 41 81 20 dc 5c 5e de 67 62 43 41 e8 e8 78 78 09 7b c8 6a 58 58 58 5c
00:aa 19 e0 4d 00 38 00 00 6a 8b 29 7b a0 a0 ea 6a 8b 93 4a 83 bd a6 68 78 8b 93 6a 8b 7a 5a 5a 96 2d a4 ab 93 56 54 54 56 6d b4 2d a4 5d 51 41 7a ab 93 c8 6a 3d 35 95 95 09 7b c8 72 70 78 58 56
00:aa 19 18 4e 00 38 00 00 2d a4 29 7b 70 70 78 78 8d bc 2d a4 da 68 a9 aa 8d bc 4d ac 5d bf 8e e0 6d b4 0d 9c ff f7 35 0d ce d4 2d a4 78 78 7a 57 ce d4 2d a4 0b 0f b5 d5 2d a4 09 7b 0b 2d b5 b5
00:aa 19 50 4e 00 38 00 00 e8 7a 26 5a 02 2f fd f5 4a 83 26 5a e0 d8 58 5e 2d a4 4a 83 80 e0 78 5c 2d a4 29 83 2d 09 0b 0b cb 9b 09 7b 5f fe fa f8 ab 93 4a 83 a9 89 89 09 09 7b 67 62 25 25 2d 29
00:aa 19 88 4e 00 38 00 00 46 62 20 08 ad 2d 2d 2d 20 08 00 00 fc fc fc fc e2 38 00 00 5a 5a 6a e8 43 41 c2 30 7f 7a f0 f0 43 41 c2 30 5f e0 38 03 67 62 43 41 78 78 7a 7a c8 72 87 62 68 68 7a 5e
00:aa 19 c0 4e 00 38 00 00 4a 83 e8 72 c0 f8 7c 5f 8b 93 4a 83 68 68 78 54 8b 93 6a 8b ab ab aa aa 2d a4 ab 93 54 5c 70 70 8d bc 2d a4 59 6b ab 8b 8b 8b 67 62 15 15 b5 95 09 7b 67 62 f8 58 58 5a
00:aa 19 f8 4e 00 38 00 00 2d a4 09 7b 78 78 78 78 8d c4 6d b4 55 55 54 55 8d c4 6d b4 55 55 1d 15 6d b4 ec 9b 09 03 33 3d ec 9b 6a 8b f8 3f dd 5d ec 9b 6a 8b 0f bd f5 55 6a 8b c8 72 0d 2d ad ff
00:aa 19 30 4f 00 38 00 00 67 62 43 49 0b 29 29 09 46 62 e2 38 e0 78 5a 5e ab 93 87 6a f8 78 5c 5e 2d a4 6a 8b 09 89 82 c0 2d a4 6a 8b 5c f8 e0 28 2d a4 4a 83 ad 3d 2d 0d 09 7b 67 62 29 2d 2d 2d
00:aa 19 68 4f 00 38 00 00 05 5a 20 08 0d 2d 2d 2d 20 08 00 00 fc fc fc fc e2 38 20 08 6a 60 60 60 43 41 e2 38 70 70 70 50 43 41 e2 38 0d 05 15 15 a4 49 e2 38 70 58 56 57 67 62 63 49 80 a0 e8 7a
00:aa 19 a0 4f 00 38 00 00 e8 7a 67 62 e0 68 7a 5e 6a 8b c8 72 e8 fe ff 57 8b 93 09 7b 00 80 ff 55 2d a4 09 7b e0 e0 ff 55 4d ac 09 7b 02 ab fd 55 09 7b 05 5a 2f 37 b5 35 a7 6a 06 5a e0 e0 68 5a
00:aa 19 d8 4f 00 38 00 00 ab 93 c8 72 e0 78 5e 55 6d b4 6a 8b 80 80 fa 5e 6d b4 2d a4 00 00 a0 40 6d b4 cb 93 09 89 2d 0d 4a 83 a7 6a 02 0b af bd c8 72 46 62 00 2f 3f d5 67 62 43 49 09 09 29 ad
00:aa 19 10 50 00 38 00 00 05 5a 43 41 5e 7c e8 e0 29 7b 06 5a 78 78 7e e8 2d a4 4a 83 e0 60 5d 55 2d a4 6a 8b 00 00 57 55 ec 9b 29 83 2d 39 fd d5 c8 72 c4 51 0b 09 29 2d 43 41 20 08 09 29 2d 2d
00:aa 19 48 50 00 38 00 00 20 08 00 00 fa fa f2 f3 e2 38 20 08 60 60 60 60 43 41 e2 38 50 53 59 55 e2 38 81 20 0c 3f ff ff c4 51 81 28 e0 ea 7e 55 67 62 43 41 a0 ea 7f 55 c8 6a 84 49 00 aa ff 55
00:aa 19 80 50 00 38 00 00 c8 6a 05 5a 00 aa ff 55 c8 6a 05 5a 00 aa fa 5a 4a 83 a8 6a 56 5a 7a c2 4a 83 05 5a 35 35 35 b5 67 62 c5 51 78 7c 7f ff c8 6a e5 59 00 aa d5 55 ec 9b e5 51 f8 fe 5e 5e
00:aa 19 b8 50 00 38 00 00 8d c4 0d 9c 6a ea 60 60 6d b4 8b 93 af 2d 0d 0d 4a 83 87 6a 0a 0b 01 01 a7 6a 05 5a 2a 0b ad 95 67 62 c5 51 3f d5 d5 d5 c4 51 03 39 2e 27 36 94 e8 72 84 49 7a ea a0 80
00:aa 19 f0 50 00 38 00 00 4a 83 c8 72 5f 7c 78 80 ab 93 4a 83 65 ea 82 82 6a 8b 09 7b a8 2b 2d 2d 6a 8b 67 62 02 af fd f5 67 62 43 49 29 2d 2d ad e2 38 00 00 25 25 25 25 20 08 00 00 f3 f3 f3 f3
00:aa 19 28 51 00 38 00 00 e2 38 20 08 60 40 40 40 43 41 e2 38 55 55 e5 85 e2 38 81 20 00 03 03 03 a2 28 81 20 3f 3f 3f ff 61 18 20 08 f8 ff fd fc c2 30 81 20 e0 fe f0 e0 84 49 e2 38 fa 56 7c 68
00:aa 19 60 51 00 38 00 00 87 6a a4 49 57 5c 78 f8 09 7b 46 62 5c a0 a0 a0 4a 83 c8 72 82 02 a5 d5 a8 6a 05 5a 0d 29 29 29 66 62 06 5a 50 5d 52 70 87 6a 05 5a fd 55 55 80 09 7b 05 5a 58 58 5e fa
00:aa 19 98 51 00 38 00 00 6d b4 6a 8b c0 e0 68 7a 6d b4 4a 83 09 09 0b af 4a 83 a7 6a 01 01 23 02 a7 6a c5 51 bf b5 3d 2d 05 5a 84 49 8f e1 f9 f5 05 5a e2 38 dc dc 78 78 09 7b 67 62 60 e0 e0 e0
00:aa 19 d0 51 00 38 00 00 4d a4 4a 83 7d 7f 7a 78 4d ac cb 93 7d 6b e0 00 ab 93 09 7b bd 3d 3d 2d e8 7a 67 62 2d 0d 25 25 05 5a 43 49 0d 0d 0d 0d e2 38 00 00 25 25 25 25 20 08 00 00 f3 f3 f3 f3
00:aa 19 08 52 00 38 00 00 e2 38 20 08 40 40 40 40 23 39 e2 38 05 c5 45 05 e2 38 81 20 03 03 0b 0b 81 20 20 10 0e 05 05 07 20 10 00 00 ab ab ab aa e2 38 a2 28 44 40 c0 cc a4 49 e2 38 68 a0 a0 a2
00:aa 19 40 52 00 38 00 00 67 62 c4 51 f8 f8 fe 5f 09 7b 05 5a a8 aa 7a fe c8 6a 67 62 01 09 01 01 67 62 46 62 ab 6b 6b a9 e8 72 67 62 6a ea e8 6a 09 7b 87 62 7f 7f ba 80 09 7b c8 6a 55 55 80 00
00:aa 19 78 52 00 38 00 00 ec 9b c8 6a e0 7a de df ab 93 09 7b 02 02 8b 7d 4a 83 09 7b 02 0a a0 50 6a 8b 46 62 b5 2d 0b 02 05 5a 03 39 ad 2d 0d 0b c5 51 e2 38 70 70 70 70 4a 83 a7 6a 78 78 78 7a
00:aa 19 b0 52 00 38 00 00 8d bc 4a 83 78 f8 f8 7e 8d bc 0d 9c 29 2d 95 d5 cb 9b 09 7b 2d 2d 2d 2f e8 7a 67 62 25 25 0d 09 67 62 c4 51 f5 fd 3d 3d 23 41 00 00 25 2d 2d 2d 20 08 00 00 f3 f2 f3 fa
00:aa 19 e8 52 00 38 00 00 e2 38 20 08 40 40 c0 80 43 41 e2 38 25 15 00 80 e2 38 81 20 0b 0b 03 02 81 20 20 10 06 05 35 3d 81 20 20 08 f4 f4 f4 f4 43 41 a2 30 77 7f 7c 7c c4 51 43 41 7a 5c f8 f0
00:aa 19 20 53 00 38 00 00 c8 6a 67 62 01 01 03 2d 67 62 05 5a 8d 05 05 35 c8 6a 46 62 e0 f0 7e 7f c8 6a 46 62 00 00 00 f5 6a 83 67 62 a0 e0 7a 5f 4a 83 a7 6a 3f 35 bd fe 8b 8b 66 62 aa ef ad 09
00:aa 19 58 53 00 38 00 00 e9 7a 26 5a a0 e8 5e 5f cb 93 c8 72 82 80 e0 5f 09 7b 05 5a 35 2d 0b 02 46 62 64 49 5c de aa 0a 09 7b 66 62 e0 e0 e0 68 ab 93 09 7b e0 e8 7e 7f ec 9b ab 93 f7 55 5d 5a
00:aa 19 90 53 00 38 00 00 ec 9b 6a 8b a5 ad 09 03 29 83 67 62 2d 2d 2b 2b 67 62 c4 51 2d 2d 2d 2d 84 49 41 18 2d 2d 09 09 20 08 00 00 f8 fc bc bc e2 38 a2 28 40 40 40 40 43 41 e2 38 43 4f 25 25
00:aa 19 c8 53 00 38 00 00 e2 38 81 20 03 0b 0f 0f 81 20 20 08 03 0f 33 bd 81 20 20 08 f4 f4 f4 74 43 41 a2 30 7c 78 70 70 05 5a a4 49 7f fc fc 40 c8 6a 46 62 57 5e fc f8 c8 6a 67 62 54 57 03 00
00:aa 19 00 54 00 38 00 00 a7 6a 06 5a 2a 2a 2a 09 67 62 05 5a 16 96 55 55 67 62 06 5a 01 0d 01 55 06 5a 05 5a aa aa aa aa c8 6a 05 5a 5c 56 56 d6 ec 9b c8 72 5e 5c 5c 7c 2d a4 67 62 09 09 09 2d
00:aa 19 38 54 00 38 00 00 a7 6a 26 5a 5a f7 ba b8 09 7b 87 6a f0 7c dc ff 09 7b e8 72 03 00 00 80 09 7b 67 62 d5 ad 0a 00 e8 72 06 5a e0 fe bf 2d 4a 83 a8 6a 80 e0 78 5e ec 9b 6a 8b f8 78 58 5c
00:aa 19 70 54 00 38 00 00 2d a4 ab 93 09 0a 0b 09 8a 8b a8 6a 3d 3d 2d 2d 67 62 c4 51 2d 2d 2d 2d c4 51 c2 30 2d 29 29 2b 20 08 00 00 bc bf 3f 3f 61 18 00 00 54 54 54 54 64 49 e2 38 6a 6a a0 a0
00:aa 19 a8 54 00 38 00 00 a4 49 e2 38 b5 b5 a5 09 c2 30 81 20 0f 0f 3f 3f 41 18 20 08 3d 3d bd fd 81 20 00 00 7c 7c 7c 7c 43 41 a2 30 70 70 78 7c 46 62 e5 51 5c 5f 5f 5f c8 6a 67 62 5c 54 54 55
00:aa 19 e0 54 00 38 00 00 c8 6a 67 62 00 00 fd 55 a8 6a 05 5a 03 29 ad ad 05 5a c4 51 08 02 05 05 05 5a e5 51 ae aa aa 6a 87 62 06 5a 14 14 14 d4 4a 83 c8 6a 60 60 e0 72 29 7b 26 5a 0f 3f 35 bd
00:aa 19 18 55 00 38 00 00 67 62 c4 51 a8 fe 2f f5 09 7b 06 5a a2 a0 e8 6a 09 7b c8 72 00 80 40 50 4a 83 09 7b 59 50 57 55 4a 83 46 62 ad 2b 02 02 c8 72 26 5a e8 d7 b5 2d 4a 83 05 5a 00 e0 5e 5d
00:aa 19 50 55 00 38 00 00 cb 9b 09 7b 00 80 e0 5e 8b 8b c8 72 2d 0d 2d 2d c8 6a c4 51 bd ad 2d 2d c4 51 23 41 3d bd bd bd 82 28 00 00 d5 35 35 35 20 08 00 00 3f 3f 3f ff 61 18 00 00 54 55 55 55
00:aa 19 88 55 00 38 00 00 c4 51 a2 28 e0 68 7a 5e c4 51 64 41 27 02 03 42 a4 49 a2 28 d5 b5 35 b5 41 18 20 08 fd bf 3f 3f 81 20 00 00 7c 7c 7f 7e 43 41 81 20 e8 78 7a 5e 05 5a 43 41 80 e2 78 5e
00:aa 19 c0 55 00 38 00 00 67 62 c5 51 80 c2 f8 57 67 62 26 5a 00 00 00 55 e5 51 43 41 00 a0 aa d5 05 5a 43 41 20 aa bf 55 05 5a 43 41 08 aa ab 55 c8 72 43 41 80 ea 7f 55 c8 6a 84 49 2a aa 5f 55
00:aa 19 f8 55 00 38 00 00 06 5a a4 49 3f 2f d5 fd a7 6a 84 49 e0 78 5e 55 c8 72 05 5a 00 00 82 7b 4a 83 87 6a a0 e8 f0 57 6a 8b c8 72 b5 35 cd 55 87 6a c4 51 ff bf 2f 3d a7 6a c5 51 b0 ff ff 55
00:aa 19 30 56 00 38 00 00 09 7b 84 49 00 a2 ff d5 67 62 c5 51 0d b9 fd 55 84 49 02 39 2a 2a ab d5 a2 28 20 08 15 15 15 d5 20 08 00 00 ff bf 3f 3f 00 00 00 00 00 00 00 00 00 00 00 00 00 00 00 00
00:aa 19 68 56 00 38 00 00 00 00 00 00 00 00 00 00 00 00 ff 80 00 00 00 00 00 0f fc 00 00 00 00 00 01 ff e0 00 00 00 00 00 7f fe 00 00 00 00 00 0f ff e0 00 00 00 00 00 ff fe 00 00 00 00 00 0f ff
00:aa 19 a0 56 00 38 00 00 e0 00 00 00 00 00 ff fe 00 00 00 00 00 0f ff e0 00 00 00 00 00 ff fe 00 00 00 00 00 0f ff c0 00 00 00 00 00 ff fc 00 00 00 00 00 0f ff 80 00 00 00 00 03 ff f8 00 00 00
00:aa 19 d8 56 00 38 00 00 00 01 ff ff c0 00 00 00 00 3f ff ff 00 00 00 00 07 ff ff f8 00 00 00 00 7f ff ff c0 00 00 00 07 ff ff fe 00 00 00 00 7f ff ff f0 00 00 00 07 ff ff ff 00 00 00 00 7f ff
00:aa 19 10 57 00 38 00 00 ff f0 00 00 00 07 ff ff ff 00 00 00 00 7f ff ff f0 00 00 00 07 ff ff ff 00 00 00 00 7f ff ff f0 00 00 00 07 ff ff ff 00 00 00 00 7f ff ff f0 00 00 00 07 ff ff ff 80 00
00:aa 19 48 57 00 38 00 00 00 00 ff ff ff f8 00 00 00 0f f9 ff ff 80 00 00 00 00 00 00 00 00 00 00 00 00 00 00 00 00 00 20 08 00 00 cf c3 ff ff 20 08 00 00 ff fc ff ff 20 08 00 00 ff 0f ff ff 20
00:aa 19 80 57 00 38 00 00 08 00 00 e0 ff ff ff 20 08 00 00 2f ff ff ff 20 08 00 00 ff fa ff ff 20 08 00 00 ff bf af f0 00 00 00 00 00 00 00 00 00 00 00 00 00 00 00 00 00 00 00 00 00 00 00 00 00
00:aa 19 b8 57 00 38 00 00 00 00 00 00 00 00 00 00 00 00 00 00 00 00 00 00 00 00 00 00 00 00 00 00 00 00 00 00 00 00 00 00 00 00 00 00 00 00 00 00 00 00 00 00 00 00 00 20 08 00 00 3f 8b e0 fc a4
00:aa 19 f0 57 00 38 00 00 51 00 00 55 55 55 78 e6 69 20 08 55 55 ea 00 65 69 41 10 55 55 ab 00 03 51 20 08 55 55 ad 02 61 20 00 00 55 55 d5 3d 00 00 00 00 00 00 00 00 00 00 00 00 00 00 00 00 00
00:aa 19 28 58 00 38 00 00 00 00 00 00 00 00 00 00 00 00 00 00 00 00 00 00 00 00 00 00 00 00 00 00 08 00 00 fe ff ff ff 20 08 00 00 3f 2f cf f3 43 41 00 00 55 55 57 58 c6 79 20 08 57 7a e0 a0 07
00:aa 19 60 58 00 38 00 00 8a 24 61 5a ea aa a8 07 a2 c6 79 55 7f ea 80 27 92 c6 79 55 ab 00 00 27 92 24 61 ad ab a2 80 c6 79 81 28 d5 ad ab 02 24 61 20 08 55 55 b5 2d 20 08 00 00 ff ff ff bf 00
00:aa 19 98 58 00 38 00 00 00 00 00 00 00 00 00 00 00 00 00 00 00 00 00 00 00 00 00 00 00 00 00 00 00 00 00 00 00 00 00 20 08 00 00 fa fa fe fc e2 38 00 00 55 57 56 5c 85 71 61 18 7a ea a8 a0 e6
00:aa 19 d0 58 00 38 00 00 81 85 71 6a 68 a8 a8 07 aa 27 92 57 7a 7a 7a 07 aa 07 a2 6a aa aa aa 07 aa 07 a2 9d aa aa aa 07 aa 27 92 55 55 95 ae 27 92 a5 71 29 03 03 03 c6 79 e2 40 b5 29 03 00 24
00:aa 19 08 59 00 38 00 00 61 20 08 55 d5 35 2d 00 00 00 00 00 00 00 00 00 00 00 00 00 00 00 00 00 00 00 00 00 00 00 00 00 00 00 00 00 00 00 00 20 08 00 00 fc fe fe ff 24 61 20 08 5e 5e 58 78 c6
00:aa 19 40 59 00 38 00 00 79 24 61 50 60 40 40 27 92 c6 79 50 58 58 50 07 aa 27 92 6a aa aa 5a e9 aa 07 aa 55 55 55 00 e9 aa 07 aa 55 55 55 03 07 aa 27 9a aa aa aa a6 07 aa 27 92 95 b5 ad a5 07
00:aa 19 78 59 00 38 00 00 8a c6 79 55 55 15 15 c6 79 61 20 a5 2d 09 09 20 08 00 00 ff ff 3f 3f 00 00 00 00 00 00 00 00 00 00 00 00 00 00 00 00 00 00 00 00 00 00 00 00 20 08 00 00 ff ff fc fc 24
00:aa 19 b0 59 00 38 00 00 61 00 00 70 70 70 70 c6 79 24 61 40 40 00 40 6a 8b c6 81 5f 7c e0 ea 2d a4 88 9a 56 e0 80 e0 6d b4 8b ab 7a 80 80 80 6d b4 8b ab a5 03 02 00 0c 9c 27 92 b5 29 0a 0b 27
00:aa 19 e8 59 00 38 00 00 92 c6 79 00 0a 25 f5 07 8a c6 79 15 55 55 55 c6 79 61 20 09 09 09 09 20 08 00 00 3f ff ff ff 00 00 00 00 00 00 00 00 00 00 00 00 00 00 00 00 00 00 00 00 00 00 00 00 20
00:aa 19 20 5a 00 38 00 00 08 00 00 fc fc f8 f8 24 61 00 00 70 70 70 70 87 62 24 61 7a 7a 78 e0 09 7b 05 5a ff de f8 a0 cb 93 09 7b 70 60 60 e0 2d a4 ec 9b a8 ea 7f 55 2d a4 ab 93 00 09 35 d5 ab
00:aa 19 58 5a 00 38 00 00 93 a7 6a 35 bf 2a 0a 4a 83 46 62 55 fb 02 83 c6 79 67 6a 00 40 50 50 a6 79 a2 28 09 29 2d ad 20 08 00 00 3f 3f 3f 3f 00 00 00 00 00 00 00 00 00 00 00 00 00 00 00 00 00
00:aa 19 90 5a 00 38 00 00 00 00 00 00 00 00 00 20 08 00 00 f2 f3 c3 c3 c4 51 00 00 78 78 78 78 a8 6a 05 5a 70 70 7a 7a 09 7b c8 6a 5e 55 55 58 6a 8b c8 72 78 57 5f fe 6a 8b 4a 83 00 55 55 55 6a
00:aa 19 c8 5a 00 38 00 00 8b 09 7b 02 aa a5 ab 4a 83 c8 72 00 3f d7 ab 09 7b c8 6a 03 25 d5 01 c6 79 67 62 50 50 58 55 44 61 81 20 09 0d 0d 2d 20 08 00 00 3f 3f bf ff 00 00 00 00 00 00 00 00 00
00:aa 19 00 5b 00 38 00 00 00 00 00 00 00 00 00 00 00 00 00 00 00 00 00 20 08 00 00 cf 8f 8f cf 84 49 20 08 78 78 78 58 c8 6a 05 5a 7a 78 60 60 4a 83 e8 72 78 60 80 80 8b 93 4a 83 55 55 55 fa ab
00:aa 19 38 5b 00 38 00 00 93 4a 83 55 57 5a a8 0c 9c 6a 8b 5f 7f ea a8 cb 9b 8b 93 55 95 00 00 cb 93 09 7b bd a9 2b 0e 09 7b a4 49 af 2f 2d 2d 64 51 20 08 2d 2d ad a5 00 00 00 00 00 00 00 00 00
00:aa 19 70 5b 00 38 00 00 00 00 00 00 00 00 00 00 00 00 00 00 00 00 00 00 00 00 00 00 00 00 00 20 08 00 00 cf ec a8 a8 05 5a 20 08 58 58 58 58 09 7b 05 5a 78 68 e8 e8 6a 8b 4a 83 50 50 7f 55 8b
00:aa 19 a8 5b 00 38 00 00 93 4a 83 80 00 ff 55 ab 93 4a 83 a0 aa d5 55 cb 9b 4a 83 00 aa 7a 7a 2d a4 ab 93 f8 f8 7f 55 0c 9c 6a 8b 09 09 2d f5 09 7b e5 59 2d 2d 2b 2b a4 51 20 10 b5 b5 35 2d 00
00:aa 19 e0 5b 00 38 00 00 00 00 00 00 00 00 00 00 00 00 00 00 00 00 00 00 00 00 00 00 00 00 00 20 08 00 00 ff ff fc f8 c4 51 20 08 78 78 78 5e c8 72 c4 51 e0 e0 78 5e 4a 83 87 6a a2 aa ff 75 4a
00:aa 19 18 5c 00 38 00 00 83 87 6a a8 a8 fa 55 6a 8b 09 7b a0 a8 6a 55 8b 93 29 7b 00 ea ff fd 8b 93 09 7b 00 0a ff 55 6a 8b c8 72 2b ad bd f5 c8 6a 64 41 02 00 2a 2d 26 5a 20 08 2d 2d 35 d5 00
00:aa 19 50 5c 00 38 00 00 00 00 00 00 00 00 00 00 00 00 00 00 00 00 00 20 10 00 00 ff ff ff fe 20 08 00 00 e0 83 3f bf a2 28 00 00 5c 54 57 57 66 62 43 41 78 78 5a 5e 67 62 06 5a 00 00 40 60 09
00:aa 19 88 5c 00 38 00 00 7b 67 62 57 68 e0 e8 4a 83 09 7b 55 15 cf 97 29 83 09 7b 9f df d5 d6 09 7b e8 7a a4 58 c0 02 09 7b 26 5a 0a 0b 29 ad 06 5a 81 20 0b 0b 2d ad 41 10 00 00 2f 2f bf ff 00
00:aa 19 c0 5c 00 38 00 00 00 00 00 00 00 00 00 00 00 00 00 00 00 00 00 20 10 00 00 fe fa ef bf 20 08 00 00 bf fe f0 cb 20 08 00 00 c0 2f ff ff 20 08 00 00 a8 fe fe fe e5 59 41 10 e8 fa fa 7a 67
00:aa 19 f8 5c 00 38 00 00 62 63 41 b0 e8 78 5a e8 72 67 62 a8 e8 7a 5e 09 7b c8 6a 00 80 40 70 4a 83 c8 72 e0 80 a3 f5 09 7b 46 62 0a 2b 25 d5 46 62 84 49 0b 09 ad f5 84 49 20 10 2d 0d 0d 0d 20
00:aa 19 30 5d 00 38 00 00 08 00 00 2f bf bf bf 00 00 00 00 00 00 00 00 20 08 00 00 fc fc fc fe 20 08 00 00 bf ff bf 2f 20 08 00 00 e3 af 2f e0 20 08 00 00 ff ff 00 ff 20 08 00 00 f8 8b 3f ff 20
00:aa 19 68 5d 00 38 00 00 08 00 00 bf ff ff ff 00 00 00 00 00 00 00 00 00 08 00 00 fe ff ff ff 43 41 20 10 60 60 60 60 26 5a 63 41 58 5e 5f 55 67 62 c4 51 c0 f0 7f 57 a8 6a 05 5a 08 9a ff 75 a8
00:aa 19 a0 5d 00 38 00 00 6a 05 5a 00 aa dd 55 46 62 84 49 0b af bd ff 05 5a 43 41 f5 ff fa 80 64 41 20 10 0d 0d 0b 0b 41 10 00 00 ff ff bf 0b 00 00 00 00 00 00 00 00 00 00 00 00 00 00 00 00 20
00:aa 19 d8 5d 00 38 00 00 08 00 00 f2 fe ff ff 20 08 00 00 ff 0f c3 fc 20 08 00 00 fc f0 f3 cf 20 08 00 00 2f ff ff ff 00 00 00 00 00 00 00 00 00 00 00 00 00 00 00 00 00 00 00 00 00 00 00 00 61
00:aa 19 10 5e 00 38 00 00 18 00 00 55 55 55 78 03 39 00 00 55 55 57 e0 c4 51 81 20 6a 60 a0 a0 a4 51 43 41 55 a5 05 0b 64 41 43 41 ea ff ff ff 05 5a 43 41 8a 6a 55 55 05 5a 84 49 8f ff 5f 78 09
00:aa 19 48 5e 00 38 00 00 7b c4 51 55 5f ea 80 09 7b 26 5a 7d fd 2d 0d 05 5a 43 41 b5 af 2a 00 67 62 81 28 fd aa 80 00 e5 59 20 08 55 b5 0a 00 84 49 00 00 55 55 d5 2d 20 08 00 00 ff ff ff 3f 00
00:aa 19 80 5e 00 38 00 00 00 00 00 00 00 00 00 20 08 00 00 8f f3 fc ff 20 08 00 00 ff ff ff 3f 00 00 00 00 00 00 00 00 00 00 00 00 00 00 00 00 00 00 00 00 00 00 00 00 00 00 00 00 00 00 00 00 20
00:aa 19 b8 5e 00 38 00 00 08 00 00 ff ff fc e0 66 62 20 08 55 5f 78 a0 26 62 41 18 7e a8 00 00 26 5a 64 49 5f af 2b 0b c4 51 84 49 aa aa 9a 9a 05 5a a4 49 fd 0f 03 00 e5 51 43 41 d5 aa 28 20 67
00:aa 19 f0 5e 00 38 00 00 62 43 41 57 f8 a0 a0 09 7b 46 62 5e 68 a0 a0 4a 83 09 7b 70 81 55 cd 4a 83 67 62 25 3d bf ff 4a 83 87 6a 57 6f ea 80 6a 8b 87 62 fd ff af 02 09 7b 26 5a f5 af aa 02 09
00:aa 19 28 5f 00 38 00 00 7b e5 51 55 f5 ad 0f e5 51 00 08 d5 2d 0b 02 81 20 00 00 55 55 d5 35 00 00 00 00 00 00 00 00 20 08 00 00 cb f3 fc ff 20 08 00 00 ff ff ff 2f 00 00 00 00 00 00 00 00 00
00:aa 19 60 5f 00 38 00 00 00 00 00 00 00 00 00 03 31 00 00 55 55 57 78 c5 51 20 08 55 57 fa 80 87 6a 41 18 5e ea 80 00 c8 6a 67 62 50 40 55 d5 c8 6a 67 62 09 00 55 55 87 6a c5 51 2d 2d ad b5 c4
00:aa 19 98 5f 00 38 00 00 51 43 49 2c 3c 1c 5c e8 7a 26 5a 57 5e 78 78 87 6a 05 5a 95 aa aa 2a c8 6a 46 62 5c fc f8 f0 09 7b a7 6a c0 e0 a0 d8 4a 83 09 7b cd cd c5 45 09 7b c8 6a d4 20 00 00 ab
00:aa 19 d0 5f 00 38 00 00 93 4a 83 78 6a 7a 5e ab 93 a8 72 0a 0a 2b bd 4a 83 46 62 02 0b f5 d5 c8 72 c4 51 0a 2b fd f5 e5 59 43 41 29 ad b5 b7 43 41 00 08 b5 2d 0b 00 61 20 00 00 55 55 f5 0f 00
00:aa 19 08 60 00 38 00 00 00 00 00 00 00 00 00 20 08 00 00 e3 f8 ff ff 20 08 00 00 ff af eb f8 00 00 00 00 00 00 00 00 43 41 20 08 55 56 5c 78 05 5a e2 30 5e ea a0 80 a8 6a c4 51 7e 78 a0 80 e8
00:aa 19 40 60 00 38 00 00 72 a8 6a 57 78 e0 cf c8 6a 67 62 95 15 d5 55 67 62 06 5a 00 05 55 55 e5 51 43 49 09 29 2d 2a e5 51 43 49 5e 5a ea 80 09 7b 05 5a 78 78 78 78 e8 7a a8 6a 15 17 3f 3f c8
00:aa 19 78 60 00 38 00 00 72 67 62 f3 87 16 15 c8 72 05 5a 00 08 3b e5 e9 7a 05 5a 00 ab ff 5f e8 72 46 62 02 ff 7d ff 09 7b 67 62 a0 79 55 55 09 7b 06 5a 2f fd d5 55 67 62 05 5a 95 55 58 c0 c8
00:aa 19 b0 60 00 38 00 00 6a 05 5a 55 ff aa 00 67 62 c4 51 55 ff 2a 00 a8 6a c4 51 55 eb aa 8a 46 62 e2 30 b5 ab 02 00 84 49 00 08 55 b5 2d 03 20 10 00 00 ff ff ff bf 00 00 00 00 00 00 00 00 20
00:aa 19 e8 60 00 38 00 00 08 00 00 ff 2f eb f3 20 10 00 00 ff ff ff fc 84 49 20 10 78 60 e0 c0 67 62 c4 51 78 70 e0 c0 c8 6a 46 62 82 8b ff 5d c8 6a 46 62 0f 3d f5 7f 67 62 06 5a 05 c5 c0 00 67
00:aa 19 20 61 00 38 00 00 62 05 5a 55 7f 00 00 67 62 05 5a 55 ff 00 00 67 62 05 5a 6a 00 00 00 09 7b 05 5a 70 70 7a ff c8 72 06 5a 2f bd d5 55 67 62 c5 51 02 f5 f5 f5 67 62 c4 51 ae 7c 70 f0 c8
00:aa 19 58 61 00 38 00 00 6a 46 62 7f ff fc e0 c8 72 67 62 55 7f aa 00 c8 72 67 62 55 f5 ad 02 c8 72 46 62 55 ff ff a8 e8 7a 67 62 5e 68 a0 00 09 7b c8 72 55 ff 80 00 29 83 a8 6a d5 af aa 2a 4a
00:aa 19 90 61 00 38 00 00 83 c8 72 7d fb 83 ea e8 7a 67 62 b5 aa 00 00 c8 72 c4 51 b5 af ab 2a e5 59 41 10 d5 b5 0d 09 20 08 00 00 ff ff ff 3f 20 08 00 00 fa fc ff ff 20 08 00 00 ff bf 3f 8f 81
00:aa 19 c8 61 00 38 00 00 20 00 00 57 57 56 5c a4 49 c2 30 e8 78 e0 e0 46 62 c5 51 f3 fd f5 55 67 62 c4 51 d2 52 50 dc c8 6a 66 62 7f 7f fe 00 c8 6a 67 62 55 55 ff 00 c8 6a 67 62 55 55 e0 00 09
00:aa 19 00 62 00 38 00 00 7b 87 6a 55 7f fa e0 4a 83 87 6a fd ff ab 0b a7 6a 05 5a a5 25 95 d5 46 62 05 5a 55 55 55 54 87 6a c5 51 fd ea e0 80 09 7b 06 5a 5f fa a8 80 4a 83 c8 72 57 5f ea 00 6a
00:aa 19 38 62 00 38 00 00 8b 09 7b 55 5f aa 82 4a 83 e8 7a d5 fd bb 00 4a 83 e8 7a 55 55 ff 2c cb 9b 09 7b 55 5f fe e8 ec 9b 29 83 55 ff aa 00 ab 93 09 7b fd af 29 02 6a 8b 09 7b 7a ea 88 a0 6a
00:aa 19 70 62 00 38 00 00 8b 09 7b b5 ab 0a 00 29 83 87 62 ad 2b 2a 0a 67 62 64 49 2d 2d 0b 03 84 49 20 08 d5 95 35 25 00 00 00 00 00 00 00 00 20 08 00 00 cf eb fb f3 81 20 00 00 5c 5c 5c 50 a4
00:aa 19 a8 62 00 38 00 00 49 e2 30 e0 60 ea ea a4 51 23 39 28 a8 b8 d8 67 62 e5 51 7c 7c 7c fc c8 72 c8 6a ff f3 f2 f8 29 7b c8 6a 55 55 56 80 6a 8b c8 72 57 7f fe 80 6a 8b 09 7b 5e fa 80 00 4a
00:aa 19 e0 62 00 38 00 00 83 67 62 0b 09 0d 25 67 62 05 5a 95 d5 55 5c a7 6a 06 5a 56 5a 60 82 09 7b a7 6a 5a 60 70 e8 8b 93 29 7b df fe e8 60 cb 93 4a 8b 7f fa a0 80 0c 9c 6a 8b 7f ff aa a0 0c
00:aa 19 18 63 00 38 00 00 9c 6a 8b 55 ff a2 00 2d a4 09 7b ff ab 2b 0d ab 93 09 7b 00 a8 ff 57 2d a4 ab 93 c8 f0 50 56 2d a4 8b 93 09 03 00 00 0c 9c 6a 8b df fd 2a 00 0c 9c 6a 8b bd ef bb 0a 8b
00:aa 19 50 63 00 38 00 00 93 29 7b f5 b5 af 29 e8 7a 06 5a ad 2d 2d 2f c4 51 20 08 2d 2d 0b 0b 00 00 00 00 00 00 00 00 20 08 00 00 f0 f0 fc fc e2 38 00 00 5e 5e 5e 5c 43 41 e2 38 80 6a 73 75 c4
00:aa 19 88 63 00 38 00 00 51 81 28 f8 f8 fc 7c a7 6a 06 5a 56 5e 58 58 09 7b 87 6a 7e 78 70 e0 4a 83 09 7b 60 5c 26 00 8b 93 4a 83 68 68 78 a4 8b 93 8a 8b af ab a9 a9 09 7b 05 5a 2d 3d 3d 35 87
00:aa 19 c0 63 00 38 00 00 6a 26 5a 6a 6a e8 a8 c8 72 87 62 55 78 b0 a0 6a 8b c8 72 7a e8 e8 e8 ec 9b 6a 8b 5a fa f0 f0 2d a4 ab 93 7f f8 c0 00 6d b4 2d a4 59 58 78 50 4d ac 6a 8b a2 02 09 3d ec
00:aa 19 f8 63 00 38 00 00 9b 87 6a 0b 2d b5 f5 09 7b 05 5a a0 fe ff 55 ab 93 87 6a e0 e8 7a 5f 2d a4 4a 83 00 c0 e0 78 4d ac 2d a4 55 95 95 55 2d a4 0d 9c a9 ab aa aa 0c 9c 09 7b ad 2d 2d 0d e8
00:aa 19 30 64 00 38 00 00 7a 26 5a 2f 2d 2d 2d e5 51 61 20 0d 0d 2d 2d 00 00 00 00 00 00 00 00 20 08 00 00 fc fc fc fc c2 30 20 08 5c 56 56 57 e2 38 a2 28 02 83 41 41 c4 51 81 20 5c 5c 5c 5e a7
00:aa 19 68 64 00 38 00 00 6a 06 5a 58 58 58 58 09 7b c8 72 60 70 70 70 6a 8b 4a 83 50 58 54 54 cb 93 6a 8b a5 a8 a0 a0 2d a4 ab 93 55 fd 81 01 c8 6a 05 5a 27 27 27 97 87 6a 67 62 fe fe fe fc e8
00:aa 19 a0 64 00 38 00 00 7a a8 6a fc fc dc 9c 4a 83 e8 7a 40 40 40 70 ec 9b ab 93 54 5a 58 5a 6d b4 0d 9c e8 e0 77 55 4d ac ab 93 80 0a ab fd ab 93 09 7b 0a 2b 2d ad 09 7b 26 5a 2d 2d 2d ab e5
00:aa 19 d8 64 00 38 00 00 59 e2 38 2f 25 25 25 c8 72 43 41 e0 7a 7e 5e 8b 93 87 6a e0 7a 7f 5f ec 9b e8 7a 00 f8 5f 57 2d a4 6a 8b 80 e2 ff 55 ab 93 09 7b 0b 0b 2b bd c8 72 06 5a 0d 0d 0d 2d e5
00:aa 19 10 65 00 38 00 00 51 61 20 2d 2d 2d 2d 00 00 00 00 00 00 00 00 20 08 00 00 fc fc f0 f3 20 10 00 00 fc fc fc ff e2 38 81 20 c3 f2 70 70 43 49 a2 28 5c 5c 5c fc a7 6a e5 51 78 78 7a 7a 09
00:aa 19 48 65 00 38 00 00 7b 87 6a e0 e0 e8 7a 6a 8b 09 7b a8 ea 6a 6a 0c 9c 8b 93 7a 78 78 5a 2d a4 8b 8b 01 01 01 01 a7 6a 05 5a 96 17 9d 95 87 6a 26 5a a0 de 5e 5e e8 72 a8 6a f8 fc 7c 5c 4a
00:aa 19 80 65 00 38 00 00 83 09 7b 50 50 50 50 cb 93 4a 8b a8 a8 ea 5e cb 9b ab 93 aa aa 65 55 ab 93 09 7b 02 02 0b 2d 4a 83 c8 72 0f 2f fd f5 c8 6a 46 62 03 0b 3d fd e5 51 e2 38 0d 0d 2d b5 46
00:aa 19 b8 65 00 38 00 00 62 23 39 7a 7a e8 e8 29 7b 06 5a 6a fa e8 a0 4a 83 e8 7a 5c f8 80 00 4a 83 09 7b 01 08 bc 65 8b 8b e8 72 89 bd f5 d5 87 6a 05 5a 29 29 a9 a9 c4 51 61 20 2d 0b 0b 0b 20
00:aa 19 f0 65 00 38 00 00 10 00 00 bf 3f 3f 3f 20 08 00 00 ff fb fb fb 61 20 00 00 55 57 57 54 e2 38 81 20 70 f0 f0 f0 43 41 e2 38 54 54 5f 59 67 62 23 41 e8 fa 7a 5e a8 6a 66 62 c0 f0 fc 5f 4a
00:aa 19 28 66 00 38 00 00 83 c8 72 e0 7c 5e 5f cb 9b 4a 83 e0 78 78 5e 2d a4 8b 8b 01 81 81 fd a8 6a c4 51 bf 37 97 15 67 62 05 5a 58 58 58 58 c8 6a a7 6a 20 00 30 f0 4a 83 c8 72 e0 7e 5f 55 4a
00:aa 19 60 66 00 38 00 00 83 c8 72 00 00 ea 7f 6a 8b a8 6a 00 aa aa 55 29 83 67 62 02 2b af f5 c8 72 26 5a 0b bf fd f5 46 62 84 49 0b ab ad bd 23 41 81 20 0a 26 26 36 c8 6a a4 49 78 78 78 78 4a
00:aa 19 98 66 00 38 00 00 83 c8 72 78 70 70 60 4a 83 29 7b 03 00 03 0b 4a 83 09 7b 85 35 35 95 e8 7a a7 6a 01 01 01 03 87 6a 26 5a a9 ad a9 29 05 5a 23 41 2d 2d 2b 0b e2 38 20 08 95 b5 35 25 20
00:aa 19 d0 66 00 38 00 00 08 00 00 fb fb fb fb 81 20 00 00 54 5c 5c 5c e2 38 81 20 f0 e0 00 00 e2 38 81 20 00 03 0b 0b c4 51 81 28 f8 7e 7f 57 67 62 43 41 a0 e8 7a 5e 09 7b 26 5a a8 fa 7f 5f 4a
00:aa 19 08 67 00 38 00 00 83 67 62 80 aa ff 57 6a 8b c8 6a 80 aa ff 5e c8 6a c4 51 15 35 35 35 67 62 c5 51 fc 78 7c 5f a7 6a 06 5a 80 6a 6b 79 c8 6a 05 5a 80 aa f5 55 c8 6a c4 51 82 af fd d5 05
00:aa 19 40 67 00 38 00 00 5a 84 49 00 d7 57 ff 67 62 05 5a 83 55 55 55 05 5a e5 59 2a aa ab ab 05 5a 23 41 2b ab a9 ad e2 38 81 20 3f 3f 3f 3f a8 6a a4 49 78 78 78 78 4a 83 e8 7a 70 70 70 78 4a
00:aa 19 78 67 00 38 00 00 83 09 7b 04 08 04 06 49 83 09 7b 55 55 55 95 e8 7a c8 72 2b 29 a9 ab c8 6a 67 62 15 15 15 15 67 62 c5 51 f5 bd 3d 3d 63 49 00 08 2d 2d 09 09 20 08 00 00 fb f3 f3 f3 81
00:aa 19 b0 67 00 38 00 00 20 00 00 5c 5c 5c 5c 43 41 c2 30 ff ff 40 7e e2 38 81 20 0b 0b 02 02 a2 28 61 18 28 a9 af a9 84 49 20 10 e8 7a 5f 57 46 62 c2 30 a8 fa 7f 57 a8 6a 84 49 aa fa 78 7c 8a
00:aa 19 e8 67 00 38 00 00 8b c8 6a 5a 70 e2 ea c8 72 c4 51 35 3d 3d 3f 06 5a c4 51 5f 55 55 a8 26 5a c4 51 ff 55 57 0a 46 62 c4 51 75 55 7f 28 87 6a c4 51 55 55 ff 80 cb 9b c4 51 55 55 ff 00 8b
00:aa 19 20 68 00 38 00 00 8b e5 51 55 55 ff 00 4a 83 e5 51 55 55 ff 02 05 5a 03 39 ab ab 0b 09 e2 38 61 20 3f 3f 37 b7 87 6a 23 41 68 70 78 78 4a 83 87 62 e8 e8 ea 7a 4a 83 29 7b 03 03 83 c0 4a
00:aa 19 58 68 00 38 00 00 83 09 7b 25 09 41 e0 e8 7a a8 6a 0b 0d 0d 0f a7 6a 67 62 15 55 55 55 67 62 05 5a 05 05 05 15 c4 51 a2 28 09 09 09 09 20 08 00 00 3c 3c 3c 3e 81 20 00 00 5c 5c 5f 57 43
00:aa 19 90 68 00 38 00 00 41 c2 30 72 4b 6f ee 43 41 e2 38 55 45 05 01 c2 30 20 10 2b 25 29 0b 81 20 00 00 fc fe fd fd 43 41 20 10 f8 78 78 78 a8 6a c4 51 5c 5c 56 7e 09 7b 67 62 80 ab 77 5f 67
00:aa 19 c8 68 00 38 00 00 62 06 5a 35 15 56 55 87 6a 05 5a 5a aa aa e3 09 7b 67 62 55 ea e8 e8 4a 83 87 6a 7f a2 82 82 8a 8b 09 7b 5c fa 57 55 6d b4 8b 8b 80 80 c0 60 6d b4 0d 9c 0f 0d 0f 0d cb
00:aa 19 00 69 00 38 00 00 93 09 7b 3f 3d 3d 2d 67 62 43 41 2d 0d 0d 09 c2 30 20 10 2e 2e 2e 2d e5 59 81 20 e0 60 60 78 09 7b 06 5a b8 f8 7a 7e 4a 83 e8 7a c0 f0 78 5c 6a 8b 4a 83 15 06 01 40 6a
00:aa 19 38 69 00 38 00 00 8b e8 72 b5 2d 0d 8b e8 7a 26 5a ff bf bd 3f 26 5a 05 5a 3f bf ff ff c4 51 a2 28 0b 09 09 09 20 08 00 00 3e 3e 3f 3f 20 08 00 00 bc ff 3f 3f 00 00 00 00 00 00 00 00 20
00:aa 19 70 69 00 38 00 00 10 00 00 fc fc fc fc c4 51 c2 30 7e 7a 78 78 c4 51 43 41 f5 fd 2d 03 e2 38 61 18 2d 2d 0f 0f 20 10 00 00 eb eb eb eb 23 41 20 10 78 78 78 78 a8 6a c4 51 7e 7e 7c 78 c8
00:aa 19 a8 69 00 38 00 00 6a 67 62 5e 0f 0f 0d 67 62 05 5a 55 5c 68 00 87 6a 26 5a e2 29 a5 a5 c8 6a 46 62 80 e0 f8 7c 09 7b c8 6a 00 57 55 55 4a 83 e8 7a ff 7f 7c 70 4d ac 6a 83 60 70 70 7a 4d
00:aa 19 e0 69 00 38 00 00 ac 2d 9c 0f 0f ff f5 ab 93 09 7b 09 0b 09 0b c8 72 84 49 ad 2d 2d 2d 43 41 81 20 35 25 25 2d 84 49 61 18 70 fc 5c de 67 62 c4 51 f0 70 78 7c 49 83 a8 6a e8 68 72 5e 6a
00:aa 19 18 6a 00 38 00 00 8b e8 72 80 8a aa fd 4a 83 66 62 02 02 af f5 c8 6a 05 5a 0a 0a aa f5 06 5a c4 51 aa a9 25 a5 c4 51 a2 28 29 29 29 29 20 08 00 00 3f 3f 3f 3f 20 08 00 00 2f cf cf cf 00
00:aa 19 50 6a 00 38 00 00 00 00 00 00 00 00 00 20 10 00 00 fc fc fc fc a4 49 c2 30 78 78 78 7a c4 51 64 41 02 00 03 69 43 41 61 18 2d 2d ad bd 20 10 00 00 eb eb ea ea 43 41 41 18 78 68 78 78 a8
00:aa 19 88 6a 00 38 00 00 6a c4 51 68 68 e8 57 c8 6a e5 51 02 02 0a 75 c8 6a 46 62 7c f8 f0 5a 09 7b 87 6a ff fe e0 55 4a 83 c8 72 e0 e0 c0 56 2d a4 09 7b e0 ea ff 57 ec 9b 29 7b 00 2a ab d5 ab
00:aa 19 c0 6a 00 38 00 00 93 29 7b 03 0b ff 55 29 7b a4 51 2d 2d 2d ad 84 49 a2 28 b5 35 35 35 c2 30 20 10 b8 bf 96 95 c4 51 82 28 80 e0 68 78 a8 6a c4 51 a0 ea ff 55 c8 72 c5 51 02 ff ff 5f 06
00:aa 19 f8 6a 00 38 00 00 5a c4 51 08 2a 8a 89 06 5a c4 51 aa 8a aa 7e 05 5a 84 49 3d 3d 3d 95 43 49 a2 28 03 02 03 a9 20 08 00 00 3f 3f 3f 3f 20 08 00 00 cf cf cf cf 00 00 00 00 00 00 00 00 00
00:aa 19 30 6b 00 38 00 00 00 00 00 00 00 00 00 00 00 00 00 00 00 00 00 00 00 00 00 00 00 00 00 00 00 00 00 00 00 00 00 01 f0 00 00 00 00 00 00 7f 80 00 00 00 00 00 0f fc 00 00 00 00 00 00 ff c0
00:aa 19 68 6b 00 38 00 00 00 00 00 00 00 7f fc 00 00 00 00 00 1f ff c0 00 00 00 00 03 ff fc 00 00 00 00 00 7f ff c0 00 00 00 00 07 ff fc 00 00 00 00 00 7f ff c0 00 00 00 00 07 ff fc 00 00 00 00
00:aa 19 a0 6b 00 38 00 00 00 7f ff 80 00 00 00 00 07 ff fc 00 00 00 00 00 7f ff f0 00 00 00 00 07 ff ff c0 00 00 00 00 7f ff fe 00 00 00 00 03 ff ff f0 00 00 00 00 7f fc ff 80 00 00 00 07 ff ff
00:aa 19 d8 6b 00 38 00 00 fc 00 00 00 00 7f ff ff c0 00 00 00 07 ff ff fc 00 00 00 00 7f ff ff c0 00 00 00 07 ff ff fe 00 00 00 00 7f ff ff e0 00 00 00 07 ff ff 7e 00 00 00 00 7f ff ff e0 00 00
00:aa 19 10 6c 00 38 00 00 00 07 ff ff fe 00 00 00 00 7f ff ff e0 00 00 00 07 ff ff ff 00 00 00 00 00 00 00 00 00 00 00 00 00 00 00 00 00 00 20 08 00 00 ff 03 ff ff 20 08 00 00 ff eb e8 ff 20 08
00:aa 19 48 6c 00 38 00 00 00 00 ff ff 3f 02 00 00 00 00 00 00 00 00 00 00 00 00 00 00 00 00 00 00 00 00 00 00 00 00 00 00 00 00 00 00 00 00 00 00 00 00 00 00 00 00 00 00 00 00 00 00 00 00 20 08
00:aa 19 80 6c 00 38 00 00 00 00 fc ff ff ff 20 08 00 00 9f 2f c3 fe 00 00 00 00 00 00 00 00 00 00 00 00 00 00 00 00 00 00 00 00 00 00 00 00 00 00 00 00 00 00 00 00 00 00 00 00 00 00 00 00 00 00
00:aa 19 b8 6c 00 38 00 00 00 00 00 00 00 00 00 00 00 00 00 00 00 00 00 00 00 00 00 00 00 00 00 00 00 00 00 00 00 00 20 08 00 00 0f cf e3 f0 00 00 00 00 00 00 00 00 00 00 00 00 00 00 00 00 00 00
00:aa 19 f0 6c 00 38 00 00 00 00 00 00 00 00 00 00 00 00 00 00 00 00 00 00 00 00 00 00 00 00 00 00 00 00 00 00 00 00 00 00 00 00 00 00 00 00 00 00 00 00 00 00 00 00 00 00 00 00 00 00 00 00 20 08
00:aa 19 28 6d 00 38 00 00 00 00 fc fc fc ff 41 10 00 00 ff ff ff c0 03 49 00 00 55 55 7a 80 e6 79 00 00 55 5f ea 80 c8 72 20 08 55 ff aa 00 c6 79 20 08 55 ff aa 02 e2 38 20 08 55 b5 2d 09 20 08
00:aa 19 60 6d 00 38 00 00 00 00 ff ff bf 3f 00 00 00 00 00 00 00 00 00 00 00 00 00 00 00 00 00 00 00 00 00 00 00 00 00 00 00 00 00 00 00 00 00 00 00 00 00 00 00 00 00 00 00 00 00 00 00 00 03 59
00:aa 19 98 6d 00 38 00 00 00 00 55 55 57 58 85 71 00 00 57 7a a0 00 c6 79 43 49 57 ea 00 00 27 92 24 61 5e a8 80 80 27 92 e8 7a 35 15 55 55 e6 81 e8 7a 57 5c 50 50 c6 79 24 61 01 01 01 35 24 61
00:aa 19 d0 6d 00 38 00 00 c2 30 0d 0d 0d 0d c2 30 20 08 55 b5 b5 25 00 00 00 00 00 00 00 00 00 00 00 00 00 00 00 00 00 00 00 00 00 00 00 00 00 00 00 00 00 00 00 00 00 00 00 00 00 00 00 00 00 00
00:aa 19 08 6e 00 38 00 00 00 00 00 00 00 00 03 49 00 00 55 57 5c 70 c6 79 61 18 78 e8 80 80 e6 81 c6 79 ff ff ff fe 27 92 c6 79 78 60 80 00 27 92 6a 8b 05 35 15 95 6a 8b 09 7b d5 55 35 05 87 82
00:aa 19 40 6e 00 38 00 00 c6 79 25 25 15 95 24 61 e2 38 00 01 09 09 03 49 a2 28 0f ff d5 d5 e2 38 81 20 25 03 02 f8 e2 38 20 08 55 55 b5 0b 20 08 00 00 ff ff 3f 2a 00 00 00 00 00 00 00 00 00 00
00:aa 19 78 6e 00 38 00 00 00 00 00 00 00 00 00 00 00 00 00 00 00 00 20 08 00 00 ff fc fc fc e2 38 00 00 55 55 56 5c c6 79 61 18 7a fa e8 a0 27 92 24 61 6a aa a8 a8 27 92 c6 81 57 77 00 00 07 a2
00:aa 19 b0 6e 00 38 00 00 27 92 5c 56 50 69 2a 9b 27 92 14 55 55 55 e6 81 09 7b 56 e0 00 00 07 8a c6 79 55 55 55 01 c6 79 24 61 55 35 25 05 c2 30 20 10 2d 2d 2b 0b 81 28 00 00 c0 fe ff d5 43 49
00:aa 19 e8 6e 00 38 00 00 20 10 aa e8 7e 55 43 49 20 10 b5 0b 02 e0 43 41 20 08 55 55 d5 2f 00 08 00 00 ff ff ff bf 00 00 00 00 00 00 00 00 20 08 00 00 fc fc fc fc 24 61 20 08 5c 78 78 60 c6 79
00:aa 19 20 6f 00 38 00 00 24 61 50 40 00 00 27 92 c6 79 5c 5c 50 50 27 92 00 00 00 00 00 00 07 a2 27 92 71 41 40 00 07 a2 27 92 55 55 aa 00 07 a2 27 92 55 55 95 15 27 92 00 00 00 00 00 00 07 8a
00:aa 19 58 6f 00 38 00 00 24 61 a9 aa 2a 0a 24 59 61 20 2d 2d 0b 0b 81 28 00 00 d5 d5 d5 35 20 08 00 00 fc ff ff ff a2 28 00 00 f8 5f 55 55 e2 38 20 08 02 60 5e 55 41 10 00 00 bf 3f 2f 3f 00 00
00:aa 19 90 6f 00 38 00 00 00 00 00 00 00 00 20 08 00 00 fc fc fc fc c6 79 41 10 7a 78 68 68 c6 79 00 00 00 00 00 00 27 92 c6 79 50 50 50 60 07 aa 27 92 55 55 56 56 07 aa 07 9a 6a 6a aa aa 07 aa
00:aa 19 c8 6f 00 38 00 00 00 00 00 00 00 00 07 aa 07 a2 b5 aa aa aa 07 a2 27 92 55 0b 02 00 27 92 c6 79 05 00 00 00 a9 a2 44 61 d5 f5 ad 0b 64 49 20 08 d5 b5 25 2d 00 00 00 00 00 00 00 00 00 00
00:aa 19 00 70 00 38 00 00 00 00 00 00 00 00 00 00 00 00 00 00 00 00 00 00 00 00 00 00 00 00 00 00 00 00 00 00 00 00 20 08 00 00 fc fc f0 e2 c6 79 20 08 68 78 7a 7a c6 79 24 61 00 00 c0 40 27 92
00:aa 19 38 70 00 38 00 00 c6 81 40 00 00 60 07 a2 27 92 d0 00 55 55 07 aa 27 92 aa aa f5 55 07 aa 27 9a aa aa ea 6a 07 aa 00 00 00 00 00 00 07 aa 00 00 00 00 00 00 07 aa 27 92 aa a9 a9 a9 ea aa
00:aa 19 70 70 00 38 00 00 c6 81 2d fd d5 d5 c6 79 20 10 2d 2b 0b 0a a2 28 00 00 d5 f5 35 0d 00 00 00 00 00 00 00 00 00 00 00 00 00 00 00 00 00 00 00 00 00 00 00 00 20 10 00 00 ff ff ff fe 20 08
00:aa 19 a8 70 00 38 00 00 00 00 8f 0f 2f 2f c2 30 00 00 50 5c 56 56 26 62 23 41 c0 68 78 7a 27 92 67 62 a0 ff 57 5f 27 92 29 7b 00 d5 55 55 a9 a2 4a 83 30 57 55 55 07 aa 8a 93 80 aa 5f 55 ea aa
00:aa 19 e0 70 00 38 00 00 07 aa 55 55 00 00 ea aa 07 aa 55 89 02 00 ea aa 27 92 fd fd 55 0a e6 81 09 7b 00 00 a0 5e c6 79 24 59 05 05 35 b5 43 49 20 10 0d 09 0b 02 81 20 00 00 55 d5 f5 2d 00 00
00:aa 19 18 71 00 38 00 00 00 00 00 00 00 00 00 00 00 00 00 00 00 00 20 10 00 00 fe fe fe fe a2 28 00 00 54 54 54 54 e5 51 43 41 78 58 68 a8 e8 7a 06 5a 78 78 78 78 4a 83 09 7b 40 40 40 70 2d a4
00:aa 19 50 71 00 38 00 00 6a 83 56 7e 78 e8 2d 9c cb 9b ff 00 00 00 2d 9c cb 9b ff 0b 0b 3f 0d 9c cb 9b ff 82 ff ff cb 93 6a 8b 0b 02 0a 0a 4a 83 87 6a 09 09 0b 0b 46 62 64 49 ad 2d 2b 0f 64 49
00:aa 19 88 71 00 38 00 00 43 41 ea 6a da aa 43 49 41 10 25 09 02 02 81 20 00 00 55 d5 95 35 00 00 00 00 00 00 00 00 20 08 00 00 fc fc fc ff 20 08 00 00 bf bf 3f ce 05 5a 00 00 56 5c 58 70 67 62
00:aa 19 c0 71 00 38 00 00 c5 51 7f 2f 0e 00 09 7b 06 5a 68 e8 e8 ea 4a 83 09 7b 70 70 70 5c 0c 9c 6a 8b e0 e8 ea 7a 0d 9c cb 9b 00 2f ff ff cb 9b 00 00 00 00 00 00 cb 9b cb 93 aa aa aa a5 cb 9b
00:aa 19 f8 71 00 38 00 00 8b 93 05 05 05 55 4a 83 e8 72 09 09 09 09 c8 6a 84 49 2d 2f 2f 2f 84 49 43 41 2a 8a 17 09 24 59 23 41 03 ed fd f5 c2 30 00 00 35 35 3d 2a e2 30 00 00 55 55 55 a8 03 31
00:aa 19 30 72 00 38 00 00 00 00 55 55 55 02 41 18 00 00 57 55 55 0f 20 08 00 00 8f f0 ff ff 20 08 00 00 ff bf 0f f8 87 6a 41 10 70 60 60 6a 87 6a 06 5a 2a 27 a5 55 c8 6a 46 62 c0 c0 78 7c 09 7b
00:aa 19 68 72 00 38 00 00 c8 6a 80 80 80 55 cb 93 09 7b e8 ff 5f 55 ab 93 29 7b 00 ff ff 5d cb 93 09 7b 80 ea ff d5 8b 93 4a 83 00 0a 55 55 8b 93 6a 8b aa e9 55 55 6a 8b 09 7b ad ad 2d 2a 4a 83
00:aa 19 a0 72 00 38 00 00 67 62 f5 bd ab 0a c8 6a c4 51 d5 be 2a 02 c8 6a c4 51 55 ff 2a 2a 46 62 64 49 57 aa 0a 0a 05 5a c5 51 54 00 00 00 26 5a e5 59 f5 f3 f0 ff c5 51 81 20 ad 02 00 02 43 41
00:aa 19 d8 72 00 38 00 00 20 08 55 35 0b 02 81 28 00 00 55 55 d5 3f 20 08 00 00 8b eb fc bf 20 08 00 00 ff ff bf 0f 64 41 20 08 40 7f 55 55 e5 51 81 28 80 e0 78 78 87 6a 06 5a 58 5a 56 55 c8 6a
00:aa 19 10 73 00 38 00 00 05 5a 00 aa a9 57 c8 6a 46 62 00 80 dc 5e e9 72 67 62 22 aa a5 55 c8 72 67 62 00 aa 55 55 09 7b 87 6a 00 f8 7e 5e 4a 83 09 7b 00 60 60 60 6a 8b 4a 83 05 a5 55 55 8b 93
00:aa 19 48 73 00 38 00 00 4a 83 55 55 56 56 8a 8b 09 7b 55 ad 29 2d 09 7b c8 72 49 23 31 3d c8 6a 05 5a ad 2d 25 b5 05 5a 84 49 00 2f fd f7 67 62 c4 51 f5 55 5f f8 67 62 43 49 d5 ff a2 00 46 62
00:aa 19 80 73 00 38 00 00 64 49 55 f5 a0 08 e5 51 81 28 f5 af 0a 02 e2 38 20 08 55 bd 29 02 61 18 00 00 7d 5f 57 35 20 08 00 00 ff ff 2f c0 c4 51 41 10 78 78 78 5e 05 5a 64 41 00 82 a8 60 05 5a
00:aa 19 b8 73 00 38 00 00 c5 51 80 41 01 00 46 62 c5 51 fc 7f 5f ff 67 62 e5 51 00 00 00 81 67 62 43 41 00 0a ae f5 a8 6a c4 51 e0 e0 78 5e 4a 83 c8 72 e0 f8 7e 5f 4a 83 09 7b 00 00 80 43 8b 93
00:aa 19 f0 73 00 38 00 00 4a 83 50 55 55 55 4a 83 87 6a 0a 0b 2b a5 c8 72 05 5a 02 0a 3b e5 67 62 06 5a 15 15 90 50 67 62 c4 51 d7 f0 80 00 c8 72 26 5a 7f eb fe f0 c8 72 67 62 f7 ea 00 00 c8 72
00:aa 19 28 74 00 38 00 00 67 62 d5 aa 00 00 c8 6a 05 5a 95 bf aa 00 67 62 43 41 f5 bd 2f 0b 43 41 20 08 95 35 2d 09 00 00 00 00 00 00 00 00 20 08 00 00 2f ab f0 fc 20 10 00 00 ff ff ff fe 03 31
00:aa 19 60 74 00 38 00 00 20 08 58 56 57 55 c4 51 81 20 a8 e8 7a 5e 06 5a e5 51 aa aa 6a 68 05 5a c4 51 00 02 05 35 06 5a e2 38 0a af f5 d5 64 41 e2 38 2a a6 56 56 06 5a 43 49 78 5c 56 55 a8 6a
00:aa 19 98 74 00 38 00 00 05 5a e0 a8 a8 5e 09 7b a7 6a 80 e8 f7 5f 09 7b 26 62 00 02 ab a5 a8 6a c4 51 02 0a bf f5 67 62 e5 51 be 7c 70 70 09 7b 87 6a 7a 68 f0 a8 4a 83 09 7b 55 7c 80 00 4a 83
00:aa 19 d0 74 00 38 00 00 09 7b 55 0b 01 0d 09 7b e8 7a 55 55 aa 02 e8 7a 26 5a b5 3d 3f 2f c4 51 41 10 2d 2b 0b 0a a2 28 00 00 55 55 d5 35 00 00 00 00 00 00 00 00 20 08 00 00 8f f3 fc fc 20 08
00:aa 19 08 75 00 38 00 00 00 00 fc fc f8 f3 00 00 00 00 00 00 00 00 a2 28 00 00 e0 78 5c 57 a4 49 81 20 00 aa ff 55 a4 49 a2 28 02 aa 5f 57 e2 38 81 20 0f 0f 2f 0f c2 30 81 20 f8 fc ff ff 43 49
00:aa 19 40 75 00 38 00 00 a2 28 00 fa 7f 57 05 5a 23 39 a0 e8 7a 7e 67 62 c5 51 02 8f ff 75 05 5a c4 51 00 00 00 70 05 5a c5 51 01 00 00 00 a8 6a 05 5a 7a 58 5a 58 4a 83 c8 72 57 5f 6a 40 4a 83
00:aa 19 78 75 00 38 00 00 e8 7a 5d f7 3c 0c 4a 83 e8 7a d4 ff ba 00 8b 93 6a 8b 55 55 7e aa cb 9b 09 7b ed af be e8 6a 8b 09 7b e9 0d 29 09 e8 72 67 62 35 35 25 25 05 5a 23 39 2d 0f 0b 2b 43 49
00:aa 19 b0 75 00 38 00 00 20 08 b5 a5 ad 29 00 00 00 00 00 00 00 00 00 00 00 00 00 00 00 00 20 08 00 00 2f eb e3 f3 20 08 00 00 f3 f3 f3 fb 00 00 00 00 00 00 00 00 20 08 00 00 fc ff ff ff 41 18
00:aa 19 e8 75 00 38 00 00 00 00 af 57 54 5c 43 41 41 18 7a 68 c0 80 a4 49 a2 28 bd af aa 2a e2 38 81 20 ff ff 0b 00 c2 30 81 20 fc fc fc 20 64 49 43 41 58 7a 6a e9 84 49 43 49 0b ff fe fc 05 5a
00:aa 19 20 76 00 38 00 00 c4 51 70 40 40 40 26 5a 05 5a ff ff ff 00 a8 6a 05 5a 58 58 5a fa 4a 83 87 6a e0 f0 f8 7e 6a 8b 09 7b 2d 09 a9 55 6a 8b 09 7b 40 60 5a 5e ab 93 6a 8b eb 03 81 7d ab 93
00:aa 19 58 76 00 38 00 00 09 7b 00 aa ff d7 4a 83 87 62 0a 2b ad bd a8 6a 05 5a 2b ad ad ad 05 5a 84 49 3d 3d 2d 0d 43 41 61 20 09 03 02 02 41 18 00 00 d5 95 15 15 00 00 00 00 00 00 00 00 20 08
00:aa 19 90 76 00 38 00 00 00 00 f8 fc fe fe 00 00 00 00 00 00 00 00 00 00 00 00 00 00 00 00 00 00 00 00 00 00 00 00 03 39 20 08 56 5c 5c 5c c4 51 43 41 70 60 6a ff 84 49 43 41 29 29 b5 b5 43 41
00:aa 19 c8 76 00 38 00 00 e2 38 5d 40 00 00 43 41 e2 38 97 00 00 02 43 41 e2 38 00 00 a8 54 e5 59 43 41 5e 78 78 e0 a7 6a 06 5a 56 6a 6a 80 c8 72 67 62 55 6a ea 22 87 6a 26 5a aa 29 29 09 c8 72
00:aa 19 00 77 00 38 00 00 84 49 a0 a8 fe d5 09 7b 06 5a 00 aa eb 55 09 7b 67 62 80 a0 f8 5e 4a 83 e8 7a 00 2a df 55 09 7b e8 7a 06 05 15 55 e8 7a 67 62 35 35 a5 b5 67 62 05 5a 09 02 00 00 67 62
00:aa 19 38 77 00 38 00 00 c5 51 f5 fd bf 0f c4 51 e2 38 a9 29 0b 02 03 39 20 08 d5 d5 95 35 00 00 00 00 00 00 00 00 20 08 00 00 fe fe fe fe 20 08 00 00 ff f3 f3 f3 00 00 00 00 00 00 00 00 00 00
00:aa 19 70 77 00 38 00 00 00 00 00 00 00 00 e2 38 00 00 58 78 78 78 43 41 e2 38 03 15 55 55 43 49 43 41 65 e5 ca c0 c4 51 43 41 5f 78 f0 c0 05 5a 23 39 bd ad ad 2d a4 49 e2 38 56 56 58 58 87 6a
00:aa 19 a8 77 00 38 00 00 c5 51 5e 7c 78 e8 e8 7a c8 6a fc fc dc bc 4a 83 e8 7a 7f 43 40 70 4a 83 87 6a ad 89 03 03 67 62 e2 38 b5 b5 35 25 e5 51 e2 38 80 f8 78 78 a7 6a 06 5a 60 60 aa aa c8 72
00:aa 19 e0 77 00 38 00 00 67 62 0a 06 06 ab c8 72 c8 6a 80 f0 ff ff c8 72 c8 6a 13 bd fd ff c8 72 87 62 7b 6a 8a a0 a8 6a 46 62 f5 bd 3d 3f 26 5a 64 49 ad ad ab 2b 43 41 20 08 35 35 25 25 00 00
00:aa 19 18 78 00 38 00 00 00 00 00 00 00 00 20 08 00 00 fe fe fe fe 20 10 00 00 fe fe fe ff 20 08 00 00 ff ff bf bf 00 00 00 00 00 00 00 00 a2 28 20 08 58 58 58 58 43 41 81 20 ba b8 58 5e c4 51
00:aa 19 50 78 00 38 00 00 43 41 ff fc c0 80 05 5a 43 49 60 80 80 00 05 5a e2 38 2f 2d 2d 2d 05 5a 43 41 5c 58 78 70 c8 72 26 5a 72 7e 78 78 4a 83 c8 72 77 f8 e0 e0 8b 93 09 7b 5f eb a3 8b 8b 8b
00:aa 19 88 78 00 38 00 00 c8 72 09 0d 2d ad a8 6a e2 38 25 25 a5 a5 05 5a e2 38 78 78 60 60 67 62 26 5a 00 00 00 40 c8 6a 67 62 81 cd 95 55 e8 7a a8 6a ff ff 7f 7e e8 7a c8 72 69 ea aa aa e8 7a
00:aa 19 c0 78 00 38 00 00 c8 6a 3f ac 38 a0 e8 7a 67 62 95 a5 05 09 67 62 c4 51 2d 2d 2d 2d 43 49 00 00 2d 2d 2d 2d 00 00 00 00 00 00 00 00 20 08 00 00 fe ff ff ff 20 08 00 00 3f 3f 3f 0f 20 08
00:aa 19 f8 78 00 38 00 00 00 00 ff fc fc fe 20 08 00 00 bf ff ff ff 00 00 00 00 00 00 00 00 81 20 00 00 58 5c 5c 5c 43 41 81 20 58 58 58 58 26 5a 84 49 7e 7a 78 f8 67 62 06 5a 55 01 01 81 e5 51
00:aa 19 30 79 00 38 00 00 03 39 2d 3d 37 37 e5 51 43 41 60 c8 68 68 c8 72 26 5a 78 78 78 fa 4a 83 09 7b 60 60 50 50 8b 93 09 7b 8b 8d a9 fd 4a 83 87 62 0b 2d ad ad 46 62 e2 38 2d 25 b5 b5 05 5a
00:aa 19 68 79 00 38 00 00 e2 38 60 78 78 78 67 62 06 5a 70 50 59 65 87 6a 26 5a b8 58 e8 a8 c8 72 c8 6a ff fe f0 f0 09 7b e8 7a 55 58 58 58 4a 83 c8 72 7b 7b f0 60 09 7b 87 6a a9 2b 0a 0a a8 6a
00:aa 19 a0 79 00 38 00 00 c4 51 ad ad 2d 2d 03 41 00 00 2d 2d 2d 2d 00 00 00 00 00 00 00 00 00 00 00 00 00 00 00 00 20 08 00 00 cf cf c3 f3 20 08 00 00 ff f3 f3 f3 00 00 00 00 00 00 00 00 00 00
00:aa 19 d8 79 00 38 00 00 00 00 00 00 00 00 20 08 00 00 fc fc fc fc 43 41 81 20 58 58 78 78 05 5a c4 51 50 40 40 c0 05 5a c4 51 00 00 00 09 a4 49 e2 38 37 15 15 15 e5 59 43 41 e8 e8 e8 78 c8 6a
00:aa 19 10 7a 00 38 00 00 46 62 f8 fc f8 7c 09 7b c8 72 00 60 70 72 4a 83 c8 72 0b ad fd d5 c8 72 e5 51 02 8d b5 b5 a4 49 a2 28 2d 2d 2f 2d c4 51 c2 30 60 78 7a 5a 67 62 e5 51 ff 7c 7c 7c 67 62
00:aa 19 48 7a 00 38 00 00 00 00 00 00 00 00 c8 72 c8 6a f0 f0 f0 ff e8 7a c8 72 a9 aa a9 59 4a 83 e8 7a bd 29 0d 0d c8 6a c4 51 2d 2d 2d 29 03 41 00 08 35 35 35 35 00 00 00 00 00 00 00 00 00 00
00:aa 19 80 7a 00 38 00 00 00 00 00 00 00 00 20 08 00 00 fa fa fa fc 20 08 00 00 f3 f3 f3 f3 00 00 00 00 00 00 00 00 00 00 00 00 00 00 00 00 41 10 00 00 fe fc fc fe e2 38 61 20 e0 f0 60 f0 e5 51
00:aa 19 b8 7a 00 38 00 00 43 41 c0 a8 ea 6a 05 5a 84 49 ef 3f 6f 7f 84 49 e2 38 15 15 15 15 e5 59 43 41 78 72 72 78 67 62 c4 51 80 c0 55 f5 c8 6a c5 51 00 aa 57 55 a7 6a 06 5a 0a ab 55 55 46 62
00:aa 19 f0 7a 00 38 00 00 64 49 3f bf ad f5 43 41 c2 30 2f 3f 3f 3f 43 41 e2 38 58 54 54 56 66 62 64 49 f8 78 68 78 67 62 66 62 aa aa 7a ea c8 6a 67 62 00 00 f0 50 c8 72 c8 6a f2 ff fd fd 4a 83
00:aa 19 28 7b 00 38 00 00 c8 72 7c 57 55 55 4a 83 c8 72 2b fd 55 55 a8 6a c4 51 29 29 ad ad 03 41 00 08 35 35 35 35 00 00 00 00 00 00 00 00 00 00 00 00 00 00 00 00 20 08 00 00 fc ff ff ff 20 08
00:aa 19 60 7b 00 38 00 00 00 00 f3 f3 f3 f8 00 00 00 00 00 00 00 00 00 00 00 00 00 00 00 00 20 08 00 00 fc fc fc fc c2 30 81 20 c0 c2 f0 f3 84 49 e2 38 c0 60 5a 57 c4 51 a4 49 6a aa ea da 84 49
00:aa 19 98 7b 00 38 00 00 e2 38 15 15 15 15 a4 49 e2 38 a8 7a 5f 55 c4 51 43 41 0f ff 7f 55 a4 49 43 41 f4 57 55 55 c4 51 43 41 00 aa 5f 5f 64 49 43 41 29 a9 a5 a0 a4 49 e2 38 95 af aa 0a 43 41
00:aa 19 d0 7b 00 38 00 00 e2 38 56 a8 00 00 67 62 43 41 78 78 78 78 87 6a 26 5a 6a ea 2a 2a e8 72 67 62 5e 5e 5e 58 09 7b e8 7a 55 55 40 80 49 83 c8 72 75 f7 ad 2b e8 72 67 62 a9 25 25 05 66 62
00:aa 19 08 7c 00 38 00 00 64 49 29 2d 3d bd 03 39 00 00 2d 2d 2d 2d 00 00 00 00 00 00 00 00 00 00 00 00 00 00 00 00 00 00 00 00 00 00 00 00 20 08 00 00 fc f0 f0 f0 00 00 00 00 00 00 00 00 00 00
00:aa 19 40 7c 00 38 00 00 00 00 00 00 00 00 41 10 00 00 ff ff fc fc c2 30 81 20 e3 c3 c3 c3 c2 30 81 20 f0 f0 f8 ff 84 49 c2 30 20 aa ea 5a 64 49 e2 38 15 95 95 95 e2 38 a2 28 00 00 1c 9c 84 49
00:aa 19 78 7c 00 38 00 00 e2 38 55 55 5e 68 05 5a e2 38 57 7e e8 80 05 5a 43 41 5e 80 00 00 05 5a c5 51 73 00 00 01 e5 51 43 49 29 2a 2a aa c4 51 43 41 f5 d5 f5 2d 67 62 43 41 78 58 5e 5f 87 6a
00:aa 19 b0 7c 00 38 00 00 c5 51 0a 2e af f6 09 7b 67 62 58 78 60 a0 4a 83 09 7b 40 80 00 00 4a 83 e8 7a 09 0d 2d 2d c8 72 67 62 0d a5 25 2d 66 62 64 49 bd ad ad 29 e2 38 20 10 25 05 0d 09 00 00
00:aa 19 e8 7c 00 38 00 00 00 00 00 00 00 00 00 00 00 00 00 00 00 00 00 00 00 00 00 00 00 00 20 10 00 00 fe fe fe fe 00 00 00 00 00 00 00 00 00 00 00 00 00 00 00 00 a2 28 00 00 5f 5c 5c 5c 43 41
00:aa 19 20 7d 00 38 00 00 c2 30 7d ff cf 0f a2 30 20 10 a9 09 29 2b 43 41 20 10 e8 78 57 57 43 41 c2 30 03 83 c3 7d e2 38 81 20 f0 f0 f0 f0 a4 51 03 39 e0 60 e0 ea 05 5a 64 49 00 00 00 55 05 5a
00:aa 19 58 7d 00 38 00 00 c4 51 00 00 00 5f 05 5a c5 51 02 00 00 55 e5 51 64 49 2a 2a 2a a9 c4 51 43 41 0d 01 01 cd 43 41 c2 30 00 3c bf b5 87 6a 43 41 a8 e8 78 78 4a 83 87 6a e8 e8 fa 55 4a 83
00:aa 19 90 7d 00 38 00 00 c8 72 00 00 c0 55 4a 83 a7 6a 0a 0a 0a fd e8 72 87 6a 3d 09 0a 55 67 62 a4 51 2d 2b 0f 0b 43 41 61 18 2d 2d 2d 09 00 00 00 00 00 00 00 00 00 00 00 00 00 00 00 00 00 00
00:aa 19 c8 7d 00 38 00 00 00 00 00 00 00 00 20 08 00 00 3f 3f 3f 3f 00 00 00 00 00 00 00 00 00 00 00 00 00 00 00 00 00 00 00 00 00 00 00 00 00 00 00 00 00 00 00 00 00 00 00 00 00 00 00 00 00 00
00:aa 19 00 7e 00 38 00 00 00 00 00 00 00 00 00 00 00 00 00 00 00 00 00 00 00 00 00 00 00 00 00 00 00 00 00 00 7e 00 00 00 00 00 00 1f f0 00 00 00 00 00 03 ff c0 00 00 00 00 00 7f fe 00 00 00 00
00:aa 19 38 7e 00 38 00 00 00 07 ff 70 00 00 00 00 00 7f f0 00 00 00 00 00 07 ff 80 00 00 00 00 00 7f fc 00 00 00 00 00 07 ff e0 00 00 00 00 00 7f ff c0 00 00 00 00 07 ff ff 00 00 00 00 00 7f ff
00:aa 19 70 7e 00 38 00 00 fc 00 00 00 00 03 ff ff c0 00 00 00 00 3f ff fe 00 00 00 00 01 ff ff e0 00 00 00 00 0f ff ff 00 00 00 00 00 ff ff f0 00 00 00 00 0f ff ff 00 00 00 00 00 ff ff f0 00 00
00:aa 19 a8 7e 00 38 00 00 00 00 0f ff ff 00 00 00 00 00 ff ff f0 00 00 00 00 0f ff ff 00 00 00 00 00 ff ff f0 00 00 00 00 0f ff ff 00 00 00 00 00 ff ff f0 00 00 00 00 00 00 00 00 00 00 00 00 00
00:aa 19 e0 7e 00 38 00 00 00 00 00 00 00 00 00 00 00 00 00 00 00 20 08 00 00 c0 ff ff ff 20 08 00 00 00 ff ff ff 20 08 00 00 0b c2 f8 fc 00 00 00 00 00 00 00 00 00 00 00 00 00 00 00 00 00 00 00
00:aa 19 18 7f 00 38 00 00 00 00 00 00 00 00 00 00 00 00 00 00 00 00 00 00 00 00 00 00 00 00 00 00 00 00 00 00 00 00 00 00 00 00 00 00 00 00 00 00 00 00 00 00 00 20 08 00 00 0f cf f2 fa 00 00 00
00:aa 19 50 7f 00 38 00 00 00 00 00 00 00 a2 28 00 00 55 55 5f 78 a2 28 00 00 55 55 fd 03 20 10 00 00 ff ff ff 0f 20 08 00 00 ff ff ff af 00 00 00 00 00 00 00 00 00 00 00 00 00 00 00 00 00 00 00
00:aa 19 88 7f 00 38 00 00 00 00 00 00 00 00 00 00 00 00 00 00 00 20 08 00 00 f8 ff ff ff 20 08 00 00 0b 03 a0 ff 20 08 00 00 ff ff 3f 2a 00 00 00 00 00 00 00 00 00 00 00 00 00 00 00 00 c6 79 20
00:aa 19 c0 7f 00 38 00 00 10 5a 7a 78 7a 27 92 24 59 55 55 aa 82 c6 79 81 20 55 bf aa 00 24 59 00 00 55 bf 02 00 23 59 20 10 55 55 ff 00 03 51 20 08 55 55 f5 02 81 20 00 00 55 55 d5 2f 20 08 00
00:aa 19 f8 7f 00 38 00 00 00 ff ff fe fe 20 10 00 00 ff bb aa bf 20 08 00 00 ff ff 2f a0 20 08 00 00 f0 fc ff bf 20 08 00 00 ff 3f 8a fa 00 00 00 00 00 00 00 00 00 00 00 00 00 00 00 00 24 61 20
00:aa 19 30 80 00 38 00 00 08 78 5c 56 57 c6 79 03 49 00 00 c0 60 c6 79 00 00 00 00 00 00 c6 79 24 61 35 0d 01 02 c6 79 24 61 55 55 55 15 24 61 04 59 aa aa aa a9 03 59 a2 28 b5 03 0b 3f e2 38 20
00:aa 19 68 80 00 38 00 00 08 55 95 35 0d 20 08 00 00 3f 3f 2f cf 20 08 00 00 03 f0 fa ff 20 08 00 00 ff 2f 83 fc 20 08 00 00 3f ff cf 8f 00 00 00 00 00 00 00 00 00 00 00 00 00 00 00 00 81 20 00
00:aa 19 a0 80 00 38 00 00 00 5f 5f 5c 58 c6 79 c2 30 60 78 5a 5e c6 79 a2 28 00 00 2a ad c6 79 20 10 00 0a bd d5 85 71 20 10 02 aa d7 55 24 61 20 10 02 af 55 55 81 28 00 00 00 bf d5 55 e2 38 20
00:aa 19 d8 80 00 38 00 00 08 89 eb 5b 56 20 08 00 00 cf e3 b3 38 00 00 00 00 00 00 00 00 00 00 00 00 00 00 00 00 e2 38 20 08 5c 5c 5c 5c 24 61 81 20 e0 83 8f ad 24 59 20 10 2f bd f5 d5 20 10 00
00:aa 19 10 81 00 38 00 00 00 af af aa aa 41 10 20 08 55 7f ff f8 20 10 00 00 ff af aa 2a 20 10 00 00 ff ff aa aa 41 10 00 00 e8 fa aa aa 81 20 20 08 15 25 a5 ef 20 10 00 00 bf ef ef bb 00 00 00
00:aa 19 48 81 00 38 00 00 00 00 00 00 00 00 00 00 00 00 00 00 00 e2 38 00 00 5c 5c 5c 5c 43 49 a2 28 fd ad 09 02 c2 38 20 10 95 95 95 35 81 20 20 10 55 55 70 c0 c2 30 20 10 7a ea aa 80 23 39 41
00:aa 19 80 81 00 38 00 00 10 f5 ff ff 00 23 39 41 18 55 fd ff 02 24 61 20 10 5f f8 e0 80 24 61 c2 30 55 00 00 00 03 49 20 10 d5 25 0b 09 20 08 00 00 bf 3f 0f 83 00 00 00 00 00 00 00 00 00 00 00
00:aa 19 b8 81 00 38 00 00 00 00 00 00 00 e2 38 00 00 5c 5c 56 56 24 61 23 41 7b 7a 58 5c 44 61 a2 28 b5 2f 00 00 09 7b e2 38 55 55 aa 00 67 62 02 39 55 ff 00 00 46 62 64 41 55 ff 08 00 c6 79 64
00:aa 19 f0 81 00 38 00 00 41 57 fc f8 b0 c6 79 24 61 55 95 05 55 24 61 03 41 01 01 09 09 61 20 00 00 0f 3d 35 35 20 08 00 00 f0 fe ff ff 20 08 00 00 bf 3f 2f 8f 00 00 00 00 00 00 00 00 00 00 00
00:aa 19 28 82 00 38 00 00 00 00 00 00 00 81 20 00 00 5c 56 57 57 24 59 c2 30 70 70 50 70 07 92 24 61 58 5f 55 55 c6 79 24 61 00 00 40 70 c6 79 24 61 02 03 09 f5 24 61 a4 51 e5 82 00 fd 24 61 c4
00:aa 19 60 82 00 38 00 00 51 a0 80 40 55 24 61 e5 51 00 a9 55 55 46 62 64 49 55 ff aa 8a e5 59 20 10 95 ab 00 00 c4 51 20 08 55 d5 ad 02 61 20 00 00 7d 7d 7d 03 20 08 00 00 ff ff ff 03 20 08 00
00:aa 19 98 82 00 38 00 00 00 ff ff ff fc 20 08 00 00 fe ff ff 02 00 00 00 00 00 00 00 00 00 00 00 00 00 00 00 00 20 10 00 00 fe fe ff ff 24 59 81 28 70 78 7c 5c 24 61 00 00 00 00 00 00 24 61 43
00:aa 19 d0 82 00 38 00 00 49 80 aa aa a9 24 61 43 49 a9 a5 d5 57 46 62 64 49 5f 7a fa a0 c8 6a c4 51 57 fe aa a0 c8 6a 26 5a 57 ff ea 00 e8 72 67 62 55 79 fb a8 a7 6a 06 5a 55 96 2a 00 a7 6a 06
00:aa 19 08 83 00 38 00 00 5a 55 79 2a aa 67 62 23 41 f5 ab 0a 0a e5 51 20 08 d5 ad 0a 00 43 41 00 00 55 55 d5 2d 20 08 00 00 fc ff ff ff 20 08 00 00 2f e3 fc ff 20 08 00 00 ff ff 3f c0 00 00 00
00:aa 19 40 83 00 38 00 00 00 00 00 00 00 00 00 00 00 00 00 00 00 00 00 00 00 00 00 00 00 e2 38 00 00 60 70 78 78 24 61 43 49 aa aa 65 75 24 59 43 41 0f 3f ff f7 67 62 43 49 5e 7a e8 e0 09 7b 26
00:aa 19 78 83 00 38 00 00 5a 7e f8 ea 80 4a 83 e8 72 55 f2 e0 c0 4a 83 e8 7a 5e a0 00 02 29 83 c8 72 3f 2d 3d b5 c8 72 67 62 3f 95 95 d5 c8 72 67 62 5e 54 56 56 c8 6a 66 62 b5 2b 00 80 c8 6a 05
00:aa 19 b0 83 00 38 00 00 5a d5 ad 2a 02 06 5a e2 30 35 ab 2a 00 84 49 20 08 55 d5 25 09 20 08 00 00 ff ff 7f 3f 00 00 00 00 00 00 00 00 20 08 00 00 3f 80 fc ff 20 08 00 00 cb f2 fc 8f 20 08 00
00:aa 19 e8 83 00 38 00 00 00 ff ff ff cf 00 00 00 00 00 00 00 00 a2 28 00 00 5c 5c 5c 56 a4 49 e2 38 8a 8a eb 6d 84 49 e2 38 aa a8 58 58 a8 6a c4 51 78 68 78 68 6a 8b 09 7b 5e 5a 68 60 6a 8b 29
00:aa 19 20 84 00 38 00 00 7b ba 06 0b 29 4a 83 c8 72 03 0f 3d f5 e8 72 67 62 0a ba 56 5a 09 7b 87 62 5d fe ea 8a e8 7a 67 62 75 a5 1b 00 e8 7a 67 62 ea e8 e8 dc 09 7b c8 72 55 fd a2 c0 c8 72 67
00:aa 19 58 84 00 38 00 00 62 55 a9 2f 08 87 6a e3 30 ad 2f 2b 0a 43 41 20 08 55 95 35 2d 00 00 00 00 00 00 00 00 00 00 00 00 00 00 00 00 20 08 00 00 cb f3 f0 fc 20 08 00 00 0b 23 b0 b0 20 08 00
00:aa 19 90 84 00 38 00 00 00 ff ff ff 3f 20 08 00 00 fc fc ff ff e2 38 20 10 80 c0 60 78 84 49 e2 38 58 58 68 78 c8 72 05 5a 78 70 70 78 6a 8b 09 7b 60 60 60 78 6a 8b c8 72 0b 0b 2d 2d c8 72 67
00:aa 19 c8 84 00 38 00 00 62 0d ad 95 d5 c8 72 67 62 5a 52 70 a0 6a 8b 09 7b 55 5e 5a 68 6a 8b 09 7b 55 fb 82 00 29 83 67 62 b7 ad 2f 03 09 7b c8 72 c0 60 54 55 09 7b c8 72 1f 08 00 58 c8 72 26
00:aa 19 00 85 00 38 00 00 5a 2d 0d 0f 03 05 5a 20 10 2d 09 0b 0b 20 08 00 00 ff bf bf 3f 00 00 00 00 00 00 00 00 20 08 00 00 fc fe ff ff 20 08 00 00 ff bf af cf 20 08 00 00 2f c3 f3 f0 20 10 00
00:aa 19 38 85 00 38 00 00 00 ff ff ff bf c2 30 00 00 70 78 5c 5e c4 51 e2 38 d8 d8 78 78 a8 6a 05 5a 78 78 78 7a 4a 83 c8 72 f8 7c 7e 5f 09 7b 05 5a 0b 2b 2f bd 87 6a 26 5a a2 ae 5c 58 4a 8b c8
00:aa 19 70 85 00 38 00 00 72 5f 7f 7e 78 8b 93 29 7b 7a ea a0 80 8b 93 6a 8b 5f aa aa aa 8b 93 29 7b ad 09 09 0f 4a 83 c8 72 ff fd 2d 0d 09 7b e8 7a 94 2a c2 51 e8 7a 67 62 29 29 2b 2a 67 62 43
00:aa 19 a8 85 00 38 00 00 41 bd 2d 2d 29 c2 30 00 00 d5 d5 95 35 00 00 00 00 00 00 00 00 00 00 00 00 00 00 00 00 20 08 00 00 cb f2 f8 fc 20 08 00 00 00 fc fc f0 81 20 00 00 dc 5c 5c 5c 84 49 e2
00:aa 19 e0 85 00 38 00 00 30 78 68 68 6a 46 62 e5 51 c0 f0 7f 5f a7 6a 06 5a 80 a0 6a 7a 67 62 c4 51 2f 2f 3d f5 c8 72 c5 51 f8 f8 f8 78 4a 83 e8 7a e0 e0 70 70 8b 93 6a 8b ea ea ea ea 8b 93 00
00:aa 19 18 86 00 38 00 00 00 00 00 00 00 8b 93 6a 8b ad a9 aa aa 6a 8b c8 72 29 09 2b 03 e8 7a c8 6a f0 f0 f0 00 e8 7a c8 6a 3f 2f 2f 0f a8 6a c4 51 2d 2d 2f 2b 43 41 20 08 35 25 0d 09 20 08 00
00:aa 19 50 86 00 38 00 00 00 ff ff ff 3f 00 00 00 00 00 00 00 00 20 08 00 00 fc ff ff ff 20 08 00 00 3f 3f 3f 3f 20 08 00 00 f3 fb eb eb c2 38 00 00 5e 5e 5e 5c 43 41 e2 38 50 50 50 80 c4 51 43
00:aa 19 88 86 00 38 00 00 41 c0 7c 55 5f 05 5a 64 49 80 e0 7a 5f 05 5a 84 49 2f b7 d5 d5 67 62 c4 51 70 78 78 7e 4a 83 c8 72 f0 f8 78 54 8a 93 4a 83 aa aa ea 58 8b 93 8b 93 00 00 00 00 8b 93 00
00:aa 19 c0 86 00 38 00 00 00 00 00 00 00 8b 93 09 7b 01 02 02 02 49 83 c8 72 fb be 1f 37 29 83 c8 72 f5 31 bb ff a8 6a 05 5a 29 29 2a 2a 05 5a e2 38 a5 ad 2f 0b e2 38 00 00 d5 b5 35 0d 00 00 00
00:aa 19 f8 86 00 38 00 00 00 00 00 00 00 00 00 00 00 00 00 00 00 20 08 00 00 0f 8f cb eb 20 08 00 00 eb cb cf cf e2 38 20 08 5c 58 50 50 84 51 43 41 75 f5 ff f8 43 41 a2 30 0b 3f 27 0d c4 51 e2
00:aa 19 30 87 00 38 00 00 38 e8 78 78 5c c4 51 43 41 2f 2f 26 3f 67 62 63 49 78 e8 7a 5e e8 7a a8 6a fc fc 5c 5c 8b 93 09 7b 78 7c 7e 5f cb 9b ab 93 5e aa aa 5a cb 9b ab 93 b5 a5 a5 a5 8b 93 6a
00:aa 19 68 87 00 38 00 00 8b ab a7 a5 95 4a 8b 09 7b 15 25 b5 d5 09 7b c8 72 ed 3d 93 c2 c8 6a 67 62 05 09 01 00 87 6a c5 51 f5 bd ad 2f c5 51 20 10 ad 2d 2b 2a 41 10 00 00 ff ff 3f 2f 00 00 00
00:aa 19 a0 87 00 38 00 00 00 00 00 00 00 20 08 00 00 eb eb f3 f3 20 08 00 00 eb eb cb eb 84 49 20 08 58 78 70 70 26 5a a4 51 5a 68 6a ea 46 62 23 41 b5 2d 2b ab a4 49 e2 38 58 58 a8 aa c4 51 43
00:aa 19 d8 87 00 38 00 00 41 1d 2d 3d ef c5 51 43 41 f8 f8 78 78 c8 6a 05 5a e0 78 7a 7a 6a 8b e8 72 fa e2 72 7a cb 9b 4a 83 a0 a0 c0 40 cb 9b ab 93 a5 a5 a5 a5 8b 93 29 7b 2d ad ad ad e8 7a a8
00:aa 19 10 88 00 38 00 00 6a 00 0e 27 b5 09 7b c8 72 5f e3 62 60 e8 7a c8 6a ff bf 3f 2e e8 7a 06 5a b5 3d 3d 3f 05 5a 43 41 25 25 2d 0b 23 39 00 08 b5 25 2d 09 00 00 00 00 00 00 00 00 20 08 00
00:aa 19 48 88 00 38 00 00 00 f3 f0 f3 ff 20 08 00 00 eb f3 f3 f2 a4 49 00 08 78 70 70 70 67 62 05 5a 55 55 6f 43 67 62 c5 51 fd 01 01 81 c4 51 03 39 ef bd 37 2f 84 49 43 41 cd c5 65 d5 c4 51 23
00:aa 19 80 88 00 38 00 00 39 f8 fc fc 7e 67 62 c5 51 e0 f0 70 70 09 7b 87 6a 60 60 78 6a cb 9b 4a 83 60 60 7a 5f cb 9b 6a 8b 0f 0f 0d fd 6a 8b 09 7b 0b 09 09 0d e8 7a 26 5a 2b 2f 2d 3d 09 7b 26
00:aa 19 b8 88 00 38 00 00 5a e0 60 f8 f8 09 7b c8 72 05 09 0b 02 e8 7a 67 62 35 09 09 0b 66 62 c5 51 f5 3d 3d 2f c4 51 a2 30 a5 2d 29 2b 81 20 00 00 d5 d5 d5 35 20 08 00 00 f2 f3 f3 e3 20 08 00
00:aa 19 f0 88 00 38 00 00 00 fc fe fc fc a4 49 20 10 70 70 70 7a 46 62 e5 51 c3 c0 c2 7f 06 5a e5 59 aa aa 8b 8d e5 51 43 49 a9 29 a9 ad 43 41 e2 38 01 01 05 09 64 49 e2 38 58 5a 5a 5a 67 62 43
00:aa 19 28 89 00 38 00 00 49 e0 e8 78 7e 09 7b 87 6a e0 e2 48 78 4a 83 09 7b 80 f5 55 55 6a 8b 09 7b 80 a8 6a 68 4a 83 c8 72 0f 0d 2d 2d a8 6a 67 62 15 15 d5 01 09 7b 67 62 5c 5c 5c 54 4a 83 09
00:aa 19 60 89 00 38 00 00 7b 45 68 c0 c0 29 83 c8 72 bd 3d 2d 3d a8 6a 05 5a a5 ad 2d 2d a4 51 43 41 3f 2f 0f 0f c2 38 00 00 35 35 35 2d 00 08 00 00 eb eb eb eb 20 08 00 00 fc fc f8 fc 43 41 20
00:aa 19 98 89 00 38 00 00 08 78 58 5a 5e 05 5a 23 41 c0 e0 e0 7a 05 5a 84 49 2f 2f af 75 a4 51 e2 38 0b 29 bd 95 43 41 e2 38 01 01 01 01 43 41 e2 38 54 00 00 08 e5 59 43 41 78 58 5e 5e c8 72 c5
00:aa 19 d0 89 00 38 00 00 51 a0 e8 e8 7c 6a 8b 09 7b 55 55 57 78 6a 8b 29 7b 68 60 ea ad 4a 83 e8 7a 35 35 97 57 09 7b c8 72 5d ff 03 03 c8 72 67 62 54 95 95 95 4a 83 a7 6a 80 80 68 78 4a 83 c8
00:aa 19 08 8a 00 38 00 00 72 b5 35 bd bf c8 6a 05 5a 2d 0d 29 0b 05 5a 64 49 b5 b5 b5 35 43 41 20 08 25 0d 0d 09 00 08 00 00 eb eb eb eb 20 08 00 00 fc fc fc fe 81 20 00 00 58 5c 57 57 a4 49 81
00:aa 19 40 8a 00 38 00 00 28 f0 7e 5f 5f 84 49 e2 38 8a 2a 75 55 43 41 e2 38 15 15 d5 58 43 41 e2 38 00 40 50 00 43 49 43 41 5d 0a 6a 55 43 49 43 41 76 55 55 55 c8 72 43 41 f8 f8 78 78 8b 93 09
00:aa 19 78 8a 00 38 00 00 7b 7a e2 e2 ea 4a 83 c8 72 0b 0f 2d 2d 49 83 c8 72 fe 5e 58 70 ab 93 09 7b 7d fd 29 02 09 7b 67 62 95 d5 d5 25 09 7b 67 62 58 5c 5c 5a 4a 83 09 7b a5 8d 55 5a 09 7b 67
00:aa 19 b0 8a 00 38 00 00 62 ad 89 2d 2d 67 62 43 49 ad ad 2d 2f 84 49 61 18 0d 09 0b 03 20 08 00 00 e3 33 33 33 00 00 00 00 00 00 00 00 20 08 00 00 fc ff ff ff a2 28 00 00 c0 78 5f 5f c2 30 20
00:aa 19 e8 8a 00 38 00 00 10 00 a8 ea 5a 43 41 e2 38 50 d0 d2 d4 43 49 43 41 00 70 00 00 84 49 03 41 95 aa aa a8 a4 49 e2 38 d6 6a aa 2a 87 6a 84 49 58 5c 5e 5e 6a 8b 09 7b e2 60 6a 7a 4a 83 e8
00:aa 19 20 8b 00 38 00 00 7a 35 35 35 bd ec 9b 09 7b 5e 5e 5c 7c 2d a4 ab 93 ed 03 00 00 ab 93 c8 72 bd 2b 0b 02 4a 83 87 62 57 b5 b5 2d 4a 83 67 62 80 c0 60 78 4a 83 67 62 3d bd 2d 2d 67 62 84
00:aa 19 58 8b 00 38 00 00 49 2d 2d 2d 2d c5 51 43 41 c9 f9 fb e1 41 18 00 00 9f 16 16 36 20 08 00 00 f0 f3 f3 f3 00 00 00 00 00 00 00 00 20 08 00 00 f8 fc fc fe 81 20 20 10 50 5c 5c 54 43 41 c2
00:aa 19 90 8b 00 38 00 00 30 80 c2 42 7f 43 49 23 39 00 00 e0 7b a4 51 43 41 f0 e0 f0 7e a4 49 43 49 2f 0f ff ba e5 59 43 41 f0 f8 fc 55 09 7b e5 59 80 e0 68 5a 09 7b c8 72 00 00 fc 55 ab 93 09
00:aa 19 c8 8b 00 38 00 00 7b f8 fc 7c 57 6d b4 ec 9b c0 c0 c0 5f 2d a4 ab 93 2d 2d 2d b5 6a 8b 87 6a 2f 0b 0a 2d 09 7b 26 5a a8 ae 2f a7 49 83 67 62 2f af fd 55 66 62 84 49 2d 2d 2d fd a4 49 23
00:aa 19 00 8c 00 38 00 00 39 c3 e3 f3 f9 a2 28 20 08 15 15 15 95 00 00 00 00 00 00 00 00 00 00 00 00 00 00 00 00 00 00 00 00 00 00 00 00 00 00 00 00 00 00 00 00 00 00 00 00 00 00 00 00 00 00 00
00:aa 19 38 8c 00 38 00 00 00 00 00 00 00 00 00 00 00 00 00 00 00 00 00 00 00 00 00 00 00 00 00 00 00 00 00 00 00 00 00 00 00 00 00 00 00 00 00 00 00 01 c0 00 00 00 00 00 00 1f c0 00 00 00 00 00
00:aa 19 70 8c 00 38 00 00 01 fe 00 00 00 00 00 00 1f fc 00 00 00 00 00 01 ff c0 00 00 00 00 00 1f fe 00 00 00 00 00 01 ff e0 00 00 00 00 00 1f ff 00 00 00 00 00 00 f9 f8 00 00 00 00 00 0f ff c0
00:aa 19 a8 8c 00 38 00 00 00 00 00 00 00 ff fe 00 00 00 00 00 07 ff f0 00 00 00 00 00 7f ff 00 00 00 00 00 07 ff f8 00 00 00 00 00 7f fd c0 00 00 00 00 07 ff ee 00 00 00 00 00 7f fe e0 00 00 00
00:aa 19 e0 8c 00 38 00 00 00 07 ff ff 00 00 00 00 00 ff ff f0 00 00 00 00 07 ff ff 00 00 00 00 00 3f ff f0 00 00 00 00 02 ff f7 00 00 00 00 00 1f ff f0 00 00 20 08 00 00 ff ff f0 c3 20 08 00 00
00:aa 19 18 8d 00 38 00 00 ff ff 03 fc 20 08 00 00 ff ff ff 0a 20 08 00 00 af 3f 3f bf 00 00 00 00 00 00 00 00 00 00 00 00 00 00 00 00 20 08 00 00 0b c0 ff ff 20 08 00 00 ff 00 ff ff 20 08 00 00
00:aa 19 50 8d 00 38 00 00 ff 0b e0 ff 20 08 00 00 ff ff 2b a8 20 08 00 00 af cf eb f3 00 00 00 00 00 00 00 00 00 00 00 00 00 00 00 00 00 00 00 00 00 00 00 00 41 18 00 00 55 55 75 00 41 18 00 00
00:aa 19 88 8d 00 38 00 00 55 55 7d 0b 20 08 00 00 fc ff ff af 20 08 00 00 3e cf f0 f0 20 08 00 00 f3 f3 f3 f3 00 00 00 00 00 00 00 00 00 00 00 00 00 00 00 00 03 41 00 00 57 5e 78 78 c6 79 03 49
00:aa 19 c0 8d 00 38 00 00 7f 78 f8 f8 c6 81 61 18 ad 02 00 00 e6 79 20 08 55 ff 02 00 24 61 00 00 5d fa 00 00 24 59 81 20 55 00 00 00 24 59 00 00 55 ad 02 00 23 49 00 00 55 55 d5 25 20 08 00 00
00:aa 19 f8 8d 00 38 00 00 e3 c3 e3 c3 00 00 00 00 00 00 00 00 20 10 00 00 ff fe fa fa e2 38 20 10 50 5c 56 5c a6 79 03 51 fc 7c 7f f5 c6 79 81 20 00 00 af f5 06 8a 20 10 0a bf 55 55 24 61 41 10
00:aa 19 30 8e 00 38 00 00 80 e0 5e 55 24 61 81 20 00 00 aa 55 24 61 20 08 00 28 ff d5 e2 38 41 10 09 01 83 e2 20 08 00 00 f3 f3 f3 f3 00 00 00 00 00 00 00 00 20 10 00 00 ea ea fa fa 03 41 20 10
00:aa 19 68 8e 00 38 00 00 54 54 5c 5c e2 38 20 10 02 2d 25 2d 81 20 20 10 0f 55 55 55 20 10 20 10 00 00 00 00 41 10 20 10 ff bf ff ff 20 10 00 00 20 af af aa 20 10 00 00 ea fa ff be a2 28 20 08
00:aa 19 a0 8e 00 38 00 00 70 5c 56 56 61 18 00 00 55 55 15 15 20 08 00 00 f3 f3 f3 f3 00 00 00 00 00 00 00 00 00 00 00 00 00 00 00 00 43 49 20 08 58 58 58 58 43 49 20 10 ad 2d 2b 03 81 20 20 10
00:aa 19 d8 8e 00 38 00 00 55 55 55 00 e2 38 20 10 55 7a aa 80 e2 38 41 10 55 ab aa 00 e2 38 20 10 55 f5 aa 00 e2 38 20 08 55 55 bf 28 e2 38 00 00 57 55 ff 00 e2 38 00 00 95 95 b5 25 20 08 00 00
00:aa 19 10 8f 00 38 00 00 f3 fc fc fc 00 00 00 00 00 00 00 00 00 00 00 00 00 00 00 00 e2 38 00 00 70 70 70 70 24 61 43 49 6d 6a 6a 60 09 7b c2 30 55 aa 80 aa 67 62 43 41 55 aa 02 bf 66 62 43 41
00:aa 19 48 8f 00 38 00 00 55 eb 8a aa 05 5a 43 41 55 aa 00 00 24 61 43 39 5a 00 00 a8 c6 79 24 61 69 e0 55 55 24 59 20 08 0d 02 00 2e 43 49 00 00 55 d5 35 b5 20 08 00 00 ff ff bf 3f 00 00 00 00
00:aa 19 80 8f 00 38 00 00 00 00 00 00 e2 38 00 00 70 78 70 70 24 61 43 49 6a 65 55 57 46 62 64 49 5f 7a fa a0 c8 6a 46 62 dd e3 a2 00 c8 6a 05 5a 55 df aa 02 67 62 a4 51 55 f5 0a 00 c4 51 41 18
00:aa 19 b8 8f 00 38 00 00 b5 35 0b 00 64 41 20 08 55 55 d5 0d 20 08 00 00 ff ff 0b 20 20 08 00 00 bf cf cf cb 20 08 00 00 ff ff fc f8 05 5a 41 18 5e 5e 78 e0 a8 6a a4 51 57 5f ea a0 09 7b 46 62
00:aa 19 f0 8f 00 38 00 00 5f f8 a2 20 4a 83 e8 72 55 f3 e3 cf 09 7b 87 6a a0 00 af bd 29 83 c8 72 3f 2f fe 5e 4a 83 e8 72 d5 ff c3 80 29 83 87 62 57 f7 ab 2b c8 6a 05 5a b5 2b 00 00 46 62 84 49
00:aa 19 28 90 00 38 00 00 f5 ad 2b 02 a4 51 20 08 d5 a5 0b 00 23 39 20 08 55 55 d5 35 20 08 00 00 eb f3 f2 fc a4 49 20 08 57 56 5c 58 c8 72 84 49 7e fa e8 e8 4a 83 87 6a 7e fa e8 e0 4a 83 67 62
00:aa 19 60 90 00 38 00 00 a0 a2 8b 8d 29 7b 67 62 0a b7 d5 57 c8 72 67 62 95 ad 80 03 09 7b 67 62 58 58 56 5a 4a 83 c8 72 00 00 00 70 4a 83 09 7b 25 05 00 00 4a 83 c8 72 d5 f7 bb 00 09 7b 87 6a
00:aa 19 98 90 00 38 00 00 f5 ab 22 00 c8 72 06 5a 55 95 25 09 05 5a 41 10 25 09 02 00 c2 30 20 08 55 55 d5 15 a4 49 20 08 78 78 78 78 09 7b 46 62 7a 68 68 68 4a 83 87 62 82 8a ab a5 e9 7a 05 5a
00:aa 19 d0 90 00 38 00 00 2f bd d5 57 e8 72 67 62 56 54 5c 60 6a 8b e8 72 7f 7a e0 80 6a 8b c8 72 fd a9 0b 02 4a 83 c8 72 5f 54 d7 e5 6a 8b 09 7b 50 f8 80 00 8b 93 6a 8b 55 aa aa aa 8b 93 09 7b
00:aa 19 08 91 00 38 00 00 a5 09 0b 02 4a 83 67 62 bd ab aa 0a 46 62 e5 51 bb be bc 3d e5 59 20 08 35 25 2d 09 20 08 00 00 ff bf bf 3f a4 51 20 08 78 68 68 68 09 7b 46 62 68 6a 6a 6a c8 72 c4 51
00:aa 19 40 91 00 38 00 00 2b 2d a5 95 e8 72 e5 51 56 5e 78 68 6a 8b c8 72 7e f8 e0 c0 ab 93 6a 8b 5a e8 a8 a8 cb 93 6a 8b a9 0a 02 00 6a 8b c8 72 ad 0f 0b 03 ab 93 09 7b ea 60 60 70 ab 93 6a 8b
00:aa 19 78 91 00 38 00 00 5a aa 0e 02 8b 93 6a 8b ab ab aa aa 4a 83 09 7b 02 01 09 00 e8 7a 05 5a 35 25 2d 2b 05 5a c2 30 29 09 0b 23 c2 30 00 00 d5 d5 95 35 43 49 81 20 70 78 78 78 67 62 a4 49
00:aa 19 b0 91 00 38 00 00 c0 c2 6a 7b 05 5a a4 49 3f 1c dc d0 09 7b 26 5a 78 f8 60 c0 8b 93 6a 8b 5a 5a 7a 6a cb 9b ab 93 56 5a 6a 6a cb 9b 00 00 00 00 00 00 ab 93 6a 8b 29 2b 2a 0a 0c 9c e8 7a
00:aa 19 e8 91 00 38 00 00 78 58 dc d6 0d 9c 6a 8b 2d 2f 2f af ab 93 6a 8b ea 82 80 b4 8b 93 4a 83 bd 29 25 35 4a 83 66 62 ad 2f 2f 2f a8 6a c4 51 dd dd 3f 2b c4 51 61 18 b5 ad 2b 2a c2 38 00 00
00:aa 19 20 92 00 38 00 00 55 55 95 35 43 41 20 08 68 78 7a 7a a4 51 23 39 c2 eb df 5f 46 62 43 41 7c 7c 5c 5c 4a 83 a7 6a 78 78 78 7a 8b 93 6a 8b 6a 56 56 56 cb 9b 8b 93 40 50 50 50 0d 9c cb 9b
00:aa 19 58 92 00 38 00 00 ec e0 f0 fc 2d a4 ab 93 fd bd bd 0d 6a 8b e8 7a 94 14 14 14 cb 93 8b 93 8f cb af 2f cb 93 8b 93 ff fd fc fc cb 93 4a 83 a5 ad 2d 29 4a 83 c8 72 35 29 ad 2f e5 51 43 41
00:aa 19 90 92 00 38 00 00 a5 25 2d 0b 43 41 61 18 25 2b 2a 00 e2 38 00 00 55 d5 d5 35 e2 38 00 00 78 70 70 70 03 39 e2 38 b0 55 55 55 06 5a e2 38 78 78 78 78 09 7b 67 62 e0 68 68 58 cb 93 4a 83
00:aa 19 c8 92 00 38 00 00 7a 7a 78 78 2d a4 ab 93 7f 7f fa e0 2d a4 ec 9b 5e 6a aa aa 2d a4 8b 93 09 09 0b 0b ab 93 e8 7a 37 37 35 35 2d a4 ab 93 e5 c0 c0 c0 2d a4 ab 93 55 3f 0b 00 cb 93 6a 8b
00:aa 19 00 93 00 38 00 00 09 0a 02 02 8b 8b e8 7a bd a5 2d 2d 09 7b 67 62 b5 ad 29 0a c5 51 43 41 d5 95 95 35 c4 51 41 18 b5 ad 8b 8b 41 18 00 00 55 55 55 15 e2 38 20 08 50 70 70 70 e2 38 c2 30
00:aa 19 38 93 00 38 00 00 6a aa aa aa c5 51 e2 38 70 78 7a 7e e8 72 a4 51 e0 e0 e8 68 cb 9b 4a 83 78 78 78 78 2d a4 ec 9b 6a 6a 6a 6a 2d a4 cb 9b 20 3f 35 35 2d a4 cb 9b 01 f3 55 55 ab 93 09 7b
00:aa 19 70 93 00 38 00 00 35 25 25 8d 2d a4 ec 9b 6a 6a 6a 6a 2d a4 0d 9c aa ab a9 ab cb 9b ab 93 a9 a9 a9 aa ab 93 6a 8b b5 a5 a9 29 4a 83 c8 72 35 3d 09 03 05 5a 43 41 25 25 2d 0f 05 5a 84 49
00:aa 19 a8 93 00 38 00 00 7d 7d 73 72 43 41 20 08 95 35 25 0d 43 41 20 10 78 70 70 70 43 41 e2 38 d5 15 02 00 43 41 e2 38 40 50 bc 34 c8 72 c4 51 70 78 78 5e ab 93 09 7b e0 e0 60 58 2d a4 ec 9b
00:aa 19 e0 93 00 38 00 00 ea 6a ea 55 ec 9b ab 93 2a ab a5 95 ab 93 6a 8b a0 aa aa d5 8a 8b 09 7b 2d 0d 8d a1 2d a4 4a 83 c0 40 60 40 2d a4 00 00 00 00 00 00 2d 9c cb 9b 2f 0b 03 00 ec 9b ab 93
00:aa 19 18 94 00 38 00 00 95 a5 ab aa ab 93 4a 83 b5 ad ad 09 49 83 67 62 b5 ad 2d 2f 67 62 43 41 af 29 2b 2a 66 62 64 49 7a 6a e8 e0 e5 51 41 18 2d 0b 0b 02 c2 30 20 08 55 d5 95 15 20 08 00 00
00:aa 19 50 94 00 38 00 00 fc ff fc fc 43 41 20 10 78 78 70 78 43 41 00 00 00 00 00 00 43 41 e2 38 34 25 05 0a 67 62 43 41 78 7e 7e 7e 4a 83 67 62 e0 78 78 56 cb 9b 4a 83 00 aa ea 5e ab 93 e8 7a
00:aa 19 88 94 00 38 00 00 02 0b 2d b5 6a 8b c8 72 08 ae 77 57 4a 83 c8 72 02 af ff 55 2d a4 09 7b 60 e0 60 60 2d a4 00 00 00 00 00 00 2d a4 00 00 00 00 00 00 2d a4 cb 9b 15 00 00 00 cb 93 6a 8b
00:aa 19 c0 94 00 38 00 00 09 02 02 02 29 83 c8 72 8d 2d 2d 29 a8 6a c4 51 af ad 29 29 67 62 84 49 60 50 70 70 67 62 63 41 2d 29 29 0b 43 41 20 08 35 25 25 25 e2 38 20 08 70 50 58 58 43 41 23 41
00:aa 19 f8 94 00 38 00 00 00 00 00 80 43 41 e2 38 0b 09 09 09 46 62 43 41 7a fa 7a 78 c8 72 06 5a 5c 5f d7 f5 29 83 87 62 80 e0 7a 5f 09 7b 87 62 0b 2f b6 d8 ab 93 c8 72 55 55 fd 8b c8 72 67 62
00:aa 19 30 95 00 38 00 00 b7 d5 15 25 2d a4 09 7b 60 60 60 60 4d ac 2d a4 55 55 56 54 6d b4 2d a4 55 55 85 0d 2d a4 00 00 00 00 00 00 2d a4 cb 93 f5 b5 3d 0f 8b 93 c8 72 bd bf 3f 2f c8 6a 05 5a
00:aa 19 68 95 00 38 00 00 2d 0d 29 0b c8 6a c4 51 5a 58 58 dc c8 6a c4 51 ad 29 2b 2b 43 41 00 00 2d 2d 09 09 43 41 81 20 a0 e8 7a 5b 43 41 e2 38 14 1c 75 55 67 62 e2 38 f8 f8 7a 5e c8 6a 06 5a
00:aa 19 a0 95 00 38 00 00 25 25 2d 0d c8 6a 26 62 70 78 7f 5f 6a 8b c8 6a 56 5e 5c 78 2d a4 6a 8b c1 83 83 83 4a 83 67 62 b5 3d 2d 2f ec 9b c8 6a 70 78 78 5e 4d ac 0d 9c fc fc fc ff 6d b4 2d a4
00:aa 19 d8 95 00 38 00 00 05 0d a5 55 2d a4 2d a4 00 00 00 00 2d a4 0c 9c a5 a9 aa aa ec 9b 49 83 ad 2d 2d 2d 09 7b 67 62 2d 09 2d 2d a7 6a 84 49 dc 9c 94 94 c8 6a 67 62 05 0d 09 09 c4 51 00 00
00:aa 19 10 96 00 38 00 00 2d 09 09 0b 81 20 00 00 c0 70 5f 5f c5 51 e2 38 58 5c 5c 56 c8 6a 06 5a 09 81 c9 c9 87 6a e5 51 fa f8 54 54 0d 9c c8 6a 7e 78 78 78 4d ac 2d 9c fd fd 0b 02 2d a4 c8 72
00:aa 19 48 96 00 38 00 00 f5 bf af 0b 4a 83 e8 7a 56 b5 35 2d 0d 9c 09 7b 80 60 78 7c 6d b4 2d a4 55 55 55 42 6d b4 2d a4 55 25 a5 55 2d a4 00 00 00 00 00 00 ec 9b 4a 83 25 25 25 2d 67 62 c4 51
00:aa 19 80 96 00 38 00 00 94 34 34 37 09 7b 67 62 ad 8d 0d 09 e5 59 61 18 09 0b 0b 0b 81 20 20 10 50 5c 54 55 43 41 61 18 a0 e0 f0 7a 67 62 43 41 02 82 62 5f 67 62 43 49 dc fe fe 57 2d a4 a8 6a
00:aa 19 b8 96 00 38 00 00 78 78 78 5f 6d bc 2d a4 aa 80 a0 55 6d bc 2d 9c a5 09 0b ff cb 93 4a 8b a5 2d 2f 15 ec 9b c8 72 f8 fe ff d5 4d ac 6a 83 00 a0 ea 55 2d a4 6a 8b 00 00 20 5d 2d a4 6a 8b
00:aa 19 f0 96 00 38 00 00 00 00 00 55 2d a4 29 7b 2f 2f af f5 49 83 67 62 2f 2f 2d b5 66 62 64 41 2e 2f 2f fd 09 7b 26 5a 0a 0a 8b 7d 67 62 c2 30 2d 2d 2d ad 00 00 00 00 00 00 00 00 00 00 00 00
00:aa 19 28 97 00 38 00 00 00 00 00 00 00 00 00 00 00 00 00 00 00 00 00 00 00 00 00 00 00 00 00 00 00 00 00 00 00 00 00 00 00 00 00 00 00 00 00 00 00 00 00 00 00 00 00 00 00 00 00 00 00 00 00 00
00:aa 19 60 97 00 38 00 00 00 00 00 00 00 00 00 00 00 00 00 00 00 00 00 00 00 00 00 00 00 00 00 00 00 00 00 00 00 00 00 00 1f e0 00 00 00 00 00 03 ff 00 00 00 00 00 00 3f f0 00 00 00 00 00 03 ff
00:aa 19 98 97 00 38 00 00 00 00 00 00 00 00 3f f8 00 00 00 00 00 03 ff 80 00 00 00 00 00 3f fc 00 00 00 00 00 03 df e0 00 00 00 00 00 7f ff 00 00 00 00 00 07 ff f0 00 00 00 00 00 7d ff 80 00 00
00:aa 19 d0 97 00 38 00 00 00 00 07 8f fc 00 00 00 00 00 78 ff e0 00 00 00 00 07 af ff 00 00 00 00 00 78 ff f0 00 00 00 00 06 9f ff 80 00 00 00 00 6b ff f8 00 00 00 00 06 ff ff 80 00 00 00 00 6f
00:aa 19 08 98 00 38 00 00 ff f8 00 00 00 00 02 ff ff 80 00 00 00 00 1f ff fc 00 00 c2 30 20 08 55 55 57 5c 24 59 20 08 55 7f 80 00 85 71 00 00 55 ff 00 00 e6 81 20 08 55 55 bd 02 64 59 20 08 55
00:aa 19 40 98 00 38 00 00 55 55 0a 44 61 00 00 55 55 ea 00 24 61 20 08 55 55 fd 0b 20 08 00 00 ff 2f 83 3c 20 08 00 00 fc ea cf cf a2 30 00 00 5e 57 56 54 24 61 a2 28 78 78 c0 80 c6 79 24 61 40
00:aa 19 78 98 00 38 00 00 40 40 80 27 92 43 49 2a 28 0a b5 c6 79 61 20 00 0a be 57 c6 79 24 61 91 55 55 ed 24 61 04 59 ab aa aa aa 24 59 20 08 b5 0d 0b 02 20 08 00 00 bf ff bf 3f 20 10 00 00 af
00:aa 19 b0 98 00 38 00 00 af af af c2 30 00 00 54 54 54 5c 44 51 20 10 00 0a 2d 25 24 59 20 10 00 af 55 55 e3 48 20 08 2d 55 55 55 41 18 20 08 fc 5f 7f ff e5 59 20 10 82 5f 55 55 03 51 20 08 2a
00:aa 19 e8 98 00 38 00 00 f5 55 55 03 49 20 08 80 fa 5e 57 a2 28 00 00 15 15 15 15 20 10 00 00 ab ab af ff 63 49 20 08 5c 58 58 58 43 49 41 10 05 2d 2b 03 61 20 20 10 55 55 55 15 81 20 20 10 55
00:aa 19 20 99 00 38 00 00 d5 55 40 81 20 20 08 ff df 00 00 81 20 00 00 7f 5f 95 2f 20 08 00 00 bf 3f 0e 80 21 10 00 00 fe ff ff ff 81 20 00 00 35 25 05 c5 20 08 00 00 eb ff ff cf e2 38 20 08 50
00:aa 19 58 99 00 38 00 00 58 70 70 24 61 43 49 6d cb ea 6a 09 7b 81 20 55 d5 aa 00 e9 72 e2 38 55 55 ff 00 c4 51 a2 28 55 ea aa 00 c4 51 81 20 d5 bf aa 02 23 49 41 10 55 ff aa 08 44 61 00 00 55
00:aa 19 90 99 00 38 00 00 55 aa 00 24 61 20 08 75 75 ad 09 20 08 00 00 fc fc fc bf 20 08 00 00 cf cf cf cf 23 49 00 00 78 68 68 60 e6 71 24 61 5c 58 55 55 87 6a 84 49 00 b7 55 55 c8 72 05 5a 28
00:aa 19 c8 99 00 38 00 00 bf 55 75 29 7b 06 5a 73 79 55 55 46 62 c5 59 fd ff ff 00 c6 79 05 5a c3 80 5f 55 c6 79 43 49 c0 be ff f5 85 71 a2 28 0b 0a aa 95 24 59 20 08 d5 35 0d fd 20 08 00 00 cf
00:aa 19 00 9a 00 38 00 00 cf cf cf 43 49 00 00 68 68 68 68 67 62 44 51 55 57 5e 78 e8 72 64 49 7f fe aa a0 09 7b 67 62 55 fb e8 08 09 7b 87 6a 55 fb aa 02 4a 83 67 62 55 ef aa 82 e8 7a 26 5a f5
00:aa 19 38 9a 00 38 00 00 af 2a 02 c8 6a c4 51 d5 bf af 2a c4 51 41 10 2d 0d 00 00 64 49 20 08 55 55 b5 0b 20 08 00 00 fc ff ff bf 43 41 20 08 55 55 57 5c 05 5a 41 18 7e 78 80 80 09 7b a4 49 7a
00:aa 19 70 9a 00 38 00 00 ea a0 80 4a 83 e8 72 55 f3 e3 cf 4a 83 a7 6a a8 a8 fe 7d 4a 83 09 7b 80 5c 40 50 6a 8b 09 7b f5 ab aa 0a 4a 83 c8 72 d5 f5 95 29 e9 7a 66 62 55 bd aa 82 c8 72 a4 49 f5
00:aa 19 a8 9a 00 38 00 00 fd ad 2b e5 51 20 08 d5 ad 02 00 43 41 00 00 55 55 55 35 20 08 00 00 fa f3 e3 cf e5 59 21 10 5e 78 70 60 09 7b 06 5a 5e 7e fa e8 4a 83 67 62 e0 a2 8b 8d 29 7b 67 62 0a
00:aa 19 e0 9a 00 38 00 00 b7 d5 57 c8 72 67 62 96 af 80 c0 09 7b 87 6a dd dd ee 00 4a 83 67 62 78 5c dc ae 4a 83 49 83 a2 a6 aa aa 8b 93 29 7b fd df 56 fc 8b 93 09 7b 55 ff aa 00 8b 93 a7 6a f5
00:aa 19 18 9b 00 38 00 00 bd af 0a c8 72 05 5a 55 95 3d 0b 05 5a 00 00 2d 0b 02 00 02 31 00 00 55 55 d5 15 20 08 00 00 ac ac 3c 2c 66 62 03 31 78 60 60 60 09 7b 87 62 e0 e2 c3 85 e9 7a 06 5a 2f
00:aa 19 50 9b 00 38 00 00 bd d5 55 e8 7a 67 62 57 56 5c 68 6a 8b c8 6a 7f 7a e0 80 ab 93 09 7b 7b ea 80 80 ab 93 09 7b d5 b5 2d 09 6a 8b c8 72 78 58 5c d4 0c 9c 6a 8b 57 ff fe 80 ec 9b 6a 8b df
00:aa 19 88 9b 00 38 00 00 fa aa 0a ab 93 6a 8b a5 29 2a 2a 4a 83 67 62 2d 09 0b 03 87 6a 06 5a 5d 55 95 15 05 5a 00 00 35 25 2d 0b 81 20 00 00 77 57 57 5c 66 62 03 31 60 60 60 60 c8 72 c4 51 0b
00:aa 19 c0 9b 00 38 00 00 2d a5 95 c8 72 e5 51 57 5e 5c 58 6a 8b c8 6a 7e 78 e0 c0 cb 9b ab 93 57 a5 a9 aa cb 9b 6a 8b 0d 03 02 08 6a 8b c8 72 94 b4 2e 2f 2d a4 6a 8b 00 00 80 40 2d a4 cb 93 27
00:aa 19 f8 9b 00 38 00 00 07 0f 0f cb 9b ab 93 95 a5 a5 a5 8b 93 09 7b 2d 0b 03 02 09 7b 05 5a 95 b5 2d 09 05 5a 23 41 0d 89 ab aa 23 39 00 00 55 d5 95 35 81 20 00 00 dc 5c 5c 5c 46 62 23 39 78
00:aa 19 30 9c 00 38 00 00 78 7e 7e 05 5a 64 49 3f 1f df d7 09 7b 05 5a 78 f8 e0 c0 2d a4 ab 93 f7 bd 89 ea ab 93 09 7b 2d 2d 2d 25 2d a4 e8 7a e0 60 60 60 2d a4 ab 93 0f 0d 0d 02 cb 9b cb 93 ae
00:aa 19 68 9c 00 38 00 00 aa 6a ea ab 93 6a 8b 09 29 0a 0a 4a 83 87 6a 2d 2d 0b 0b 87 6a c4 51 d5 b5 b5 2d c4 51 81 20 25 2d 0b 02 c2 30 00 00 55 55 d5 25 41 10 00 00 fc fc fe fe 84 49 c2 30 68
00:aa 19 a0 9c 00 38 00 00 7a 7a 5e e5 59 43 41 fc 58 5c 5c 4a 83 a7 6a 78 5c 5e 7a 2d a4 ec 9b 5e da d5 a6 cb 9b 09 7b 2d 2d ad ad 2d a4 c8 72 60 60 60 60 6d b4 2d a4 55 55 25 09 2d a4 ec 9b 95
00:aa 19 d8 9c 00 38 00 00 b5 a9 a9 cb 9b 8b 93 05 05 25 25 6a 8b 09 7b 25 2d 2d 2d a8 6a 05 5a 35 25 2b 0a 05 5a a4 49 f5 bd 2f 0f 43 41 81 20 35 2d 0b 00 c2 30 00 00 55 55 95 35 20 08 00 00 fc
00:aa 19 10 9d 00 38 00 00 ff ff ff e2 38 61 18 70 40 40 40 a4 49 e2 38 f8 58 58 5c 09 7b 26 62 60 68 68 78 0c 9c 8b 93 6a aa 20 80 4d a4 ec 9b a7 a7 a5 a3 cb 93 09 7b 2d 2d 0d 0d 6d b4 09 7b 68
00:aa 19 48 9d 00 38 00 00 68 60 68 6d b4 2d a4 01 01 01 02 2d a4 2d a4 00 00 00 00 2d a4 ab 93 f5 fd bd 3f 8b 93 09 7b bd 2f 2b 0b 09 7b a7 6a b5 2d 0b 0b a8 6a c4 51 bd bd af 2b 84 49 23 39 2f
00:aa 19 80 9d 00 38 00 00 3f 0f 09 43 41 00 00 2d 09 0b 02 20 08 00 00 eb eb f3 33 20 08 00 00 ff af af af e2 38 61 18 40 c0 c0 40 a4 49 e2 38 54 58 5e 7a 09 7b 05 5a 78 78 78 78 2d a4 cb 9b 00
00:aa 19 b8 9d 00 38 00 00 f3 55 55 ec 9b 09 7b 2d 25 25 2d 2d a4 09 7b 40 60 70 70 6d b4 00 00 00 00 00 00 6d b4 2d a4 95 25 0d 01 2d a4 ec 9b b5 ad a9 a9 ab 93 6a 8b 2d 29 0b 0a 4a 83 c8 72 2d
00:aa 19 f0 9d 00 38 00 00 0b 0b 03 09 7b 05 5a bd bd 2f 2b e5 59 43 41 a5 25 2f 2d e5 51 43 41 a9 a9 82 82 84 49 20 08 d5 b5 b5 25 20 08 00 00 af af 3f 3e 43 41 61 20 68 6a c0 c0 c8 72 84 49 70
00:aa 19 28 9e 00 38 00 00 f8 78 5a ec 9b ab 93 2a ab a5 95 ab 93 6a 8b a0 aa aa d5 ab 93 09 7b 2d 2d ad f9 2d a4 29 83 78 78 68 78 6d b4 2d a4 60 70 50 50 6d b4 2d a4 01 02 02 00 2d a4 0d 9c ab
00:aa 19 60 9e 00 38 00 00 aa aa aa 2d a4 cb 93 f5 3f 2f 03 ab 93 4a 83 b5 a5 29 0b 09 7b 67 62 2d 29 0b 0a 67 62 64 49 b5 ad 2d 2d 46 62 64 49 6a 6a e0 f0 c5 51 81 28 2d 0d 0b 0a a2 28 00 00 55
00:aa 19 98 9e 00 38 00 00 55 95 15 20 08 00 00 3c 3c 3c ac 43 41 a2 30 40 40 40 40 67 62 43 41 78 7a 7e fa ab 93 e8 72 00 00 83 ed ab 93 c8 72 2f b5 55 55 6a 8b c8 72 08 ee 77 57 4a 83 c8 72 03
00:aa 19 d0 9e 00 38 00 00 af ff 55 ec 9b 09 7b 78 78 78 78 6d b4 2d a4 50 57 55 55 6d b4 2d a4 00 c8 40 42 6d b4 2d a4 15 15 25 43 2d a4 2d 9c ab 6a aa aa 0c 9c 6a 8b ad 2d 2b 2b 6a 8b c8 72 b5
00:aa 19 08 9f 00 38 00 00 2d 2d 2f 87 6a 84 49 2d 2d 2d 2d 87 62 64 49 70 70 70 70 67 62 43 41 ad 2d 2d 0b 43 41 00 00 b5 b5 25 25 20 08 00 00 ac 8f cf cf 43 41 61 18 c0 60 60 60 46 62 84 49 7e
00:aa 19 40 9f 00 38 00 00 6a 62 60 67 62 e5 51 e0 f0 dc df 29 83 87 62 8b e9 7f 5f 2d a4 c8 72 5f 5e 78 70 2d a4 c8 72 f5 b5 2d 2f c8 72 67 62 b7 d5 17 27 cb 9b 09 7b 78 78 7a 7e 4d ac 0d 9c 7f
00:aa 19 78 9f 00 38 00 00 7f 7e 7c 6d b4 2d a4 72 62 8a 0b 6d b4 2d a4 40 40 50 58 6d b4 2d a4 95 05 0d 09 2d a4 ab 93 3d 3d 0d 09 6a 8b 09 7b 25 25 2d 2b c8 72 c4 51 2d 29 29 0b 87 6a a4 49 70
00:aa 19 b0 9f 00 38 00 00 70 70 50 c8 72 a4 49 2d 2f 2b 0b 43 49 00 00 2d 2d 2d 0d 20 08 00 00 e3 f3 fc fc 43 41 20 08 60 78 5e 5e 67 62 e2 38 f0 f0 70 70 a8 6a c4 51 ff ff bf 37 e8 7a 26 5a 7a
00:aa 19 e8 9f 00 38 00 00 7c 78 60 4d ac 6a 8b 50 58 78 e0 2d a4 4a 83 05 05 0d 0f 4a 83 87 6a bd 2b 2b 02 6a 8b c8 6a 68 68 70 5c 4d ac 0d 9c 7c 7c 7c 7f 6d b4 2d a4 0c 0b a0 60 6d b4 2d a4 56
00:aa 19 20 a0 00 38 00 00 55 55 95 6d b4 2d a4 02 70 5c 58 6d b4 0d 9c fd bd 0f 0f ab 93 4a 83 2d 09 09 09 09 7b 46 62 2d 2d 09 29 09 7b a4 51 5a 5a 5a 58 e9 72 46 62 ad ab 2b 0b 05 5a 20 08 2d
00:aa 19 58 a0 00 38 00 00 2d 2d 09 41 18 00 08 dc 7c 5e 5f 87 6a e2 38 70 70 58 58 c8 6a c4 51 17 97 95 95 ab 93 26 5a 78 78 78 78 8d bc 0d 9c 6a 6a 60 42 6d b4 ec 9b b5 fd 2f 03 cb 93 4a 83 55
00:aa 19 90 a0 00 38 00 00 9d 2d 02 4a 83 e8 7a d6 34 25 01 2d a4 09 7b 80 80 e0 70 6d b4 2d a4 60 40 00 40 6d b4 2d a4 15 25 25 15 6d b4 2d a4 50 60 60 58 6d b4 2d a4 05 05 05 05 cb 9b 4a 83 2d
00:aa 19 c8 a0 00 38 00 00 2d 2d 2d 4a 83 67 62 ad 2d 2d 2d 09 7b c4 51 d8 dc dc dc 4a 83 a8 6a ad 09 09 09 67 62 a2 28 2d 2d 29 29 41 10 20 08 f0 ff f5 ff 46 62 20 10 f8 78 78 5e 05 5a 84 49 2f
00:aa 19 00 a1 00 38 00 00 27 37 95 ab 93 26 5a 78 78 78 7e ae cc 2d a4 6b 63 6b 55 6d bc 2d a4 aa 80 a0 55 2d a4 ab 93 3d 2f 0d 25 cb 93 4a 8b a5 2d 2f 55 2d a4 c8 72 f8 f8 fc d7 4d ac cb 93 00
00:aa 19 38 a1 00 38 00 00 a0 aa 55 4d ac ab 93 0a 00 02 55 4d ac 8b 8b a0 28 80 55 6d ac ab 93 0a 0a 2a 55 2d a4 29 83 2f 2f 2b f5 4a 83 87 6a 2d ad 2d d5 4a 83 c5 51 54 d4 d6 d7 4a 83 87 6a 0b
00:aa 19 70 a1 00 38 00 00 0b 0b f5 26 5a e2 38 09 09 09 2d 41 18 00 00 d5 15 15 15 00 00 00 00 00 00 00 00 00 00 00 00 00 00 00 00 00 00 00 00 00 00 00 00 00 00 00 00 00 00 00 00 00 00 00 00 00
00:aa 19 a8 a1 00 38 00 00 00 00 00 00 00 00 00 00 00 00 00 00 00 00 00 00 00 00 00 00 00 00 00 00 00 00 00 00 00 00 00 00 00 00 00 00 00 00 00 00 00 e0 00 00 00 00 00 00 0f c0 00 00 00 00 00 01
00:aa 19 e0 a1 00 38 00 00 ff 00 00 00 00 00 00 1f f0 00 00 00 00 00 01 ff 00 00 00 00 00 00 1f f0 00 00 00 00 00 03 ff 80 00 00 00 00 00 3f f8 00 00 00 00 00 03 ff c0 00 00 00 00 00 3f ff 00 00
00:aa 19 18 a2 00 38 00 00 00 00 00 03 ff f0 00 00 00 00 00 3f ff 80 00 00 00 00 03 ff f8 00 00 00 00 00 7f ff c0 00 00 00 00 07 ef fe 00 00 00 00 00 7c 7f f0 00 00 00 00 03 ff ff 00 00 00 00 00
00:aa 19 50 a2 00 38 00 00 3f ff f8 00 00 00 00 03 ff ff 80 00 00 00 00 3f ff f8 00 00 00 00 03 ff ff c0 00 00 00 00 3f ff fc 00 00 00 00 03 ff ff c0 00 00 00 00 1f ff fc 00 00 03 41 00 00 55 ed
00:aa 19 88 a2 00 38 00 00 40 60 a6 79 00 00 55 55 fd 02 03 59 20 08 55 55 55 2d 44 61 00 00 5c 5e 57 57 c6 79 e2 40 00 e0 78 7e 07 8a 65 69 95 aa 80 80 c6 79 41 10 d5 2f 02 00 c6 79 20 08 55 f5
00:aa 19 c0 a2 00 38 00 00 aa 02 23 49 00 00 55 55 b5 0b 81 20 00 00 55 ff 57 54 24 61 20 08 5e e0 80 00 24 61 e3 48 9a aa aa aa 07 8a 65 69 a0 6a 6a aa 07 8a 44 61 aa ab 28 95 c6 79 24 61 00 40
00:aa 19 f8 a2 00 38 00 00 cd d5 c6 79 24 61 25 02 40 55 a5 71 00 00 d5 ad 0b 0a 81 20 20 00 55 55 55 15 64 49 20 08 57 57 56 5c 24 59 20 10 00 0a 0d 0d 24 61 20 08 00 aa 55 55 85 71 20 08 0a fd
00:aa 19 30 a3 00 38 00 00 55 55 c2 30 20 08 37 55 55 55 46 6a 20 10 e0 70 5f 55 24 61 20 08 00 02 af 55 24 59 00 00 00 a0 fa 5e 23 41 00 00 15 35 35 25 46 62 00 00 5c 58 78 7a 24 61 c2 30 85 a9
00:aa 19 68 a3 00 38 00 00 81 02 81 20 00 00 f5 ff 3f 0f 81 20 00 00 5f ff ff c0 81 20 20 10 55 55 5c 00 81 20 20 10 55 55 15 05 20 10 00 00 af bf af ab a2 28 00 00 54 57 57 55 e2 38 00 00 25 25
00:aa 19 a0 a3 00 38 00 00 85 85 43 49 00 00 70 60 c0 c0 c8 6a 44 61 55 4d 55 55 6a 8b 81 20 d5 f5 ef 80 87 6a a2 28 55 5f ff 0a 64 41 a2 28 55 fe 00 00 43 41 41 18 f5 af 0b 00 c2 30 20 10 55 55
00:aa 19 d8 a3 00 38 00 00 bd 0a 41 10 00 00 ff bf fe 28 03 39 20 08 c5 45 65 e5 41 10 00 00 ab ab ac fc 24 61 e2 38 70 60 70 60 27 8a 24 61 7a 68 5a fa 6a 8b 24 61 88 af f5 ff e6 81 29 7b 5d dd
00:aa 19 10 a4 00 38 00 00 b9 02 6a 8b e5 51 35 3e 38 3f 87 6a c5 51 f5 3f 38 f8 c6 79 43 41 55 ff 00 00 c6 79 03 51 55 e0 f0 be 85 71 00 00 ad 2b 0a 02 e3 48 20 08 55 55 d5 35 41 10 00 00 fc fc
00:aa 19 48 a4 00 38 00 00 fc ec a6 79 e2 38 78 78 78 78 e6 81 c6 79 ff ff ff 3f 27 92 44 61 a0 a0 aa bd c6 79 06 5a 00 02 05 d7 c8 6a 05 5a fd 75 ea 80 c8 72 26 5a 56 56 ff 00 c6 79 67 62 00 00
00:aa 19 80 a4 00 38 00 00 55 55 24 61 e5 51 00 00 57 55 03 51 20 08 00 af 2d 2d 43 49 20 08 0d a9 5d 55 41 10 00 00 ec ec ec ec a6 79 e2 38 78 78 78 78 c6 79 24 59 0f 15 15 d5 67 62 24 59 57 5e
00:aa 19 b8 a4 00 38 00 00 78 e0 4a 83 66 62 5f fa e8 80 4a 83 e8 72 5b e2 00 02 4a 83 09 7b 55 ff 00 00 4a 83 e8 72 d5 af 02 00 09 7b 05 5a bd ab 02 00 87 6a 23 39 f5 af 02 00 e5 51 20 08 d5 a5
00:aa 19 f0 a4 00 38 00 00 0b 00 43 41 00 00 55 55 d5 25 41 10 00 00 ec ec ec ec c5 51 e2 38 58 56 5e 60 c8 6a a4 51 57 5f 7a e8 4a 83 87 62 5e 7a e8 a0 4a 83 c8 72 80 00 2f f7 4a 83 c8 72 0f bd
00:aa 19 28 a5 00 38 00 00 d5 55 09 7b c8 6a 2a 65 d5 55 4a 83 87 6a 80 e0 5c 56 8b 93 6a 83 55 a5 ab 6a 4a 83 e8 7a d5 3d 2f 03 09 7b e5 59 bd 2b 02 00 46 62 81 20 ad 2a 2a 00 e5 51 20 08 55 95
00:aa 19 60 a5 00 38 00 00 0d 02 20 08 00 00 ff ff 3f 80 03 39 20 08 57 56 54 5c 67 62 23 39 78 e0 c0 80 09 7b 67 62 5e 7e fa e0 09 7b 26 5a 00 02 0b b5 c8 72 05 5a 0a be dc 72 8a 93 a8 6a 57 7e
00:aa 19 98 a5 00 38 00 00 fb e0 ab 93 09 7b 57 5f ab 80 4a 83 c8 72 a7 0d 03 02 8a 8b c8 72 c0 c0 7a de 6a 8b 4a 83 55 5d 70 40 8b 93 29 7b f5 ff 8a 00 4a 83 26 5a bd 2b 02 00 e8 7a 06 5a 55 55
00:aa 19 d0 a5 00 38 00 00 95 2d 46 62 00 00 d5 35 2d 0b c5 51 20 08 5c 58 58 58 09 7b 26 5a 5e 7e fa e8 09 7b 26 5a 82 02 29 ad a8 6a c4 51 bf d7 5e 78 6a 8b 67 62 57 f8 f0 c0 cb 9b 4a 83 78 a0
00:aa 19 08 a6 00 38 00 00 80 80 0b ac ec 9b 55 55 40 c0 2d a4 6a 83 a5 29 2a 02 cb 93 09 7b d5 d5 25 0d 2d a4 29 83 7f 7a fa 60 2d a4 ab 93 55 ff bf 03 ab 93 6a 8b ad 2b 0a 0a 4a 83 67 62 2d 2d
00:aa 19 40 a6 00 38 00 00 0b 02 67 62 c5 51 8d c1 a3 32 e5 51 00 00 55 d5 95 35 c5 51 20 08 58 78 78 78 c8 72 06 5a e0 e8 78 7f c8 72 84 49 0d ad b5 f5 4a 83 e5 51 7e 7e fc e8 8b 93 6a 8b 5a 6a
00:aa 19 78 a6 00 38 00 00 6e 5e cb 9b ab 93 aa aa 96 6b 0b ac ec 9b 40 40 70 50 0b ac 2d a4 95 95 95 95 0c 9c 6a 8b a5 3f 0f 03 2d a4 29 83 60 60 78 58 2d a4 2d 9c ab ab ab ab cb 9b cb 93 ad ab
00:aa 19 b0 a6 00 38 00 00 aa aa cb 93 4a 83 a5 ad 29 29 29 7b 06 5a d5 b5 35 25 e5 59 00 00 2d 2d 09 03 20 08 00 00 ac fc fc fa c5 51 20 08 78 78 78 7a 67 62 c5 51 c0 c0 cf 5f 26 5a 43 49 3e b6
00:aa 19 e8 a6 00 38 00 00 94 dc 4a 83 67 62 68 e0 68 78 ab 93 6a 8b 5a e8 58 58 2d a4 ab 93 5f 56 fc fc 0b ac ec 9b 60 50 50 60 6d b4 0c a4 55 a5 02 00 2d a4 8b 93 09 0d 0d 0d 2d a4 09 7b 50 d8
00:aa 19 20 a7 00 38 00 00 dc dc 2d a4 cb 93 02 03 01 0d cb 9b 8b 93 00 80 58 54 cb 9b ab 93 95 a5 ad a9 6a 83 06 5a 2d 29 0b 0b 66 62 43 41 e9 ab aa 2a a4 49 00 00 d5 95 35 2d 20 08 00 00 3a fa
00:aa 19 58 a7 00 38 00 00 fa fa 43 41 00 08 78 58 58 5e 05 5a 23 39 a2 fa fa 7e 26 5a 43 41 9c dc de 56 09 7b 67 62 68 68 78 78 cb 9b 4a 83 78 60 40 c0 6d b4 ec 9b dc 56 7d 5d 6d b4 0c ac 00 00
00:aa 19 90 a7 00 38 00 00 40 60 6d b4 cb 93 3d 09 09 09 2d a4 09 7b d4 d4 d4 d4 6d b4 2d a4 d5 05 0d 01 2d a4 ab 93 d7 37 08 00 cb 9b cb 93 ab ab ab a9 8a 8b e8 72 29 09 0b 0b a8 6a 05 5a 95 35
00:aa 19 c8 a7 00 38 00 00 25 2d 05 5a c2 30 2d 0d 0b 2a e2 38 00 00 55 95 25 0d 20 08 00 00 fa f8 fc fc e2 38 20 08 5c 5e 5c 5c 43 41 e2 38 40 7f 55 15 c4 51 e2 38 b8 f8 5a 5e 09 7b 05 5a 78 78
00:aa 19 00 a8 00 38 00 00 78 78 4d ac ab 93 80 e0 de 5f 6d b4 ec 9b 0f 0f fd 55 8d bc 09 7b d4 dc dc d8 8d c4 6d b4 95 55 55 95 6d b4 2d a4 55 55 15 15 2d a4 ab 93 fd bf 2f 0f ab 93 29 7b 2d 2d
00:aa 19 38 a8 00 38 00 00 2d 2b 09 7b 06 5a bd af 2b 0a 46 62 84 49 ad ab 2b 0b 43 41 20 08 09 02 00 00 03 39 20 08 55 55 95 35 43 41 20 08 5e 58 58 58 43 41 e2 38 15 11 00 00 43 41 e2 38 50 70
00:aa 19 70 a8 00 38 00 00 00 00 c8 72 a4 51 78 78 5c 5e cb 9b 09 7b 80 40 78 5e 2d a4 ec 9b 5e 6a aa ff 2d a4 6a 8b 08 0a 0b ad cb 93 09 7b 20 2a af d5 ab 93 6a 8b 00 aa ea 55 4d ac 4a 83 50 58
00:aa 19 a8 a8 00 38 00 00 58 50 8d bc 6d b4 15 55 d5 15 6d b4 2d a4 25 05 09 01 2d a4 ec 9b a5 ad a9 aa ec 9b 6a 8b bd bd ad 2f 4a 83 c8 72 bd 2d 0f 0b a8 6a 05 5a a5 29 09 0b 05 5a 84 49 d7 df
00:aa 19 e0 a8 00 38 00 00 94 34 c5 51 00 08 b5 25 09 0b 43 41 20 10 58 58 58 50 64 49 43 41 67 68 ea a9 c4 51 43 41 55 ed 0b 83 67 62 43 49 78 e0 f0 78 4a 83 87 62 78 5e 77 f7 8b 93 c8 6a 00 a0
00:aa 19 18 a9 00 38 00 00 e8 7e 6a 8b c8 72 03 0d 25 b5 6a 8b c8 72 d7 5f 6a c0 4a 83 87 6a a0 ba ff b5 4d ac e8 72 f0 78 78 78 6d b4 00 00 00 00 00 00 6d b4 00 00 00 00 00 00 4d ac 2d a4 55 55
00:aa 19 50 a9 00 38 00 00 15 15 2d a4 ab 93 f5 b5 3d 2f 8b 93 09 7b 3d 2f 2b 0b 09 7b 87 62 b5 25 2d 0f 06 5a c4 51 9e 96 2e 25 67 62 84 49 bd 2d 09 0b e2 38 00 00 55 95 15 35 43 41 20 08 58 58
00:aa 19 88 a9 00 38 00 00 50 70 c4 51 43 41 f3 f0 f0 78 e5 51 a4 49 fd 3f cf eb 66 62 84 49 78 78 5c 5c c8 72 c8 6a ff ff cf 03 e8 7a c8 6a f0 ec cf ff 4a 83 e8 7a d5 56 5c 50 2d a4 6a 8b 72 40
00:aa 19 c0 a9 00 38 00 00 c0 c0 ab 93 c8 6a b5 3d 2f 0a ec 9b 09 7b 78 78 78 f8 6d b4 2d a4 00 00 40 40 6d b4 00 00 00 00 00 00 6d b4 2d a4 35 01 09 01 2d a4 0c 9c a5 a9 aa aa 0c 9c 6a 8b bd ad
00:aa 19 f8 a9 00 38 00 00 2b 2b 6a 8b c8 72 b5 b5 2d 2d a8 6a c4 51 b5 b5 3d 2d c8 6a 46 62 f5 7d cf 83 c4 51 00 00 b5 25 2d 0d 43 41 00 00 70 70 70 78 a4 51 43 41 c0 68 7e 7f e5 51 84 49 62 62
00:aa 19 30 aa 00 38 00 00 e8 5e 66 62 43 41 5c 5c 5c 5c 09 7b c8 72 c9 c1 c1 81 e9 7a 26 5a ae be be 94 6d b4 09 7b 7f 5e 7a f8 6d b4 2d a4 41 e1 01 01 ec 9b 6a 8b 97 1b 2e 0e ab 93 6a 8b 58 b8
00:aa 19 68 aa 00 38 00 00 aa 8a 6d b4 0d 9c c0 c8 70 58 6d b4 00 00 00 00 00 00 6d b4 2d a4 00 00 2c 94 6d b4 2d a4 55 35 15 25 2d a4 8b 93 3d 2d 0d 0f 6a 8b 09 7b 25 2d 09 09 a8 6a a4 49 29 0d
00:aa 19 a0 aa 00 38 00 00 2d 2d 09 7b 26 5a ea 6a 6a 62 67 62 20 08 2d 09 0b 0b 03 39 20 08 58 5c 5e 56 43 41 e2 38 00 00 00 89 84 49 43 41 88 aa ba 55 46 62 43 41 5c 5c 5c 5e 09 7b 67 62 03 89
00:aa 19 d8 aa 00 38 00 00 c3 8b 29 7b 06 5a dc dc 5c 5c ae c4 ab 93 5e 5e 58 58 50 e5 6d b4 f5 b5 2d 0b ce d4 0d 9c f5 fd a9 8b ec 9b ab 93 a5 a9 2a 00 2d a4 6a 8b 70 d8 dc b6 6d b4 2d a4 80 80
00:aa 19 10 ab 00 38 00 00 00 40 6d b4 2d a4 34 04 03 01 6d b4 2d a4 05 05 01 40 2d a4 0c 9c ad ad a9 0a cb 9b 09 7b ad 2d 2f 2b c8 72 c4 51 2d 29 09 0b 09 7b c5 51 60 60 60 60 c8 6a e2 38 2d 0b
00:aa 19 48 ab 00 38 00 00 0b 0b e2 30 00 00 55 d5 95 15 41 18 00 00 dc d6 f7 ff 43 41 20 10 a8 e8 7a 7e 43 41 e2 38 00 95 55 55 e5 59 e2 38 dc 5c 56 57 09 7b 26 5a 8a ea 6a 6a 29 7b 06 5a 5c 5c
00:aa 19 80 ab 00 38 00 00 d8 dc ce cc ab 93 7c 78 78 78 b1 ed ae c4 09 09 89 ad 50 e5 8d bc cd c9 8b c3 8e c4 2d a4 57 d7 b7 0d 2d a4 6a 8b a7 2d 0d 0f 6d b4 cb 93 80 e0 60 70 6d b4 6d b4 00 00
00:aa 19 b8 ab 00 38 00 00 00 00 6d b4 2d a4 70 a0 00 00 6d b4 2d a4 05 09 09 09 ec 9b 6a 8b 2d 2d 35 35 4a 83 06 5a ad 2d 2d 2d 4a 83 e5 51 70 70 70 50 09 7b 06 5a 2d 2d 29 29 c5 51 00 08 95 95
00:aa 19 f0 ab 00 38 00 00 35 35 20 10 00 00 bb ea fa fa 61 20 00 00 f0 5c 5f f7 c2 30 20 10 80 aa 7a 56 43 41 e2 38 54 54 54 54 67 62 43 41 80 c0 e0 78 29 83 67 62 54 54 5c 5c ae c4 ab 93 78 78
00:aa 19 28 ac 00 38 00 00 68 78 ce d4 8d c4 01 01 05 01 70 e5 ee d4 42 c0 c0 c0 ce d4 6d b4 3d 2d 0f 03 6d b4 ec 9b f5 f5 0d 01 4d ac 8b 93 70 78 58 58 8d bc 6d b4 55 55 55 45 6d b4 2d a4 00 04
00:aa 19 60 ac 00 38 00 00 04 04 6d b4 2d a4 09 09 09 09 2d a4 6a 8b b5 35 2d 0d 4a 83 67 62 2d 2d 2d 2d 6a 8b e5 51 50 58 58 58 4a 83 67 62 2d 2d 2d 2d e5 51 00 00 25 25 2d 2d 20 10 20 08 a7 ba
00:aa 19 98 ac 00 38 00 00 a5 aa 81 20 00 00 7c de d6 f7 43 41 81 20 a8 f8 58 5e 05 5a 02 39 e0 f0 f8 5e 29 7b 06 5a 7c 5c 5c 5e 6d b4 6a 8b e0 60 60 7a ce d4 2d a4 02 0a aa 55 70 e5 8e bc 80 c0
00:aa 19 d0 ac 00 38 00 00 c0 5f 70 e5 ae c4 0d 0b 02 5d ae cc 2d a4 bd bd 35 f5 4d ac 29 7b b8 bc be f7 6d b4 ec 9b 00 00 00 55 6d b4 ab 93 08 0a 2a d5 4d ac ab 93 02 0a 0a 55 0d 9c 29 83 0b 0b
00:aa 19 08 ad 00 38 00 00 2b f5 4a 83 87 62 2d 2d 2d f5 4a 83 c4 51 58 d8 d8 5e 29 7b e5 51 0b 0b 0b ad e5 51 00 00 2d 2d 2d 2d 00 00 00 00 00 00 00 00 00 00 00 00 00 00 00 00 00 00 00 00 00 00
00:aa 19 40 ad 00 38 00 00 00 00 00 00 00 00 00 00 00 00 00 00 00 00 00 00 00 00 00 00 00 00 00 00 00 00 00 00 00 00 00 00 00 00 00 00 00 00 00 00 00 00 00 00 00 00 00 00 07 00 00 00 00 00 00 00
00:aa 19 78 ad 00 38 00 00 fc 00 00 00 00 00 00 0f f0 00 00 00 00 00 01 ff 80 00 00 00 00 00 1f f8 00 00 00 00 00 01 fb 80 00 00 00 00 00 1f f8 00 00 00 00 00 03 ff 80 00 00 00 00 00 3f 7c 00 00
00:aa 19 b0 ad 00 38 00 00 00 00 00 03 ff c0 00 00 00 00 00 7f ff 00 00 00 00 00 07 ff f0 00 00 00 00 00 7f ff 80 00 00 00 00 07 ff f8 00 00 00 00 00 7f fb c0 00 00 00 00 07 ff fe 00 00 00 00 00
00:aa 19 e8 ad 00 38 00 00 7f ff f0 00 00 00 00 07 7f ff 00 00 00 00 00 7f ff f8 00 00 00 00 07 ff ff 80 00 00 00 00 7f ff f8 00 00 00 00 07 ff ff c0 00 00 00 00 7f ff fc 00 00 00 00 03 ff ff c0
00:aa 19 20 ae 00 38 00 00 00 00 00 00 1f ff fc 00 00 65 69 20 08 55 55 5f 58 44 51 20 08 55 55 d5 0b 41 10 00 00 ff ff ff 3f 00 00 00 00 00 00 00 00 c6 79 20 08 58 58 5c 5e 27 92 a5 71 fd fe f8
00:aa 19 58 ae 00 38 00 00 f8 07 8a 81 20 95 2b 02 00 e6 89 00 00 55 d5 bd 0a 81 20 20 00 55 55 55 15 84 51 00 00 55 55 57 5c 24 59 20 10 5c 5c 80 00 07 8a 24 61 e0 e8 50 50 27 9a e6 81 aa aa 6a
00:aa 19 90 ae 00 38 00 00 a2 07 92 c6 79 25 01 fd d5 c6 79 81 20 b5 0b 00 00 65 69 20 08 55 d5 2d 0b 20 08 00 00 ff ff ff bf 20 08 00 00 ff 00 ff ff 24 61 20 08 58 58 58 70 24 61 e2 40 00 00 00
00:aa 19 c8 ae 00 38 00 00 54 c6 81 03 51 50 78 fa fd 27 9a e2 40 00 80 aa 5d e6 81 a2 30 02 02 0a 5f c6 79 24 61 60 5e 75 89 c6 79 24 61 01 80 9c 55 44 61 00 00 b5 0d 03 02 61 18 00 00 55 55 d5
00:aa 19 00 af 00 38 00 00 15 20 08 00 00 ff ff cc 20 64 59 20 08 60 c0 80 80 e2 38 20 08 3e 35 35 35 c2 30 20 08 0b 55 55 55 81 20 00 00 2f d5 f7 ff 41 18 20 08 58 56 ff ff e9 7a 20 10 0a ea 5f
00:aa 19 38 af 00 38 00 00 55 24 59 00 00 00 2b fd 55 24 59 41 10 00 e0 78 5e c2 30 00 00 15 15 15 15 03 39 00 00 56 5c 5c 5c 85 71 23 41 4a 7a 60 e0 44 51 20 08 35 2d 2d 0b 81 20 00 00 5f ff ff
00:aa 19 70 af 00 38 00 00 c0 c2 30 20 10 55 55 b6 02 81 20 20 10 55 53 0d 0d 20 08 00 00 ff ff fc fc 03 39 00 00 5c 54 54 54 23 39 20 08 95 15 15 15 44 51 20 08 5c 58 70 70 e6 81 24 61 5d 55 5a
00:aa 19 a8 af 00 38 00 00 58 4a 8b 44 59 55 6b c0 02 6a 8b 23 39 55 d5 2b 0a 46 62 c2 30 f5 d7 bf 0e c4 51 61 20 f5 ed aa 02 c2 30 20 10 5d 55 2b 0a 81 20 20 08 55 d5 a5 0b c2 30 20 08 54 54 54
00:aa 19 e0 af 00 38 00 00 54 c2 30 20 08 15 15 15 15 20 10 00 00 ab ab af ff a6 79 00 00 7a 7a 7a 78 c6 79 44 61 74 70 50 80 e6 81 85 71 09 a9 a0 a0 29 83 e6 81 c0 ec 5c 55 ab 93 c4 51 37 bc 38
00:aa 19 18 b0 00 38 00 00 ff a8 6a 05 5a d5 3d a2 5c c6 79 43 39 d5 ff 00 00 c6 79 c2 30 55 e8 a0 2a c6 81 c2 30 55 af 0a 02 03 51 20 08 d5 d5 35 0d 20 08 00 00 eb ff ff cf a6 79 20 10 78 68 68
00:aa 19 50 b0 00 38 00 00 7a 27 92 44 59 aa 2a bf d7 e8 7a e5 59 ff 5f 7a e0 09 7b 67 62 55 ff aa 02 c8 72 05 5a bd 25 0b 00 c6 79 06 5a 00 00 ef f5 c6 79 24 59 15 05 55 55 85 71 81 20 80 aa ad
00:aa 19 88 b0 00 38 00 00 b5 24 59 00 00 0b 02 a2 5f 81 20 00 00 d5 d5 15 f5 64 49 20 08 55 55 55 58 e5 59 20 10 60 e0 a0 00 c8 72 06 5a 5f fe c0 80 4a 83 a7 6a 78 a8 83 a5 29 7b 05 5a 0a 2b bf
00:aa 19 c0 b0 00 38 00 00 df 09 7b 67 62 97 55 55 c2 09 7b 67 62 c0 7e 55 00 e9 72 66 62 29 0b aa 2e c8 6a a4 49 d5 af 2a 00 05 5a 20 10 ad 2d 29 02 23 39 20 08 55 55 55 2d 20 08 00 00 fe ff ff
00:aa 19 f8 b0 00 38 00 00 f2 e2 30 00 00 55 55 57 54 66 62 41 18 5e 78 e0 80 c8 72 67 62 56 5e 60 a0 e8 7a 67 62 a0 80 03 0d e8 72 e5 51 2f b5 d7 5e 6a 8b 26 5a 5e 78 e8 a0 cb 93 09 7b 77 60 80
00:aa 19 30 b1 00 38 00 00 00 cb 9b 29 83 55 2a 00 00 ab 93 c8 72 d5 3d 0f 03 e8 7a c8 6a ff ff bf 0f e9 72 67 62 d5 a9 a2 a2 87 6a a2 28 ad 2a 0a 02 e5 51 00 08 55 b5 0d 03 20 08 00 00 2f e3 fc
00:aa 19 68 b1 00 38 00 00 bf 20 08 00 00 ff ff 3f c0 a4 49 00 00 56 5c 58 58 c8 72 e5 51 7a 6a e0 e0 e8 7a c8 6a f0 f0 c0 00 c8 72 c5 51 09 2d 05 b5 09 7b e5 51 5e 78 68 e0 8b 93 e8 7a 60 a0 80
00:aa 19 a0 b1 00 38 00 00 aa cb 93 4a 8b 00 00 aa df cb 93 6a 8b 00 2e 5f e0 cb 9b cb 93 ad aa ea ea ab 93 e8 72 b5 2d 0d 0b 6a 8b e8 72 7e fa 40 70 8b 93 46 62 bd ab 02 00 e8 7a 26 5a 5d df 3e
00:aa 19 d8 b1 00 38 00 00 0a a8 6a 20 08 55 b5 2d 09 00 08 00 00 fe ff ff bf e5 59 00 00 58 58 58 78 c8 6a 46 62 e0 60 70 70 e8 7a a8 6a 0b 0b bd fd 46 62 c4 51 37 16 14 16 4a 83 87 62 68 e8 e8
00:aa 19 10 b2 00 38 00 00 e8 6a 8b 09 7b 82 ac 90 62 cb 93 6a 8b 5c fc 58 80 0b ac 8b 93 f7 d5 88 80 2d 9c cb 9b ff bf 2b 03 2d a4 09 7b a9 ab 0a 82 ab 93 09 7b 5c d4 96 b7 ec 9b ab 93 55 af ee
00:aa 19 48 b2 00 38 00 00 4a ab 93 c8 72 b5 2d 09 0b c8 6a e5 59 09 01 a2 28 05 5a 20 08 55 d5 95 35 00 00 00 00 00 00 00 00 e5 59 20 08 78 78 78 78 c8 6a 46 62 70 70 7c 7e c8 6a 46 62 a2 3f fd
00:aa 19 80 b2 00 38 00 00 fd 06 5a c4 51 98 d4 d4 d4 e8 7a 87 62 80 e0 50 68 8a 93 4a 83 76 dc dc 7a cb 9b cb 93 aa aa 9a ab 0b ac ec 9b 40 42 71 59 ec 9b 6a 8b 0a bf fd f5 2d a4 6a 8b 80 e0 7c
00:aa 19 b8 b2 00 38 00 00 57 cb 93 09 7b 27 25 2d ad ec 9b 6a 8b cb 68 68 60 cb 9b 4a 83 0d 09 03 02 09 7b 26 5a bf 37 25 2d e5 59 20 08 25 25 0d 0d 00 00 00 00 00 00 00 00 43 41 00 00 70 70 78
00:aa 19 f0 b2 00 38 00 00 58 67 62 84 49 e0 e8 7e 5f 67 62 05 5a 08 00 85 65 26 5a 43 49 bc b6 94 de e8 72 05 5a e0 e8 7e 7e ab 93 09 7b 70 78 68 68 2d a4 ab 93 ef 76 fc ff ec 9b ab 93 03 a5 a5
00:aa 19 28 b3 00 38 00 00 a5 8b 93 09 7b 0b 0b 29 2d 4a 83 c8 6a 00 2f d5 55 29 83 c8 6a 02 aa 57 57 0c 9c 6a 83 60 62 62 63 ab 93 c8 72 b5 ad 2d 0b a7 6a 03 39 ad a9 2b 2a 43 49 20 08 55 d5 b5
00:aa 19 60 b3 00 38 00 00 2d 00 00 00 00 00 00 00 00 c2 38 00 00 58 5c 5c 5e a4 49 e2 38 a0 ea 5a 5f e5 59 43 41 80 f8 fa 5f e5 51 43 41 2a ab af f5 67 62 43 49 a0 e8 e8 78 4a 83 87 6a e0 70 78
00:aa 19 98 b3 00 38 00 00 78 ab 93 4a 83 00 eb 75 55 8b 93 09 7b 0a aa ff 55 4a 83 e8 7a 05 35 d5 55 6a 8b c8 72 55 5f 7a e0 4a 83 c8 72 55 f5 35 3f 0c 9c 09 7b 60 60 60 60 2d a4 ab 93 d5 37 8d
00:aa 19 d0 b3 00 38 00 00 ff cb 93 4a 83 05 0d 0d 09 09 7b 05 5a b5 a5 2d 2d e5 59 02 39 b5 ad af 2f 43 41 00 08 55 d5 b5 2d 20 08 00 00 fc ff ff ff c2 38 00 00 5e 5c 5c 5c 43 41 c2 30 ff fd bf
00:aa 19 08 b4 00 38 00 00 00 43 41 e2 38 60 5f 55 15 43 41 e2 38 00 00 50 50 05 5a 43 41 e0 f8 78 7e 09 7b 26 5a e0 e0 78 7a 4a 83 09 7b 05 d5 5d 70 4a 83 e8 72 f3 f3 e9 2d 8a 8b 67 62 fe fe fa
00:aa 19 40 b4 00 38 00 00 78 ab 93 4a 83 5a 78 c0 00 8b 93 09 7b d5 bb ab 02 ab 93 09 7b 60 fe fe aa cb 93 6a 8b 00 00 ea 7a cb 93 4a 83 09 09 a9 ab 4a 83 a7 6a bd ad 2d 09 26 5a 84 49 b7 bf 2f
00:aa 19 78 b4 00 38 00 00 2d 46 62 a2 28 b5 ad ab 8a 43 39 00 00 55 55 95 35 20 08 00 00 0f 8f cb eb 43 41 00 00 5c 58 58 58 e5 51 43 49 55 7a ea 80 c4 51 03 39 f5 2d 0f 03 a4 49 43 41 7c 5c 55
00:aa 19 b0 b4 00 38 00 00 d5 c8 6a c4 51 f8 78 7e 5e ec 9b 09 7b 7f 7a 70 60 4a 83 67 62 2b 09 09 09 cb 93 67 62 78 78 78 78 ae cc ec 9b 5d 6a ea e8 8e c4 0c 9c 55 ff ab 0a 2c ac ab 93 55 f5 2b
00:aa 19 e8 b4 00 38 00 00 00 eb 9b 6a 8b 5f ff af 02 8b 93 6a 8b a9 aa aa aa ab 93 e8 72 8d a9 29 0b c8 72 84 49 bd 2d 29 2b 67 62 c4 51 eb e3 43 62 05 5a 41 18 b5 2d 0b 02 41 10 00 00 ff ff 3f
00:aa 19 20 b5 00 38 00 00 3f a4 49 20 08 58 58 58 58 05 5a c4 51 40 40 40 40 46 62 e5 51 f5 fd ff 03 05 5a 43 41 d5 bf 2a 00 e5 59 43 41 d5 95 b5 2f 87 6a 43 41 78 7e 7e 57 ab 93 09 7b 40 e8 60
00:aa 19 58 b5 00 38 00 00 60 8a 8b a8 6a 2d 0d 2d bd cb 93 67 62 78 f8 e8 f8 ce d4 2d a4 78 78 78 78 ce d4 8d c4 15 25 05 05 8d c4 6d b4 15 05 05 0d 6d b4 cb 9b bd 0b 02 00 0c ac ab 93 55 d5 b5
00:aa 19 90 b5 00 38 00 00 2b 8b 93 29 7b 01 ad af 0b 09 7b 05 5a 2d 2f 2b 0b 87 6a e5 51 5a 58 50 d8 c8 6a c4 51 bd ad 2d 29 a4 51 00 08 95 b5 25 2d 00 00 00 00 00 00 00 00 a4 49 20 08 50 78 70
00:aa 19 c8 b5 00 38 00 00 70 26 62 e5 51 7e 7c 7c 7c 67 62 00 00 00 00 00 00 67 62 05 5a 95 01 02 0b e5 59 a4 49 3d 23 2f 2f c5 51 63 49 54 d4 a8 aa 4a 83 26 5a e0 e0 68 6a 4a 83 e8 72 cd 0d fd
00:aa 19 00 b6 00 38 00 00 7b ab 93 c8 6a 78 78 78 78 ce d4 2d a4 78 78 78 78 ce d4 ae cc 03 00 00 03 ce d4 6d bc fd ff ff fc ae d4 6d b4 fd ff bf 0a ae c4 2d a4 f5 fd ad 0b 0c 9c 6a 8b bd 2d 09
00:aa 19 38 b6 00 38 00 00 0b 6a 8b c8 72 b5 b5 2d 29 a7 6a c5 51 9c bc b4 b4 09 7b 06 5a ad 29 0b 0b e5 59 61 18 2d 2d 29 0b 20 10 00 00 ff ff ff bf a4 49 00 08 70 78 78 58 06 5a e5 51 68 68 6a
00:aa 19 70 b6 00 38 00 00 6a 67 62 05 5a 00 00 6a 55 67 62 06 5a 01 05 15 55 05 5a c5 51 15 05 25 55 c4 51 00 00 00 00 00 00 87 6a c4 51 60 50 5a 57 09 7b 26 62 80 c0 e0 7a 8a 8b c8 72 dc 5c 5e
00:aa 19 a8 b6 00 38 00 00 5e 8e c4 ab 93 e0 e0 78 78 ce d4 8e c4 00 00 80 40 ce d4 ce d4 00 00 00 00 50 e5 ce d4 55 55 55 70 50 e5 8d c4 f5 ff ff 0b ce d4 2d a4 55 95 b5 2d ab 93 09 7b 3d 2d 2d
00:aa 19 e0 b6 00 38 00 00 0d a7 6a c5 51 24 26 27 2d 29 83 c8 6a a9 ab 82 62 a8 6a 03 39 2d 09 0b 03 c2 30 00 00 d5 d5 95 15 43 41 20 08 58 58 5c 54 05 5a 84 49 c0 c0 62 7f 05 5a c4 51 00 00 c0
00:aa 19 18 b7 00 38 00 00 55 05 5a 84 49 02 01 ad ff c4 51 64 49 e0 a0 a4 96 05 5a c4 51 55 55 56 54 05 5a c4 51 6c 40 80 00 a8 6a c4 51 e0 f8 f8 de 29 83 c8 6a 54 54 56 57 4d ac 6a 8b 60 78 78
00:aa 19 50 b7 00 38 00 00 58 ce d4 6d b4 c0 c0 e0 70 ce d4 00 00 00 00 00 00 70 e5 ce d4 70 70 40 40 91 e5 0f dd a9 aa aa 00 ce d4 2d a4 29 0b 02 02 2d a4 6a 8b 35 25 25 2d c8 72 c5 51 2d 0d 0d
00:aa 19 88 b7 00 38 00 00 09 4a 83 66 62 80 80 c0 40 29 7b e5 51 2d 29 2b 2b 05 5a 00 08 95 b5 35 35 00 00 00 00 00 00 00 00 c2 30 00 00 5c 57 57 57 84 49 81 20 80 e0 7a 5e c4 51 43 41 00 2a df
00:aa 19 c0 b7 00 38 00 00 55 a4 49 03 39 0a aa a9 7f a4 49 43 49 30 fc f0 f8 05 5a c4 51 58 50 40 c0 66 62 06 5a 55 dd 15 25 06 5a c4 51 94 a5 ad a9 c8 6a c4 51 a8 ea 7a 7a 2d a4 e8 7a 78 7e 5e
00:aa 19 f8 b7 00 38 00 00 5e ce d4 0d 9c e0 f8 78 7e 50 dd ce d4 55 55 55 54 b1 ed ce d4 68 68 a8 a8 d2 ed d2 ed 00 00 00 00 d2 ed ce d4 a5 a9 2b 0b ce d4 ec 9b b5 bd 3d 2d 6a 8b 26 5a ad 2d 2d
00:aa 19 30 b8 00 38 00 00 2d 8b 93 e5 51 60 60 60 60 4a 83 a7 6a 2d 2d 03 03 46 62 20 08 25 2d 2d 2d 00 00 00 00 00 00 00 00 c2 30 00 00 e8 7a 5e 5f e2 38 81 20 00 00 c0 5e 43 41 e2 38 e0 50 50
00:aa 19 68 b8 00 38 00 00 50 c4 51 43 49 50 50 50 50 67 62 c5 51 7f 7c 78 5c a8 6a 46 62 d7 df ff f3 67 62 c5 51 0d 03 00 00 67 62 c4 51 5c 57 d5 35 6a 8b e5 51 e0 e8 78 5e 8d bc ab 93 60 70 7c
00:aa 19 a0 b8 00 38 00 00 5c 70 e5 ae c4 fc 78 78 78 d2 ed 70 e5 50 54 54 56 d2 ed 00 00 00 00 00 00 d2 ed 70 e5 05 01 01 01 ce d4 2d a4 3d 2d 2d 2d ec 9b 87 6a ad ad 2d 2d 6a 83 05 5a 70 f0 d8
00:aa 19 d8 b8 00 38 00 00 d8 8b 93 09 7b 3d 3d 3d 35 67 62 20 10 2d 0b 0b 0b 20 08 00 00 bf 3f 3f 3f 61 20 20 08 f0 dc f4 ff 43 41 a2 30 f0 78 7c 56 c4 51 43 41 f0 78 5e 55 05 5a 84 49 c0 f0 fc
00:aa 19 10 b9 00 38 00 00 7e 67 62 c5 51 c0 e0 fc 5f 87 6a 26 5a aa aa aa 57 67 62 c4 51 0d 03 00 00 a7 6a c5 51 58 5c 57 d5 0c 9c 06 5a a0 e0 78 7e ce d4 2d a4 80 a0 fa 55 70 e5 8e bc 00 00 f0
00:aa 19 48 b9 00 38 00 00 57 d2 ed ce cc 00 00 00 57 d2 ed ce cc 02 02 02 fd 50 e5 2d a4 3d 3d 3d f5 0c 9c c8 72 2d 2d 2d b5 8b 8b 84 49 f8 fc f6 f6 6a 8b a8 6a 2b 2b 2b fd c8 6a e2 38 2d 2d 2f
00:aa 19 80 b9 00 38 00 00 ad 61 18 00 00 15 15 15 15 00 00 00 00 00 00 00 00 00 00 00 00 00 00 00 00 00 00 00 00 00 00 00 00 00 00 00 00 00 00 00 00 00 00 00 00 00 00 00 00 00 00 00 00 00 00 00
00:aa 19 b8 b9 00 38 00 00 00 00 00 00 00 00 00 00 00 00 00 00 00 00 00 00 00 00 00 00 00 00 00 07 00 00 00 00 00 00 00 7c 00 00 00 00 00 00 0f f0 00 00 00 00 00 00 ff 80 00 00 00 00 00 1f f8 00
00:aa 19 f0 b9 00 38 00 00 00 00 00 00 01 ff c0 00 00 00 00 00 1f fc 00 00 00 00 00 01 ff c0 00 00 00 00 00 3f fc 00 00 00 00 00 07 ff 80 00 00 00 00 00 ff fc 00 00 00 00 00 0f ff e0 00 00 00 00
00:aa 19 28 ba 00 38 00 00 00 ff ff 00 00 00 00 00 0f ff f0 00 00 00 00 00 ff ff 80 00 00 00 00 0f ff fc 00 00 00 00 00 ff ff e0 00 00 00 00 0f ff ff 00 00 00 00 00 ff ff f0 00 00 00 00 0f ff ff
00:aa 19 60 ba 00 38 00 00 00 00 00 00 00 ff ff f8 00 00 00 00 0f ff ff 86 00 00 00 00 ff ff ff e0 00 00 00 1f ff ff fe 00 00 00 00 ff ff ff e0 00 20 08 00 00 00 ff ff ff 20 08 00 00 0b c2 f8 fc
00:aa 19 98 ba 00 38 00 00 00 00 00 00 00 00 00 00 20 08 00 00 ff ff cf cf 00 00 00 00 00 00 00 00 00 00 00 00 00 00 00 00 00 00 00 00 00 00 00 00 00 00 00 00 00 00 00 00 00 00 00 00 00 00 00 00
00:aa 19 d0 ba 00 38 00 00 20 08 00 00 cf 0f ff ff 00 00 00 00 00 00 00 00 00 00 00 00 00 00 00 00 43 49 20 08 55 55 57 54 c6 79 41 18 57 7a a0 80 85 71 20 08 55 b5 2d 09 00 00 00 00 00 00 00 00
00:aa 19 08 bb 00 38 00 00 20 08 00 00 ff 0f cf 2f 00 00 00 00 00 00 00 00 03 41 00 00 55 55 57 78 81 20 00 00 55 55 ff 2f c6 79 20 08 5e 5a 68 e0 e6 81 24 61 40 00 0a 0b c6 81 c2 30 01 02 00 80
00:aa 19 40 bb 00 38 00 00 64 69 20 08 55 d5 35 2d 00 00 00 00 00 00 00 00 20 08 00 00 ff ff cc 22 20 08 00 00 bf ff be fe 64 59 00 08 57 70 40 c0 24 61 03 51 7a aa a2 55 24 61 a2 28 d5 bc 00 aa
00:aa 19 78 bb 00 38 00 00 07 8a 44 61 68 a0 a0 78 27 92 c6 79 0d 03 a3 e1 c6 79 24 61 dc 15 05 95 c6 79 20 10 09 0b aa aa e2 38 00 00 55 d5 95 35 20 08 00 00 fa ff f3 f3 64 51 20 08 55 57 56 58
00:aa 19 b0 bb 00 38 00 00 84 59 61 20 83 0d 0d 2d 41 18 20 08 1c 7f ff c5 82 28 00 00 2c ff 7e 75 24 61 20 08 e0 5f d5 55 e6 79 20 10 82 fa 58 5c 88 82 24 61 55 55 55 2d 24 61 e2 38 00 00 09 25
00:aa 19 e8 bb 00 38 00 00 24 59 20 08 25 0d 03 a2 c2 30 20 08 55 55 d5 35 20 08 00 00 cf cf ef cf c6 79 20 08 5a 7a 7a 78 24 59 20 10 0d 0d 0b 0b 81 20 20 10 d5 55 50 00 81 20 20 08 f5 ff 00 00
00:aa 19 20 bc 00 38 00 00 81 20 20 10 57 54 00 00 23 39 20 10 5c 55 fd f7 a5 69 61 18 02 6b 55 55 e2 38 20 08 00 a8 5c 56 24 61 e2 38 5c 00 80 80 24 61 20 08 35 25 25 25 20 08 00 00 cf ec fc f8
00:aa 19 58 bc 00 38 00 00 a5 61 61 20 68 e8 e8 a0 4a 8b c5 51 55 e2 7b ff 67 62 c2 30 55 0b 0a 00 46 62 c2 30 d5 ff bf 2a c5 51 a2 28 75 fd ab 0a e2 38 61 18 fd fd bf 2f 61 20 00 00 f5 bd 3f 0b
00:aa 19 90 bc 00 38 00 00 61 18 00 00 f8 54 57 d7 24 59 20 10 80 a0 e0 78 44 51 00 00 25 35 95 95 e2 30 00 00 55 55 57 74 06 5a 20 10 57 58 e0 00 e8 7a 26 5a 57 7a a0 80 c8 72 05 5a a0 02 0b 3d
00:aa 19 c8 bc 00 38 00 00 c8 72 46 62 bf ba 5c 70 ab 93 67 62 55 d5 fe 80 ab 93 e5 51 55 d5 ab 02 87 6a 43 41 55 f5 aa 00 c6 79 81 20 55 fd 02 00 85 71 20 08 55 d5 bf 0b 03 41 20 10 70 52 f3 f3
00:aa 19 00 bd 00 38 00 00 21 10 00 00 bf bf ff af 43 41 00 00 55 55 57 5c e8 72 20 10 5e 7a e8 a0 09 7b 87 6a 5f 6a 80 00 e8 7a e5 51 02 0b 29 25 e8 7a e5 51 f7 5c 78 60 8b 93 e8 72 5c e0 a0 82
00:aa 19 38 bd 00 38 00 00 cb 93 4a 8b 80 a2 af d5 cb 9b 4a 83 00 ff fd 55 6a 8b 66 62 2d 0b 00 00 09 7b c6 79 55 d5 15 0b 07 8a 24 61 09 0a 6a df c6 79 00 00 bd 2d 29 0b 20 08 00 00 ff ff bf 3e
00:aa 19 70 bd 00 38 00 00 87 6a 20 08 5e 78 e0 e0 09 7b 87 6a 58 e0 a0 80 4a 83 87 6a aa 83 8b 0d 67 62 c4 51 35 37 96 94 4a 83 66 62 70 60 e0 a0 6a 8b 09 7b 02 2a ae 5a ab 93 09 7b b6 6e a8 a0
00:aa 19 a8 bd 00 38 00 00 cb 93 29 83 df 2a 00 00 ab 93 6a 8b 56 ba 3e 79 ab 93 c8 6a 2d 0b 02 80 29 7b e5 59 b5 ad 2b 0a 67 62 e2 38 89 a3 ab 02 41 18 00 00 b7 35 1f 37 e2 30 00 00 57 76 74 74
00:aa 19 e0 bd 00 38 00 00 e8 7a 64 41 78 e8 e8 e8 4a 83 09 7b 56 5c 50 40 4a 83 87 6a 0d 2d 2d bd 67 62 c4 51 d8 d8 d8 f8 4a 83 c8 72 f3 fe 7c 5c 8b 93 29 7b 6f de b8 aa cb 93 6a 8b 60 00 aa 80
00:aa 19 18 be 00 38 00 00 cb 93 6a 8b 00 2e 1f 20 cb 93 6a 8b d5 d5 15 15 ab 93 e8 72 b0 bc bd d5 ec 9b e8 7a 25 0b 7a 55 6a 83 46 62 fd ab 82 82 c8 72 00 00 b5 2d 03 02 a2 28 20 08 55 55 55 15
00:aa 19 50 be 00 38 00 00 23 39 20 08 54 54 5c 5c c8 72 c4 51 e8 68 68 78 4a 83 09 7b 80 58 58 58 09 7b 87 6a 2f 29 2d 2d 67 62 c4 51 fc de 9e 96 49 83 67 62 68 ee fe df 6a 8b 09 7b 80 a8 90 62
00:aa 19 88 be 00 38 00 00 cb 9b ab 93 a6 5a aa 6a ec 9b 6a 8b ae bf 29 35 6a 8b 09 7b 02 0a 29 a5 29 83 c8 6a 15 95 97 da 4a 83 c8 72 55 7d ee 02 6a 83 09 7b 60 50 57 55 09 7b c8 6a 15 25 07 05
00:aa 19 c0 be 00 38 00 00 87 6a 20 08 95 25 2d 09 20 08 00 00 3f 8f cf eb 43 41 00 00 5c 5c 5c 5c 67 62 c4 51 70 78 78 7a 09 7b 26 5a 80 a0 f8 7f 09 7b 67 62 29 25 a5 e5 06 5a c4 51 98 16 27 25
00:aa 19 f8 be 00 38 00 00 c8 6a 46 62 3c fc fc 5f 4a 83 c8 72 e0 70 5e 57 cb 9b 4a 83 00 00 e2 7b 8a 93 4a 83 2a be 95 ed 8b 93 a7 6a ab 8b 8d ad ab 93 87 6a fe 7e 7a 78 2d a4 6a 8b 55 fb c0 00
00:aa 19 30 bf 00 38 00 00 4d ac 09 7b d5 ff aa 0a ab 93 c8 72 fd ad 0b 00 c8 72 61 18 09 0b 02 02 e2 30 20 08 55 55 d5 15 23 39 20 08 5c 54 54 57 05 5a 43 41 80 c0 60 78 67 62 c5 51 f0 fe f7 f5
00:aa 19 68 bf 00 38 00 00 a7 6a 06 5a 8a aa 77 55 67 62 c5 51 35 35 2d 0d 67 62 c5 51 70 7c 5f 57 c8 72 67 62 68 78 5a 55 4a 83 67 62 00 aa fe dc ec 9b 6a 8b 55 6b e3 82 8b 93 87 6a ad ad 2d 0b
00:aa 19 a0 bf 00 38 00 00 ab 93 67 62 78 78 f8 f8 ae c4 0d 9c 7a 68 60 60 ce d4 6d b4 d5 b5 2f 0b 6d bc eb 9b b5 0a 00 00 6d b4 6a 8b f5 af 0a 00 6d b4 e2 30 d5 bd ab 02 e9 7a 20 08 55 55 d5 25
00:aa 19 d8 bf 00 38 00 00 41 18 00 00 ac 57 57 5f 05 5a c2 30 e8 78 7e 7e 05 5a a4 49 02 02 ff 7f e5 59 43 41 a8 b8 be 5f 46 62 c5 51 0d ff 7f 7f 05 5a 84 49 1e d7 f5 77 67 62 c4 51 f0 7e 5f 57
00:aa 19 10 c0 00 38 00 00 29 7b 06 5a fc fc 5c 5c 2d a4 ab 93 42 42 43 43 ab 93 09 7b 2d 0b 02 02 6a 8b c8 72 5c dc b8 a0 ae cc ec 9b 78 7a 5a 5a ce d4 ae c4 00 80 40 60 ae c4 8d c4 ff bf bf 20
00:aa 19 48 c0 00 38 00 00 ce d4 8d bc fd ff e0 00 ce d4 6d b4 d5 ff 00 00 ae c4 e2 28 ad 0b 02 00 ab 93 00 08 55 d5 b5 2d 41 10 00 00 fb fc fc fc 84 49 a2 28 68 e0 a0 80 a4 51 43 41 ff fd f5 00
00:aa 19 80 c0 00 38 00 00 43 41 e2 38 00 1f d5 05 e5 59 e2 38 e0 fa 5e 5e e5 59 a4 49 f3 db fe d7 84 49 43 49 f0 fc be 3f c8 6a c4 51 fc 7c 5e 57 ec 9b c8 72 82 82 c2 6a 8b 93 4a 83 80 70 5a 56
00:aa 19 b8 c0 00 38 00 00 8b 93 29 7b bc a5 8f 0f 2d a4 4a 83 60 70 70 78 ce d4 6d b4 c0 e0 78 78 ce d4 00 00 00 00 00 00 ce d4 00 00 00 00 00 00 70 e5 ce d4 55 60 80 80 70 e5 8e c4 fd 02 00 00
00:aa 19 f0 c0 00 38 00 00 ae cc 81 28 2d 0b 02 00 29 83 20 08 55 55 d5 35 e2 30 20 08 57 57 54 54 46 62 64 41 7a 7a 68 e0 67 62 66 62 eb aa aa aa 67 62 43 41 b5 2d 2f 2f 64 41 02 39 58 58 aa 2a
00:aa 19 28 c1 00 38 00 00 a4 49 23 39 e8 f8 ff 7f 64 49 43 41 2a aa 57 55 c5 51 43 41 f8 fe 5f 57 4a 83 a4 49 c0 e0 78 7e 4a 83 c8 72 a0 be d7 55 cb 93 e9 7a 2b ab eb 7b cb 9b 4a 83 e0 70 58 58
00:aa 19 60 c1 00 38 00 00 ae cc 2c ac 78 7a 7a 5e ce d4 ae cc 00 00 00 c0 70 e5 ce d4 55 54 5c 40 d2 ed 70 e5 57 56 58 70 d2 ed 70 e5 ad 00 00 00 d2 ed ce d4 a5 a9 2b 2b 6d b4 61 18 35 2d 09 03
00:aa 19 98 c1 00 38 00 00 21 10 00 00 ff ff bf 3f 03 39 20 08 56 54 54 54 c8 6a c4 51 7a 6a 68 e8 09 7b 67 62 75 ea aa a0 29 7b 05 5a f5 ab ab 02 67 62 43 41 d5 af 0b 02 05 5a 43 41 55 d5 ba 22
00:aa 19 d0 c1 00 38 00 00 c5 51 43 41 55 67 ab 2e a4 51 43 41 55 57 bf 00 e5 51 43 49 60 68 ea aa 87 6a 06 5a 8a 0a ea 55 4a 83 87 62 c0 78 7e 57 cb 93 09 7b f8 f8 5e 57 6d b4 6a 8b e0 e0 e8 7a
00:aa 19 08 c2 00 38 00 00 ce d4 6d b4 c0 e0 50 50 70 e5 ef d4 40 00 40 40 d2 ed 70 e5 70 55 55 55 d2 ed 00 00 00 00 00 00 d2 ed 70 e5 0d 09 01 02 50 e5 4d ac ad 2d 2b 02 cb 9b 20 08 55 d5 95 35
00:aa 19 40 c2 00 38 00 00 84 49 20 08 54 54 54 5c c8 6a 06 5a 60 60 60 40 4a 83 c8 72 7c f0 f0 f0 4a 83 09 7b 0d 09 00 00 09 7b 06 5a b5 2d 0b 0b 46 62 e5 51 f7 ff 15 bf 05 5a c5 51 35 05 0a 02
00:aa 19 78 c2 00 38 00 00 06 5a c4 51 55 55 aa 8a 05 5a c4 51 5f 40 00 00 46 62 e5 51 7f 7f ff 8a 87 62 e5 51 fc ff ff fd 29 7b e5 51 a0 e8 fe 5f ab 93 c8 72 80 e0 7a 5f ae cc 0c 9c e8 68 7a 5e
00:aa 19 b0 c2 00 38 00 00 70 e5 ae c4 c0 c0 70 5c 70 e5 00 00 00 00 00 00 d2 ed 70 e5 40 40 40 60 d2 ed b1 ed 01 03 03 00 d2 ed ce d4 a9 aa 2b 0a 8e c4 41 10 35 25 25 0d 84 49 00 00 5c 5c 5c 5c
00:aa 19 e8 c2 00 38 00 00 c8 6a 06 5a 40 60 60 68 29 83 c8 6a e0 e8 ea 6a 4a 83 09 7b 00 00 00 59 09 7b 67 62 09 29 29 29 67 62 05 5a 05 0d 01 00 46 62 05 5a 55 55 55 00 46 62 05 5a 65 5a 50 50
00:aa 19 20 c3 00 38 00 00 a8 6a 05 5a 5a ea aa a0 c8 72 67 62 55 55 ce a0 c8 6a 05 5a d5 a5 09 00 66 62 c4 51 57 55 d5 35 a7 6a a4 51 e0 78 5e 55 2d a4 a7 6a e0 f8 7a 5e ce d4 2d a4 c8 e0 78 5f
00:aa 19 58 c3 00 38 00 00 70 e5 ae cc 00 c0 40 50 d2 ed 70 e5 50 5c 54 54 d2 ed 00 00 00 00 00 00 d2 ed 70 e5 09 01 03 00 50 dd 44 41 0d 09 0b 02 23 39 00 00 d5 d5 95 15 84 49 00 00 5c 5c 5c 5c
00:aa 19 90 c3 00 38 00 00 c8 6a 05 5a 68 78 78 78 09 7b c8 6a 40 40 7f 55 09 7b c8 6a 00 00 fd 55 e9 72 67 62 29 a9 ad b5 67 62 00 00 00 00 00 00 67 62 00 00 00 00 00 00 67 62 46 62 9a 9a aa aa
00:aa 19 c8 c3 00 38 00 00 c8 6a 67 62 50 54 40 40 c8 72 c8 6a fa fa fa dc 4a 83 c8 72 5a 78 78 b8 8b 93 a7 6a d5 af 82 a0 6a 8b c4 51 55 d5 bd 0b e8 7a c4 51 78 5e 57 55 0c a4 87 6a e0 f8 7e 5f
00:aa 19 00 c4 00 38 00 00 ce d4 2d a4 a0 e8 72 5e d2 ed ce d4 a8 68 7a 5e d2 ed 70 e5 00 00 00 c1 d2 ed 70 e5 00 05 f5 55 70 e5 4d b4 09 0b 03 00 cb 9b 00 00 95 35 25 0d 21 08 00 00 ff ff ff c0
00:aa 19 38 c4 00 38 00 00 a8 6a 00 00 55 55 57 5c 03 39 00 00 78 68 ea aa 67 62 e2 38 a0 e8 7a 7e c8 6a 05 5a 80 aa fe 55 c8 6a 05 5a 02 aa bd 55 67 62 06 5a 00 00 50 57 67 62 00 00 00 00 00 00
00:aa 19 70 c4 00 38 00 00 c8 6a 67 62 55 55 55 50 c8 6a 67 62 55 68 60 00 c8 6a 87 6a 40 00 00 00 e8 72 a8 6a f7 fe eb c0 4a 83 e8 72 c8 48 78 70 ab 93 4a 83 7a 58 78 78 0d 9c cb 93 f5 ff ff f0
00:aa 19 a8 c4 00 38 00 00 ec 9b e5 51 d5 ad 0a 00 c8 72 c5 51 78 5e b6 0d 2d a4 e8 7a e0 78 5e 57 ce d4 cb 93 a0 e8 7a 5f 70 e5 6d b4 00 80 e0 78 b2 ed 70 e5 55 55 55 54 d2 ed 70 e5 4d c3 80 00
00:aa 19 e0 c4 00 38 00 00 ae cc e2 30 0d 09 0b 03 a4 49 00 00 55 55 55 dc 6d b4 00 00 55 57 fa 80 30 dd 20 08 55 fe a8 00 70 e5 81 20 55 aa 00 00 74 f6 06 5a 55 ea 00 00 70 e5 46 5a 5e a8 00 00
00:aa 19 18 c5 00 38 00 00 81 20 00 00 55 54 56 55 c2 30 00 00 a7 a7 ae 8a a4 49 81 28 78 5e 5e 57 05 5a 43 41 80 aa ff 55 05 5a 84 49 a0 ff 7f 5f 26 5a c4 51 a8 e8 58 5c a8 6a 67 62 55 55 55 54
00:aa 19 50 c5 00 38 00 00 c8 6a 67 62 70 80 80 00 c8 6a 00 00 00 00 00 00 09 7b c8 72 5d 7c 78 60 09 7b c8 72 55 bd 3d 00 6a 8b c8 72 f8 78 7e ff cb 93 4a 83 78 78 f8 e8 0c 9c cb 9b f0 fc fc fc
00:aa 19 88 c5 00 38 00 00 2d a4 00 00 00 00 00 00 2d a4 46 62 09 02 00 00 ec 9b 26 5a 5f d5 35 0d 8b 93 46 62 a0 e8 7a 5e ae cc 8a 8b e0 7c 5f 57 70 e5 4d b4 00 80 40 60 d2 ed 91 ed 00 00 00 69
00:aa 19 c0 c5 00 38 00 00 70 e5 ab 93 2d 2b 2b 2a 6d b4 82 18 de a8 00 00 d2 ed ce d4 5a 68 a8 a8 d2 ed 70 e5 70 00 00 00 95 f6 d2 ed 60 56 55 55 54 f6 ce d4 0a aa bf d5 b1 ed 6d bc 0a 0b 2d a5
00:aa 19 f8 c5 00 38 00 00 e2 38 61 18 83 82 82 40 82 28 81 20 aa aa aa aa e2 38 81 20 00 e8 ff ff 84 49 e2 38 80 a0 6a 56 26 5a 84 49 f8 f8 7a 7f 87 6a 06 5a a8 a8 6a 55 c8 6a 26 5a 00 f0 f0 5a
00:aa 19 30 c6 00 38 00 00 e8 72 87 6a a0 a0 aa 55 09 7b 87 6a 80 a0 fc 55 09 7b 87 6a 00 00 00 55 4a 83 87 6a a8 a8 aa 5f ab 93 e8 72 a0 a0 e8 57 2d a4 29 83 a8 aa fe 55 2d a4 8a 8b 00 80 c0 55
00:aa 19 68 c6 00 38 00 00 2d a4 ab 93 00 00 00 5f 2d a4 a7 6a 09 02 00 aa 4a 83 06 5a 56 d5 35 25 6a 8b 06 5a a8 ea 7a 5f 70 e5 6a 8b 60 78 5e 57 70 e5 2c b4 00 00 00 7e 50 e5 8d c4 3d 3d 3d 55
00:aa 19 a0 c6 00 38 00 00 8e c4 6d b4 a8 a8 aa 55 70 e5 8e bc 00 e2 7f 55 70 e5 4d b4 00 aa aa 55 70 e5 2c b4 00 aa af 55 ae cc 2c ac 02 2b b5 55 8e c4 0b ac 05 f4 56 56 00 00 00 00 00 00 00 00
00:aa 19 d8 c6 00 38 00 00 00 00 00 00 00 00 00 00 00 00 00 00 00 00 00 00 00 00 00 00 00 00 00 00 00 00 00 00 00 00 00 00 00 00 00 00 00 00 00 00 00 00 00 00 00 00 00 00 00 00 00 00 00 00 00 00
00:aa 19 10 c7 00 38 00 00 00 00 00 00 00 00 00 00 00 00 00 00 00 00 00 00 00 00 00 00 00 18 e0 00 00 00 00 00 0f ff 00 00 00 00 00 01 ff f8 00 00 00 00 00 3f ff c0 00 00 00 00 07 ff fc 00 00 00
00:aa 19 48 c7 00 38 00 00 00 00 7f ff c0 00 00 00 00 07 ff ff 00 00 00 00 00 7f ff f8 00 00 00 00 07 ff ff c0 00 00 00 00 7f ff fe 00 00 00 00 0f ff ff f0 00 00 00 00 7f ff ff 00 00 00 00 07 ff
00:aa 19 80 c7 00 38 00 00 ff f8 00 00 00 00 7d ff ff 80 00 00 00 03 ff ff fc 00 00 00 00 1f ff ff e0 00 00 00 00 ff ff fe 00 00 00 00 0f ff ff f0 00 00 00 00 ff ff ff 80 00 00 00 0f ff ff fe 00
00:aa 19 b8 c7 00 38 00 00 00 00 00 ff ff ff e0 00 00 00 1f ff ff fe 00 00 00 00 ff ff ff e0 00 20 08 00 00 ff ff ff aa 00 08 00 00 ff ff fe bb 20 08 00 00 ff fe f2 f3 20 08 00 00 0f bf ff ff 20
00:aa 19 f0 c7 00 38 00 00 08 00 00 ff ff ff fc c2 30 00 00 55 55 57 54 c6 79 20 08 55 5e e0 80 c6 81 81 20 55 fa 00 00 e6 81 c2 30 55 aa 00 00 07 92 c2 30 55 bf aa 00 a6 79 20 08 55 d5 b5 2d 20
00:aa 19 28 c8 00 38 00 00 08 00 00 ff ff e8 2b 20 10 00 00 ff ff aa ea 20 08 00 00 c3 8f 3f ff 00 00 00 00 00 00 00 00 00 00 00 00 00 00 00 00 20 08 00 00 0f cf f2 f8 e3 40 20 08 55 55 57 5c c6
00:aa 19 60 c8 00 38 00 00 79 00 00 5e 78 e0 80 27 92 65 69 60 80 80 02 27 9a 07 8a fe fc 80 5f 27 9a e6 81 25 0a 0a aa 27 92 07 8a a9 a9 a9 a9 c6 79 20 10 2d 2d ad ad 00 00 00 00 00 00 00 00 00
00:aa 19 98 c8 00 38 00 00 00 00 00 00 00 00 00 00 00 00 00 00 00 00 00 00 00 00 00 00 00 00 00 00 00 00 00 00 00 00 00 20 08 00 00 fc ff ff ff 20 08 00 00 bf 3f ff ff a5 69 20 08 55 55 5e 60 27
00:aa 19 d0 c8 00 38 00 00 92 20 08 7e e0 80 00 68 9a e6 89 7c fe fe f7 8b ab 47 82 8d e0 7a 7f ab a3 27 92 55 2d 8a 55 07 a2 27 92 55 59 61 61 27 92 44 61 00 0a 2b 29 24 61 20 08 2d 2d 2d 35 61
00:aa 19 08 c9 00 38 00 00 20 00 00 5f ff ff c5 81 20 00 00 7d ff 7c 75 41 18 20 08 55 f5 3f 7f 20 08 00 00 ff 3f 0f 0f 00 00 00 00 00 00 00 00 00 00 00 00 00 00 00 00 00 00 00 00 00 00 00 00 20
00:aa 19 40 c9 00 38 00 00 08 00 00 fc fc f0 e2 64 41 00 00 55 57 56 5c 07 92 a4 49 70 60 c0 80 07 a2 c6 79 02 02 0f 25 e6 81 c2 30 00 00 00 d5 c6 79 41 10 00 00 aa 55 07 8a 81 20 00 00 ea 55 27
00:aa 19 78 c9 00 38 00 00 92 c2 30 00 00 00 7a 07 8a 03 59 29 2d ad ad e2 38 20 08 25 35 35 b5 41 18 20 08 ff ff f4 58 06 5a 20 10 55 55 fa 80 c8 72 20 10 55 7f a0 00 a7 6a 20 10 55 aa 00 00 08
00:aa 19 b0 c9 00 38 00 00 7b 20 08 55 bd 0a 00 67 62 00 08 55 55 b5 0b 20 10 00 00 ff ff ff 3f 00 08 00 00 ef ff ff ff e5 59 00 00 5c 78 70 70 27 92 e6 81 c0 c0 43 71 07 92 a2 30 2d b5 b5 af a2
00:aa 19 e8 c9 00 38 00 00 28 20 08 95 55 d5 2b 61 18 00 08 7f 7f 5f c3 c2 30 20 08 55 55 55 80 03 39 20 08 7a 55 ad 02 23 49 20 10 02 ff 55 af 46 62 20 10 d5 57 5c 60 c8 72 23 39 5e e0 80 20 4a
00:aa 19 20 ca 00 38 00 00 83 c8 72 57 60 f0 ff 8b 93 09 7b f8 80 ff 57 ab 93 4a 83 aa 00 ea 57 cb 93 4a 83 d5 2d aa ea 4a 83 67 62 2d 2a 02 00 09 7b 81 20 d5 35 0b 00 05 52 00 00 55 55 d5 2d 4a
00:aa 19 58 ca 00 38 00 00 83 41 10 7a 78 78 78 6a 8b 07 8a d5 35 25 25 27 92 c6 79 55 35 09 00 27 92 e3 40 f5 ab aa 28 c9 a2 a2 28 55 ff a8 80 cc 93 64 41 55 ff 00 00 29 83 84 49 55 c3 02 20 09
00:aa 19 90 ca 00 38 00 00 7b 84 49 55 cf cf fe 67 62 c4 51 62 ef bf 3f 4a 83 46 62 5f df 7e e8 8b 93 29 7b 57 7c fc e0 cb 93 6a 8b 6a 80 a0 aa cb 9b ab 93 55 aa aa aa 2d a4 ab 93 55 ff aa c0 ec
00:aa 19 c8 ca 00 38 00 00 9b 6a 8b 55 d5 bf 0b ab 93 6a 8b 55 56 da 2a 6a 8b 61 18 2d 0b 02 00 26 62 00 00 55 d5 35 0b 20 08 00 00 ff ff ff bf 87 6a 41 10 78 78 68 e0 a8 7a 24 61 08 bf b7 f5 ea
00:aa 19 00 cb 00 38 00 00 aa e6 81 d4 a5 c5 55 ea aa 85 71 3f bf 4a ea 2c b4 27 a2 c3 cb 0d 55 07 aa 27 82 9f 5f f0 02 27 8a e6 61 0a 03 09 0a 67 62 05 5a 58 53 43 83 c8 72 e5 51 d7 5c 70 78 6a
00:aa 19 38 cb 00 38 00 00 8b e8 72 58 e0 3a ef 6a 8b 09 7b 08 a8 56 5d cb 9b 4a 83 00 ff fd 57 cb 9b 6a 8b c0 d7 57 55 4d ac 8b 93 e0 e0 70 5c 8d bc 0d 9c b5 ab 0a 00 0c a4 ab 93 f5 f5 35 0f 2d
00:aa 19 70 cb 00 38 00 00 a4 6a 8b fd ea e0 e0 cb 93 26 5a ad 2b 02 00 4a 83 41 10 d5 b5 2d 0a 23 39 00 00 55 55 55 35 46 6a 03 39 60 40 40 e0 68 92 85 71 59 60 f3 bf 27 9a c6 79 5e 5a 78 e8 07
00:aa 19 a8 cb 00 38 00 00 a2 27 92 55 54 a0 00 07 aa 27 92 6a aa aa a9 07 a2 06 7a 0a 09 bd d5 c6 79 67 62 01 05 95 55 67 62 05 5a 11 01 89 0e c8 72 c4 51 60 e0 e0 a0 09 7b c8 72 09 07 b6 04 6d
00:aa 19 e0 cb 00 38 00 00 b4 09 7b 57 7e e8 e0 8d c4 cc 93 55 eb 8a 02 6d b4 ab 93 55 d5 bd 02 ec 9b 6a 8b fc f7 ab 0b ce d4 ec 9b aa 68 7a 57 8d c4 0c 9c 35 25 25 25 6d b4 8b 93 78 78 70 70 6d
00:aa 19 18 cc 00 38 00 00 b4 ec 9b f5 3f 03 02 0c ac 6a 83 d5 bd ab 0a ab 93 c2 30 b5 ad 2b 0a 26 62 00 00 55 55 95 25 c6 79 e2 38 78 78 78 78 e6 89 c6 79 fc fc fc ff 27 9a c6 79 a0 aa aa 57 07
00:aa 19 50 cc 00 38 00 00 a2 c6 79 00 00 a0 5f c9 aa 24 61 af 2f 17 d7 27 82 c8 72 35 15 95 55 c8 6a 46 62 3f 37 f7 f7 87 6a 26 5a e9 af e8 ea e8 7a c8 6a 70 e0 c3 ef 0c 9c c8 72 5f 5e 78 78 8d
00:aa 19 88 cc 00 38 00 00 c4 2d a4 78 60 00 00 8e c4 8d c4 aa aa aa aa ce d4 6d b4 d5 ff ff 00 ce d4 0c a4 f5 bf 2a 02 6d b4 ec 9b 57 9f 0f 03 2d a4 ab 93 0b 2f b7 95 8d bc ab 93 70 70 70 60 ce
00:aa 19 c0 cc 00 38 00 00 d4 6d bc f5 fd ff 3f 8d bc 0c ac b5 29 0a 02 2d a4 e9 7a ad 2b 0a 02 09 7b 41 10 2d 0b 02 00 05 5a 20 08 55 55 95 35 20 08 00 00 fc fc fe ff 85 71 e2 38 68 68 78 7a c6
00:aa 19 f8 cc 00 38 00 00 79 44 69 00 00 00 10 c6 79 00 00 00 00 00 00 c6 81 24 61 00 00 34 14 67 82 c5 51 b7 37 37 35 a8 6a 46 62 8f ff ff 7f 67 62 05 5a 07 34 37 35 a8 6a 05 5a e0 60 e0 e0 49
00:aa 19 30 cd 00 38 00 00 83 67 62 6f fe fe dc 6d b4 09 7b 78 78 e0 e0 ce d4 8d bc 7f 60 e0 c0 70 e5 ce d4 55 55 5e 40 d2 ed ce d4 56 ea a8 a0 d2 ed ce d4 a5 ab 00 00 d2 ed 8d c4 55 bd 2f 0b 6d
00:aa 19 68 cd 00 38 00 00 b4 6a 83 b5 bd 2e 08 70 e5 2d ac 7e 78 c0 80 70 e5 ce d4 55 95 05 09 ce d4 8d bc fd ff 2b 02 8d bc 2d a4 a5 2d 09 0a 0c a4 09 7b b5 ad 29 0b a8 6a 20 08 25 0d 09 03 20
00:aa 19 a0 cd 00 38 00 00 08 00 00 2f ab f0 bc 24 59 81 20 e0 60 70 70 c6 79 24 61 40 58 57 55 c6 79 24 61 00 05 01 3d 67 62 24 61 5c 50 60 60 c8 72 a4 51 35 35 b7 bf 67 62 05 5a 40 c0 00 c2 67
00:aa 19 d8 cd 00 38 00 00 62 05 5a 37 14 15 d5 67 62 06 5a 40 40 c0 50 6a 8b 67 62 dc 78 70 e0 ae c4 ec 9b 78 78 68 e8 70 e5 ce d4 57 5c 70 60 d2 ed 70 e5 55 56 58 c0 d2 ed b1 ed 40 00 00 00 d2
00:aa 19 10 ce 00 38 00 00 ed 00 00 00 00 00 00 d2 ed 91 e5 01 00 00 00 d2 ed 8e c4 d5 95 35 25 95 f6 50 e5 7f e0 40 60 95 f6 70 e5 f5 3d 2f 0b 70 e5 ce d4 d5 35 25 03 ce d4 6d b4 bd 3d 2f 2f 4d
00:aa 19 48 ce 00 38 00 00 ac ab 93 2d 2d 29 0b 4a 83 c5 51 29 2b 0b 0a a4 49 00 00 d5 95 35 0d 44 51 20 08 60 60 78 78 24 61 00 00 00 00 00 00 24 61 c4 51 00 03 01 09 67 62 a4 49 60 60 e0 a0 67
00:aa 19 80 ce 00 38 00 00 62 06 5a 05 01 01 09 46 62 c5 51 23 aa ff fd 05 5a c4 51 09 15 95 15 87 6a e5 51 78 78 78 68 ec 9b e8 7a 78 78 78 78 ce d4 2d ac 78 78 78 78 70 e5 ce d4 40 00 00 00 d2
00:aa 19 b8 ce 00 38 00 00 ed 70 e5 40 c0 00 00 d2 ed 00 00 00 00 00 00 95 f6 d2 ed 55 55 55 54 95 f6 d2 ed 55 55 55 00 d2 ed 8d c4 2d 2d 2d 0d 95 f6 ae cc 60 70 5a 57 95 f6 d2 ed 09 09 81 61 d2
00:aa 19 f0 ce 00 38 00 00 ed 0f dd bd 3d 2f 0f ce d4 8d c4 35 05 09 09 6d bc eb a3 0d 0b 03 02 0c ac 09 7b b5 25 2d 2f c8 72 03 39 35 29 0b 0a 43 41 00 00 55 55 d5 35 e2 38 20 08 58 5c 56 57 24
00:aa 19 28 cf 00 38 00 00 61 43 49 aa aa 6a 57 e5 59 84 49 e3 8f ff 5f 67 62 e5 51 70 7f 7f 5f 26 5a 64 49 0a aa ab ad c5 51 43 41 2a bb bf ff c8 6a a4 51 6c 78 7c 7e 0d 9c 09 7b 78 78 78 7a ef
00:aa 19 60 cf 00 38 00 00 dc 6d b4 5c 5c 5c 5c b2 ed 70 e5 54 54 54 54 d2 ed 00 00 00 00 00 00 d2 ed 00 00 00 00 00 00 95 f6 d2 ed 68 80 00 00 95 f6 74 f6 00 00 00 01 74 f6 ce d4 2d 2d 2d 2d ef
00:aa 19 98 cf 00 38 00 00 dc 8d c4 54 d6 d7 ff 13 f6 70 e5 40 6a 6a 5a d2 ed 70 e5 05 0d 01 01 70 e5 ce d4 15 35 35 09 ce d4 6d b4 f5 bd 3f 3f 2d a4 6a 8b 2d 0b 02 02 6a 8b 67 62 ad 2f 2f 2b 87
00:aa 19 d0 cf 00 38 00 00 6a 20 08 b5 2d 0b 0b e2 38 20 08 c0 68 5e 55 43 41 81 28 00 80 78 5c c4 51 64 49 e8 6a fe 55 e5 59 84 49 2f f5 d5 55 84 49 43 41 ab a0 b0 54 c4 51 43 41 2f 0d 3f fd 87
00:aa 19 08 d0 00 38 00 00 6a 43 41 78 7a 5e 5e ab 93 c8 6a 70 78 78 78 ce d4 2c ac 78 78 78 7c d2 ed 70 e5 54 54 54 54 d2 ed 00 00 00 00 00 00 74 f6 f2 ed 55 56 54 54 95 f6 00 00 00 00 00 00 95
00:aa 19 40 d0 00 38 00 00 f6 d2 ed 03 03 01 01 d2 ed ce d4 0d 2d 25 25 ce d4 6d b4 20 de 57 57 91 ed 8d c4 e0 f8 7e 5f d2 ed 70 e5 01 01 03 55 70 e5 ce d4 34 02 00 00 50 e5 8d c4 f5 f5 bd 3d 8d
00:aa 19 78 d0 00 38 00 00 bc 2d a4 a5 2d 29 2a ec 9b 29 7b bd 2d 0d 0b 29 7b 06 5a ad 2d 0b 0a c5 51 20 08 d5 95 35 25 e2 38 00 00 78 56 55 55 43 41 00 00 00 00 c0 60 64 41 02 39 8a 8a a9 fd 43
00:aa 19 b0 d0 00 38 00 00 41 c2 30 00 00 ff f5 64 41 e2 38 8a ab 56 55 84 41 02 39 a8 58 a8 6a 6a 8b 06 5a e0 e8 78 78 ae cc cb 93 f8 f8 78 78 b2 ed ce d4 a8 a8 68 68 d2 ed 00 00 00 00 00 00 95
00:aa 19 e8 d0 00 38 00 00 f6 f2 ed 54 50 40 40 95 f6 00 00 00 00 00 00 95 f6 d2 ed 01 01 01 09 71 e5 0b ac 0b 0f 2d 3d 6d b4 eb a3 a0 fc fe 5f ce d4 6d b4 f0 70 78 78 d2 ed 70 e5 57 56 58 70 d2
00:aa 19 20 d1 00 38 00 00 ed 70 e5 a5 35 95 55 70 e5 ce d4 b5 19 15 25 ce d4 6d b4 d5 75 3d 3d 4d ac 8b 8b 2d 2f 0b 00 4d b4 09 7b f5 f5 ff 00 6a 8b e2 30 b5 ad 2d 0b 41 10 00 00 ff ff ff 3f c2
00:aa 19 58 d1 00 38 00 00 30 20 08 50 57 55 55 e2 38 20 10 00 a0 60 60 e2 38 81 20 3f 2e 00 00 e2 38 c2 30 6a 6a aa a8 43 41 e2 38 58 54 54 50 09 7b e5 59 78 78 78 78 6d b4 6a 8b e0 70 70 78 d2
00:aa 19 90 d1 00 38 00 00 ed ce d4 78 78 78 70 13 f6 d2 ed ff ff fe fc 95 f6 d2 ed 40 00 00 00 95 f6 75 f6 00 00 03 03 13 f6 70 e5 0b 29 a9 a9 ae cc 0c a4 2d 35 95 95 4d b4 eb a3 5f 5f 5f 3e ce
00:aa 19 c8 d1 00 38 00 00 d4 6d b4 78 78 7c 7c 70 e5 ce d4 00 80 80 40 b2 ed 70 e5 55 55 55 15 b1 ed ce d4 a5 ad aa 80 d2 ed ce d4 55 55 be 80 95 f6 8d c4 55 ea a0 00 95 f6 70 e5 55 ab 00 02 b1
00:aa 19 00 d2 00 38 00 00 ed a7 6a ad 2d 2d 2d 06 5a 00 00 d5 b5 35 25 20 08 00 00 eb f3 f3 ff c2 30 20 08 42 69 79 5b c2 30 61 20 a0 fe 7f 7f e2 38 81 20 00 00 e0 f8 43 41 e2 38 5c 57 57 57 e8
00:aa 19 38 d2 00 38 00 00 72 a4 49 78 78 78 78 6d b4 29 83 78 78 78 78 d2 ed ce d4 70 60 60 60 95 f6 d2 ed 58 50 57 55 95 f6 d2 ed 00 00 ff 55 95 f6 d2 ed 09 15 55 55 d2 ed 30 dd 01 02 00 00 95
00:aa 19 70 d2 00 38 00 00 f6 ce d4 55 ff 88 00 95 f6 ae cc 55 ff 2a 02 d2 ed ae cc 55 aa 02 00 70 e5 30 dd 40 00 00 00 d2 ed 70 e5 48 40 40 60 d2 ed b1 ed 01 00 00 00 95 f6 b1 ed 78 e0 e0 ea 95
00:aa 19 a8 d2 00 38 00 00 f6 d2 ed 00 00 03 a5 33 f6 6d bc 02 0b 2d b5 8e c4 09 7b 2d 2d bd bd 87 6a 81 20 25 0d 09 03 20 08 00 00 fb fb fb 3b 00 00 00 00 00 00 00 00 81 20 00 00 5c 57 55 55 20
00:aa 19 e0 d2 00 38 00 00 10 00 00 00 ff ff ff 81 20 00 00 00 ea 57 55 a2 28 20 08 00 fc 57 57 e8 72 43 41 68 68 68 68 6d b4 4a 83 78 78 70 70 d2 ed ce d4 60 6a 7a 7a d2 ed 2f dd 03 ef fd fd 70
00:aa 19 18 d3 00 38 00 00 e5 ce d4 00 ff 55 55 b1 ed ef d4 a0 e0 6a 5e d2 ed 70 e5 00 00 00 55 95 f6 71 e5 00 ff ff 55 95 f6 71 e5 0f ff ff 55 d2 ed 2f dd 00 02 0b b5 70 e5 ae cc 00 00 02 df d2
00:aa 19 50 d3 00 38 00 00 ed ce d4 a0 a8 ff 55 d2 ed 8d c4 00 02 ff d5 d2 ed ce d4 00 aa 5f 55 d2 ed ae cc 02 af a5 75 ae cc 0c ac 25 25 af aa 8d bc 6a 8b f5 b5 bf 00 91 e5 06 5a f5 ff aa 00 74
00:aa 19 88 d3 00 38 00 00 f6 c2 30 55 fa 82 00 d2 ed 61 10 55 b5 ad 2d 00 00 00 00 00 00 00 00 00 00 00 00 00 00 00 00 00 00 00 00 00 00 00 00 00 00 00 00 00 00 00 00 20 08 00 00 fe fe fe ff 67
00:aa 19 c0 d3 00 38 00 00 62 81 20 60 60 70 78 4d ac e8 72 e0 e0 e8 78 ce d4 6d b4 80 c0 60 78 70 e5 ce d4 0d 0d ce 65 30 dd ce d4 55 55 15 55 ce d4 00 00 00 00 00 00 50 e5 ce d4 58 55 55 55 70
00:aa 19 f8 d3 00 38 00 00 e5 ce d4 00 65 55 55 2f dd 0c ac 00 aa bd f5 0f dd 0b ac 2a f5 55 55 50 dd 2c ac ff 55 57 78 91 e5 0b ac ff 5e e8 00 d2 ed ce d4 5f ea 00 82 70 e5 ce d4 75 01 00 00 13
00:aa 19 30 d4 00 38 00 00 f6 ce d4 55 57 fa 80 95 f6 ae cc 57 f8 00 00 95 f6 91 ed 57 00 00 00 95 f6 33 f6 60 00 00 00 95 f6 8e c4 00 00 02 09 f2 f5 61 18 2d 2d b5 f5 00 00 00 00 00 00 00 00 00
00:aa 19 68 d4 00 38 00 00 00 00 00 00 00 00 00 00 00 00 00 00 00 00 00 00 00 00 00 00 00 00 00 00 00 00 00 00 00 00 00 00 00 00 00 00 00 00 00 00 00 00 00 00 00 00 00 e5 59 00 00 60 78 78 78 ec
00:aa 19 a0 d4 00 38 00 00 9b 87 6a 68 78 7a 5f 6d bc 6a 83 80 a8 fa 5f ae cc eb 9b 00 a0 fe 7f ce d4 4d b4 00 aa 57 55 ce d4 6d bc 00 8a ff 7f ce d4 8e c4 05 f5 55 55 8d c4 8d c4 00 00 00 00 30
00:aa 19 d8 d4 00 38 00 00 dd 2c ac 55 fe e8 a0 d2 ed 4d b4 55 f8 a0 00 d2 ed 2f dd 60 00 00 00 d2 ed 00 00 00 00 00 00 d2 ed 70 e5 3d 08 00 00 95 f6 70 e5 5f f8 f0 f0 95 f6 34 f6 40 00 00 00 95
00:aa 19 10 d5 00 38 00 00 f6 00 00 00 00 00 00 95 f6 00 00 00 00 00 00 95 f6 70 e5 00 02 09 25 d2 ed 4a 8b 09 2b aa 00 ae c4 23 41 d5 ab 02 02 84 49 00 00 55 d5 15 15 00 00 00 00 00 00 00 00 00
00:aa 19 48 d5 00 38 00 00 00 00 00 00 00 00 00 00 00 00 00 00 00 00 00 00 00 00 00 00 00 00 00 00 00 00 00 00 00 00 00 00 00 00 00 00 00 00 00 00 00 00 00 00 00 00 00 a4 49 20 08 58 5c 5e 56 c8
00:aa 19 80 d5 00 38 00 00 6a c4 51 e0 e0 78 78 6a 8b c8 6a a0 68 68 78 ec 9b ab 93 60 68 68 7a 0b ac 2d a4 b5 6a 6a 6a 6d b4 0b ac 00 00 58 58 8d c4 6d b4 f8 54 55 55 ae cc 8d bc fc fc 7c 7f 70
00:aa 19 b8 d5 00 38 00 00 e5 ce d4 50 40 60 7a d2 ed 70 e5 00 c0 7f 55 d2 ed 50 dd 00 00 0a d5 d2 ed ae d4 00 00 af 55 d2 ed 8d c4 00 00 ff 55 54 f6 ae d4 a0 aa fe 55 95 f6 ce d4 00 aa ff 55 54
00:aa 19 f0 d5 00 38 00 00 f6 ce d4 00 af 55 55 f3 f5 ce d4 2a d7 5e a0 95 f6 91 ed d7 fc a0 00 95 f6 91 ed eb 03 02 01 d2 ed 84 49 0b 0b 2d b5 a4 49 00 00 15 d5 d5 55 00 00 00 00 00 00 00 00 00
00:aa 19 28 d6 00 38 00 00 00 00 00 00 00 00 00 00 00 00 00 00 00 00 00 00 00 00 00 00 00 00 00 00 00 00 00 00 00 00 00 00 00 00 00 00 00 00 00 81 20 00 00 7c 5e 57 55 46 62 e2 30 e0 78 5e 57 c8
00:aa 19 60 d6 00 38 00 00 72 64 49 00 80 e8 7e cb 9b c8 6a a0 ea 57 55 eb 9b e9 72 00 00 aa 55 ec 9b c8 72 00 00 a8 7f 4d ac 09 7b 00 aa ab 55 6d b4 29 7b 00 80 fe 55 ce d4 6a 8b 00 aa ff 55 ef
00:aa 19 98 d6 00 38 00 00 d4 ab 93 00 aa ff 55 ae d4 4d ac 0a fa 7e 7f 8d c4 6d b4 01 75 00 ff 8d c4 6d b4 55 55 c0 ff ce d4 6d b4 7f 5f fc 78 d2 ed 8d c4 5f 7a a0 a8 74 f6 91 ed 5f 7e f0 fe 95
00:aa 19 d0 d6 00 38 00 00 f6 d2 ed c0 00 00 f5 95 f6 2f dd 00 00 02 d5 74 f6 e6 71 02 2b ad f5 cb 9b 20 10 25 b5 f5 f5 00 00 00 00 00 00 00 00 00 00 00 00 00 00 00 00 00 00 00 00 00 00 00 00 00
00:aa 19 08 d7 00 38 00 00 00 00 00 00 00 00 00 00 00 00 00 00 00 00 00 00 00 00 00 00 00 00 00 00 00 00 00 00 00 00 00 00 00 00 00 00 00 00 00 00 00 00 00 00 00 00 00 00 00 00 00 00 00 00 00 00
00:aa 19 40 d7 00 38 00 00 00 00 00 00 00 00 00 00 00 00 00 00 18 00 00 00 00 00 00 03 d8 00 00 00 00 00 00 7f c0 00 00 00 00 00 0f fc 00 00 00 00 00 00 ff c0 00 00 00 00 00 0f ff ff 00 00 00 00
00:aa 19 78 d7 00 38 00 00 01 ff ff f8 00 00 00 00 1f ff ff c0 00 00 00 01 ff ff fe 00 00 00 00 1f ff ff f0 00 00 00 01 ff ff ff 80 00 00 00 1f ff ff fc 00 00 00 01 ff ff ff c0 00 00 00 1f ff ff
00:aa 19 b0 d7 00 38 00 00 fe 00 00 00 00 ff ff ff e0 00 00 00 03 ff ff ff 00 00 00 00 1f ff ff f0 00 00 00 01 ff ff ff 80 00 00 00 3f ff ff f8 00 00 00 03 ff ff ff c0 00 00 00 7f ff ff fc 00 00
00:aa 19 e8 d7 00 38 00 00 00 0f ff ff ff c0 00 00 00 ff ff ff fc 00 00 00 1f f7 ff ff c0 00 24 59 20 08 55 5f 78 60 03 59 00 00 55 ab 0b 0b a5 79 00 00 55 57 5e 58 07 92 44 61 5f 6a 82 00 a6 79
00:aa 19 20 d8 00 38 00 00 a2 30 ad a9 29 0b a2 28 00 00 55 55 95 35 00 00 00 00 00 00 00 00 00 00 00 00 00 00 00 00 47 8a 20 08 55 57 5e 68 ea aa e2 40 5e fa aa 00 07 aa 27 92 6a 6a aa aa 27 92
00:aa 19 58 d8 00 38 00 00 24 59 25 2d 09 0b 04 59 20 08 95 b5 35 35 20 10 00 00 bf ff ff ff 00 00 00 00 00 00 00 00 00 00 00 00 00 00 00 00 00 00 00 00 00 00 00 00 64 41 00 00 55 55 57 54 0a a3
00:aa 19 90 d8 00 38 00 00 c2 28 78 e0 80 80 ea aa 00 00 00 00 00 00 c9 aa 27 9a 15 15 15 15 27 92 24 61 2b ab b5 95 24 61 20 10 2d 2d 2d 2d 20 08 00 00 ff ff bf 3f 00 00 00 00 00 00 00 00 00 00
00:aa 19 c8 d8 00 38 00 00 00 00 00 00 00 00 20 08 00 00 f8 fc fc fc 46 62 00 00 56 5e 5c 58 cb 9b 4a 83 40 40 e0 e8 0b ac ea aa d5 d5 02 00 ea aa 07 9a 35 0d 03 00 07 a2 24 61 b5 ad 2a 00 07 a2
00:aa 19 00 d9 00 38 00 00 c2 30 d5 fd ab 0a 24 59 20 08 55 f5 af 0a c2 30 00 00 55 55 f5 2a 20 08 00 00 ff ff bf 03 20 08 00 00 f8 f8 f8 f8 a7 72 00 00 58 78 70 60 ab 93 6a 8b e0 68 5e 5c 6d b4
00:aa 19 38 d9 00 38 00 00 eb a3 5f 72 78 70 4d b4 ea aa 95 35 35 d5 ea aa a9 aa 01 00 00 00 ea aa 27 9a f5 00 00 00 ea aa 64 69 f5 ab 2a 00 6d b4 23 41 55 ff aa 80 29 83 41 18 f5 af 02 00 c8 72
00:aa 19 70 d9 00 38 00 00 20 08 55 f5 af 02 06 5a 20 10 55 55 af 02 41 18 20 08 fd ff 55 2a 26 5a 20 08 55 55 57 f8 09 7b 41 18 55 55 ea 80 09 7b 20 08 55 fe 80 00 09 7b 41 10 55 aa 00 00 4a 83
00:aa 19 a8 d9 00 38 00 00 61 18 55 aa 00 00 6a 83 41 10 55 ab 00 00 67 62 00 00 55 d5 2d 02 e2 30 00 00 55 55 55 35 c2 30 00 00 55 57 54 54 e9 9a 43 41 7a 78 e8 e8 0c ac 6a 8b 5e f8 e0 80 6d b4
00:aa 19 e0 d9 00 38 00 00 e9 92 a0 02 89 ad 0a ab 27 92 9c 5c 5c 70 4d b4 0a ab 57 79 05 15 ea aa 00 00 00 00 00 00 ce d4 ea aa 57 56 58 5c ae cc ea aa 0b 0d 15 55 c9 c2 a9 9a fd ff ff 03 ea aa
00:aa 19 18 da 00 38 00 00 e6 79 b5 35 bd 3d e6 79 26 5a 01 00 09 d5 67 62 43 49 55 aa 00 00 c8 6a 46 62 50 e0 f0 fa 6a 8b 09 7b 58 7a 70 68 0c 9c 6a 8b 55 b8 f0 7c 2d a4 4a 83 55 bf 0a 00 0c 9c
00:aa 19 50 da 00 38 00 00 6a 8b 5f 7d ab 00 ab 93 6a 8b aa fe 57 35 cb 9b e9 7a ad ab aa a8 cb 93 81 20 b5 ad 2b 02 26 5a 00 00 55 55 d5 3d 44 51 00 00 5e 58 70 70 ea aa a6 79 7c 7c 7c fa 0b ac
00:aa 19 88 da 00 38 00 00 ea aa c0 c0 5f 55 0b ac ea aa 05 15 55 55 4d b4 0a ab 50 49 6d 55 a9 ca ea aa 55 57 50 00 a9 ca ea aa 70 00 00 00 a9 ca 00 00 00 00 00 00 a9 ca a9 ca 00 00 00 00 a9 ca
00:aa 19 c0 da 00 38 00 00 07 a2 0d 05 1d a9 27 92 c8 72 35 15 55 55 e8 72 67 62 55 da bf cd e8 7a 67 62 55 57 56 58 ab 93 87 6a 5f f8 e0 80 2d a4 29 83 7f aa aa 00 2d a4 ab 93 55 ff aa 00 4d b4
00:aa 19 f8 da 00 38 00 00 cb 93 5e 5a aa 0a 6d b4 2d a4 00 00 40 80 6d b4 8b 93 25 01 00 00 eb 9b 6a 8b 7f 57 27 0b 2d a4 ab 93 f5 41 42 40 ab 93 41 10 ad 2b 0a 00 e9 72 20 08 55 55 b5 2d c6 79
00:aa 19 30 db 00 38 00 00 41 10 78 78 60 60 07 a2 07 8a 70 78 7c 7c ea aa 07 aa 60 55 55 55 ea aa a9 aa 00 80 40 40 a9 ca ea aa 50 70 60 00 a9 ca 00 00 00 00 00 00 a9 ca 00 00 00 00 00 00 a9 ca
00:aa 19 68 db 00 38 00 00 00 00 00 00 00 00 a9 ca ea aa 09 25 15 55 ea aa 6a 8b 0d 2d 15 d5 6a 8b c8 72 bf ad 2f 29 09 7b 87 6a f5 b5 2f 2a 6a 8b 87 6a 5c 58 f8 e8 2d a4 ab 93 78 58 78 7c 6d b4
00:aa 19 a0 db 00 38 00 00 2d a4 40 40 40 40 8d c4 6d b4 55 09 02 00 ce d4 6d b4 5f 7f e3 fe ce d4 6d b4 f5 ff ff 00 ce d4 8d bc 5f ff ff 0f 8d bc cb 9b bd 0f 0b 0a 6d b4 eb 9b 70 70 70 e0 8d c4
00:aa 19 d8 db 00 38 00 00 2d a4 55 f5 2d 0b cb 93 64 41 2d 0a 02 00 c8 72 20 08 55 b5 2d 0b c6 79 c2 28 70 68 68 68 07 a2 c6 79 68 68 68 e0 07 aa 00 00 00 00 00 00 ea aa 07 aa 80 80 ac 5a a9 ca
00:aa 19 10 dc 00 38 00 00 ea b2 80 40 00 00 a9 ca 00 00 00 00 00 00 a9 ca 27 aa 00 00 00 01 a9 ca 27 aa 0a 15 57 5e ea aa 8b 93 01 05 95 55 8a 93 4a 83 2a aa 5f 55 ab 93 c8 72 a9 ab a0 80 ab 93
00:aa 19 48 dc 00 38 00 00 09 7b 55 7f 00 00 2d a4 e8 7a 77 7f ea 00 2d a4 ab 93 7f 5f 57 03 4d b4 eb a3 e0 7c dc c3 8d c4 2d a4 00 00 f8 5e ce d4 8d c4 57 54 5f 50 70 e5 ce d4 55 55 55 54 70 e5
00:aa 19 80 dc 00 38 00 00 ce d4 55 55 55 15 ce d4 0c a4 af af 2d 3d 0f dd 0c ac 5e 5e 5e 5c 70 e5 8d c4 f5 fd 2d 0f 6d bc ec 9b b5 2d 0b 02 ec 9b 26 5a 2d 0b 0a 02 a8 6a 20 08 d5 b5 2d 0b c6 79
00:aa 19 b8 dc 00 38 00 00 e2 38 78 78 78 78 07 a2 07 8a 70 70 70 7e 07 aa 00 00 00 00 00 00 68 ba 07 aa 54 56 55 55 a9 ca 07 aa 03 a9 55 55 ea aa 27 aa 5b 55 43 73 07 aa 4a 9b 00 02 cb 25 07 9a
00:aa 19 f0 dc 00 38 00 00 8b 93 0d b5 d5 55 6a 8b c8 72 0b 2f bf b5 6a 8b 09 7b ea 78 58 58 6d b4 6a 8b 7f 7f 7e 78 0f dd cb 9b 57 5e fa a0 d2 ed 8d c4 55 7f ea 80 70 e5 6d bc 55 fd 09 03 ce d4
00:aa 19 28 dd 00 38 00 00 6d b4 55 ff ff 0f 6d b4 0b ac 0e 0a 05 05 ae cc 4d b4 68 58 7a 5e 70 e5 ce d4 50 70 40 70 70 e5 ce d4 05 05 05 05 ce d4 6d b4 35 fd fd 35 b1 ed 2c ac 5c 5c 7c 78 d2 ed
00:aa 19 60 dd 00 38 00 00 ce d4 2d 2b 0a 0a ce d4 6d b4 3d 0f 0b 03 8d bc 0d 9c b5 2d 29 0b cb 93 e5 51 2d 2b 0a 02 c8 6a 20 08 55 95 35 25 c6 79 a2 28 68 78 78 78 27 92 c6 79 68 56 56 55 07 aa
00:aa 19 98 dd 00 38 00 00 27 92 aa 6a 6a 6a 07 aa 00 00 00 00 00 00 07 aa 00 00 00 00 00 00 07 a2 e8 7a 08 2b 2d 95 8b 93 09 7b 58 78 f8 78 cb 93 4a 83 02 03 0b a9 4a 83 c8 72 17 37 bf fc 4d ac
00:aa 19 d0 dd 00 38 00 00 09 7b 5f 5e 78 c0 70 e5 cb 9b 7e f8 a0 80 d2 ed 70 e5 57 54 50 40 d2 ed d2 ed 00 00 00 00 d2 ed 2f dd 0f 0d 09 0b 70 e5 8d c4 f5 b5 35 3d 6d b4 eb 9b 0d 0b 0b 0b 8e c4
00:aa 19 08 de 00 38 00 00 cb 9b f0 fa 78 78 70 e5 8d c4 70 70 7a 7f 70 e5 8d c4 0f 2f f5 b5 8d bc 0c ac 0d 15 95 55 f2 f5 4d b4 78 70 70 60 95 f6 d2 ed d5 35 25 05 70 e5 ce d4 35 0d 0d 01 ce d4
00:aa 19 40 de 00 38 00 00 6d b4 f5 3d 2f 0b 6d b4 ab 93 b5 ad 2d 0d e8 7a a2 20 0d 09 0b 02 e3 30 00 00 55 55 d5 15 c6 79 20 08 68 7a 7e 5e c6 79 24 61 00 40 70 5c 27 9a c6 79 c0 7a 57 55 07 a2
00:aa 19 78 de 00 38 00 00 07 8a 00 00 c2 7b 07 aa e8 7a 02 0b a9 a5 4a 83 09 7b 61 c9 55 55 8b 93 29 7b f8 ff 7f 5f 6a 8b 09 7b 0b 8d a5 b8 6d b4 09 7b 57 5e 78 e0 70 e5 ec 9b 7e e8 a0 80 d2 ed
00:aa 19 b0 de 00 38 00 00 70 e5 50 e0 00 00 d2 ed b2 ed c0 00 00 00 d2 ed 00 00 00 00 00 00 d2 ed 70 e5 01 0e 98 80 d2 ed ce d4 b5 a5 2d 0b 8d bc eb 9b 29 29 0b 0b 6d b4 cb 9b 70 70 70 78 ae cc
00:aa 19 e8 de 00 38 00 00 2d a4 00 aa fd d5 6d b4 ab 93 02 0f bd d5 6d b4 ab 93 fe dc 5c 58 95 f6 2f dd 78 70 60 60 95 f6 d2 ed 09 09 00 00 d2 ed 0f dd 3d 2f 0f 0f ce d4 8d c4 09 09 09 01 8d c4
00:aa 19 20 df 00 38 00 00 0c 9c 25 2d 0b 0b cb 9b c8 6a b5 3d 2d 2d 46 62 00 00 b5 25 0d 0b e2 38 00 00 5c 56 57 55 24 61 61 18 00 80 e0 78 c6 79 24 61 00 40 5e 55 07 8a 05 5a 80 aa af 55 a8 6a
00:aa 19 58 df 00 38 00 00 c4 51 a0 aa be fd e9 7a 26 5a a0 ea ff 5f 09 7b 67 62 00 6a 5a 58 4d ac 09 7b 5e 7a 78 e0 50 e5 6d b4 5e 78 f8 80 d2 ed 70 e5 70 40 80 00 d2 ed 00 00 00 00 00 00 d2 ed
00:aa 19 90 df 00 38 00 00 00 00 00 00 00 00 d2 ed 00 00 00 00 00 00 d2 ed 70 e5 40 00 00 00 d2 ed 70 e5 05 05 0d 05 ce d4 2c ac 2d 2d 2d 2d ec 9b c8 72 00 0a ab d5 ab 93 05 5a 00 0a af f5 6a 8b
00:aa 19 c8 df 00 38 00 00 05 5a 00 aa fe 5f 6d b4 09 7b 78 78 78 58 f2 f5 8d c4 e0 78 7e 5f 95 f6 d2 ed 00 c3 69 55 d2 ed 70 e5 05 05 0d 0d 70 e5 ce d4 35 25 05 05 ae cc 4d ac ad ad 2d 2f 0c a4
00:aa 19 00 e0 00 38 00 00 c8 72 ad 2f 0b 0b c8 72 43 41 2d 09 0a 0a c4 51 00 00 55 d5 95 35 e2 40 20 08 78 5e 55 55 44 51 20 08 02 aa 7f 55 43 49 61 18 00 a0 f8 5e e5 59 43 41 e2 fa 5a 5e a8 6a
00:aa 19 38 e0 00 38 00 00 c4 51 e0 60 78 78 cb 9b c8 6a 5e 78 70 60 70 e5 ec 9b 7e f8 e0 e0 d2 ed 2f dd 70 80 00 00 d2 ed 00 00 00 00 00 00 95 f6 d2 ed 55 55 56 68 95 f6 d2 ed 57 58 00 00 95 f6
00:aa 19 70 e0 00 38 00 00 54 f6 70 00 00 00 95 f6 d2 ed 15 15 0d 09 d2 ed 70 e5 05 05 05 05 ce d4 cb 9b 29 29 29 09 a7 6a a4 49 2a 2d 35 35 c4 51 23 39 00 ff d7 57 67 62 43 41 f8 f8 f8 78 2d a4
00:aa 19 a8 e0 00 38 00 00 c8 6a 78 78 78 78 ae cc 4d ac e0 78 7e 5f b1 ed 8d c4 80 a8 7e 7b d2 ed 70 e5 0d 0d 81 69 70 e5 ce d4 05 05 09 0d ce d4 6d b4 3d 0f 0f 3f 6d b4 ec 9b b5 3d 2d 0d 6a 8b
00:aa 19 e0 e0 00 38 00 00 a8 6a b5 3d 2d 2b 87 6a 41 10 35 2d 09 0b 81 20 00 00 70 5f 57 55 43 49 20 08 80 80 e0 70 8a 8b c4 51 5f 5e 5e 78 ae cc 8a 8b 5e 78 e0 e0 d2 ed ae cc 68 e0 80 80 13 f6
00:aa 19 18 e1 00 38 00 00 d2 ed ff ff fc f8 95 f6 d2 ed 55 57 d7 07 95 f6 95 f6 00 00 00 00 95 f6 00 00 00 00 00 00 95 f6 00 00 00 00 00 00 95 f6 d2 ed 01 01 03 02 d2 ed ce d4 0a 0a 0b 09 ce d4
00:aa 19 50 e1 00 38 00 00 cb 93 29 29 2d ad 6a 83 e5 51 b5 ad 29 0b a4 49 03 39 d7 f7 bf 03 46 62 64 41 78 58 58 5c cb 93 c8 6a 78 78 78 78 6d b4 0d 9c f0 70 7c 7e ce d4 6d b4 e0 7c 5f 5f 70 e5
00:aa 19 88 e1 00 38 00 00 ce d4 80 c0 e0 50 70 e5 ce d4 09 09 09 01 ce d4 8d c4 0d 0d 0d 0d 6d bc 2d a4 a5 2d 09 09 ec 9b 09 7b b5 2d 2d 0f c8 6a 84 41 09 03 02 00 64 49 20 08 d5 95 35 25 c4 51
00:aa 19 c0 e1 00 38 00 00 00 00 58 5c 5c 54 4d ac a8 6a 5e 58 78 70 d2 ed 8d c4 5e 7e e8 e0 d2 ed b1 ed 40 c0 00 00 95 f6 d2 ed 52 50 54 c0 95 f6 54 f6 50 00 00 00 95 f6 00 00 00 00 00 00 95 f6
00:aa 19 f8 e1 00 38 00 00 00 00 00 00 00 00 95 f6 00 00 00 00 00 00 95 f6 d2 ed 01 01 09 2d d2 ed 2c b4 0b 0f 2d ad 6d b4 0c ac 05 05 55 55 ec 9b e9 72 b5 2f 02 00 0c a4 46 62 55 ff aa 00 ab 93
00:aa 19 30 e2 00 38 00 00 c4 51 57 b7 2f 0b 4a 83 87 6a f8 78 78 f8 0c a4 8a 8b e0 e0 78 7a 6d bc 0c ac e0 60 68 58 50 e5 ae cc 60 78 7c 6c 70 e5 ce d4 09 09 02 00 0f dd 8d c4 a5 a9 2b 2b 8d c4
00:aa 19 68 e2 00 38 00 00 4d ac 2f 2f 2f 27 2d a4 4a 83 2d 2d 0f 0b 4a 83 c8 72 d5 bd 3d 2d a7 6a 20 08 25 2d 0d 0b 4a 83 20 08 56 5e 5c 78 2f dd ec 9b 5e 78 78 f8 d2 ed 70 e5 60 40 c0 00 95 f6
00:aa 19 a0 e2 00 38 00 00 d2 ed 57 60 80 00 95 f6 00 00 00 00 00 00 95 f6 00 00 00 00 00 00 95 f6 00 00 00 00 00 00 95 f6 00 00 00 00 00 00 95 f6 d2 ed 00 03 09 05 54 f6 ce d4 2b ab ad b5 ae cc
00:aa 19 d8 e2 00 38 00 00 eb 9b 0b 2d 35 b5 2d a4 ab 93 a0 c0 f0 70 8d bc 2d a4 5a a8 a8 a0 91 ed ae c4 55 5e 78 60 30 dd 09 7b ad 0b 0b 0b 8a 8b c8 72 5e de 9e 3e eb 9b 4a 83 e0 60 60 60 6d b4
00:aa 19 10 e3 00 38 00 00 0b ac 50 5c 5c 5c 70 e5 8d c4 7c 6a 58 5e b1 ed 70 e5 55 55 55 45 50 e5 ae cc 35 3d 3d 3f ce d4 6d b4 f5 f5 f5 3d 4d ac cb 93 0d 2d 2f 0b 8b 93 09 7b ad 2d 2d 2d c8 72
00:aa 19 48 e3 00 38 00 00 23 39 09 0b 02 02 64 41 20 08 55 d5 95 35 e2 30 00 00 55 55 56 54 2d a4 02 39 78 78 70 e0 d2 ed 8d bc 78 70 e0 80 95 f6 d2 ed 58 60 80 00 95 f6 00 00 00 00 00 00 95 f6
00:aa 19 80 e3 00 38 00 00 00 00 00 00 00 00 95 f6 00 00 00 00 00 00 95 f6 00 00 00 00 00 00 95 f6 d2 ed 00 02 03 25 54 f6 ce d4 2a ab bd f5 ce d4 ab 93 0a 2b bd f5 0c a4 4a 83 2b bf 57 57 2d a4
00:aa 19 b8 e3 00 38 00 00 ab 93 70 78 78 78 8d c4 2d a4 e0 f0 7a 7e d2 ed 8d c4 e0 ea 7a 7e 70 e5 4d ac 0d 0d 0d 2d 0c a4 4a 83 95 b5 35 2d cb 9b 4a 83 60 78 5a 5e 0c ac cb 93 80 e0 f8 78 ce d4
00:aa 19 f0 e3 00 38 00 00 6d b4 78 5c 5c 5c 70 e5 ce d4 00 00 00 40 70 e5 ce d4 35 25 15 95 ae cc 6d b4 ad a9 2a 8a 6d b4 0c a4 05 05 05 0d cb 9b 4a 83 25 29 0b 0a 4a 83 87 6a ad 29 2b 0b 06 5a
00:aa 19 28 e4 00 38 00 00 20 08 35 25 2d 0d 87 6a 00 08 5e 5e 58 78 91 e5 6a 8b 5e 78 70 e0 95 f6 b1 ed 7f fa f0 f0 95 f6 f2 f5 40 00 00 00 95 f6 00 00 00 00 00 00 95 f6 00 00 00 00 00 00 95 f6
00:aa 19 60 e4 00 38 00 00 00 00 00 00 00 00 95 f6 d2 ed 00 03 09 f5 d2 ed ae cc 02 0b 2d b5 ae cc 87 6a 02 0b ad f5 6a 8b 05 5a 0a bf 57 57 8a 8b c8 6a e8 e8 78 78 ec 9b 8b 93 68 6a 68 68 6d b4
00:aa 19 98 e4 00 38 00 00 0b ac 60 50 50 f0 ce d4 6d b4 c0 fa ff 5f ae cc 6d bc 0d 2d fd fd 4d b4 8b 93 b5 3d 2d ad 8b 93 6a 8b 56 56 d6 aa 0c a4 ab 93 70 70 70 78 8d c4 4d b4 58 58 54 58 50 e5
00:aa 19 d0 e4 00 38 00 00 8d c4 c0 ca f0 7f 70 e5 ce d4 15 25 e5 75 ce d4 8d c4 15 f5 35 05 6d b4 0c ac 05 05 0d 01 ec 9b ab 93 a5 3f 8d 09 8b 93 c8 6a ad 2f 2f 2b a7 6a 81 20 2d 09 0b 03 41 10
00:aa 19 08 e5 00 38 00 00 00 00 ff ff ff 3f 84 49 20 08 55 55 56 5c 70 dd 03 39 5e 7a f8 e0 95 f6 71 e5 5f 7c f8 00 95 f6 33 f6 70 00 00 00 95 f6 00 00 00 00 00 00 95 f6 00 00 00 00 00 00 95 f6
00:aa 19 40 e5 00 38 00 00 74 f6 00 00 00 01 95 f6 d2 ed 03 0d 35 55 91 ed 6d b4 0a 0f 2d f5 8d bc 84 49 02 0b 2d d5 c8 72 43 49 35 d5 55 55 26 62 84 49 78 78 78 5e 4a 83 87 6a f8 78 78 5e cb 93
00:aa 19 78 e5 00 38 00 00 4a 8b e0 e0 68 5e 0c a4 cb 93 80 e0 f8 57 4d b4 eb a3 a0 f8 ff 5f 4d b4 0b ac 00 d5 73 75 0b ac cb 9b 0d 09 00 00 0c a4 ab 93 55 ff 2f ab eb 9b ab 93 a0 aa 69 aa 4d b4
00:aa 19 b0 e5 00 38 00 00 cb 9b a0 a8 6a 5a ce d4 6d b4 a8 fc 5f 57 ef dc 8d c4 aa a8 ca 6a ce d4 8d c4 21 09 09 09 8d c4 6d b4 95 15 25 25 0c ac ab 93 2d 0f 0b 0b 8b 93 29 7b 3d 2d 2d 0f 09 7b
00:aa 19 e8 e5 00 38 00 00 26 5a bd a9 2d 29 64 41 00 00 d5 d5 95 15 23 41 00 00 55 55 57 5c ec 9b 61 18 5e 78 e0 80 54 f6 ef d4 58 78 e8 a0 95 f6 00 00 00 00 00 00 95 f6 00 00 00 00 00 00 95 f6
00:aa 19 20 e6 00 38 00 00 00 00 00 00 00 00 95 f6 d2 ed 00 00 0d 35 74 f6 ce d4 02 0a ab bd 70 e5 c8 72 02 02 2a ad 6d b4 20 10 02 2f b5 d5 e2 38 41 18 38 fc 7c 7e 43 41 e2 38 40 40 40 60 05 5a
00:aa 19 58 e6 00 38 00 00 43 41 78 5e 5f 57 e8 72 64 49 e8 fa 5e 57 4a 83 67 62 80 e8 7a 5e 8b 93 09 7b a0 ea fa 5f eb 9b 6a 8b c0 fa 5f 55 eb 9b 6a 8b 00 aa ff 55 0b ac ab 93 c0 5e 5f 5f 0b ac
00:aa 19 90 e6 00 38 00 00 eb a3 01 00 00 00 0b ac eb 9b 55 55 55 0a 0b ac eb 9b 58 58 58 80 6d b4 0b ac 60 60 60 60 ce d4 8d c4 40 50 58 58 ce d4 8d c4 05 0d 09 09 8d c4 6d b4 25 25 25 25 6d b4
00:aa 19 c8 e6 00 38 00 00 cb 9b bd bd 3d 3d cb 93 4a 83 25 25 25 25 09 7b 67 62 ad 2a 29 2b 46 62 00 00 b5 35 35 25 6a 8b 20 08 5e 5e 78 78 70 e5 0c 9c 5c 78 78 78 75 f6 d2 ed 58 55 55 55 95 f6
00:aa 19 00 e7 00 38 00 00 d2 ed 00 55 55 55 95 f6 d2 ed 00 70 55 55 95 f6 d2 ed 0a 55 55 55 d2 ed ce d4 0a 29 25 25 ae cc e5 51 00 02 2b b5 29 83 00 00 0b 2d d5 55 81 20 00 00 77 77 57 5c c2 30
00:aa 19 38 e7 00 38 00 00 41 18 6a 60 a2 aa 43 41 a2 30 f0 f0 db 5f 43 41 e2 38 00 00 55 15 c5 51 43 41 f4 7e 7e 5e c8 6a c4 51 e8 fa 7f 5f 09 7b 05 5a 80 e8 fa 7e 4a 83 e8 7a e0 f0 78 78 6a 8b
00:aa 19 70 e7 00 38 00 00 4a 83 a0 55 57 56 ec 9b 6a 8b 7a 7a 7a f8 2c ac 0b ac ff ff fc fc 6d b4 0b ac 55 5c 80 00 8d bc 0c ac 55 aa 00 00 ae cc 2c ac 7e fa aa 0a ce d4 8d c4 58 54 54 72 ce d4
00:aa 19 a8 e7 00 38 00 00 8d c4 01 09 00 09 ce d4 6d b4 f5 f5 35 fd 6d b4 cb 9b 3d 3d 3d 3d cb 9b 4a 83 2d ad 2d 2d 4a 83 87 6a af ad 2b 2a c8 72 00 00 2d 2d 2d 2d 82 28 00 00 55 55 57 54 ab 93
00:aa 19 e0 e7 00 38 00 00 23 39 78 78 78 7a ae cc ec 9b e0 e0 7a 5f 70 e5 2c ac 00 aa fe 55 d2 ed 4d bc a0 a0 ea 5f d2 ed ef dc 00 00 00 55 d2 ed ef dc 00 00 02 f5 70 e5 ab 93 0b 09 2d b5 06 5a
00:aa 19 18 e8 00 38 00 00 20 08 2d 35 25 2d 81 20 00 00 7c 5c 5c 5c c2 30 81 20 c0 c3 ff ff c2 30 81 20 20 f0 fc ff e2 38 81 20 00 00 02 ff 43 49 a2 28 e0 fa 5f 55 e5 51 02 39 a0 e8 78 58 a7 6a
00:aa 19 50 e8 00 38 00 00 05 5a 68 68 68 7a 4a 83 87 6a f8 e8 ea 57 6a 8b c8 72 a8 a0 a8 5f 2d a4 ab 93 58 78 7b 5f 8d c4 ab 9b fe f0 fe 57 8d c4 6d b4 a1 7c 00 5f ae cc 6d bc ff fc 7f 55 ae cc
00:aa 19 88 e8 00 38 00 00 8d bc ff 0f fc 55 ce d4 6d b4 e0 88 03 55 ce d4 6d b4 0b 00 f8 55 8d c4 6d b4 01 05 05 d5 6d b4 cb 9b 3d 3d 2d f5 ab 93 09 7b 0b 0b 0f bd 4a 83 87 6a 2a 2b 2f f5 c8 72
00:aa 19 c0 e8 00 38 00 00 61 20 0d 0d 2d ad 00 00 00 00 00 00 00 00 00 00 00 00 00 00 00 00 00 00 00 00 00 00 00 00 00 00 00 00 00 00 00 00 03 e0 00 00 00 00 00 00 ff 00 00 00 00 00 00 3f f8 00
00:aa 19 f8 e8 00 38 00 00 00 00 00 00 07 ff 80 00 00 00 00 00 7f fc 00 00 00 00 00 07 ff c0 00 00 00 00 00 7f fc 00 00 00 00 00 07 ff e0 00 00 00 00 00 7f fe 00 00 00 00 00 0f ff e0 00 00 00 00
00:aa 19 30 e9 00 38 00 00 00 ff ff 00 00 00 00 00 0f ff ff 00 00 00 00 01 ff ff f8 00 00 00 00 1f ff ff e0 00 00 00 01 ff ff ff 00 00 00 00 1f ff ff f8 00 00 00 01 ff ff ff c0 00 00 00 1f ff ff
00:aa 19 68 e9 00 38 00 00 fe 00 00 00 01 ff ff ff e0 00 00 00 1f ff ff fe 00 00 00 00 ff ff ff f0 00 00 00 03 ff ff ff 00 00 00 00 1f ff ff f0 00 00 00 01 ff ff ff 80 00 00 00 3f ff ff f8 00 00
00:aa 19 a0 e9 00 38 00 00 00 03 ff ff ff c0 00 00 00 7f ff ff fc 00 00 00 1f ff ff ff c0 00 00 07 ff ff ff fc 00 00 00 7f ff ff ff c0 00 82 28 00 00 55 55 55 70 c8 6a 00 00 55 55 7e e0 c8 6a 20
00:aa 19 d8 e9 00 38 00 00 08 55 fe aa 00 43 49 00 00 b5 29 0b 02 c2 30 00 00 55 55 d5 25 a4 49 00 00 55 55 5e e0 e8 72 41 10 57 7a a0 00 47 8a 63 41 57 ba a0 00 ea aa 87 6a 57 ff f0 00 ea aa e8
00:aa 19 10 ea 00 38 00 00 7a 55 eb 03 00 cb a3 a5 59 f5 ff ea 02 c8 72 81 20 f5 bd 2b 02 84 49 00 00 55 d5 f5 35 81 20 00 00 55 55 55 54 e5 59 41 10 57 5e 60 00 27 92 06 5a 5e 7a a8 00 ea aa 27
00:aa 19 48 ea 00 38 00 00 92 75 86 00 00 ea aa 27 92 57 80 00 00 a9 ca ea aa 55 55 fc 00 a9 ca ea aa 55 5b 00 00 a9 ca 0b ac 55 55 15 15 4d b4 29 83 f5 ad 02 00 6a 8b 20 08 b5 ad 0b 0b c2 30 00
00:aa 19 80 ea 00 38 00 00 00 55 55 d5 15 41 10 00 00 ff ff ff fc c6 79 61 18 56 5c 78 e8 27 92 85 71 fc fc fc 60 ea aa 27 92 56 50 40 80 a9 ca ea aa 58 60 00 00 c9 da a9 ca 55 55 55 4c e9 ea a9
00:aa 19 b8 ea 00 38 00 00 ca 55 55 aa 00 e9 ea a9 ca 55 7c 00 00 0a e3 ae c4 35 15 05 02 ae cc 8d bc fd 0b 2b 0b 8d c4 26 62 ad 2f 2b 2b 05 5a 00 00 b5 25 25 2d 43 49 20 08 5e 78 70 60 07 8a 24
00:aa 19 f0 ea 00 38 00 00 61 5a 58 58 58 68 aa e6 81 7f fe f8 a0 a9 ca ea aa 50 50 c0 00 e9 ea a9 ca 55 58 60 00 e9 ea 00 00 00 00 00 00 e9 ea 00 00 00 00 00 00 e9 ea 00 00 00 00 00 00 e9 ea 00
00:aa 19 28 eb 00 38 00 00 00 00 00 00 00 e9 ea a9 ca 02 03 01 01 a9 ca ea aa 15 15 35 35 27 92 a2 28 b5 2d 0d 0b 20 08 00 00 ff 3f 3f 3f 24 61 20 08 78 78 78 78 27 92 24 61 70 60 60 e0 a9 ca 27
00:aa 19 60 eb 00 38 00 00 aa 58 50 40 c0 e9 e2 a9 ca 57 56 70 5c e9 ea 00 00 00 00 00 00 e9 ea 00 00 00 00 00 00 e9 ea 00 00 00 00 00 00 e9 ea 00 00 00 00 00 00 e9 ea 00 00 00 00 00 00 e9 ea e9
00:aa 19 98 eb 00 38 00 00 e2 ab aa aa aa a9 ca 2a ab 05 01 03 02 ea aa 24 61 25 2d 2d 2d 03 41 00 00 95 95 35 35 24 61 20 08 78 5c 5c 58 88 aa c6 79 78 78 78 78 a9 ca ea b2 00 40 40 00 e9 ea a9
00:aa 19 d0 eb 00 38 00 00 ca 58 70 70 70 e9 ea 00 00 00 00 00 00 e9 ea 00 00 00 00 00 00 e9 ea 00 00 00 00 00 00 e9 ea 00 00 00 00 00 00 e9 ea 00 00 00 00 00 00 e9 ea 00 00 00 00 00 00 e9 ea a9
00:aa 19 08 ec 00 38 00 00 ca 55 35 0d 09 a9 ca 07 8a ad 2d 0b 0a 44 61 00 00 35 3d 2d 09 24 61 00 00 78 78 78 78 07 a2 c6 79 60 60 60 60 a9 ca 27 aa 40 60 60 60 e9 ea a9 ca 70 40 40 40 e9 ea 00
00:aa 19 40 ec 00 38 00 00 00 00 00 00 00 e9 ea 00 00 00 00 00 00 e9 ea 00 00 00 00 00 00 e9 ea 00 00 00 00 00 00 e9 ea 00 00 00 00 00 00 e9 ea 00 00 00 00 00 00 e9 ea a9 ca 09 09 03 0b a9 ca 68
00:aa 19 78 ec 00 38 00 00 aa 0d 01 01 00 07 92 c2 38 25 0d 0d 0b 81 20 00 00 55 55 95 37 24 61 20 08 58 58 5c 5c 07 a2 c6 79 60 60 60 60 a9 ca 27 aa 40 80 80 40 e9 ea a9 ca 40 40 70 58 e9 ea 00
00:aa 19 b0 ec 00 38 00 00 00 00 00 00 00 e9 ea 00 00 00 00 00 00 e9 ea 00 00 00 00 00 00 e9 ea 00 00 00 00 00 00 e9 ea 6d dc 00 00 00 15 e9 ea 6d d4 00 00 00 55 e9 ea c9 ba 0f 0f 0f fd a9 ca ea
00:aa 19 e8 ec 00 38 00 00 aa 00 03 29 d5 a9 aa 44 69 2d 29 09 02 85 71 00 00 d5 b5 b5 25 00 00 00 00 00 00 00 00 23 41 20 08 58 58 58 58 07 a2 85 71 70 70 78 78 a9 ca 07 aa 60 50 d8 5c e9 ea a9
00:aa 19 20 ed 00 38 00 00 ca 58 58 58 58 e9 ea 6b e3 aa aa aa a5 e9 ea ef dc 00 00 3d 55 0a eb ce d4 00 15 55 57 ce d4 eb a3 a8 00 fe 56 ce d4 8d c4 00 15 55 56 ce d4 8d c4 01 55 e9 02 8d c4 0b
00:aa 19 58 ed 00 38 00 00 ac 35 35 25 25 6d b4 ea aa 55 aa a8 a0 ae cc 6a ab 55 ab 82 82 eb a3 20 08 b5 2d 2d 2d 00 00 00 00 00 00 00 00 a2 30 00 00 78 7c 7f 57 07 8a 03 59 78 78 5a 56 a9 ca 27
00:aa 19 90 ed 00 38 00 00 92 7c 7c 7f 5e a9 ca 4d b4 00 02 09 b5 30 dd 0c dc 58 60 80 aa 50 e5 2c ac 00 02 0d b5 4d ac ab 93 05 97 fe a2 6d b4 0c 9c 5c 58 fc fc ce d4 6d b4 fc 5c 58 70 50 dd ce
00:aa 19 c8 ed 00 38 00 00 d4 55 55 55 42 ce d4 4d b4 f5 f5 3d 2f 6d b4 0c ac 58 58 54 0d ae c4 cb 9b 02 02 ab f5 cb 9b 03 39 2d 2d 0b 02 64 49 00 00 55 d5 95 25 00 00 00 00 00 00 00 00 20 10 00
00:aa 19 00 ee 00 38 00 00 00 fc ff ff ff 24 59 20 08 e0 e8 78 5a ea aa 44 59 e8 f8 7e 5f 2d a4 c8 72 80 a0 fa 5f 6d b4 ec 9b 00 03 7f 5f 8e c4 4d ac ff 7e 7e 70 ae c4 2d a4 fd 2f 02 00 ae c4 2d
00:aa 19 38 ee 00 38 00 00 a4 57 5e ba 00 50 e5 8d c4 5e 7c f8 a0 d2 ed 70 e5 55 55 55 73 70 e5 8d c4 bd 2d 2d 0d 8d bc 2c ac 25 25 25 25 eb 9b ab 93 2a 5a 5a 55 cb 9b 4a 83 09 0b 0b ab 09 7b a2
00:aa 19 70 ee 00 38 00 00 28 b5 2d 2b 0a e5 59 20 08 55 55 d5 2d 20 08 00 00 ef ff ff 2f 00 00 00 00 00 00 00 00 00 00 00 00 00 00 00 00 00 00 00 00 00 00 00 00 00 00 00 00 00 00 00 00 00 00 00
00:aa 19 a8 ee 00 38 00 00 00 00 00 00 00 c2 30 00 00 78 56 57 55 84 49 20 10 80 e8 6a 5e c8 72 43 41 a0 e8 78 78 2d a4 09 7b f0 70 70 58 ae cc 4d ac e8 e8 e0 70 d2 ed ce d4 55 ff aa a0 d2 ed ce
00:aa 19 e0 ee 00 38 00 00 d4 57 ea aa 00 b2 ed 70 e5 55 5f 51 55 d2 ed 70 e5 00 03 cd 55 70 e5 8e c4 0d 2d 3d f5 8d c4 cb 9b 2f 2d 3d bd ab 93 4a 83 2a 35 ba 97 ab 93 6a 8b 55 29 a5 e9 09 7b 67
00:aa 19 18 ef 00 38 00 00 62 25 2d 25 27 c8 72 c5 51 ad aa 80 00 e8 7a 81 20 f5 2b 00 00 a8 6a 20 08 55 f5 0a 00 26 5a 20 08 55 55 b5 0b 20 08 00 00 bf ff ff 0f 00 00 00 00 00 00 00 00 00 00 00
00:aa 19 50 ef 00 38 00 00 00 00 00 00 00 00 00 00 00 00 00 00 00 00 00 00 00 00 00 00 00 c2 30 20 08 58 58 5e 56 c8 72 43 39 78 78 78 5c cb 93 09 7b 7c 7c 7c 7c 0f dd 2d a4 78 78 78 78 d2 ed 70
00:aa 19 88 ef 00 38 00 00 e5 70 60 60 50 d2 ed 70 e5 02 0d 09 01 70 e5 00 00 00 00 00 00 70 e5 ce d4 09 05 05 15 ce d4 2d a4 0a 2b ad bd 0c ac 6a 8b 0b 09 bf b5 6a 8b 09 7b 00 2a 9e 57 8b 93 6a
00:aa 19 c0 ef 00 38 00 00 83 aa 69 6b 6a 09 7b 87 6a 2f 2f 2d 0d c8 72 c8 6a f0 ff 7f 5f e8 7a c8 6a a8 fc f0 f0 6a 8b 09 7b 55 5a 60 a0 4a 83 c8 72 d5 00 02 0f 09 7b 41 10 ad 02 00 00 c8 72 20
00:aa 19 f8 ef 00 38 00 00 08 55 f5 0b 02 02 39 00 00 55 55 55 35 00 00 00 00 00 00 00 00 00 00 00 00 00 00 00 00 00 00 00 00 00 00 00 00 00 00 00 00 00 00 00 00 20 10 00 00 fe fe ff ff 47 62 81
00:aa 19 30 f0 00 38 00 00 20 78 78 7c 5e cb 93 c8 6a f8 78 78 7e ce d4 0c 9c 78 78 78 78 d2 ed ae cc a0 a0 a8 a9 d2 ed ce d4 0a 0f 95 55 70 e5 ce d4 00 82 55 55 ce d4 2d a4 0b 2d b5 55 4d ac ab
00:aa 19 68 f0 00 38 00 00 93 0b 2d bd bd 8a 93 09 7b 0d 35 95 d5 09 7b e8 7a c0 57 55 d5 8b 93 29 7b c0 e0 72 5f 09 7b 67 62 29 29 09 2b 6a 8b 67 62 5f 5e 7a e8 cb 9b 09 7b 57 7e e8 80 0c a4 6a
00:aa 19 a0 f0 00 38 00 00 8b 55 fe a8 00 2c ac 09 7b f5 bd af 02 6a 8b 87 6a ff f5 2f 02 c8 72 67 62 ee 56 a6 08 67 62 20 08 25 09 03 00 02 39 00 00 55 55 d5 15 00 00 00 00 00 00 00 00 00 00 00
00:aa 19 d8 f0 00 38 00 00 00 00 00 00 00 00 00 00 00 00 00 00 00 00 00 00 00 00 00 00 00 00 00 00 00 00 00 00 00 84 49 20 08 58 5e 57 55 87 6a c2 30 80 a8 fa 5e 6d b4 c8 72 e0 e0 7a 5f ae cc cb
00:aa 19 10 f1 00 38 00 00 93 02 aa ff 55 ce d4 2d a4 e0 e0 fa 75 ce d4 0c a4 0d b5 d7 7f 6d b4 0d 9c 6f 83 03 01 ec 9b 29 83 0b 2d ad 25 09 7b 67 62 0a aa 0b 2d a8 6a 05 5a 00 2a be 57 e8 7a a8
00:aa 19 48 f1 00 38 00 00 6a a0 ff 7f f0 e8 7a a8 6a ad fe e0 00 eb 9b 09 7b 7e 78 e8 e0 6d b4 eb a3 5f 7e e0 c0 ce d4 6d b4 55 75 ff 17 8d c4 0c ac d5 2d 00 00 0c ac 6a 8b b5 0f 02 00 cb 9b 09
00:aa 19 80 f1 00 38 00 00 7b d5 af 2a 02 ab 93 09 7b 55 f5 ab 02 09 7b 41 18 b5 2d 0b 00 06 5a 00 00 55 55 d5 35 00 00 00 00 00 00 00 00 00 00 00 00 00 00 00 00 00 00 00 00 00 00 00 00 00 00 00
00:aa 19 b8 f1 00 38 00 00 00 00 00 00 00 00 00 00 00 00 00 00 00 00 00 00 00 00 00 00 00 64 41 20 08 78 5e 55 55 87 6a c2 30 80 e8 7e 57 6a 8b 06 5a 80 ea 7e 57 2d a4 09 7b aa f8 58 5f 6d b4 ab
00:aa 19 f0 f1 00 38 00 00 93 00 00 ae 57 6d b4 0d 9c 01 29 0d ed ec 9b 09 7b 2d 2d 3d b5 c8 6a 43 41 0a 0b 2d b5 67 62 43 41 b8 5c 58 78 09 7b c8 72 58 40 80 00 cb 9b 09 7b 57 5e 58 78 6d b4 ab
00:aa 19 28 f2 00 38 00 00 93 7a 78 e8 a0 ce d4 6d b4 7e fc f2 c0 ce d4 8d bc 17 fc f0 00 ce d4 8e c4 65 0b d5 55 8d c4 6d b4 95 03 00 03 0b ac eb a3 2f 00 00 00 0c ac cb 93 d5 0b 02 00 ab 93 e8
00:aa 19 60 f2 00 38 00 00 72 35 2d 0d 0b c8 72 23 39 25 09 0a 0a 46 62 20 08 55 55 95 25 00 00 00 00 00 00 00 00 00 00 00 00 00 00 00 00 00 00 00 00 00 00 00 00 00 00 00 00 00 00 00 00 00 00 00
00:aa 19 98 f2 00 38 00 00 00 00 00 00 00 00 00 00 00 00 00 00 00 00 00 00 00 00 00 00 00 c2 30 20 08 68 57 55 55 c4 51 20 10 80 e8 fe 5f 09 7b 43 41 80 e8 7e 5f 8b 93 c8 6a a0 70 70 5a 2d a4 09
00:aa 19 d0 f2 00 38 00 00 7b 02 8b bf 55 6a 83 64 41 0a 0b af bd c4 51 81 20 2f 3d b5 d5 09 7b 23 39 78 78 70 70 4a 83 09 7b 49 55 55 55 2d a4 49 83 7e 78 70 f8 6d b4 0c ac 40 c0 58 55 ae cc 0b
00:aa 19 08 f3 00 38 00 00 ac 80 a8 aa 57 8d c4 0c ac 00 00 dd 55 6d bc 0b ac 00 2f d5 55 8d bc cb 9b 02 ff ff 55 0b ac eb a3 00 00 00 40 0b ac 00 00 00 00 00 00 ab 93 09 7b 0f 0d 0d 0d 09 7b 87
00:aa 19 40 f3 00 38 00 00 6a b5 3f aa a0 09 7b 44 41 a5 a9 02 00 c4 51 20 08 55 55 d5 15 00 00 00 00 00 00 00 00 00 00 00 00 00 00 00 00 00 00 00 00 00 00 00 00 00 00 00 00 00 00 00 00 00 00 00
00:aa 19 78 f3 00 38 00 00 00 00 00 00 00 00 00 00 00 00 00 00 00 00 00 00 00 00 00 00 00 00 00 00 00 00 00 00 00 20 08 00 00 e0 ff ff ff 43 41 20 08 e8 f8 5e 5f a7 6a 43 41 80 fa 7f 55 66 62 e2
00:aa 19 b0 f3 00 38 00 00 38 00 2a bf 55 c5 51 81 28 0b 2d f5 55 a2 28 81 20 be fe fe fc c8 6a 43 41 60 60 60 78 09 7b e8 7a 3c d4 5c 5c cb 9b 4a 83 e0 e0 70 7a 0b ac ab 93 00 ab f5 55 0b ac ab
00:aa 19 e8 f3 00 38 00 00 93 00 ff 5d 55 ec 9b 6a 8b 00 aa fb 7a 0b ac cb 9b f3 5b 58 80 0b ac ab 93 d7 ff ff 00 0b ac ab 93 f0 fd f5 bd eb 9b 6a 8b 00 ab fd 75 ab 93 4a 83 25 b5 f5 f5 ab 93 09
00:aa 19 20 f4 00 38 00 00 7b d7 ff ba 80 6a 8b 09 7b d5 a5 2d 2d e8 7a 20 08 35 25 2d 0d 00 00 00 00 00 00 00 00 00 00 00 00 00 00 00 00 00 00 00 00 00 00 00 00 00 00 00 00 00 00 00 00 00 00 00
00:aa 19 58 f4 00 38 00 00 00 00 00 00 00 00 00 00 00 00 00 00 00 00 00 00 00 00 00 00 00 00 00 00 00 00 00 00 00 00 00 00 00 00 00 00 00 a2 28 20 08 57 57 54 54 03 39 e2 38 55 55 75 45 e2 38 00
00:aa 19 90 f4 00 38 00 00 00 00 00 00 00 e2 38 81 20 3f 2f 03 00 43 41 81 20 5e 7a e8 a0 a8 6a a4 49 7c 7c 78 68 6a 8b c8 72 7e 7a 7a e0 ab 93 6a 8b 60 40 55 55 ab 93 6a 8b 8a a5 7e 56 eb a3 4a
00:aa 19 c8 f4 00 38 00 00 83 f7 fe e8 80 8d c4 eb 9b 57 7f fe 80 ae cc 0c ac 55 fe ea a0 ce d4 0c ac 55 ab aa 02 8d c4 eb 9b f5 fd 2f 03 eb 9b 6a 8b 5d 95 25 0b 0c a4 6a 8b 55 55 57 54 2d a4 8b
00:aa 19 00 f5 00 38 00 00 93 7f ab 00 00 ec 9b 09 7b ad 2d 0b 0a e8 7a 41 10 09 09 0b 03 00 00 00 00 00 00 00 00 20 08 00 00 ff ff ff f8 20 08 00 00 ff ff ff 2f 00 00 00 00 00 00 00 00 00 00 00
00:aa 19 38 f5 00 38 00 00 00 00 00 00 00 00 00 00 00 00 00 00 00 00 00 00 00 00 00 00 00 00 00 00 00 00 00 00 00 c2 30 20 08 5c 58 50 50 43 41 e2 38 35 35 55 55 23 39 e2 38 55 55 55 58 43 41 e2
00:aa 19 70 f5 00 38 00 00 38 55 55 50 00 05 5a e2 38 5f 5e fa f8 09 7b e5 59 78 68 e0 e0 8b 93 29 7b 7a 68 e8 e0 eb 9b 8b 8b 57 7f ea a8 0c ac cb 93 55 ff e8 00 ae cc 2c ac 57 5e 7a e8 ce d4 8d
00:aa 19 a8 f5 00 38 00 00 c4 55 fc 00 00 ce d4 ae c4 5c d7 00 00 ce d4 00 00 00 00 00 00 ce d4 8d bc 09 03 00 00 8d c4 cb 9b b5 2d 2f 0b 4d ac 6a 8b dc dc dc bc ce d4 6d b4 f5 fd 0d 0d 2d a4 ab
00:aa 19 e0 f5 00 38 00 00 93 0d 0d 0d 09 8b 93 26 5a ad 2d 2d 2b 03 31 20 08 55 d5 d5 15 20 08 00 00 cb f8 fc ff 20 08 00 00 ff ff bf af 00 00 00 00 00 00 00 00 00 00 00 00 00 00 00 00 00 00 00
00:aa 19 18 f6 00 38 00 00 00 00 00 00 00 00 00 00 00 00 00 00 00 c2 30 20 08 50 50 50 50 e2 38 00 00 00 00 00 00 05 5a e2 38 5f 5e 7c 78 67 62 64 49 75 b7 27 2f c8 72 c4 51 57 7e 78 e0 8b 93 e8
00:aa 19 50 f6 00 38 00 00 72 5e 7a f8 a0 eb 9b 6a 8b 7c 78 e0 00 8d c4 cb 9b 5f 7e fe f0 ce d4 4d b4 55 5f fe f0 ce d4 8d bc 70 e0 00 00 50 e5 ce d4 55 6d 48 c0 70 e5 ce d4 55 95 25 05 ce d4 8d
00:aa 19 88 f6 00 38 00 00 c4 00 00 02 01 ef dc ce d4 55 55 95 55 ce d4 0c ac 29 29 2b 2b 6d bc cb 93 d4 d4 9c 9c ce d4 6d b4 0d 8f 0f fd 4d ac cb 93 29 2b 2b 2b 8b 93 e8 72 2d 2d 2f 2d 26 5a 20
00:aa 19 c0 f6 00 38 00 00 08 95 15 35 35 00 00 00 00 00 00 00 00 00 00 00 00 00 00 00 00 00 00 00 00 00 00 00 00 00 00 00 00 00 00 00 00 00 00 00 00 00 00 00 00 e2 38 20 08 50 50 50 70 46 62 e2
00:aa 19 f8 f6 00 38 00 00 38 5f 7f fa a0 29 7b c4 51 57 5f fa 80 ab 93 46 62 55 57 fa a0 4d ac e9 72 57 7e e8 80 8e c4 cb 93 57 fe a8 80 ae cc 2c ac 55 fe ea 00 ae cc 2c ac 6a a8 80 00 70 e5 ce
00:aa 19 30 f7 00 38 00 00 d4 55 55 55 5c 70 e5 ce d4 57 40 00 00 70 e5 2f dd 40 00 00 00 70 e5 ce d4 09 01 05 05 ce d4 8d c4 01 00 00 00 ce d4 ae cc 44 40 80 41 ce d4 0c ac 2b 29 ad ad 6d bc cb
00:aa 19 68 f7 00 38 00 00 9b dc dc dc dc 8d c4 4d ac 2f 2f 2f 37 2d a4 ab 93 03 33 27 0d 8b 93 e8 72 2d 2d 2d bd 67 62 20 08 35 25 25 25 00 00 00 00 00 00 00 00 00 00 00 00 00 00 00 00 00 00 00
00:aa 19 a0 f7 00 38 00 00 00 00 00 00 00 00 00 00 00 00 00 00 00 23 39 00 00 55 57 56 78 87 6a 81 28 5e 78 e0 80 ec 9b 67 62 5f 7a e0 80 8d bc 29 7b 5f fa a0 00 ce d4 cb 9b 5f fa a0 00 50 e5 8d
00:aa 19 d8 f7 00 38 00 00 c4 55 fe fb 08 70 e5 ce d4 55 56 00 00 70 e5 ce d4 55 aa 00 00 70 e5 ce d4 55 95 01 01 50 e5 ce d4 58 58 58 c8 70 e5 00 00 00 00 00 00 70 e5 ee d4 00 00 00 01 70 e5 ce
00:aa 19 10 f8 00 38 00 00 d4 01 25 d5 55 ce d4 8d c4 00 00 02 09 ae d4 8d bc c3 cf ff fd 8d c4 cb 9b 2f 2d bd f5 2d a4 ab 93 f8 dc 5e 57 6d b4 ec 9b 00 be ff 55 2d a4 cb 93 2d 0d ab f5 8b 93 09
00:aa 19 48 f8 00 38 00 00 7b ad 2d 2d 2d a7 72 20 08 35 35 25 25 20 08 00 00 f3 f3 f3 f3 20 08 00 00 bf ff ff ff 00 00 00 00 00 00 00 00 00 00 00 00 00 00 00 00 02 39 00 00 55 55 55 5c c8 72 20
00:aa 19 80 f8 00 38 00 00 10 55 5f fa a8 6a 8b 64 41 57 7e a8 00 6d b4 c8 72 7e e8 a0 00 0f dd 4d ac 5f 7a e8 a0 d2 ed ce d4 57 5e ea a8 d2 ed 70 e5 55 55 95 40 d2 ed 70 e5 55 55 55 0a 70 e5 70
00:aa 19 b8 f8 00 38 00 00 e5 00 00 00 00 70 e5 00 00 00 00 00 00 70 e5 ef dc 01 01 01 2d 70 e5 ce d4 5c 5c 57 55 70 e5 ce d4 00 00 80 69 70 e5 ce d4 09 05 d5 55 ce d4 8d c4 02 01 35 d5 ae cc 4d
00:aa 19 f0 f8 00 38 00 00 b4 0a aa aa d5 6d bc cb 9b 02 0f 2d ad ab 93 09 7b 02 0b ad b5 ab 93 4a 83 f8 5f 55 55 ab 93 6a 8b 00 aa ff 55 ab 93 4a 83 2a ab b5 d5 6a 8b c8 72 2f af bd f5 67 62 20
00:aa 19 28 f9 00 38 00 00 08 25 0d 0d 0d 20 08 00 00 f3 f3 fb ff 00 00 00 00 00 00 00 00 20 08 00 00 ff ff ff f8 c5 51 20 08 55 57 5c e0 cb 93 03 31 57 7e e8 80 6d b4 c8 72 5f fa 80 00 ce d4 2d
00:aa 19 60 f9 00 38 00 00 a4 57 7a a0 00 70 e5 8d c4 5f fe 80 00 d2 ed 70 e5 55 55 53 53 d2 ed 70 e5 58 e4 30 00 d2 ed d2 ed 00 00 00 00 d2 ed b2 ed 02 02 00 00 d2 ed 70 e5 55 55 d5 00 70 e5 00
00:aa 19 98 f9 00 38 00 00 00 00 00 00 00 70 e5 ce d4 15 15 15 35 ce d4 ae cc 00 0d 00 02 ce d4 8e c4 00 f0 28 55 ae cc 2c ac 02 0a 2a a9 8d c4 cb 9b 0e 3f bf fd 6d b4 ab 93 0a bb bd 75 cb 9b 09
00:aa 19 d0 f9 00 38 00 00 7b 02 2b ad d5 09 7b c8 72 00 28 fc 5c 4a 83 09 7b 80 40 50 56 4a 83 00 00 00 00 00 00 4a 83 00 00 00 00 00 00 09 7b c8 72 2d 0d 09 01 67 62 81 20 0d 09 09 0b 20 08 00
00:aa 19 08 fa 00 38 00 00 00 ff ff bf 3f 00 00 00 00 00 00 00 00 41 10 00 00 ff ff fe f0 67 6a 20 08 55 55 5f e8 0c a4 81 20 55 7f fa a0 4d ac c5 51 7e e8 80 00 ef d4 8b 8b 7e a8 80 00 b1 ed ce
00:aa 19 40 fa 00 38 00 00 d4 55 56 aa a8 d2 ed ce d4 5a aa a0 00 d2 ed 70 e5 55 57 00 00 95 f6 91 ed 5f ff ff e8 95 f6 f2 ed 55 55 a0 00 95 f6 f2 ed 55 55 00 00 95 f6 f2 ed 55 55 00 00 95 f6 d2
00:aa 19 78 fa 00 38 00 00 ed 55 55 ab 03 d2 ed 70 e5 2d 00 00 00 70 e5 ce d4 05 25 05 05 ce d4 8d c4 00 01 01 0d 6d b4 0b ac 00 d5 3b 05 4d b4 eb a3 2b f5 ff d5 cb 9b 4a 83 0a 00 bf f5 cb 93 09
00:aa 19 b0 fa 00 38 00 00 7b 0b ad f5 f5 09 7b 67 62 0a ae 95 95 e8 7a c8 6a f8 fc fe 7e 09 7b e8 7a 80 40 57 57 4a 83 09 7b 00 40 40 40 4a 83 00 00 00 00 00 00 09 7b e8 7a 09 01 01 01 c8 6a a4
00:aa 19 e8 fa 00 38 00 00 49 2d 2d 2d 2f 23 41 00 00 d5 95 15 35 00 00 00 00 00 00 00 00 84 49 00 00 55 55 55 5c ab 93 00 00 55 55 7a a0 4d ac 20 08 5f ea a0 00 8e c4 09 7b 5f e8 80 00 70 e5 4d
00:aa 19 20 fb 00 38 00 00 ac 5f fe a8 00 b2 ed ce d4 55 fa aa 00 d2 ed 70 e5 55 5e 40 00 13 f6 70 e5 5a aa aa 00 95 f6 f2 f5 59 a6 60 00 95 f6 d2 ed 57 80 00 00 95 f6 00 00 00 00 00 00 95 f6 00
00:aa 19 58 fb 00 38 00 00 00 00 00 00 00 95 f6 00 00 00 00 00 00 95 f6 00 00 00 00 00 00 95 f6 d2 ed 03 03 05 35 d2 ed 70 e5 00 00 00 01 70 e5 8d c4 0f 0f 3d 35 ce d4 6d b4 0f bd f5 55 2c ac 6a
00:aa 19 90 fb 00 38 00 00 8b 02 0b 0f a5 ab 93 09 7b 0a 2f 35 95 4a 83 e8 7a 8c fe ff 55 4a 83 e8 7a 3d bd f5 55 c8 72 67 62 15 35 a5 2a c8 6a 67 62 40 40 60 80 e8 7a c8 6a 00 80 e0 f8 4a 83 09
00:aa 19 c8 fb 00 38 00 00 7b 40 60 56 56 4a 83 00 00 00 00 00 00 4a 83 e8 7a 0d 0d 0d 0d a8 6a e5 59 25 25 2d 25 e5 59 20 08 35 35 25 2d 00 00 00 00 00 00 00 00 87 6a 00 00 55 55 5f e0 ec 9b 00
00:aa 19 00 fc 00 38 00 00 00 55 7a a0 00 6d b4 a2 20 7a 80 00 00 0f dd 4d a4 57 fe a8 00 70 e5 ae cc 55 f8 80 00 d2 ed ce d4 7a a0 00 00 13 f6 91 e5 5e aa aa 00 95 f6 d2 ed 57 70 55 f5 95 f6 d2
00:aa 19 38 fc 00 38 00 00 ed ea 54 58 f8 95 f6 74 f6 40 00 00 00 95 f6 00 00 00 00 00 00 95 f6 00 00 00 00 00 00 95 f6 00 00 00 00 00 00 95 f6 00 00 00 00 00 00 95 f6 75 f6 00 00 00 03 95 f6 d2
00:aa 19 70 fc 00 38 00 00 ed 00 01 3d 55 d2 ed ce d4 00 02 2b b5 70 e5 8d c4 02 0b bd d5 ae c4 8a 93 0a 2f b5 d5 cb 9b 09 7b 00 02 bf 57 ab 93 29 7b 0a fd fd fd e8 7a c8 6a 0b 3f bf bf e8 7a c8
00:aa 19 a8 fc 00 38 00 00 6a e8 fc f0 c0 ab 93 09 7b 55 5d 7e f8 ab 93 c8 72 55 ff aa 00 ab 93 c8 72 55 55 bf 2a 4a 83 e8 72 55 57 fa 00 8b 93 09 7b 5f ea e0 c0 6a 8b 4a 83 f5 0d 0d 15 4a 83 87
00:aa 19 e0 fc 00 38 00 00 6a 0b 0b 2f 2d a7 6a 06 5a 25 25 95 95 e5 51 20 10 0d 0d 0d 09 00 08 00 00 fb ff ff ff 6d b4 ab 93 5f a0 00 ea ae c4 2d a4 7e aa 00 5a 91 ed ae cc 57 7a a0 7f d2 ed ef
00:aa 19 18 fd 00 38 00 00 dc fe 80 00 55 d2 ed 30 dd 00 00 00 6a 95 f6 91 e5 fc e0 80 55 95 f6 91 e5 00 00 00 55 74 f6 ef dc 08 0a aa f5 95 f6 ef dc 08 aa aa 55 54 f6 ef dc 00 00 aa 55 95 f6 ef
00:aa 19 50 fd 00 38 00 00 dc 00 00 aa 75 95 f6 ef dc 00 00 aa 55 95 f6 2f dd 00 00 aa 55 95 f6 ef dc 00 02 aa 55 95 f6 ce cc 02 aa ab 55 70 e5 2c b4 00 02 2f 55 ce d4 ec 9b 02 0a af 55 2c ac a8
00:aa 19 88 fd 00 38 00 00 6a 02 0b 2f f5 6a 8b 67 62 2b b7 f7 55 09 7b 26 5a 80 aa aa d7 4a 83 67 62 02 8a ef 55 c8 72 67 62 2a 20 aa 7f 4a 83 c8 72 fc fc fc 55 cb 9b 4a 83 7c 78 78 5e 2d a4 cb
00:aa 19 c0 fd 00 38 00 00 93 aa 00 00 55 2d a4 ab 93 ff 0a 00 5f 2d a4 ab 93 55 f5 0d d5 8b 93 4a 83 82 0a 0d d5 4a 83 e8 72 02 03 0b b5 09 7b 87 6a 2d 2d bd d5 67 62 05 5a 05 0d 0d b5 c4 51 41
00:aa 19 f8 fd 00 38 00 00 10 09 09 09 09 00 00 00 00 00 00 00 00 00 00 0e 00 00 00 00 00 00 00 f8 00 00 00 00 00 00 0f fe 00 00 00 00 00 00 7f f0 00 00 00 00 00 07 ff 00 00 00 00 00 00 ff f8 00
00:aa 19 30 fe 00 38 00 00 00 00 00 00 3f ff 80 00 00 00 00 07 ff f8 00 00 00 00 00 7f 3f 80 00 00 00 00 07 ff f8 00 00 00 00 00 7f ff 80 00 00 00 00 07 ff f8 00 00 00 00 00 7f ff 80 00 00 00 00
00:aa 19 68 fe 00 38 00 00 07 ff f8 00 00 00 00 00 7f ff 80 00 00 00 00 07 ff fc 00 00 00 00 00 3f ff f8 00 00 00 00 01 ff ff e0 00 00 00 00 1f ff ff 00 00 00 00 00 ff ff f8 00 00 00 00 07 ff ff
00:aa 19 a0 fe 00 38 00 00 c0 00 00 00 00 3f ff fe 00 00 00 00 03 ff ff e0 00 00 00 00 7f ff 7e 00 00 00 00 07 ff ff f0 00 00 00 00 7f ff ff 00 00 00 00 07 ff ff f0 00 00 00 00 7f ff ff 00 00 00
00:aa 19 d8 fe 00 38 00 00 04 07 ff ff f0 00 00 00 60 ff ff ff 80 00 00 07 7f ff ff f8 00 00 00 7f ff ff ff 80 00 00 07 ff ff ff f8 00 00 00 7f ff ff ff 80 00 20 08 00 00 ff ff ff fc 03 41 00 00
00:aa 19 10 ff 00 38 00 00 55 55 55 c0 61 20 00 00 55 55 55 3d e3 40 00 00 54 54 56 56 a9 ca e6 81 57 7a e8 e0 a9 ca a1 28 bd 0b 02 0a 07 9a 00 00 55 d5 2d 0b 41 10 00 00 ff ff ff bf 82 28 00 00
00:aa 19 48 ff 00 38 00 00 54 56 55 55 a9 ca e3 48 a0 ea 7a 5f a9 ca 07 a2 0d 95 55 55 88 c2 07 a2 7d 41 55 55 07 a2 00 08 b5 0b 02 00 27 92 00 00 55 fa 80 00 ea aa 41 10 55 aa 00 00 27 92 61 10
00:aa 19 80 ff 00 38 00 00 5f 00 00 00 27 92 03 41 55 0a 2a 00 a9 a2 61 18 d5 ae aa 0a 8b 93 20 08 55 d5 35 ad 44 69 00 00 78 5e 57 55 c6 79 03 49 80 ff 7e 70 ea aa c6 79 5f 5f 7e f0 ea aa 27 92
00:aa 19 b8 ff 00 38 00 00 55 60 00 00 a9 ca 07 a2 57 ae a0 00 c9 da c9 aa 55 e9 a0 a0 a9 ca a9 aa 55 7f 00 00 a9 ca 68 aa 55 fd 01 00 ea aa 07 92 29 f1 0d 08 ec bb c6 79 d5 57 f6 08 26 5a 20 08
00:aa 19 f0 ff 00 38 00 00 55 d5 15 35 27 8a 00 00 57 5e 58 78 27 aa e6 81 5e f8 e0 80 ea aa 07 aa 60 60 52 62 c9 da e9 b2 5a aa a0 a0 e9 ea a9 ca 55 55 f5 00 e9 ea a9 ca 55 55 c5 cf 0a eb a9 ca
00:aa 19 28 00 01 38 00 00 55 55 55 15 a9 ca 00 00 00 00 00 00 a9 ca ea aa 15 09 02 00 6d bc ea aa 5a 58 58 58 ec a3 20 08 b5 25 05 0d e3 30 00 00 55 55 57 54 27 92 61 18 70 60 80 80 07 aa 07 a2
00:aa 19 60 00 01 38 00 00 6a aa aa aa c9 da 47 b2 62 60 80 a2 e9 ea a9 ca 60 40 70 c0 e9 ea 00 00 00 00 00 00 e9 ea e9 e2 6a aa aa aa e9 e2 8e d4 40 c0 00 00 e9 ea a9 ca 9f 02 02 02 c9 da a9 ca
00:aa 19 98 00 01 38 00 00 55 55 55 41 a9 ca 4a ab 25 0d 01 00 0c ac 61 10 09 01 03 02 41 10 00 00 ff ff ff 3f 00 00 00 00 00 00 00 00 00 00 00 00 00 00 00 00 06 72 20 08 56 5c 5c 58 07 a2 07 8a
00:aa 19 d0 00 01 38 00 00 70 78 f0 c0 a9 ca 07 aa 57 57 5e 58 e9 ea a9 ca 55 55 57 60 e9 ea c9 da 40 00 00 00 e9 ea 00 00 00 00 00 00 e9 ea 2d dc 00 00 00 05 e9 ea 00 00 00 00 00 00 e9 ea 00 00
00:aa 19 08 01 01 38 00 00 00 00 00 00 e9 ea a9 ca 00 00 00 05 e9 e2 a9 ca 15 15 95 55 a9 ca 6a 93 bd 2f 2f 2d e3 40 00 00 95 15 15 15 00 00 00 00 00 00 00 00 00 00 00 00 00 00 00 00 00 00 00 00
00:aa 19 40 01 01 38 00 00 00 00 00 00 e6 81 41 10 58 58 58 50 07 aa 27 92 6a 6a 6a 6a a9 ca 07 aa 5c 54 54 5c e9 ea a9 ca a0 30 20 50 e9 ea e9 e2 aa ea aa aa e9 ea 00 00 00 00 00 00 0a eb ef dc
00:aa 19 78 01 01 38 00 00 05 05 02 00 e9 ea 2f dd 60 70 80 00 e9 ea 00 00 00 00 00 00 e9 ea a9 ca 05 01 03 00 e9 e2 a9 ca 55 55 55 15 a9 ca ea aa 25 25 25 25 43 41 00 00 15 15 15 15 00 00 00 00
00:aa 19 b0 01 01 38 00 00 00 00 00 00 00 00 00 00 00 00 00 00 00 00 00 00 00 00 00 00 27 92 61 18 58 58 58 58 07 aa 07 a2 ea 6a aa aa a9 ca 27 aa 58 58 50 50 e9 ea a9 ca 5c 5c 40 60 e9 ea 00 00
00:aa 19 e8 01 01 38 00 00 00 00 00 00 e9 ea 00 00 00 00 00 00 e9 ea 00 00 00 00 00 00 e9 ea c9 d2 00 01 01 01 e9 ea a9 ca 15 15 55 55 c9 ba a5 61 02 03 03 01 a2 28 00 00 15 15 95 95 00 00 00 00
00:aa 19 20 02 01 38 00 00 00 00 00 00 00 00 00 00 00 00 00 00 00 00 00 00 00 00 00 00 c6 79 20 08 58 58 58 5c 07 a2 e6 81 80 c0 60 70 a9 ca 27 aa 50 50 50 58 b1 ed a9 ca 55 5a 6a 80 d2 ed 2a e3
00:aa 19 58 02 01 38 00 00 55 55 a0 00 95 f6 4b eb 55 55 aa 00 95 f6 4a db 7f 7f 82 00 95 f6 e9 e2 f5 f5 af 02 e9 ea ae c4 00 00 c0 57 e9 ea 2a bb 00 00 00 5e e9 ea a9 ca 55 55 15 15 a9 ca 85 71
00:aa 19 90 02 01 38 00 00 09 09 09 2b 81 20 00 00 15 15 15 15 00 00 00 00 00 00 00 00 00 00 00 00 00 00 00 00 00 00 00 00 00 00 00 00 65 69 00 00 5c 5c 5e 5e 4a 8b c6 79 5f 50 72 63 4d b4 05 5a
00:aa 19 c8 02 01 38 00 00 a0 bf 55 55 d2 ed e5 51 80 fe 55 55 13 f6 a8 6a 00 80 78 5e 95 f6 b1 ed 00 3f ff 5f d2 ed 49 8b 00 09 2d 2d 70 e5 87 6a 2f 55 55 55 0d 9c 09 7b 57 57 a0 5e 2d a4 09 7b
00:aa 19 00 03 01 38 00 00 80 78 a0 80 6d b4 ea aa 15 d5 b5 2d a9 ca e6 81 0d ad ad ad c2 30 00 00 15 15 15 15 00 00 00 00 00 00 00 00 00 00 00 00 00 00 00 00 00 00 00 00 00 00 00 00 e2 30 00 00
00:aa 19 38 03 01 38 00 00 5c 5c 56 57 4a 83 64 41 c2 e2 e0 60 29 83 67 62 f5 f5 b7 34 4d ac 06 5a 57 5e f8 a0 d2 ed 6a 83 57 55 f5 3d d2 ed 0b ac c0 e0 60 60 b1 ed 2c b4 35 35 35 2d 4d ac 87 6a
00:aa 19 70 03 01 38 00 00 f5 8b 00 00 8d bc 09 7b 55 cd 02 00 6d b4 6a 83 68 68 80 00 2c ac 4a 8b 09 09 09 0d 27 92 24 61 82 b2 96 27 a2 28 00 00 15 15 15 15 20 08 00 00 ff ff ef cf 00 00 00 00
00:aa 19 a8 03 01 38 00 00 00 00 00 00 00 00 00 00 00 00 00 00 20 08 00 00 fc fc ff ff 29 7b 20 10 e0 e0 60 60 0c a4 c8 6a f7 ee aa 80 50 dd ec 9b 5c 57 57 7f 70 e5 2c ac 35 f5 f5 f5 d2 ed 0b ac
00:aa 19 e0 03 01 38 00 00 60 60 60 60 d2 ed ae cc 25 2d 0a 00 d2 ed 0c ac 57 ff 0a 00 d2 ed 8d c4 55 5f aa 00 91 ed 8d c4 55 fd af 0b 8d bc 29 83 2d 2d 2d 2d 8d bc 4a 8b 75 61 62 60 47 5a 00 00
00:aa 19 18 04 01 38 00 00 d5 d5 95 15 20 08 00 00 cf cf cf cf 00 00 00 00 00 00 00 00 00 00 00 00 00 00 00 00 00 00 00 00 00 00 00 00 c8 72 41 10 60 60 60 60 ae cc ab 93 7a 68 78 78 70 e5 8e c4
00:aa 19 50 04 01 38 00 00 55 ff 00 28 ce d4 0b ac 2d 2d 2d 25 d2 ed 0b ac 60 60 e0 e0 d2 ed 70 e5 00 07 05 05 d2 ed 70 e5 00 00 c0 60 d2 ed 00 00 00 00 00 00 d2 ed ef dc 09 01 01 0d 8d bc 4a 83
00:aa 19 88 04 01 38 00 00 2d 2d 2d 2d 0c a4 43 41 80 83 a9 ab a5 41 00 00 15 55 55 d5 20 10 00 00 ef eb eb fe 00 00 00 00 00 00 00 00 00 00 00 00 00 00 00 00 00 00 00 00 00 00 00 00 87 6a 00 08
00:aa 19 c0 04 01 38 00 00 60 70 58 58 4d b4 29 7b e0 78 7a 5e ce d4 2d a4 00 80 e2 7a ce d4 cb 9b 2f be fe f5 13 f6 8d c4 60 60 e0 78 54 f6 ef dc af af 25 b5 d2 ed ce d4 a0 a2 60 7a b2 ed ce d4
00:aa 19 f8 04 01 38 00 00 28 af ad ad 50 e5 4d b4 01 ad 55 f5 0b ac 6a 8b 0d 0d 0d ad 09 7b 67 62 01 01 03 83 a1 28 00 00 95 95 95 15 20 10 00 00 fe ff ff ff 20 08 00 00 ff bf 3f 0f 00 00 00 00
00:aa 19 30 05 01 38 00 00 00 00 00 00 00 00 00 00 00 00 00 00 e5 59 20 08 5c 5c 56 57 4a 83 46 62 e0 e0 78 5e 8d bc 6a 8b 80 e0 78 5e 6d bc e8 7a 2d 03 00 00 ae c4 29 83 70 5e b8 00 50 e5 ce d4
00:aa 19 68 05 01 38 00 00 a7 5b 56 54 70 e5 ae cc e0 23 af 25 70 e5 2c ac 0b af f5 55 6d b4 0c 9c 03 0f bd f5 cb 9b e8 72 03 09 0d 2d e8 7a c8 6a c3 c3 c3 21 46 62 20 08 95 35 25 0b 20 08 00 00
00:aa 19 a0 05 01 38 00 00 ef ff ff 2f 20 08 00 00 8b f2 fc fe 20 08 00 00 ff ff bf 0f 00 00 00 00 00 00 00 00 81 20 00 00 5c 5f 55 55 67 62 81 20 80 e0 78 7e 4a 83 05 5a 80 e0 f8 7e 8e c4 4a 83
00:aa 19 d8 05 01 38 00 00 80 a0 ff 55 ce d4 ab 93 00 2a 57 5e ce d4 0c ac 00 fd 5f 80 ae cc 0c ac 35 55 af 0f 4d b4 eb a3 4f c9 bd bd 0c 9c 09 7b 0a af bd f5 4a 8b c8 6a 2d b5 d7 5c 29 83 67 62
00:aa 19 10 06 01 38 00 00 a9 ad 2d 0b c8 72 e5 51 ad aa 80 00 e8 72 61 18 d5 2d 02 00 67 62 20 08 55 55 d5 2d 20 08 00 00 fc 8c e0 fe 20 08 00 00 bf ff ff 8f 20 08 00 00 8f cf c3 f3 00 00 00 00
00:aa 19 48 06 01 38 00 00 00 00 00 00 00 00 00 00 00 00 00 00 84 41 20 08 58 56 57 55 05 5a 03 39 00 a0 fa 5e 09 7b e5 51 80 e0 e0 78 4d b4 4a 83 f8 78 7f 7d ae cc e8 72 00 aa ff 57 6d b4 ab 93
00:aa 19 80 06 01 38 00 00 00 a0 62 e2 6d b4 4a 83 2b ad bd bd 4a 83 e8 7a 2d 0d 28 fe ec 9b e8 7a 5e 68 e0 e0 ab 93 c8 72 35 2d 2f 0b 4a 83 c8 6a 60 c0 00 80 6a 8b 09 7b a9 aa 02 03 4a 83 67 6a
00:aa 19 b8 06 01 38 00 00 a5 ab 82 00 09 7b 20 08 d5 bd 0b 00 06 5a 00 00 55 55 d5 2d 00 00 00 00 00 00 00 00 00 00 00 00 00 00 00 00 20 08 00 00 fc fc ff ff 21 10 00 00 ff ff ff 3f 00 00 00 00
00:aa 19 f0 06 01 38 00 00 00 00 00 00 00 00 00 00 00 00 00 00 43 41 20 08 70 58 5c 54 c8 6a c4 51 78 78 78 5c 6a 8b c8 6a 82 c0 60 68 2d a4 e8 7a 5e f8 a0 fa 6d b4 cb 93 02 02 a2 f5 ab 93 a7 6a
00:aa 19 28 07 01 38 00 00 0b 0f 0f bd 4a 83 e8 7a 7f 55 56 50 2d a4 4a 83 43 eb df d6 2d a4 6a 83 fd ed 09 09 4a 83 09 7b 60 a2 95 54 cb 9b 4a 83 f5 57 7a c0 0c a4 6a 8b 55 fe a8 00 0c a4 09 7b
00:aa 19 60 07 01 38 00 00 f5 ba 0b 00 8a 93 03 31 ad 0a 00 00 09 7b 20 08 55 b5 0d 03 20 08 00 00 ff ff ff 3f 00 08 00 00 ff ff ff bf 20 08 00 00 0f eb f2 fc 00 00 00 00 00 00 00 00 00 00 00 00
00:aa 19 98 07 01 38 00 00 00 00 00 00 a2 30 00 00 54 56 56 5e 66 62 43 41 78 5e 5f 75 e8 72 43 41 00 82 eb 55 4a 83 43 41 a0 f8 de 57 ab 93 67 62 02 aa ff 5d e8 7a c8 6a 03 83 eb 7c 8b 93 29 7b
00:aa 19 d0 07 01 38 00 00 5c 5e 7e e0 ec 9b 6a 8b d4 fc fc fc 2d a4 6a 8b 09 01 01 01 4a 83 e8 7a 66 d4 d7 57 2c ac 8b 93 78 70 78 78 6d b4 0c ac 68 10 d2 61 6d bc 0c ac d5 05 67 55 2c ac cb 9b
00:aa 19 08 08 01 38 00 00 fd a5 2b ad ab 93 a7 6a 09 0a 02 0a 4a 83 20 08 d5 95 35 25 00 00 00 00 00 00 00 00 00 00 00 00 00 00 00 00 20 08 00 00 af cb f8 fc 81 20 00 00 55 55 57 dc a4 51 20 10
00:aa 19 40 08 01 38 00 00 5e 78 e0 80 c5 51 43 49 ed a9 ae 26 a4 51 03 39 fd bd 2b 0a 64 49 e2 38 5c f8 80 00 a8 6a c4 51 7e 7e 78 78 2d ac c8 72 57 56 50 cb 6e b4 4a 83 ef 0d d7 57 ec 9b ab 93
00:aa 19 78 08 01 38 00 00 56 6e aa de 2d a4 4a 83 03 01 09 0d 09 7b e8 7a 54 54 54 56 cb 9b 09 7b 80 e8 7e 7a 0c ac 8b 93 00 c0 7f 55 0b ac ab 93 00 02 fd 55 cb 9b 4a 83 02 2a bd f5 6a 8b 09 7b
00:aa 19 b0 08 01 38 00 00 02 2f 95 95 c8 72 20 10 09 02 00 00 46 62 20 08 55 d5 25 0b 20 08 00 00 ff ff ff 3f 20 08 00 00 ff af eb f8 64 49 20 08 7e 58 70 e0 c4 51 a4 49 60 e8 aa ad a4 49 43 49
00:aa 19 e8 08 01 38 00 00 0e 3f af f3 67 62 43 49 fd eb 7a 78 67 62 64 49 5f fe e8 02 e8 72 06 5a 70 82 af 55 29 7b 26 5a 0a e8 f8 7a 8b 93 09 7b f0 f0 fc 57 cb 9b 09 7b a8 aa ab d5 cb 9b 4a 83
00:aa 19 20 09 01 38 00 00 2d b5 7e e8 ab 93 09 7b 55 ed 0d 0d 4a 83 e8 7a 00 f5 56 e0 ab 93 09 7b ea 55 ff 80 6a 8b 09 7b 00 55 af 00 cb 9b 4a 83 d5 5f 7e f0 eb a3 4a 83 55 fd bf 0b 6a 8b c8 72
00:aa 19 58 09 01 38 00 00 f5 bf 0b 02 29 7b 05 5a ad be 2e 2a e8 7a 20 08 d5 b5 2d 0b 20 08 00 00 fe fe ff 3f 20 08 00 00 ff 2f eb f3 84 49 a2 30 68 6a 6a ea 64 49 43 41 a9 ad b5 aa ab 93 84 49
00:aa 19 90 09 01 38 00 00 55 57 54 57 e9 72 c4 51 7a 2f 35 95 87 6a c4 51 25 95 55 55 67 62 c4 51 5f 5e 7c f8 09 7b 66 62 5a 7a e8 e8 09 7b 67 62 00 00 0a 27 cb 93 e8 7a 57 57 5e 78 0c a4 6a 8b
00:aa 19 c8 09 01 38 00 00 78 78 8a 0f 8b 93 09 7b 35 97 5e 78 2c ac 6a 8b 57 7f fe f0 6d bc eb 9b 55 77 ea 80 8d c4 eb 9b 5d ff ab 00 4d b4 ab 93 d7 ff bf 2a eb a3 ab 93 a3 ff f5 3d cb 93 6a 8b
00:aa 19 00 0a 01 38 00 00 30 02 ad 75 6a 8b c8 72 3d 2d 0b 0a c8 6a e5 51 09 02 00 00 87 6a 20 08 55 95 35 25 20 08 00 00 fa fc ff ff 20 08 00 00 ff ff ff fc a4 49 a2 30 ea 6a 68 e0 c4 51 a4 49
00:aa 19 38 0a 01 38 00 00 7a ea aa aa 67 62 c4 51 55 55 5f f8 67 62 c4 51 57 d5 a5 2d c5 51 63 49 aa aa aa 98 c8 6a e5 59 58 70 60 a0 e8 7a c8 6a ff fb c3 03 4a 8b 87 62 d7 d7 d6 f8 0b ac e9 72
00:aa 19 70 0a 01 38 00 00 78 e8 e0 a0 0b ac 6a 8b 0d 0d 05 0d ab 93 09 7b 70 ea e8 a8 ae cc 0c ac 57 5e 5a 78 ce d4 6d b4 7f fb e0 00 ce d4 8d c4 55 6b 03 00 6d bc eb a3 f5 fd 35 fd eb 9b 6a 8b
00:aa 19 a8 0a 01 38 00 00 5d a8 20 00 cb 9b 4a 83 35 25 07 0f e8 7a c8 72 a9 aa 26 26 c8 72 41 18 0d 09 03 03 20 10 00 00 ff ff ff 3f 81 20 00 00 54 54 54 54 05 5a 23 41 7a 78 e8 e0 06 5a e5 51
00:aa 19 e0 0a 01 38 00 00 76 aa aa a0 a7 6a 05 5a 7a ea a2 a2 67 62 c4 51 2d 2d 25 95 c8 6a c4 51 57 5e 78 e8 09 7b 67 62 78 e0 a0 a0 09 7b e8 7a 95 05 09 01 ab 93 e8 72 5c 58 58 70 6d bc eb 9b
00:aa 19 18 0b 01 38 00 00 7e 78 e8 80 8d bc ab 93 a5 25 05 05 0c ac 6a 8b 7e da 50 f0 ce d4 4d b4 7c 78 e0 60 70 e5 ce d4 56 58 60 40 d2 ed ce d4 fd aa 00 00 70 e5 ce d4 55 d5 35 0d ae cc 0c ac
00:aa 19 50 0b 01 38 00 00 95 35 35 25 0c ac eb a3 65 8a 8a a2 eb 9b 4a 8b 09 09 89 0d 09 7b e8 7a 16 16 14 1c e8 7a 67 62 29 29 0b 0b 84 49 20 08 55 d5 95 15 20 08 00 00 f0 f0 fc fc 43 41 00 00
00:aa 19 88 0b 01 38 00 00 5c 5c 58 58 66 62 c5 51 7f 7e fe f0 67 62 46 62 7a aa aa aa 87 6a 26 5a a2 a3 a9 a9 67 62 c4 51 d7 d7 5c 78 09 7b 26 5a 7a f8 e0 e0 09 7b e8 7a 40 00 0a 09 09 7b e8 7a
00:aa 19 c0 0b 01 38 00 00 01 01 09 04 eb a3 09 7b 58 58 5c 78 8d c4 6d b4 60 60 62 62 6d bc ab 93 09 29 25 a5 8d c4 ab 93 5e 58 58 78 ce d4 ae c4 50 60 80 80 95 f6 ce d4 fe 7a 78 68 95 f6 d2 ed
00:aa 19 f8 0b 01 38 00 00 55 81 02 02 d2 ed ce d4 35 25 2d 2d ae cc 0c ac 25 25 25 2d 0c ac 0b ac ff fb fc fc eb a3 4a 8b 3d 2d 2d 2d 4a 83 e8 7a d4 d4 d8 d8 4a 83 c8 72 b5 2d 0b 03 87 6a 20 08
00:aa 19 30 0c 01 38 00 00 95 95 35 25 20 08 00 00 fc fc fc fc e5 59 00 00 5c 58 58 78 67 62 05 5a 40 40 80 80 67 62 00 00 00 00 00 00 67 62 e5 51 0d 0f 3f 37 a8 6a 05 5a 5a 78 e0 a2 e8 7a a8 6a
00:aa 19 68 0c 01 38 00 00 70 f0 fb 6c 09 7b c8 72 0f 0f a9 a5 29 83 87 62 aa 8a ff d5 0c 9c e8 7a 78 78 5e 5e 8d bc 0c ac 42 e0 c0 60 8d c4 cb 93 a5 25 35 b5 ce d4 eb 9b 7e 7a 78 f8 70 e5 ce d4
00:aa 19 a0 0c 01 38 00 00 57 40 80 00 95 f6 71 e5 70 70 c0 c0 95 f6 d2 ed 02 02 03 01 d2 ed ce d4 2d 2d ad ad ce d4 6d bc 0d 0f cf ef 8d bc 0c ac d6 1d 31 0d 0b ac 4a 83 2d 2d 2d ad 4d ac 09 7b
00:aa 19 d8 0c 01 38 00 00 5f 5a 78 60 ab 93 09 7b 2d 0d 0d 0d c8 6a 20 08 25 2d 0d 0d 20 08 00 00 f8 f8 f8 fb e5 59 00 00 78 78 78 78 67 62 05 5a 80 80 c0 40 67 62 00 00 00 00 00 00 46 62 c5 51
00:aa 19 10 0d 01 38 00 00 37 18 de de e8 7a a8 6a 5c 78 fc fc e8 7a e8 72 2a a9 ab ab e8 7a a8 6a 0f fd fd f5 67 62 c4 51 08 3f 3d 35 4a 83 05 5a e8 f8 7a 5e 6d b4 4a 8b c0 e0 68 7a 6d b4 ab 93
00:aa 19 48 0d 01 38 00 00 2d 37 b5 b5 50 e5 0b ac 7e 7c 7c 7c 70 e5 ce d4 80 40 c0 00 95 f6 d2 ed 60 60 60 60 95 f6 91 ed 01 0d 0d 0d 50 e5 ce d4 05 15 15 55 8d c4 8d bc aa aa ab a9 4d b4 eb a3
00:aa 19 80 0d 01 38 00 00 0f 2d 3f 3f cb 9b 4a 83 0d 2d 2d 3e 4d b4 6a 8b 40 c2 82 03 cb 9b 09 7b 2f 2f 2d 0d a8 6a 20 08 09 09 09 09 20 08 00 00 fb ff ff ff 87 6a 00 00 55 55 95 35 e5 59 20 08
00:aa 19 b8 0d 01 38 00 00 78 78 5c 5e 46 62 c5 51 f8 ff 7f 5f 67 62 05 5a 00 00 7c 55 67 62 a4 49 dc d6 d6 d6 e8 7a 67 62 e0 60 60 78 09 7b e8 7a 55 55 05 8d e8 7a 67 62 b5 95 95 35 46 62 43 41
00:aa 19 f0 0d 01 38 00 00 2d 2d 2d 2d 46 62 e2 38 e8 f8 56 57 cb 9b 87 62 e0 e0 78 5e eb 9b ab 93 07 b7 57 57 50 e5 4d b4 5c 5c 5e 5e 70 e5 ce d4 00 80 80 60 95 f6 d2 ed 60 60 60 56 95 f6 ce d4
00:aa 19 28 0e 01 38 00 00 2f 2d b5 b5 ae cc 8d bc 0b ff 3f 37 8d c4 4d b4 8a 27 39 b9 2c ac 0b ac 3f ff ff ff eb a3 4a 83 3f 3e 36 37 6d b4 ab 93 0b 29 2d b5 ab 93 c8 72 0b 0d bd d5 87 6a 20 08
00:aa 19 60 0e 01 38 00 00 09 0d 0d 0d 20 08 00 00 f3 f3 fb fc cb 93 e2 30 b5 2d 0b 0a a7 6a 00 00 55 55 d5 2d 20 08 00 00 ff f2 ab bf c2 30 00 00 50 58 5c 56 05 5a 23 39 a0 e8 6a 7e 05 5a c4 51
00:aa 19 98 0e 01 38 00 00 00 00 40 6c c5 51 43 41 bc be 97 b5 e8 72 64 49 e8 e8 78 7e 09 7b 87 6a 82 a2 ea 7e e8 7a a8 6a 25 2d 0f 0f 67 62 43 41 3d 2d 2d 2f e2 38 a2 28 34 36 06 00 09 7b 84 49
00:aa 19 d0 0e 01 38 00 00 78 78 78 70 2d ac 6a 8b 5f 5e 7a e8 ae cc 2c ac 70 78 60 80 b1 ed ce d4 68 e8 e8 e8 95 f6 d2 ed 55 55 5f 60 d2 ed ce d4 a5 25 25 0a ce d4 8e c4 95 15 35 0d 8d c4 6d b4
00:aa 19 08 0f 01 38 00 00 15 25 00 00 6d b4 0b ac 75 35 35 15 eb a3 c8 6a 2e 2f 2f 2d 4a 83 87 6a 00 02 af d5 c8 6a 46 62 03 0f bd f5 05 5a 20 08 0d 25 25 25 20 08 00 00 fc ff fe ff 20 08 00 00
00:aa 19 40 0f 01 38 00 00 ff ff bf 3f 2d a4 4a 83 b5 2b 02 00 ab 93 26 5a b5 ab 02 02 26 5a 20 08 55 95 15 15 20 08 00 00 f3 f3 f0 f8 20 08 00 00 fe f0 2b ff 20 08 00 00 03 ff ff ff 00 00 00 00
00:aa 19 78 0f 01 38 00 00 00 00 00 00 20 08 00 00 fc ff ff ff c4 51 20 10 e8 6a 7a 5e e5 51 43 41 a8 aa 6a 6a c4 51 43 41 35 35 35 05 05 5a 43 41 e0 f8 7a 5e 87 6a 05 5a a0 a8 5a 56 c8 6a 46 62
00:aa 19 b0 0f 01 38 00 00 02 03 ff d5 67 62 43 49 2d 2d 2d bd 29 7b 43 41 55 57 5e 78 4d b4 a7 6a 5e 78 e8 a0 ae cc 0c ac 5e ea a0 a0 ce d4 8e c4 40 01 01 08 b1 ed ce d4 68 78 5a 57 95 f6 50 e5
00:aa 19 e8 0f 01 38 00 00 c0 c0 e8 7f 95 f6 91 ed 0d 0d 0d 55 50 e5 8d c4 3d 3d 3d fd 8d c4 0b ac 02 01 01 09 0b ac 00 00 00 00 00 00 eb a3 67 62 2d 25 25 25 67 62 05 5a 00 35 d5 d5 46 62 05 5a
00:aa 19 20 10 01 38 00 00 25 55 55 55 c5 51 20 08 25 25 25 25 00 00 00 00 00 00 00 00 20 08 00 00 2f cf cf cf 6d b4 2d a4 15 55 55 55 2d a4 ab 93 3d 3d 3d bd 29 7b 20 08 95 95 35 35 00 00 00 00
00:aa 19 58 10 01 38 00 00 00 00 00 00 00 00 00 00 00 00 00 00 00 00 00 00 00 00 00 00 00 00 00 00 00 00 00 00 00 00 00 00 00 00 00 00 00 00 00 00 00 00 00 00 a2 30 20 08 58 57 55 55 43 41 20 10
00:aa 19 90 10 01 38 00 00 00 80 e0 7a 84 49 e2 38 09 a9 a5 55 64 49 e2 38 70 58 57 55 05 5a 23 41 a0 e8 fa 7f 05 5a 43 41 00 2a ab bd 05 5a 23 41 bf ff d6 54 ab 93 87 6a 5e 78 78 e0 8d c4 cb 9b
00:aa 19 c8 10 01 38 00 00 78 78 78 78 ce d4 8e c4 50 70 79 74 ce d4 ae cc 00 50 40 00 ce d4 8d c4 00 02 d5 d9 ce d4 8d c4 00 00 55 55 0f dd 8d c4 2a ab 55 55 ce d4 8d bc 0f 3f fd fd 8d c4 0b ac
00:aa 19 00 11 01 38 00 00 0d d5 55 55 0b ac ab 93 03 03 0b 0d ab 93 87 6a 25 25 35 35 67 62 05 5a 35 08 00 00 67 62 05 5a 0d 03 01 01 c4 51 20 08 25 25 25 25 00 00 00 00 00 00 00 00 20 08 00 00
00:aa 19 38 11 01 38 00 00 cf e3 f2 fa 6d b4 2d a4 95 05 0d 02 2d a4 ab 93 fd fd 2e 02 ab 93 20 08 25 2d 0b 00 67 62 20 08 55 55 d5 25 00 00 00 00 00 00 00 00 00 00 00 00 00 00 00 00 00 00 00 00
00:aa 19 70 11 01 38 00 00 00 00 00 00 00 00 00 00 00 00 00 00 00 00 00 00 00 00 00 00 00 00 00 00 00 00 00 00 e2 38 00 00 78 5e 57 57 84 49 e2 38 57 5e 58 68 84 49 e2 38 d5 b5 25 05 23 41 81 20
00:aa 19 a8 11 01 38 00 00 80 aa ff 55 43 41 81 20 0a a9 55 55 87 6a 81 20 dc 5c 58 58 cb 93 09 7b 78 78 78 7a 8d c4 cb 9b 78 7c 7e 7a ce d4 6d bc e8 dc 7c ff ce d4 8e c4 09 0d b5 55 ce d4 8e c4
00:aa 19 e0 11 01 38 00 00 55 50 50 70 ce d4 8d c4 d5 05 00 00 ce d4 8d c4 55 11 00 00 ae cc 0b ac ad a9 29 09 0b ac 0b a4 00 00 00 0b eb a3 4a 83 0b 2f bd fd 4a 8b 67 62 35 35 b5 b7 c8 6a 67 62
00:aa 19 18 12 01 38 00 00 5d 41 01 00 67 62 e5 59 01 01 09 0d c4 51 21 10 2d 2d 2d 29 00 00 00 00 00 00 00 00 20 08 00 00 fa f8 fc fc 6d b4 ec 9b 03 00 00 75 6d b4 ec 9b c3 0f 0f 55 2d a4 cb 93
00:aa 19 50 12 01 38 00 00 fd af 00 ff ec 9b c2 28 2d 02 00 00 8b 93 20 08 55 f5 2d 0b 61 18 00 00 55 55 d5 15 00 00 00 00 00 00 00 00 00 00 00 00 00 00 00 00 00 00 00 00 00 00 00 00 00 00 00 00
00:aa 19 88 12 01 38 00 00 00 00 00 00 00 00 00 00 00 00 00 00 c4 51 41 18 e0 e8 78 7a c4 51 e2 38 2d 2d 2d 55 e2 38 81 20 ff af 0f 00 c2 30 81 20 ff ff ff 00 87 62 c2 30 58 58 58 5e ab 93 87 6a
00:aa 19 c0 12 01 38 00 00 e8 e8 68 7e 0c ac 4a 83 80 a0 80 7e 8d c4 2c ac 00 00 00 55 ce d4 2c ac a0 a0 aa 55 ce d4 2c b4 00 00 a8 55 ce d4 6d b4 00 00 00 55 ce d4 8e bc 00 00 00 5f ce d4 ab 9b
00:aa 19 f8 12 01 38 00 00 2b 0b 0b bd 2d a4 8b 8b 02 02 02 f5 8b 93 c8 72 0a 2b 29 f5 c8 72 87 62 2a 3a 98 5a c8 6a 26 5a 00 00 00 a5 87 6a c5 51 2d 2d bd d5 c4 51 41 18 29 29 09 a9 00 00 00 00
00:aa 19 30 13 01 38 00 00 00 00 00 00 20 08 00 00 fc fc fc fc 00 00 0e 00 00 00 00 00 00 00 f8 00 00 00 00 00 00 1f fe 00 00 00 00 00 01 ff f0 00 00 00 00 00 1f ff 00 00 00 00 00 01 ff f8 00 00
00:aa 19 68 13 01 38 00 00 00 00 00 1f ef 80 00 00 00 00 03 ff f8 00 00 00 00 00 3f cf 80 00 00 00 00 01 ff f8 00 00 00 00 00 1f ff 80 00 00 00 00 01 ff f8 00 00 00 00 00 1f ff 80 00 00 00 00 01
00:aa 19 a0 13 01 38 00 00 ff f8 00 00 00 00 00 1f ff 80 00 00 00 00 00 ff fc 00 00 00 00 00 0f ff e0 00 00 00 00 00 ff ff 80 00 00 00 00 07 ff fc 00 00 00 00 00 3f ff e0 00 00 00 00 07 ff ff 00
00:aa 19 d8 13 01 38 00 00 00 00 00 00 7f ff f8 00 00 00 00 0f ff ff c0 00 00 00 00 ff ff fe 00 00 00 00 0f ff ff e0 00 00 00 00 fe ff fe 00 00 00 00 0f ff ff e0 00 00 00 00 ff ff fe 00 00 00 04
00:aa 19 10 14 01 38 00 00 0f ff ff e0 00 00 00 60 ff ff fe 00 00 00 07 0f ff ff e0 00 00 00 70 7f ff fe 00 00 00 03 83 ff ff e0 00 00 00 7e 3f f7 fe 00 00 00 00 00 00 00 00 00 00 00 00 00 00 00
00:aa 19 48 14 01 38 00 00 00 00 00 00 00 00 00 00 00 00 00 00 00 00 00 00 00 00 00 00 00 00 00 00 00 00 00 00 00 00 00 00 00 00 00 00 00 00 00 00 00 00 00 00 00 00 00 00 00 00 00 e6 81 00 00 55
00:aa 19 80 14 01 38 00 00 57 78 60 e6 91 00 00 55 ff 00 00 07 aa 20 08 55 55 aa 00 27 92 20 08 55 55 ab 00 27 92 20 08 55 55 fe 00 a9 a2 00 08 55 ff a0 00 c9 aa 20 08 55 ea 00 00 e9 aa 61 10 55
00:aa 19 b8 14 01 38 00 00 aa 0a 00 27 92 41 18 55 aa 00 00 a9 aa 41 10 55 ff a8 28 07 82 20 08 55 55 95 2d 20 08 00 00 ff fe f0 ff 07 a2 20 08 70 58 5e 57 07 a2 e3 48 00 00 aa 5f 07 a2 c6 79 00
00:aa 19 f0 14 01 38 00 00 22 5a 6a ea aa 27 92 55 5f 40 80 a9 ca 07 a2 5d 5f 80 80 a9 ca ea aa 5a c0 00 00 c9 da c9 b2 f5 0d 0a aa a9 ca ea aa 55 83 00 00 a9 ca a9 aa 55 7f 03 03 ee cc 27 92 d5
00:aa 19 28 15 01 38 00 00 d5 df f8 2c ac c6 79 55 59 a3 03 a4 51 20 08 55 55 d5 15 20 08 00 00 ff fc ff ff 20 08 00 00 ff ff ff fe 07 92 00 00 78 70 e0 80 07 aa 27 92 56 6a aa a0 a9 ca 27 aa 78
00:aa 19 60 15 01 38 00 00 50 80 00 e9 ea a9 ca 55 55 c3 00 e9 e2 a9 ca 55 55 90 10 e9 ea a9 ca 55 55 7d 40 e9 ea a9 ca 55 55 c5 cf e9 ea a9 ca 55 55 55 15 a9 ca ea aa d5 25 05 02 8d bc ea aa 4b
00:aa 19 98 15 01 38 00 00 62 42 42 2d ac 20 08 95 35 35 25 00 00 00 00 00 00 00 00 27 7a 20 08 56 5c 70 70 07 aa 06 82 70 c0 c0 c0 a9 ca 07 aa 58 70 60 70 e9 ea a9 ca 94 d8 58 58 e9 ea 00 00 00
00:aa 19 d0 15 01 38 00 00 00 00 00 e9 ea c9 d2 e8 c0 d0 00 e9 ea 0c dc 10 00 00 00 e9 ea e9 e2 65 aa aa aa e9 ea a9 ca 35 2e 00 00 e9 ea a9 ca 95 0d 01 0d ae cc c9 ba 60 50 54 57 4d b4 20 08 2d
00:aa 19 08 16 01 38 00 00 0d 0d 09 00 00 00 00 00 00 00 00 00 00 00 00 00 00 00 00 27 92 c2 30 70 60 60 60 07 aa 07 9a 6a 6a ea aa a9 ca 07 aa 60 60 c0 00 e9 ea a9 ca 70 c0 00 70 e9 ea 00 00 00
00:aa 19 40 16 01 38 00 00 00 00 00 e9 ea 2f dd 00 00 02 0d e9 ea ce d4 00 00 a0 50 e9 ea 00 00 00 00 00 00 e9 ea a9 ca 0d 0d 25 95 a9 ca ea aa 01 03 00 00 0a ab c2 30 01 01 09 09 00 08 00 00 bf
00:aa 19 78 16 01 38 00 00 bf bf bf 20 08 00 00 df af c3 fe 41 18 00 00 57 54 54 54 07 aa c4 51 6a 68 68 68 07 aa 00 00 00 00 00 00 0c dc a9 ca 5c 57 55 55 e9 ea a9 ca 80 00 40 40 e9 ea 00 00 00
00:aa 19 b0 16 01 38 00 00 00 00 00 e9 ea 0f dd 01 02 00 00 e9 ea 2f dd 58 70 00 00 e9 ea 00 00 00 00 00 00 e9 ea 00 00 00 00 00 00 e9 ea a9 ca 95 95 25 09 a9 ca e9 b2 00 00 00 01 ea aa 23 41 09
00:aa 19 e8 16 01 38 00 00 01 01 01 00 08 00 00 bf bf bf bf 00 00 00 00 00 00 00 00 41 18 00 00 54 54 54 54 07 aa c4 51 60 60 68 68 68 ba 07 aa 55 56 56 56 e9 ea a9 ca 55 56 5c 50 e9 ea a9 ca 40
00:aa 19 20 17 01 38 00 00 80 00 00 e9 ea 00 00 00 00 00 00 e9 ea c9 e2 00 00 00 01 e9 ea a9 ca 00 00 00 40 e9 ea a9 ca 0d fd 95 15 a9 ca 00 00 00 00 00 00 a9 aa 81 28 29 09 09 0d 00 08 00 00 bf
00:aa 19 58 17 01 38 00 00 bf bf ff 00 00 00 00 00 00 00 00 27 92 e2 38 e0 68 68 6a 2c a4 07 a2 55 55 57 78 50 dd e9 ca 5e 5e e0 a0 d2 ed e9 ea 55 a8 00 00 95 f6 e9 ea 55 aa 00 00 74 f6 e9 da 5f
00:aa 19 90 17 01 38 00 00 aa 00 00 74 f6 0a cb 6d fd 02 2a e9 ea 8d bc 00 80 7f 55 e9 ea eb ab 00 00 a8 55 e9 ea a9 ca 05 05 0d cd a9 ca 00 00 00 00 00 00 a9 aa 20 08 2d 0d 0d 09 00 00 00 00 00
00:aa 19 c8 17 01 38 00 00 00 00 00 00 00 00 00 00 00 00 00 4a 83 a2 28 6a 78 78 78 4a 8b e5 51 0a b5 d5 ff cb 93 84 49 a0 55 55 ff 74 f6 66 62 80 7e 5f 57 d2 ed 0c ac 00 00 80 60 f2 f5 cb 9b 02
00:aa 19 00 18 01 38 00 00 2d 2d 2d 8b 93 87 6a 2d 55 b7 2d ec 9b c8 72 55 c0 e0 5f 2d a4 e8 7a 70 bc 00 e0 6d b4 2a ab a5 05 09 0a a9 ca ea aa 00 cf 55 55 e9 b2 81 20 09 09 2d 2d 00 08 00 00 bf
00:aa 19 38 18 01 38 00 00 bf bf bf 00 00 00 00 00 00 00 00 09 7b 20 08 70 70 78 58 09 7b 05 5a ab 2d 2f 0a cb 93 67 62 55 75 8b 80 6d b4 29 7b 55 7d 83 02 d2 ed 6a 8b 60 70 70 70 d2 ed 4c b4 2d
00:aa 19 70 18 01 38 00 00 2d 2d 0b 6d b4 ab 93 55 a2 a0 2a 6d b4 67 62 5f fa 00 00 ae c4 6a 83 5e 7a aa 02 6d b4 0b a4 0b 0b 0b 09 eb 9b 85 71 2f 25 2d 2a 07 92 81 20 09 09 89 a9 00 08 00 00 bf
00:aa 19 a8 18 01 38 00 00 bf bf ff 00 00 00 00 00 00 00 00 67 62 00 00 58 5c 5c 5c 4d ac 09 7b 75 7f 7a 60 4d ac 4a 83 7a 7a e8 00 6d b4 ec 9b 81 83 03 00 d2 ed cb 9b 58 78 70 70 d2 ed ae cc 09
00:aa 19 e0 18 01 38 00 00 0a 0a 00 d2 ed 0b ac d5 ab 00 00 d2 ed ae cc 55 7e 0a 00 d2 ed ce d4 55 2b 82 00 50 e5 2c ac f5 ad 2d 2d 6d b4 09 7b dc dc dc fc 8e c4 20 08 ad 0d 09 09 00 00 00 00 00
00:aa 19 18 19 01 38 00 00 00 00 00 00 00 00 00 00 00 00 00 46 62 00 00 5c 5c 5c 5c 6d b4 09 7b 70 70 78 78 ef dc 8d c4 7e a0 e8 6a ce d4 0c ac 2d 25 25 25 d2 ed 0b ac 70 70 60 60 d2 ed 70 e5 00
00:aa 19 50 19 01 38 00 00 0d 0d 09 d2 ed 2f dd 00 c0 e0 d0 d2 ed 91 ed 00 00 00 04 d2 ed 91 e5 00 00 00 01 2f dd 2c ac 2d 2d 35 b5 2d a4 e8 7a bc bc b5 b5 6d b4 20 08 09 0d a5 ad 00 00 00 00 00
00:aa 19 88 19 01 38 00 00 00 00 00 20 08 00 00 ff 3f ff ff e5 59 00 00 54 56 56 57 ab 93 67 62 e0 78 78 7e ae cc 2d ac c0 78 5a 5f 6d b4 09 83 0a 28 aa b5 f3 f5 eb a3 e0 c0 e0 5e d2 ed ae cc 00
00:aa 19 c0 19 01 38 00 00 03 0d b5 d2 ed ce d4 a8 f8 78 58 d2 ed 70 e5 9d 1d 15 b5 70 e5 6d b4 02 ab bd b5 ae cc eb 9b 2f bf ff fd ab 93 e8 7a 37 37 97 96 4a 83 20 08 0d 0d 09 09 00 00 00 00 00
00:aa 19 f8 19 01 38 00 00 00 00 00 00 00 00 00 00 00 00 00 29 83 c2 28 e0 68 7a 7a 2c ac 09 7b e0 f0 78 5e 8d bc 29 83 2d 02 00 80 ce d4 e8 7a 5e fe a8 00 50 e5 8d c4 fe 70 e0 82 70 e5 6d bc c0
00:aa 19 30 1a 01 38 00 00 00 00 0d 2f dd 2c ac 02 2b 35 55 ae cc 2d a4 2f ff 55 55 0c a4 4a 83 02 0a 2b 8d 4a 83 c8 72 1c 9e d6 5f 09 7b c2 28 09 0b 0a 0a c5 51 20 08 55 55 d5 25 00 00 00 00 00
00:aa 19 68 1a 01 38 00 00 00 00 00 00 08 00 00 ef ff ff af e5 51 20 08 70 78 58 5e 29 7b 06 5a e0 f8 7e 57 8d bc c8 72 a0 ea f5 55 ce d4 6a 8b 00 af 57 5e ce d4 0c ac 08 fd 5e 00 ae cc 0c ac 95
00:aa 19 a0 1a 01 38 00 00 55 8b 0b 6d b4 2d a4 ea 82 01 0d 2d a4 4a 83 00 2b 35 b5 ab 93 c8 72 0b ad b5 d7 ab 93 c8 72 5f 7a eb 82 09 7b 05 5a 2d 0f 2b 2a c8 72 c5 51 d5 ab 82 00 c8 6a 20 08 55
00:aa 19 d8 1a 01 38 00 00 b5 2d 02 23 39 20 08 55 55 55 35 20 08 00 00 3f 0f 8f f8 81 20 20 00 54 55 55 55 e5 59 20 00 80 e0 7a 5a 09 7b 05 5a e0 70 78 5e 8d bc 09 7b 78 7e 7f 7d ce d4 a7 6a 00
00:aa 19 10 1b 01 38 00 00 aa ff 57 6d b4 6a 8b 00 80 40 c0 4d ac ab 93 0a 0a 2d 35 cb 93 09 7b 2d bd d5 55 0c 9c 09 7b 57 56 58 78 2d a4 4a 83 ad 2d 2f 2f 4a 83 c8 72 77 fe 28 08 8b 93 6a 83 55
00:aa 19 48 1b 01 38 00 00 9e b6 aa 8b 93 29 7b dd 3f 3e 0f 6a 8b e2 30 b5 2b 0a 00 a8 6a 20 08 55 d5 2d 02 81 20 00 00 f5 57 55 35 20 08 00 00 ff ff 0f f2 a2 28 00 00 54 55 55 55 66 62 41 18 a0
00:aa 19 80 1b 01 38 00 00 e8 68 78 4a 83 c8 72 43 40 60 7a 2d a4 a7 6a 5c f8 a0 e8 6d b4 ec 9b 00 00 03 55 2d a4 29 83 2f 29 29 b5 6a 8b 67 62 bf bf de 58 0c 9c 09 7b 70 60 e2 eb 2d a4 ab 93 17
00:aa 19 b8 1b 01 38 00 00 dc 50 70 ec 9b 4a 83 97 17 1f 35 ab 93 6a 8b ab 61 55 55 ab 93 6a 8b ad 7a e8 80 0b ac 6a 8b 55 7d 02 00 0c a4 29 7b f5 ab a2 00 4a 83 81 20 b5 2d 02 00 67 62 20 08 55
00:aa 19 f0 1b 01 38 00 00 55 d5 35 20 08 00 00 0f e3 ff fe e5 59 20 08 78 58 5a 7a c8 72 43 41 80 aa fd 55 4a 83 23 41 a0 f8 5e 57 4a 83 e5 59 00 00 aa 7f 6a 8b 67 62 2b bf df 5f 4a 83 87 6a 78
00:aa 19 28 1c 01 38 00 00 f2 fc f8 50 dd 8b 8b 55 55 6d c5 6d b4 cb 93 78 70 60 60 4d ac 29 7b 35 35 35 35 cb 9b 09 7b fa f8 78 78 6d b4 eb a3 5f 7f 7e f8 6d bc 0c ac 55 d7 80 80 6d b4 0c ac 68
00:aa 19 60 1c 01 38 00 00 10 12 21 2c b4 cb 9b 35 29 ab aa ab 93 03 31 25 0d 0b 02 23 39 00 00 55 55 d5 15 20 08 00 00 8f cf f3 fa 43 41 20 08 55 56 5c 58 05 5a 23 41 5f 7a ea a2 c4 51 23 39 fd
00:aa 19 98 1c 01 38 00 00 af 2a a2 84 49 e2 38 56 aa a8 28 05 5a 84 49 e0 70 d0 fc c8 6a 46 62 70 70 f0 78 ae c4 09 7b 57 54 58 63 8e bc 6a 83 37 17 7f 7f 6d b4 ab 93 e0 e0 60 e0 4d ac e8 7a 25
00:aa 19 d0 1c 01 38 00 00 25 25 25 eb a3 e8 72 78 78 70 7a 6d b4 eb a3 f8 fc fc 5f 8d bc 2c ac 00 00 2a 55 8d bc cb a3 3f 3f b5 f5 0b ac ab 93 00 02 fd 55 ab 93 09 7b 01 0b 2b af 09 7b 00 08 b5
00:aa 19 08 1d 01 38 00 00 2d 0a 00 67 62 00 00 55 55 d5 2d 20 08 00 00 ff 2b f3 fe 84 49 20 08 70 60 60 40 c4 51 84 49 aa ab a5 55 c4 51 a4 49 60 e8 ba ad e5 51 63 49 b7 95 35 29 05 5a 43 49 a8
00:aa 19 40 1d 01 38 00 00 a0 60 60 6d b4 67 62 57 56 58 73 6d bc 4a 83 4d 35 d5 55 cb 93 6a 8b 60 80 a0 6a 4d ac cb 93 c0 c2 ab e5 ec 9b 09 7b 35 15 95 d5 4a 83 e8 7a 60 70 60 80 eb 9b 4a 83 e0
00:aa 19 78 1d 01 38 00 00 78 af 55 0b ac 4a 83 00 aa fe 55 0b a4 6a 8b 0d b5 f5 57 ab 93 4a 8b 55 55 6a 8f ab 93 e8 7a bd f5 a9 a2 e8 7a c8 72 a8 aa 25 09 c8 72 61 18 09 02 00 00 67 62 20 08 55
00:aa 19 b0 1d 01 38 00 00 d5 35 0d 20 08 00 00 ef e3 f8 ff 20 08 00 00 ff ff ff fc 43 41 a2 28 40 40 80 80 c4 51 43 41 df df df c8 64 49 43 41 a9 ad b5 0a 05 5a 84 49 c3 62 70 52 6a 8b a4 49 57
00:aa 19 e8 1d 01 38 00 00 5c f8 c3 0c a4 e5 51 8b 3f df 5f 8a 8b c8 72 6a 7e 7a 78 ab 93 4a 83 58 e8 aa a5 cb 9b 09 7b 0b b7 5e 5e cb 93 29 7b 6a 00 02 01 6a 8b 09 7b 35 15 d7 60 cb 9b 09 7b 55
00:aa 19 20 1e 01 38 00 00 57 7a a0 2c ac 6a 8b 55 75 fe a0 0c ac 09 7b 5e fe b8 00 0b ac eb 9b 51 82 00 00 0b ac ab 93 d5 ff 3f 00 cb 9b 4a 83 b5 01 0b 02 6a 8b c8 72 57 df ff 2f 09 7b 81 20 09
00:aa 19 58 1e 01 38 00 00 03 00 00 05 5a 00 00 55 55 d5 35 20 08 00 00 3f cf eb f3 a2 28 00 00 57 57 57 54 c4 51 e2 38 7e 78 60 e0 c4 51 84 49 ea ab aa aa e5 59 a4 49 df 7f fc f0 e5 51 c4 51 55
00:aa 19 90 1e 01 38 00 00 56 21 15 49 83 e5 51 61 55 55 57 09 7b 26 5a 7a 68 e0 80 4a 83 c8 72 80 00 09 25 8a 8b 67 62 2f bf ff 5c 0b a4 4a 83 5e 78 60 c0 0c 9c 09 7b 2d 25 25 37 ab 93 09 7b 60
00:aa 19 c8 1e 01 38 00 00 e0 a8 80 8d c4 eb 9b 57 7e f8 c0 ae cc 0c ac 57 de ba a8 ce d4 2c ac d5 b5 ad 0a 6d b4 0b ac 55 55 55 15 0b ac cb 93 bf b7 f7 fc 0b ac cb 93 0d 82 0b 02 8b 93 e8 7a a5
00:aa 19 00 1f 01 38 00 00 25 0d 2d 6a 8b 09 7b 4b eb ea 60 e8 7a 20 08 35 25 0d 09 20 08 00 00 fc fe fe ff 20 08 00 00 ff ff ff 3f 03 39 00 00 56 54 54 58 e5 59 a4 49 7f 7a c0 c0 05 5a c4 51 55
00:aa 19 38 1f 01 38 00 00 54 14 30 46 62 e5 51 73 c3 f3 be e5 51 a4 49 3f 3f be 78 c8 72 c4 51 5e 78 e0 80 4a 83 e8 7a 60 80 00 00 4a 83 87 6a 2d 2d 2b 2a ab 93 87 6a 7c 78 f0 e0 0b ac cb 9b 60
00:aa 19 70 1f 01 38 00 00 42 83 80 8b 93 29 7b 27 2f 2e 2e 8d bc 8b 93 7e 7a 78 60 ce d4 6d b4 7e e0 80 80 70 e5 ce d4 55 55 55 8e 50 e5 8d c4 f5 fd cf 03 ce d4 0c ac b5 a5 ad 2d 0b ac eb 9b f0
00:aa 19 a8 1f 01 38 00 00 00 00 20 0c ac 0b a4 aa 8b 81 a9 ab 93 09 7b 2d 2d 2d 2d 6a 8b 09 7b 60 e0 c0 c0 e8 7a c2 28 09 01 03 02 20 08 00 00 ff 3f 3f 1f 20 08 00 00 3f ef cf cf e5 51 20 08 5e
00:aa 19 e0 1f 01 38 00 00 5a 58 58 67 62 05 5a 55 55 6f 40 66 62 06 5a 55 57 56 d0 67 62 c4 51 01 0d 0d 27 c8 72 84 49 5e 7a fa e8 09 7b 87 62 70 c0 80 80 4a 83 e8 7a 02 82 f7 f7 2c ac 29 83 7a
00:aa 19 18 20 01 38 00 00 78 78 60 6d b4 0c ac 55 61 41 03 ab 93 4a 83 16 16 16 1e ce d4 cb 93 78 f8 f8 f8 70 e5 ce d4 54 50 40 c0 95 f6 70 e5 55 7f 7f f0 95 f6 70 e5 5d fd bd 0d 0f dd 0c ac ad
00:aa 19 50 20 01 38 00 00 ad 2d 2d 0b ac 00 00 00 00 00 00 0b ac eb a3 01 01 01 01 8b 93 09 7b 2d 2d 2d 2d cb 93 4a 8b 6b 6b 7b 4c 8b 93 c8 72 b5 2d 2d 2d 84 49 20 08 d5 95 15 35 20 08 00 00 ff
00:aa 19 88 20 01 38 00 00 cf cf f3 e5 59 00 00 78 70 70 70 67 62 46 62 6a aa aa aa 67 62 46 62 6a 6a a9 a9 66 62 c5 51 97 f7 dc 5c c8 72 67 62 5c 58 68 e8 09 7b e8 7a 40 40 40 40 09 7b c8 72 3c
00:aa 19 c0 20 01 38 00 00 1c dc b6 09 7b e8 7a 05 05 ea b4 6d b4 6a 83 78 78 78 78 8d c4 6d b4 83 83 83 01 eb a3 6a 8b 17 97 17 15 ce d4 0c ac 68 60 70 70 d2 ed 70 e5 54 54 58 58 95 f6 d2 ed 60
00:aa 19 f8 20 01 38 00 00 80 80 80 95 f6 70 e5 29 2d 0d 0d 0f dd 2c ac 2d 2d 2d 2d 0b ac 00 00 00 00 00 00 0b ac eb a3 01 01 01 01 ab 93 4a 83 25 2d 25 b5 6d b4 6a 8b 7f fb aa 8a ab 93 09 7b 2d
00:aa 19 30 21 01 38 00 00 29 0d 09 87 6a 20 08 35 25 25 25 20 08 00 00 f3 ff fa fa e5 59 41 10 68 60 60 60 67 62 06 5a 00 00 80 50 67 62 05 5a 81 81 c3 41 a8 6a c4 51 7e 7e 78 78 e8 7a c8 6a 78
00:aa 19 68 21 01 38 00 00 f0 f0 f0 09 7b c8 72 00 67 57 57 e8 7a 67 62 00 02 09 25 e8 7a 06 5a 08 a8 fb 5f 6d b4 4a 83 78 78 5e 5e 8d c4 2c ac 03 01 01 c1 eb 9b 6a 8b 97 d7 d4 94 70 e5 0b ac 78
00:aa 19 a0 21 01 38 00 00 f8 78 78 d2 ed 70 e5 58 58 58 58 95 f6 d2 ed 80 c0 40 40 95 f6 ce d4 0b 0b 2d 2d ae cc 2c ac 09 09 09 29 0b ac 00 00 00 00 00 00 2c ac eb a3 a9 a9 ab a8 6d b4 6a 8b d6
00:aa 19 d8 21 01 38 00 00 d6 d4 d4 6d b4 0c a4 0d 03 01 0d ab 93 09 7b 09 0d 0d 2d c8 72 61 18 25 25 25 25 20 08 00 00 ff ff fc ff 00 00 00 00 00 00 00 00 c4 51 41 10 60 60 78 78 05 5a c4 51 00
00:aa 19 10 22 01 38 00 00 00 c0 40 26 5a a4 51 a1 a9 e9 b9 87 62 43 49 e0 60 68 78 e8 7a c8 6a f0 c0 c0 80 e8 7a a8 6a 32 23 39 15 a8 6a 05 5a 0b 29 a9 ad 46 62 43 41 a8 fc d7 d5 eb 9b 67 62 78
00:aa 19 48 22 01 38 00 00 78 5a 5e 4d b4 eb a3 02 03 e9 7d cb 9b 4a 83 bc d8 de fc 0f dd 4d b4 78 78 78 78 d2 ed 70 e5 54 54 54 54 95 f6 d2 ed 40 40 42 55 d2 ed ce d4 0d 2d 25 35 ae cc 6d bc 3d
00:aa 19 80 22 01 38 00 00 bd ff fd 6d bc 0b ac 55 95 09 3d 0c ac 0b ac ff ff ff 83 6d b4 6a 8b dc dc d8 d8 4d b4 6a 83 0a 0b 2d b5 6a 8b 67 62 0b 2b 2d b5 46 62 20 08 0d 05 25 25 00 08 00 00 fa
00:aa 19 b8 22 01 38 00 00 fa fa fa 6a 8b 20 08 55 55 95 35 00 00 00 00 00 00 00 00 43 41 00 08 70 58 58 56 05 5a 43 41 80 aa 7a 7a 05 5a 84 49 31 89 cd fd 66 62 43 41 78 78 5a 5a 09 7b 46 62 a0
00:aa 19 f0 22 01 38 00 00 e0 60 7a 09 7b 87 6a 25 0b 0a aa c8 6a c4 51 ad 2d 2d 8d 63 49 a2 28 2f 3f 2d 2d a7 6a 81 20 e0 e8 78 7e eb 9b e9 7a 80 c0 62 7a eb 9b 6a 8b d4 54 54 54 ce d4 4d b4 70
00:aa 19 28 23 01 38 00 00 70 70 70 70 e5 ce d4 c0 c0 c0 74 d2 ed 0f dd 02 0b fd fd ce d4 8d c4 01 09 0d 05 8d c4 8d bc a5 a5 aa aa 8d c4 6d b4 56 54 64 00 8d c4 0b ac 2b 0d 25 15 ab 93 c8 72 20
00:aa 19 60 23 01 38 00 00 20 3e 35 8b 8b 67 62 0b 2b bd d5 87 6a 06 5a 09 29 95 55 c4 51 20 08 25 25 35 35 20 08 00 00 ff f3 f3 f3 cb 93 81 20 35 2d 0b 0a 84 49 00 00 55 55 d5 35 00 00 00 00 00
00:aa 19 98 23 01 38 00 00 00 00 00 41 10 00 00 fc fc ff ff a4 49 81 28 a0 e8 78 7a c4 51 84 49 aa a9 e9 5a c4 51 23 39 f8 f8 fc d6 c8 6a c4 51 e0 68 7a 5e e8 7a 67 62 00 80 ea 7e c8 6a 05 5a 29
00:aa 19 d0 23 01 38 00 00 09 0a 0b 06 5a e2 38 b5 ad 2d 2d 84 49 81 20 58 dc dc f8 ab 93 66 62 7a 7a 7a e0 0c ac 4a 83 5f 5c fc a0 ce d4 4d b4 70 7f f8 f0 ce d4 ce d4 00 00 00 00 70 e5 ce d4 45
00:aa 19 08 24 01 38 00 00 71 73 00 70 e5 8d c4 f5 fd ff 00 ef dc 8d c4 55 55 fd 2b ae c4 8d c4 ff ff fb ff 6d bc eb a3 0d 0d 0d 0d 6a 8b 26 5a 2f 3f 3d 35 67 62 05 5a 2a d4 54 5c 67 62 05 5a fd
00:aa 19 40 24 01 38 00 00 35 d5 d5 84 49 00 00 35 35 35 35 20 08 00 00 f3 f3 f3 f3 0c 9c 09 7b bd bf ae 00 ab 93 23 39 b5 0b 02 00 a8 6a 20 08 55 55 95 15 43 41 00 00 78 5e 57 55 84 49 e2 38 a8
00:aa 19 78 24 01 38 00 00 ea 6a 55 43 41 e2 38 34 15 14 57 05 5a 03 39 a0 f8 fa 5e 67 62 c4 51 00 c0 fe 7f 67 62 c4 51 03 0a bf d5 05 5a 43 41 2d 35 b5 b6 8a 8b 43 41 5e 78 e0 80 8e c4 ab 93 5f
00:aa 19 b0 24 01 38 00 00 7a e0 80 ce d4 4d b4 57 ff a3 00 ce d4 8d c4 50 70 72 b8 70 e5 ce d4 55 54 54 57 95 f6 70 e5 5f 70 70 70 95 f6 d2 ed 65 02 00 09 91 e5 8d c4 3f 2d 25 35 8e c4 8d bc 8a
00:aa 19 e8 24 01 38 00 00 2a ab a9 8d c4 cb 9b 0f fd fd fd 4a 83 06 5a 3d 3f 3f 3f 67 62 05 5a 58 20 00 00 67 62 05 5a 35 08 00 03 84 49 20 08 25 25 25 2d 20 08 00 00 f3 f3 f3 f2 2d a4 ab 93 ed
00:aa 19 20 25 01 38 00 00 fd 2e 0a c8 72 20 08 15 15 15 15 20 08 00 00 ff ff 03 f0 c2 30 00 00 60 78 5c 56 84 49 e2 38 55 55 79 70 43 41 c2 30 f8 f8 7f fd c4 51 c2 30 00 a0 ff 55 c4 51 a2 28 0a
00:aa 19 58 25 01 38 00 00 2b f5 55 e8 72 c2 30 fe 78 70 70 2c ac 4a 83 5e 78 e8 e8 ce d4 4d b4 60 e0 e0 e0 ce d4 00 00 00 00 00 00 ce d4 8d c4 08 04 24 35 ce d4 8e c4 0a 0d b5 55 b1 ed 8d c4 e0
00:aa 19 90 25 01 38 00 00 5f 5f 5f b1 ed ce d4 00 6a 55 55 ce d4 8d bc 0f 23 02 01 6d bc 0b ac 01 01 d9 55 0b ac ab 93 03 01 03 01 4a 83 87 6a 15 15 97 97 c8 72 67 62 cd 85 2d 2f c8 6a c4 51 ab
00:aa 19 c8 25 01 38 00 00 ab 2d 3d 84 49 20 08 2d 09 09 09 20 08 00 00 fa fa fa fc 6d b4 cb 93 02 02 20 d5 ec 9b 6a 8b 0a 29 29 55 67 62 20 08 15 15 15 35 00 00 00 00 00 00 00 00 20 08 00 00 0f
00:aa 19 00 26 01 38 00 00 cb fc ff 20 08 00 00 ff ff ff 3f 41 10 00 00 fc fc fc ff a4 49 e2 38 60 60 60 55 43 41 a2 28 b5 15 35 95 82 28 81 20 aa aa aa aa a2 28 20 10 aa ae 96 54 09 7b 03 39 60
00:aa 19 38 26 01 38 00 00 60 60 68 2c ac ab 93 78 70 7a 55 ce d4 eb 9b 80 a0 aa 7f ce d4 2c ac 00 00 aa 55 ae cc 2c ac 0a 0a aa 55 ce d4 2c b4 02 02 a8 55 ce d4 6d b4 f0 f0 c0 55 ce d4 eb a3 0b
00:aa 19 70 26 01 38 00 00 0b 0b ad 0b ac 6a 8b 00 00 00 fd 0c a4 c8 72 0a 2b 2b fd 09 7b 87 6a 1f be be 5d c8 72 26 5a 00 22 33 f5 c8 6a a4 51 3d 3d f5 55 a4 49 20 08 29 09 09 09 20 08 00 00 fc
00:aa 19 a8 26 01 38 00 00 fc fc fc 00 00 00 00 00 00 00 00 00 00 00 00 00 00 00 00 00 00 00 00 00 00 00 00 00 00 00 00 00 00 00 00 00 00 00 00 00 00 00 00 00 00 00 00 00 00 00 00 00 00 00 00 00
00:aa 19 e0 26 01 38 00 00 00 00 00 00 00 00 00 00 00 00 00 00 00 00 00 00 00 00 00 00 00 00 00 00 00 00 00 00 00 00 00 00 00 00 00 00 00 00 00 00 00 00 00 00 00 00 00 00 00 00 00 00 00 00 00 00
00:aa 19 18 27 01 38 00 00 00 00 00 00 00 00 00 00 00 00 00 00 00 00 00 00 00 00 00 00 00 00 00 00 00 00 00 00 00 00 00 00 00 00 00 00 00 00 00 00 00 00 00 00 00 00 00 00 00 00 00 00 00 00 00 00
00:aa 19 50 27 01 38 00 00 00 00 00 00 00 00 00 00 00 00 00 00 00 00 00 00 00 00 00 00 00 00 00 00 00 00 00 00 00 00 00 00 00 00 00 00 00 00 00 00 00 00 00 00 00 00 00 00 00 00 00 00 00 00 00 00
00:aa 19 88 27 01 38 00 00 00 00 00 00 00 00 00 00 00 00 00 00 00 00 00 00 00 00 00 00 00 00 00 00 00 00 00 00 00 00 00 00 00 00 00 00 00 00 00 00 00 00 00 00 00 00 00 00 00 00 00 7f fc 00 00 00
00:aa 19 c0 27 01 38 00 00 00 00 07 ff e0 00 00 00 00 00 3f fe 00 00 00 00 00 07 ff e0 00 00 00 00 00 7f fe 00 00 00 00 00 07 ff e0 00 00 00 00 00 7e fe 00 00 00 00 00 07 ff e0 00 00 00 00 00 7f
00:aa 19 f8 27 01 38 00 00 fe 00 00 00 00 00 07 ff e0 00 00 00 00 00 7f fe 00 00 00 00 00 03 ff e0 00 00 00 00 00 3f fe 00 00 00 00 00 03 ff f0 00 00 00 00 00 3f ff c0 00 00 00 00 01 ff ff 00 00
00:aa 19 30 28 01 38 00 00 00 00 00 0f ff f8 00 00 00 00 00 ff fb c0 00 00 00 00 0f ff fe 00 00 00 00 00 ff ff f0 00 00 00 00 0f ff ff 80 00 00 00 01 ff ff f8 00 00 00 00 1f ff ff c0 00 00 00 01
00:aa 19 68 28 01 38 00 00 bf ff fc 00 00 00 00 1f ff ff c0 00 00 00 01 ff ff fc 00 00 00 00 1f ff ff c0 00 00 00 41 ff fe fc 00 00 00 06 0f ff ff c0 00 00 00 70 ff ff fc 00 00 00 07 07 fd ff c0
00:aa 19 a0 28 01 38 00 00 00 00 00 70 3f cf fc 00 00 c2 30 00 00 55 54 54 55 07 a2 61 10 7f 80 80 80 07 a2 a2 30 f5 0a 00 00 07 a2 20 08 55 bd 0a 00 27 92 20 08 55 55 bf 00 27 92 20 08 55 5f e0
00:aa 19 d8 28 01 38 00 00 00 c9 a2 20 08 55 fa 00 00 a9 a2 61 10 55 a0 00 00 88 aa 61 10 55 aa a2 00 ea aa 41 10 55 ab aa 02 29 83 41 10 55 ed 83 82 c2 30 20 08 55 55 55 15 20 08 00 00 ff 3f c3
00:aa 19 10 29 01 38 00 00 fa 20 08 00 00 fe ff ff ff 06 9a 20 08 80 c0 7a 57 06 9a 03 49 00 00 fa 7a ea aa 27 92 f5 55 54 58 c9 c2 27 92 5f 7f a8 a0 a9 ca 88 aa 57 fc 00 00 e9 ea a9 aa d5 aa 80
00:aa 19 48 29 01 38 00 00 aa a9 ca ea aa 55 c0 00 00 a9 ca a9 aa 55 2b 00 00 a9 ca c9 aa 55 55 15 15 ef dc e6 81 55 55 ff 8a 6a 8b 20 08 b5 0d 0d 0b 20 08 00 00 fc ff ff bf 20 08 00 00 ff bf af
00:aa 19 80 29 01 38 00 00 cf e6 89 20 08 55 55 56 58 07 a2 e5 59 7a 60 a0 80 c9 c2 07 aa 57 55 5c 60 e9 ea a9 ca 55 55 57 50 e9 ea a9 ca 55 55 bd 03 ae d4 a9 ca 55 55 55 37 c9 da a9 ca 55 55 15
00:aa 19 b8 29 01 38 00 00 15 e9 ea a9 ca 55 55 5d 7c c9 da a9 aa 95 af a2 02 2f dd ea aa 57 57 56 54 6d bc 29 83 35 29 21 21 23 41 00 00 55 d5 d5 15 20 08 00 00 c3 f3 f3 f3 c2 30 00 00 55 55 55
00:aa 19 f0 29 01 38 00 00 54 27 92 20 08 70 c0 80 00 ea aa 07 aa 55 57 54 55 a9 ca 0c c4 b0 98 00 00 e9 ea a9 ca 60 60 60 40 e9 ea c9 d2 04 00 28 38 e9 ea ce d4 e9 03 00 00 e9 ea c9 d2 ea c0 d0
00:aa 19 28 2a 01 38 00 00 00 e9 ea c9 e2 4a 00 00 00 e9 ea a9 ca 8a 20 02 09 a9 ca ea aa 09 01 03 00 ce d4 0c ac 89 8b 65 55 2a 83 20 08 95 15 15 35 20 08 00 00 f3 f2 fc fc c6 79 20 08 56 54 5c
00:aa 19 60 2a 01 38 00 00 5c 07 9a c6 79 78 e8 a8 a8 a9 ca 07 aa 55 54 54 50 e9 ea a9 ca 55 56 7c cc e9 ea 00 00 00 00 00 00 e9 ea c9 d2 50 00 00 00 ea ea ce d4 00 00 00 14 e9 ea 00 00 00 00 00
00:aa 19 98 2a 01 38 00 00 00 e9 ea 00 00 00 00 00 00 e9 ea 6d dc 10 00 00 00 a9 d2 a9 ca 95 95 d5 95 a9 ca ea aa 15 25 0d 0d 0c ac 20 08 25 25 b5 b5 00 08 00 00 fe fe fe fe 07 8a 00 00 58 58 58
00:aa 19 d0 2a 01 38 00 00 58 07 aa 27 92 5a 5a 5a 6a c9 da 07 aa 53 51 55 56 e9 e2 a9 ca 84 cc 70 54 e9 ea 00 00 00 00 00 00 e9 ea 00 00 00 00 00 00 e9 ea ef dc 57 d5 2a 00 e9 ea 00 00 00 00 00
00:aa 19 08 2b 01 38 00 00 00 e9 ea 00 00 00 00 00 00 e9 ea a9 ca 0e 0d 0d 08 e9 ea a9 ca 15 55 55 d5 a9 ca ea aa 0d 09 0d 05 ea aa 20 08 a5 25 25 25 00 08 00 00 fe fe fe fe 27 92 00 00 58 58 58
00:aa 19 40 2b 01 38 00 00 58 07 aa 07 a2 6a aa 6a 6a a9 ca 07 aa 5c 5c 50 60 e9 ea a9 ca 54 58 50 40 e9 ea 00 00 00 00 00 00 e9 ea 00 00 00 00 00 00 e9 ea 00 00 00 00 00 00 e9 ea 00 00 00 00 00
00:aa 19 78 2b 01 38 00 00 00 e9 ea ae d4 18 00 00 00 e9 e2 a9 ca d5 15 55 d5 a9 ca ea aa 0f 0d 0d 0d 27 92 20 08 25 25 35 35 00 08 00 00 fe fe fe ff c6 79 00 00 58 58 5e 5e 07 a2 e6 81 c0 e0 70
00:aa 19 b0 2b 01 38 00 00 5e 6d bc 07 aa 7f 7f 5e e0 50 dd e9 da d5 95 a8 00 95 f6 2a e3 55 55 aa 80 95 f6 2a e3 55 55 aa 20 95 f6 2a d3 d7 9f aa 00 95 f6 e9 e2 55 55 f5 2a e9 ea ce d4 00 00 00
00:aa 19 e8 2b 01 38 00 00 7a e9 ea ae cc 00 00 00 96 e9 da a9 ca 15 d5 d5 15 a9 ca c9 a2 0d 0d 01 09 44 69 00 00 35 35 35 35 20 08 00 00 ff fc fc fc 24 59 00 00 5c 5c 5c 5c 6a 8b e5 51 f8 e2 ad
00:aa 19 20 2c 01 38 00 00 e5 6d b4 02 39 80 ff 55 ff d2 ed a4 49 00 ea 57 55 d2 ed 6a 83 00 00 e0 78 95 f6 ef d4 00 ab ad ad b2 ed e8 72 02 b5 d5 fd 2d a4 e8 72 2a 55 58 5f 2d a4 29 7b e0 57 02
00:aa 19 58 2c 01 38 00 00 80 ae cc 2d a4 d8 7d 5f 7f a9 ca 0a ab 00 70 56 55 c9 ba 07 a2 01 01 09 0d e6 81 00 00 35 25 35 35 00 08 00 00 fe fe fe fe e2 38 00 00 5c 54 56 55 09 7b 67 62 4d 4a 43
00:aa 19 90 2c 01 38 00 00 43 4a 83 05 5a fd dd da d0 cc 93 46 62 5f 5e 78 a0 0f dd 6a 8b 5c 5c 56 d6 d2 ed 2f dd 01 01 81 82 ae c4 ab 93 b5 b5 3e 2e 6d b4 06 5a d7 b7 0a 00 6d b4 09 7b 56 57 2a
00:aa 19 c8 2c 01 38 00 00 00 6d b4 2d a4 40 40 88 00 6d b4 4a 83 0b 0b 29 2d 88 9a 44 61 02 ba 9e 0d e6 81 00 00 35 35 35 35 20 08 00 00 fe fe fe fe 20 08 00 00 fe ff ef cf 09 7b 81 20 c0 e0 60
00:aa 19 00 2d 01 38 00 00 60 cb 93 a8 6a 58 f8 a8 00 6d b4 ec 9b 50 58 5c e0 ae cc ab 93 d6 d6 de fc d2 ed b1 ed 43 43 40 40 d2 ed 4d bc 95 bd aa 00 d2 ed 4d b4 55 55 aa 00 d2 ed 8d c4 57 7f 82
00:aa 19 38 2d 01 38 00 00 00 d2 ed ce d4 55 75 a5 0d 6d b4 29 83 2d 2d 2d 2f 50 dd c8 72 ed ea e8 e8 0c a4 00 00 b5 95 35 35 20 08 00 00 fc fc fc ff 09 7b 61 18 60 60 60 60 ce d4 2d a4 7f 78 78
00:aa 19 70 2d 01 38 00 00 78 ce d4 6d bc 5d 01 01 ad 50 e5 0c ac 56 54 56 54 d2 ed b1 ed 40 40 00 02 d2 ed 70 e5 08 0c 5c 55 d2 ed 91 ed 00 00 00 04 d2 ed d2 ed 00 00 00 00 d2 ed ae cc 0d 0d 0d
00:aa 19 a8 2d 01 38 00 00 0d 6d b4 8b 93 35 35 35 b5 8d c4 4a 83 60 70 5d 55 0c a4 20 08 15 95 d5 95 20 08 00 00 ff f3 f0 fc a8 6a 00 00 60 70 70 78 6d b4 09 7b e0 e8 7a 7e 6d b4 6a 93 00 0a 2a
00:aa 19 e0 2d 01 38 00 00 a9 d2 ed 6a 93 fc f8 f8 5c 95 f6 d2 ed 55 a9 0d b5 70 e5 8d c4 00 00 d7 57 d2 ed 70 e5 00 81 82 83 d2 ed ce d4 a8 fe a5 b5 70 e5 2c ac 0f 2d f5 d5 0b ac 09 7b 0b 0b 09
00:aa 19 18 2e 01 38 00 00 09 6a 8b e8 7a fa 62 60 60 87 6a 00 00 35 35 35 25 20 08 00 00 fe fc fc fc 46 62 20 08 58 5c 56 56 8b 93 67 62 e0 f8 7e 5f 6d b4 6a 8b a9 a2 e0 78 6d b4 09 7b 56 d5 2e
00:aa 19 50 2e 01 38 00 00 08 ef d4 ab 93 00 70 e0 80 70 e5 ce d4 7f 60 80 29 70 e5 4d b4 00 00 82 ad 50 e5 2d a4 0b 3f d5 55 2d ac 0b ac 2f 0b 2b 8f ec 9b c8 72 0b 09 0d 05 6a 8b c8 72 60 60 70
00:aa 19 88 2e 01 38 00 00 62 c8 72 20 10 25 0d 0b 0a 43 41 00 00 55 55 55 35 20 08 00 00 bf 3f 8f f0 03 31 20 08 54 57 55 55 67 62 e2 38 80 c0 68 7a 2d a4 26 5a e0 e8 fa 7f 8d bc c8 72 00 00 ee
00:aa 19 c0 2e 01 38 00 00 55 30 dd ab 9b a0 aa 55 5e ce d4 0c ac 02 b5 56 82 6d b4 0b ac 35 50 00 00 6d b4 ec 9b 8f 03 0d 2d ec 9b 4a 83 00 2b bd d5 ab 93 c8 72 25 b5 d7 5e ab 93 c8 6a eb af 89
00:aa 19 f8 2e 01 38 00 00 0f c8 72 67 62 35 b5 16 20 09 7b c2 28 b5 8b 02 00 67 62 20 08 55 d5 2d 02 20 08 00 00 3f cb bc 2f 20 08 00 00 8c fe bf af e5 51 20 08 78 5e 57 55 a7 6a e2 30 a0 a0 e8
00:aa 19 30 2f 01 38 00 00 7a 6a 8b c8 72 7c f8 78 5e ae cc 29 83 80 e0 ff 55 ae cc 4a 8b 00 2a fe 5e 8d bc 2d a4 2a aa ab a9 2d a4 6a 8b 0b 2d ad b5 4a 83 09 7b 35 15 95 57 2d a4 09 7b 5c 50 e0
00:aa 19 68 2f 01 38 00 00 e0 ec 9b e8 7a 25 2d 2b aa 8a 8b c8 72 5e f8 f8 a8 8b 93 6a 83 55 ea aa 6a 8b 93 4a 83 55 1d ba 88 4a 83 a2 28 b5 0b 02 00 87 6a 00 08 55 d5 2d 02 41 10 00 00 ff ef ff
00:aa 19 a0 2f 01 38 00 00 3f 20 08 00 00 0f fc be 0b 84 49 20 08 60 58 5c 56 4a 83 05 5a f8 78 78 7e 6a 8b 67 62 35 2f 00 a8 6d b4 8b 8b 50 40 80 ea 6d b4 ec 9b 0d 0f 0d f5 ab 93 87 6a 2b 2f 2d
00:aa 19 d8 2f 01 38 00 00 35 6a 83 c8 72 5e 56 5c 68 0c 9c 6a 8b c0 c3 8b b5 2d a4 ab 93 79 4b c2 82 ab 93 4a 83 56 ef 97 17 8b 93 6a 83 9a 96 9e b6 eb a3 6a 8b fd 7f 56 70 0b ac 4a 83 fd ff 83
00:aa 19 10 30 01 38 00 00 00 0b ac 4a 83 55 fd 02 00 4a 83 41 18 b5 2d 02 00 c5 51 00 00 55 55 d5 35 20 08 00 00 fe bf af e3 41 10 00 00 ec fc fb fe 67 62 81 28 a0 e0 ea 7f a7 6a e2 38 00 2a bf
00:aa 19 48 30 01 38 00 00 d5 ab 93 e5 51 00 ea 7a 5f ab 93 a8 6a 02 ab fd 55 49 83 67 62 37 f7 ff 7e 6a 8b e8 72 68 f8 78 f8 6d b4 4a 83 f7 f7 3e 3e 6d b4 0d 9c 41 c2 c2 c2 ab 93 09 7b 1e 97 97
00:aa 19 80 30 01 38 00 00 95 eb a3 6a 8b 57 7e 78 70 6d b4 eb a3 5f fe f0 e0 4d b4 0b ac 55 09 06 08 4d b4 cb 93 b5 2d 2b 02 ab 93 41 18 35 2d 09 03 20 08 00 00 fa fe ff 2f 20 08 00 00 ff ff 3f
00:aa 19 b8 30 01 38 00 00 cf 84 49 20 08 55 56 5c 58 a4 51 c2 30 6a 82 00 02 84 49 e2 38 b5 a9 2a 0a c4 51 03 39 70 6c e8 a2 67 62 c4 51 e8 7c 7c 7e e8 72 67 62 68 68 5a 58 2d a4 09 7b 5c 52 4b
00:aa 19 f0 30 01 38 00 00 8f ec 9b 6a 8b bc 78 78 78 8d bc 0d 9c c3 e2 e2 e9 6a 83 e8 7a 17 17 17 17 0b ac 8b 93 58 70 70 58 8d bc 2c ac 60 78 68 55 6d bc 0c ac 02 16 16 e5 8d bc eb a3 00 00 2a
00:aa 19 28 31 01 38 00 00 f5 8d c4 cb 9b 3f 3f fd 55 cb 9b c8 72 09 0b 0b aa 29 83 21 10 d5 b5 0b 00 26 5a 20 08 55 55 55 25 20 08 00 00 fc bf af f3 64 49 00 00 78 60 60 60 c4 51 43 41 0b 28 f8
00:aa 19 60 31 01 38 00 00 dc e5 59 84 49 ff ff f3 50 c4 51 64 49 66 aa aa a9 05 5a 84 49 f0 d0 9c 3e 6a 83 05 5a f8 78 70 42 8b 93 09 7b 3e 9e 5c 5c 0d 9c 6a 8b 78 78 f8 f8 2d a4 4a 83 02 03 0b
00:aa 19 98 31 01 38 00 00 2d 4a 83 e8 7a 17 d7 d5 f6 8b 93 29 83 e0 5a d8 ea 0b ac 4a 83 00 80 ea f7 0b ac 8b 93 00 03 a9 55 eb 9b 6a 8b 0f 35 fe 5c cb 93 6a 8b 55 e5 bd 02 8b 93 e8 7a aa bf ad
00:aa 19 d0 31 01 38 00 00 09 4a 83 c8 72 0b 0f ff d7 09 7b 41 10 09 02 00 00 e5 51 00 08 55 d5 35 0d 20 08 00 00 bf 8f e3 fc 43 41 61 18 60 60 60 60 84 49 43 49 ff ff ff 03 c5 51 43 41 f0 dc dc
00:aa 19 08 32 01 38 00 00 ea 05 5a 84 49 95 27 0f 02 6a 8b e5 51 55 56 5c 52 6a 8b 67 62 8f 3f ff 7e 8b 93 29 7b ff 7e 78 70 ec 9b 09 7b e0 a2 ab bd ab 93 4a 83 15 e8 a8 e0 ab 93 09 7b eb 2b 0d
00:aa 19 40 32 01 38 00 00 2d 6a 8b 09 7b ef 55 5c 60 ab 93 e8 7a f5 db a0 00 eb a3 09 7b 55 5f ba 08 2c ac 6a 93 5a 7a 6a a0 0b ac ab 93 a9 03 04 00 0b ac cb 93 dd b2 00 00 eb a3 09 7b 55 a5 2f
00:aa 19 78 32 01 38 00 00 0b 6a 83 e8 7a 6b 7a 70 f8 e8 7a 20 08 09 03 02 00 43 39 00 00 55 55 d5 15 20 08 00 00 ff 2f cf cf c2 38 00 00 55 55 56 54 c4 51 61 18 68 e0 a0 80 c4 51 64 49 a9 aa aa
00:aa 19 b0 32 01 38 00 00 aa 46 62 84 49 7f fd ff f3 67 62 c4 51 7f 54 54 54 2d a4 26 5a 7b af 0f 27 4a 83 87 62 78 e0 a0 80 8a 8b c8 72 a0 a3 ad b5 ab 93 c8 72 f7 d6 5e 78 ec 9b 4a 83 e2 83 81
00:aa 19 e8 32 01 38 00 00 09 6a 8b 09 7b 96 d8 70 60 2c ac ab 93 57 5a 70 e0 8d bc 0b ac 55 5a 00 00 8d c4 eb a3 f7 ae 08 00 8d c4 0c ac 57 dc 30 02 2c b4 0b ac 55 55 51 55 0b ac 00 00 00 00 00
00:aa 19 20 33 01 38 00 00 00 0b ac ab 93 3d 37 f5 f9 6a 8b 29 7b 9c 1e 1e 3e cb 93 09 7b b5 25 af af e8 72 00 08 b5 35 25 05 20 08 00 00 f3 f2 fa fc 43 41 00 00 5c 5c 58 58 05 5a a4 49 7f 7f c3
00:aa 19 58 33 01 38 00 00 c0 05 5a c4 51 55 5f 40 40 67 62 c4 51 52 43 83 89 66 62 c4 51 d5 55 55 5c 4a 83 26 5a 5e 5c 78 e0 4a 83 09 7b 80 00 03 09 09 7b 87 62 25 36 34 38 cb 9b c8 72 78 e0 e0
00:aa 19 90 33 01 38 00 00 80 0c a4 09 7b 0d 0d 2f 3d 2c ac 4a 83 5f 7e 7a 78 ae cc eb a3 5a 6a e0 a0 ef dc 8d c4 5f 6a aa a8 ce d4 8e c4 d6 90 00 00 ce d4 6d bc 3d 3d 03 03 6d b4 0b ac 55 55 55
00:aa 19 c8 33 01 38 00 00 15 4d b4 0b ac 55 55 51 51 0b ac 8b 93 a1 01 01 01 6a 8b 4a 83 15 05 05 06 8b 93 6a 8b 95 95 9a ba e8 7a 20 08 0d 09 09 09 20 08 00 00 fe ff ff 7f 20 08 00 00 ff 3f 3f
00:aa 19 00 34 01 38 00 00 df c4 51 00 08 78 78 70 70 05 5a e5 51 ea aa aa aa 26 5a c4 51 09 29 a5 26 c8 72 c4 51 5a 7a e8 a0 4a 83 a7 6a 70 e0 aa aa 4a 83 09 7b 05 25 d5 55 ab 93 e8 7a d6 5e 56
00:aa 19 38 34 01 38 00 00 54 0b ac ab 93 5c 70 e0 c0 0b ac 4a 83 3d 3d 35 25 8d bc 6a 8b 7a 70 78 78 70 e5 ce d4 55 55 5c 58 d2 ed ce d4 5a aa a8 a0 75 f6 70 e5 55 7f fb 80 b1 ed ae cc a5 8d 0d
00:aa 19 70 34 01 38 00 00 0d 6d bc 0b ac 15 15 95 95 0c ac 0b ac fe fe ff ff 0b ac cb 93 01 01 02 03 ab 93 6a 8b d5 95 97 94 cb 93 6a 8b ba ba b6 b0 6a 8b 44 41 29 09 0b 02 c2 30 00 00 55 d5 d5
00:aa 19 a8 34 01 38 00 00 15 20 08 00 00 ff 8f cf ef c5 51 20 08 68 60 60 60 67 62 05 5a 69 42 82 02 67 62 06 5a 80 01 01 01 46 62 c5 51 96 dc 5c 5c e8 7a 67 62 58 78 68 e8 09 7b c8 72 00 01 01
00:aa 19 e0 34 01 38 00 00 05 09 7b c8 6a 80 80 80 a5 ab 93 e8 72 dc dc 5c 5c 8d c4 ec 9b 7a 78 78 f8 4d b4 4a 83 35 35 35 35 8d c4 6a 8b 78 78 70 70 70 e5 ce d4 58 40 c0 80 95 f6 d2 ed 54 5c 50
00:aa 19 18 35 01 38 00 00 50 95 f6 95 f6 00 00 00 00 d2 ed ae cc 05 05 25 25 2c ac 0b ac 3f 3f 3f ff 8d bc 0b ac 5d 51 51 57 0b ac cb 9b 00 01 09 01 4d ac ab 93 55 57 57 5c 2d a4 ab 93 7f c3 03
00:aa 19 50 35 01 38 00 00 03 cb 9b c8 6a 2d 2d 2d 2d e5 59 20 08 95 15 15 15 00 08 00 00 eb eb ff ff 05 5a 41 08 60 60 60 68 67 62 05 5a 02 c2 62 56 67 62 c4 51 09 09 09 e9 87 6a e5 51 7b 68 e8
00:aa 19 88 35 01 38 00 00 68 c8 72 c8 6a f8 f8 fa fa e8 7a a8 6a 38 f0 f0 f1 09 7b 26 5a 2e b5 b5 95 6a 8b 67 62 f8 78 5c 7c 6d b4 cb 93 e0 e0 60 60 4d b4 4a 83 35 35 15 b5 ae cc 6a 8b 70 70 70
00:aa 19 c0 35 01 38 00 00 70 70 e5 0f dd 00 00 00 40 95 f6 d2 ed 50 54 54 56 95 f6 d2 ed 00 00 01 09 70 e5 8d c4 0f 0d 3d 3d 6d b4 0b ac 55 15 15 15 8d bc 0b ac 55 53 53 53 0b ac ab 93 0b 09 09
00:aa 19 f8 35 01 38 00 00 09 6d b4 6a 8b 50 70 60 60 6d b4 ab 93 0a 02 0b 0d ab 93 c8 72 29 2d 2d ad 67 62 00 00 35 35 35 35 20 08 00 00 f3 f3 f3 f3 84 49 00 00 60 70 70 78 05 5a c4 51 80 80 40
00:aa 19 30 36 01 38 00 00 50 05 5a 64 49 09 09 89 c9 87 6a e5 51 78 f8 78 78 c8 72 c8 6a f1 f1 f2 ea c8 72 67 62 81 81 35 25 67 62 43 49 2b 2b 2d 2d 09 7b 64 49 e8 78 7a 5e 2c ac e9 7a 80 e0 e0
00:aa 19 68 36 01 38 00 00 78 eb a3 4a 83 35 35 37 bd ae cc 8b 93 78 78 78 7a 70 e5 ce d4 c0 c0 78 56 13 f6 70 e5 e8 7a 7a 7a 95 f6 ce d4 0f af ad bd ce d4 8d c4 09 25 25 15 8d bc 0c ac 15 15 15
00:aa 19 a0 36 01 38 00 00 3e 6d bc 0b ac 5a 54 77 02 6d bc 8b 93 ad ad 2d 2d 6d b4 8b 93 40 40 4a cb 4d b4 09 7b 2b 2b af bd 4a 83 67 62 2b 2d a5 f5 e5 59 00 00 35 35 35 15 20 08 00 00 f3 f3 fb
00:aa 19 d8 36 01 38 00 00 eb 20 08 00 00 ff 3f cb f3 03 39 00 00 58 5c 56 57 c4 51 23 39 80 e0 78 7e 05 5a 64 49 c9 f9 fd fd 67 62 43 41 f0 e0 68 7c e8 7a a8 6a fc fc 40 60 e8 72 67 62 0d 8d a1
00:aa 19 10 37 01 38 00 00 03 46 62 e2 38 2b 2d 2d 2b e5 51 e2 38 58 56 57 55 6a 8b e5 59 80 e0 78 7a 6a 8b 4a 83 08 24 54 57 8d c4 ab 93 78 78 78 78 ce d4 8d c4 00 c0 60 50 70 e5 ce d4 00 c0 59
00:aa 19 48 37 01 38 00 00 55 b2 ed ce d4 25 f5 55 55 8e c4 8d bc 2a ab aa aa 8d c4 6d b4 55 55 54 9c 6d b4 09 7b 0b 0b 29 29 ec 9b e8 7a 02 8b fd 55 6a 8b 67 62 0b bd fd 55 67 62 e5 51 03 2d bd
00:aa 19 80 37 01 38 00 00 fd 64 41 00 00 15 35 35 35 20 08 00 00 eb eb eb fb 20 08 00 00 f8 fe fe ff 20 08 00 00 bf 3f 3f ca 43 41 20 08 80 e0 78 5e c4 51 43 41 03 eb 7e 7d c4 51 23 39 e0 f0 f8
00:aa 19 b8 37 01 38 00 00 58 c8 6a c4 51 80 a0 ea 7a e8 7a a8 6a 0e 03 79 5f c8 6a c4 51 b5 3d ad ad 43 49 a2 28 b7 35 2d 2f e8 7a 02 39 78 78 78 78 6a 8b 09 7b 5e 5e 7a e0 8d bc 8b 93 78 78 78
00:aa 19 f0 37 01 38 00 00 78 ce d4 8d c4 58 56 55 55 ce d4 8d c4 20 81 d8 50 ce d4 8d c4 01 01 09 00 ce d4 8e c4 55 55 55 0d ae c4 8d c4 ff ff f8 bf ae cc 8d bc ff ff 0d fd 0b ac 67 62 0b 0b 0d
00:aa 19 28 38 01 38 00 00 0d a7 6a 06 5a 0b b5 95 95 66 62 06 5a 97 5c 53 49 67 62 05 5a e9 d5 54 5c e5 51 20 08 35 35 25 2d 00 00 00 00 00 00 00 00 00 00 00 00 00 00 00 00 20 08 00 00 f8 ff ff
00:aa 19 60 38 01 38 00 00 ff 20 08 00 00 ff 2f cf c3 41 10 00 00 fc fc ff ff 43 41 61 20 80 e0 7a 5e 84 49 e2 38 dc d6 6a 55 05 5a e2 38 e0 e0 e8 7a 67 62 e5 51 00 c0 ff 7d 67 62 43 41 0b 8b a9
00:aa 19 98 38 01 38 00 00 e9 29 7b 43 41 55 57 5e 78 4d b4 67 62 5f 7a e8 a0 8d bc 6a 8b 5f fa a8 00 ce d4 cb 93 7e fa aa a8 ce d4 8e c4 55 55 51 02 b1 ed 8d c4 5f 5e 5c fc 95 f6 ce d4 55 fe 80
00:aa 19 d0 38 01 38 00 00 00 74 f6 ce d4 f5 ab 0b 03 ce d4 8e c4 15 25 05 35 8d c4 2c ac 03 01 0d 25 0b ac c8 6a 2d 2d 25 2d c8 6a 26 62 fd 3f 3f 3c 87 6a 06 5a a9 aa 8a 00 67 62 05 5a 58 20 02
00:aa 19 08 39 01 38 00 00 02 84 49 41 10 09 09 09 0b 20 08 00 00 eb f3 33 30 20 08 00 00 bf 3f 3f 3f 00 00 00 00 00 00 00 00 20 08 00 00 cb cc cf cf c2 30 00 00 58 5e 56 55 43 49 a2 30 ff ff ff
00:aa 19 40 39 01 38 00 00 73 84 49 e2 38 78 5e 5f 55 c4 51 c2 30 00 80 fb 55 46 62 c2 30 af fe d6 5c cb 93 05 5a 7a 78 e0 a0 ce d4 cb 93 7a 78 f8 f8 ce d4 8e c4 78 00 00 00 ce d4 ae cc 10 00 00
00:aa 19 78 39 01 38 00 00 00 b1 ed ce d4 58 58 57 55 95 f6 ae cc 00 80 fa 5e 95 f6 70 e5 0d 0d 2d a5 ce d4 0c ac 0a 2a 0d 25 6d bc 0b ac 25 55 55 55 0b ac c8 72 25 25 25 a5 c8 6a 00 00 00 00 00
00:aa 19 b0 39 01 38 00 00 00 c8 6a 67 62 22 35 2c 0c c8 6a 05 5a 8b 07 25 b5 05 5a e2 38 ad ad ab 2f 41 10 00 00 fe fe 3e 3e 61 18 00 00 d5 d5 d5 15 00 00 00 00 00 00 00 00 20 08 00 00 cf cf cf
00:aa 19 e8 39 01 38 00 00 f3 84 49 41 18 e2 60 60 7a e2 38 81 20 3f 3f 3f 3f a2 28 81 20 eb ff ff f5 87 6a 81 20 58 58 58 58 cb 9b 29 7b 60 60 60 5e ce d4 cb 9b f8 f8 fa 5f ce d4 2c ac 00 00 a8
00:aa 19 20 3a 01 38 00 00 55 ce d4 2c ac 00 20 aa 55 70 e5 2c ac f8 f8 ff 57 91 ed ae cc 09 09 ad 55 8d c4 ab 9b 2f 3f 3f d5 0b ac 29 83 00 0a 0a f5 cb 93 c8 72 25 35 b5 d5 09 7b 87 6a ff e0 c0
00:aa 19 58 3a 01 38 00 00 55 09 7b 26 5a 3a 2a ab f5 67 62 c5 51 2f 0f 0f ad e5 59 43 41 2d 2d 2d bb 61 18 00 00 17 15 17 17 00 00 00 00 00 00 00 00 00 04 08 00 00 00 00 00 00 ff f8 00 00 00 00
00:aa 19 90 3a 01 38 00 00 00 0f ff 80 00 00 00 00 00 ff fc 00 00 00 00 00 0f ff c0 00 00 00 00 00 ff fc 00 00 00 00 00 1f df c0 00 00 00 00 01 fc fc 00 00 00 00 00 1f ff c0 00 00 00 00 00 ff fc
00:aa 19 c8 3a 01 38 00 00 00 00 00 00 00 0f ff c0 00 00 00 00 00 ff fc 00 00 00 00 00 0f ff c0 00 00 00 00 00 ff fc 00 00 00 00 00 07 ff e0 00 00 00 00 00 7f ff 80 00 00 00 00 07 ff fe 00 00 00
00:aa 19 00 3b 01 38 00 00 00 00 3f ff f0 00 00 00 00 01 ff ff 80 00 00 00 00 0f ff fc 00 00 00 00 00 ff ff e0 00 00 00 00 0f ff ff 00 00 00 00 00 ff ff f0 00 00 00 00 07 ff ff 00 00 00 00 01 7f
00:aa 19 38 3b 01 38 00 00 ff f8 00 00 00 00 1f ff df 80 00 00 00 00 ff ff f8 00 00 00 00 0f ff ff 80 00 00 00 00 ff f3 f8 00 00 00 00 0f ff ff c0 00 00 00 00 7f ff fc 00 00 00 04 07 ff ff c0 00
00:aa 19 70 3b 01 38 00 00 00 00 44 7f ff ec 00 00 61 18 00 00 55 55 55 00 41 10 00 00 ff ff ff f0 07 8a 20 08 57 58 58 5c 07 a2 64 69 7d 00 00 00 07 a2 41 18 f5 0a 00 00 07 a2 20 08 55 f5 2a 00
00:aa 19 a8 3b 01 38 00 00 27 92 20 08 55 55 f8 00 27 9a 41 10 55 e8 00 00 c9 a2 e3 38 55 00 02 00 c9 a2 84 51 75 2a 08 00 c9 aa 64 61 55 ba a0 a8 47 92 23 41 55 a0 20 00 c6 79 20 08 55 95 35 09
00:aa 19 e0 3b 01 38 00 00 20 08 00 00 f0 ff fc ff 20 08 00 00 02 fa 3f cf c6 81 00 00 5c 56 57 55 07 aa c2 30 00 aa 7f 57 27 9a c6 79 00 b6 5a ea 07 a2 27 92 f9 57 40 80 a9 ca 07 a2 55 5e 50 e0
00:aa 19 18 3c 01 38 00 00 a9 ca ea aa 55 ca 00 00 a9 ca c9 aa 57 fc 00 00 a9 ca e9 aa 55 0f 00 00 a9 ca ea aa 55 c5 05 05 ce d4 27 92 d5 dd e0 fb 6d b4 06 5a 79 e9 09 8b e8 72 20 08 55 55 d5 35
00:aa 19 50 3c 01 38 00 00 20 08 00 00 fb f2 fc fe 61 18 00 00 55 55 55 54 27 92 00 00 5c 78 e0 80 07 a2 27 92 56 50 e0 00 a9 ca 07 aa 55 5c 70 40 c9 da a9 ca 55 55 57 54 ae d4 a9 ca 55 55 d5 1f
00:aa 19 88 3c 01 38 00 00 e9 ea a9 ca 55 55 bd 43 c9 d2 a9 ca 55 55 4b 55 c9 da 88 ba b5 b6 28 2a a9 ca ea aa 55 55 f5 01 ef dc cb 9b 6d b7 36 ea ab 93 20 08 35 25 25 0d 00 08 00 00 fe ff ff ff
00:aa 19 c0 3c 01 38 00 00 20 08 00 00 bf 3f 3f cf 06 72 00 00 56 58 70 60 07 aa 27 92 5e 5c 68 6a a9 ca 27 aa 7e a0 00 50 a9 ca 00 00 00 00 00 00 e9 e2 a9 ca 57 52 52 72 0a eb 68 ba 10 f8 e0 c0
00:aa 19 f8 3c 01 38 00 00 e9 ea a9 ca 44 00 28 38 e9 ea a9 ca 55 ef 00 00 e9 ea c9 da 7f 40 40 20 e9 ea a9 ca a9 09 09 95 6d bc c9 ba c0 60 50 5c 0c ac 20 08 0d 0d 09 03 20 08 00 00 ff ff ff bf
00:aa 19 30 3d 01 38 00 00 20 08 00 00 cf cf cf ef c6 79 20 08 60 c0 c0 c0 07 aa 27 92 6a 6a 6a 6a a9 ca 07 aa 70 e0 80 00 e9 ea a9 ca 54 5c 50 60 e9 ea c9 da 09 0a 00 00 e9 ea ce d4 00 00 00 54
00:aa 19 68 3d 01 38 00 00 e9 ea c9 d2 10 00 00 00 e9 ea 00 00 00 00 00 00 0a eb e9 ea fc fc ff ff e9 ea a9 ca 15 d5 d5 35 a9 ca ea aa 0d 01 03 01 ea aa a2 30 01 09 29 09 20 08 00 00 3f 3f 3f 3f
00:aa 19 a0 3d 01 38 00 00 20 08 00 00 f3 f3 f3 f3 20 08 00 00 fe fc fc fc 27 92 84 49 68 68 60 e0 27 b2 27 92 62 62 62 ea ec d3 a9 ca 55 85 55 55 e9 ea a9 ca 60 60 60 40 e9 ea 00 00 00 00 00 00
00:aa 19 d8 3d 01 38 00 00 0a eb 50 dd 74 d4 00 00 e9 ea 00 00 00 00 00 00 e9 ea a9 ca 03 0d 0f 0c e9 e2 a9 ca b5 55 15 95 a9 ca 68 aa 02 03 01 01 ea aa e3 38 09 01 01 a9 20 08 00 00 3f 3f 3f 3f
00:aa 19 10 3e 01 38 00 00 20 08 00 00 f3 f3 f3 f3 20 08 00 00 fc fc fc fc 27 92 85 69 60 40 40 70 a9 ca 07 aa 55 55 57 54 a9 ca 88 c2 40 00 00 00 e9 ea 00 00 00 00 00 00 e9 ea 00 00 00 00 00 00
00:aa 19 48 3e 01 38 00 00 e9 ea a9 ca 00 00 00 10 e9 ea c9 d2 06 27 00 00 0a eb a9 ca 15 d5 15 15 a9 ca c9 c2 01 01 01 01 a9 a2 a2 30 09 09 09 0d 20 08 00 00 3f 3f 3f ff 20 08 00 00 f3 f3 f3 cb
00:aa 19 80 3e 01 38 00 00 20 08 00 00 fc fe fe fe 07 92 44 51 68 68 68 7a 2c ac 07 a2 57 57 57 78 30 dd e9 c2 d5 55 68 80 d2 ed 2a e3 55 55 80 00 d2 ed e9 e2 57 97 00 00 54 f6 2a cb 9f 5d 00 02
00:aa 19 b8 3e 01 38 00 00 0a eb 51 d5 00 00 5f 7f e9 ea 0c ac 00 00 ca 55 e9 ea ae cc 00 00 3f 55 c9 ca a9 ca ff ff ff 3f a9 ca c9 c2 01 01 01 01 a9 aa 61 18 0d 0d 0d 09 00 00 00 00 00 00 00 00
00:aa 19 f0 3e 01 38 00 00 20 08 00 00 cf cf cf cf 67 72 81 20 60 60 62 62 8b 93 64 41 80 f5 55 7f 91 ed e5 51 a0 5f 55 55 d2 ed c8 72 00 e0 78 5e d2 ed ae cc 00 29 a9 c3 8e bc 67 62 0b 95 bf 2f
00:aa 19 28 3f 01 38 00 00 ec 9b 67 62 d7 78 f8 d7 ec 9b e8 72 5c 02 00 f8 6d b4 ab 93 02 40 80 80 6d b4 c9 b2 55 b5 2d 0b a9 ca ea aa 02 fb 55 55 27 9a a2 28 09 09 09 09 20 08 00 00 ff 3f 3f 3f
00:aa 19 60 3f 01 38 00 00 20 08 00 00 cf ff ef cf a8 6a 00 00 60 70 70 70 49 83 26 5a 7f f5 d6 d4 4d ac 26 5a 5f 5f de b8 2d ac 09 7b 5c 56 d7 b7 d2 ed 0f d5 c3 43 42 42 ce d4 ab 93 95 b5 bd 2d
00:aa 19 98 3f 01 38 00 00 2d a4 06 5a b5 0f 00 80 6d b4 c8 6a 5f fe 00 00 8e bc 0c 9c 6a 6a a2 02 6d b4 ab 93 2b 29 2d 35 0c a4 85 69 b7 b5 ba a0 27 92 a2 30 09 01 a9 09 20 08 00 00 3f 3f 3f 3f
00:aa 19 d0 3f 01 38 00 00 00 00 00 00 00 00 00 00 67 62 00 00 50 58 5c 5c cb 93 87 6a 57 fe ea e0 ec 9b 6a 8b 58 5c 56 a8 ec 9b 29 83 37 36 bc 38 d2 ed 8d c4 40 c0 c0 80 d2 ed 6d c4 95 ad aa 00
00:aa 19 08 40 01 38 00 00 71 e5 0b ac 55 ff 00 00 70 e5 0c ac 7e e8 80 00 d2 ed ce d4 55 b5 a5 09 8d bc 6a 8b 35 25 2d 2d 8e bc 4a 83 58 5c 5c 5c ae c4 61 18 09 09 01 09 00 00 00 00 00 00 00 00
00:aa 19 40 40 01 38 00 00 20 08 00 00 ff cf cf ef 26 5a 00 00 5c 5c 54 54 4d ac c8 72 60 60 78 7a 8d c4 4d b4 55 03 81 55 ae cc ab 93 d6 d6 d6 dc d2 ed 50 e5 42 c2 81 83 d2 ed 70 e5 80 55 55 55
00:aa 19 78 40 01 38 00 00 d2 ed 70 e5 80 80 c0 49 d2 ed 70 e5 0c 0c 50 55 d2 ed ae cc 09 09 0d 25 8d c4 cb 9b 35 b5 b5 fd 4d b4 09 7b fc f7 f5 d5 2c ac 64 41 0d a9 ab ab 81 20 00 00 d5 d5 95 15
00:aa 19 b0 40 01 38 00 00 20 08 00 00 ff cf ef cf 43 41 00 00 54 56 57 55 6a 8b 06 5a e0 60 78 7a 0c ac ab 93 00 ea 7d 55 ce d4 09 7b a8 a8 f8 57 34 f6 0f dd aa 8a 0b 55 d2 ed ec bb 0a b7 d7 ff
00:aa 19 e8 40 01 38 00 00 d2 ed 2f dd fd 73 40 f3 50 e5 ae c4 ff 2f 0d 25 ce d4 0b ac 0b ad d5 d5 0b ac ab 93 03 03 03 09 6a 8b c8 6a 3e 36 b6 96 6a 8b c8 72 09 09 09 09 05 5a 00 08 95 35 2d 09
00:aa 19 20 41 01 38 00 00 20 08 00 00 cf cf cf af 87 6a 41 10 c0 60 70 78 ab 93 c8 72 80 e0 70 58 cb 9b e8 7a 95 2d 00 00 ce d4 4a 83 f8 78 e8 a0 70 e5 ce d4 50 50 50 55 70 e5 ab 93 02 00 0b b5
00:aa 19 58 41 01 38 00 00 ae cc 2d a4 0f 35 55 7d 4d ac 0d 9c 02 ff ff 55 eb a3 09 7b 02 0b 2d 35 4a 83 c8 6a d6 d6 5c 50 6a 8b c8 72 0d 2d a5 bd a7 6a e5 51 25 2a 28 00 c8 6a 20 10 55 b5 0b 00
00:aa 19 90 41 01 38 00 00 06 5a 00 00 55 55 d5 2d e5 51 00 00 70 58 5e 56 09 7b 64 41 a0 e8 fa 7e 4d b4 a8 6a a0 ff 55 57 ce d4 6a 8b aa 5f 5e 70 ce d4 0c ac 95 5f 80 02 8e bc 0b ac 5e 2a 2a 2a
00:aa 19 c8 41 01 38 00 00 6d b4 ab 93 0b 29 2d 25 ab 93 09 7b 00 2b b5 b5 6a 83 c8 72 2f fd d5 d5 0d 9c c8 72 7e 7a 6a 82 6a 8b c8 72 b5 35 d5 bd 09 7b a7 6a fc 7a e2 80 6a 8b e8 72 5d ea aa 00
00:aa 19 00 42 01 38 00 00 4a 83 a5 51 ad 2a 00 00 09 7b 41 10 d5 ad 02 00 a8 72 20 08 55 55 d5 2d 00 00 00 00 00 00 00 00 26 5a 20 08 e8 68 5e 57 09 7b 06 5a a0 e8 78 5e 4d ac e8 72 e0 ff f5 f5
00:aa 19 38 42 01 38 00 00 6d b4 26 5a 00 aa 7c 78 8d bc 2d a4 ca eb a9 a5 2d a4 29 83 2b ad bd b5 4a 83 c8 72 0b 2f f5 d5 cb 93 c8 72 fe 5e 5c 5c 2d a4 8a 8b c9 09 0b 0f ec 9b e8 7a fd fd ad 2d
00:aa 19 70 42 01 38 00 00 29 83 c8 72 72 72 7c fe 8b 93 29 7b ea ea 6c ec 0b ac 6a 83 55 7f ff e0 eb 9b 6a 8b d5 f5 8f 02 ab 93 a8 6a b5 ab 2a 0a 29 83 20 08 d5 2d 0b 02 a2 28 20 08 55 55 55 15
00:aa 19 a8 42 01 38 00 00 61 18 00 00 54 55 55 55 87 6a 20 08 a0 e8 78 7a 4a 83 46 62 8b e0 ff 7d 4d ac c8 72 60 80 e0 7f 2d a4 4a 83 02 00 02 55 8b 93 87 62 0b 0b 2d b5 c8 6a 46 62 0c be fc 78
00:aa 19 e0 42 01 38 00 00 ab 93 09 7b 58 70 7a f8 2d a4 6a 8b fe d4 7c dc 2d a4 e8 7a 2d 2d 0d 2d 6a 8b c8 6a 7e 7c 7c fc 0b ac 4a 83 7e 78 e8 e0 6d b4 0b ac 55 5d 40 40 6d b4 0b ac 55 55 25 35
00:aa 19 18 43 01 38 00 00 0b ac cb 9b 25 00 00 08 0b ac ab 93 d5 95 03 09 6a 8b 20 08 b5 25 09 0b 41 10 00 00 ff ff bf 2f e5 51 00 00 78 5e 57 55 c5 51 81 28 00 0a eb 5f c8 72 43 41 e0 7a 5f 55
00:aa 19 50 43 01 38 00 00 29 7b c4 51 00 aa ff 55 a8 6a c4 51 2b bf ff 78 c8 72 67 62 58 58 60 ac 4d ac 4a 83 5c 52 71 6d 2d a4 6a 8b dc 7c 7c 7c 2d a4 c8 72 2d 2d 2d 2d 4a 83 c8 72 5c 5c 5f 5f
00:aa 19 88 43 01 38 00 00 eb 9b 6a 8b c0 7c 5e 7f 0b ac ab 93 00 80 ce 59 0b ac 6a 8b 00 2f b5 55 0b a4 6a 8b 02 fd 55 d5 8b 93 09 7b 00 aa aa b5 6a 8b 09 7b 25 0d bf 55 09 7b 20 10 d5 b5 2d 02
00:aa 19 c0 43 01 38 00 00 20 08 00 00 fa fe ff 0f c2 28 00 00 5c 5e 56 5c a4 51 43 39 5f fe e8 ea 84 49 43 49 80 fe 3f bf 46 62 84 49 e8 fa fa 5f 8b 8b 67 62 7f 5c 58 73 4d ac c8 6a 2f bf 7f 7f
00:aa 19 f8 43 01 38 00 00 ec 9b 4a 83 78 78 5d 55 6a 8b c8 72 0d 0f 2f 3f 4a 83 e8 7a 57 57 7d 78 8b 93 09 7b fd d5 df c0 ab 93 09 7b ab 57 bb 02 eb a3 4a 83 5f 5e 7c f8 0c ac cb 93 55 ff 00 00
00:aa 19 30 44 01 38 00 00 eb 9b e9 7a bd ab 0a 00 4a 8b e8 7a 57 d5 37 03 6a 8b 09 7b e1 e3 52 5a 09 7b 41 10 35 0d 02 00 64 41 20 08 55 55 d5 15 43 41 20 08 56 5c 58 58 c4 51 43 41 fb e8 f8 dc
00:aa 19 68 44 01 38 00 00 84 49 43 49 3c 3c 0e 3f e9 7a a4 49 55 57 56 5c 4a 83 05 5a 4b bf bf 5f 29 7b 06 5a a0 aa fa 7c 4a 83 c8 72 e2 62 f9 fd 6a 8b c8 72 ff fc 70 40 eb 9b 09 7b 7c e0 a0 80
00:aa 19 a0 44 01 38 00 00 0b ac ab 93 7f e0 00 00 0b ac ab 93 f7 02 00 00 0b ac cb 93 bc 40 22 00 0b ac eb 9b 00 01 2c 00 0b ac ab 93 25 c0 02 00 eb 9b 6a 8b b5 2d 0b 03 6a 8b 09 7b 50 15 a5 09
00:aa 19 d8 44 01 38 00 00 6a 8b 09 7b 2d a6 83 80 09 7b 20 08 35 2d 09 03 20 08 00 00 fc af cb 3a 43 41 00 00 70 70 70 e0 64 49 43 41 9e fa aa a2 29 7b 84 49 55 55 7f 5c c8 72 c5 51 73 4f 27 3f
00:aa 19 10 45 01 38 00 00 87 6a 06 5a 5e 56 5a 78 e8 72 67 62 58 6a a2 68 8a 8b c8 72 b5 e7 ff bc 0b ac ab 93 55 57 5c 50 8d c4 eb 9b 7f f8 e0 80 ae cc 6d bc 55 7f ff e0 ae cc 6d bc 55 ff ff 03
00:aa 19 48 45 01 38 00 00 8d c4 0c ac 55 02 00 00 6d bc 0b ac 55 95 15 15 2c ac eb a3 ab ba aa e8 2c ac eb a3 f5 a9 af 2a 0b ac 6a 8b f5 a5 35 3d ab 93 6a 8b 6a ba e6 cf 8b 93 46 5a 29 2b 0a 0a
00:aa 19 80 45 01 38 00 00 c8 72 20 08 55 d5 95 35 20 08 00 00 fc bf 3f 8f c4 51 61 18 68 e0 a0 80 c4 51 64 49 99 7a a9 aa 2d a4 c4 51 5c 58 57 55 87 6a 06 5a 15 2a aa 6a a7 6a 06 5a 68 a0 a0 a8
00:aa 19 b8 45 01 38 00 00 4a 83 87 62 78 e0 a0 80 ab 93 09 7b de 5e 5c dc 8d c4 cb 93 7e 78 70 f0 ce d4 8e c4 55 60 00 00 70 e5 ce d4 55 55 57 70 d2 ed ce d4 55 55 ea 80 70 e5 8e c4 d5 fd ad 0d
00:aa 19 f0 45 01 38 00 00 8d c4 0c ac 95 f7 08 00 8d bc 0c ac 56 da 31 77 0b ac 00 00 00 00 00 00 0b ac ab 93 35 35 f7 3f cb 93 6a 8b 81 82 02 02 8b 93 4a 83 85 c5 83 81 09 7b 20 08 25 25 0d 0d
00:aa 19 28 46 01 38 00 00 20 08 00 00 ff eb fb f3 05 5a c4 51 55 5f 40 41 05 5a a4 49 f7 fe f8 f0 87 6a e5 51 6b eb a9 2a 4a 83 26 5a 7e 5c 78 78 6a 8b 09 7b e2 aa 88 83 ab 93 09 7b 58 58 58 58
00:aa 19 60 46 01 38 00 00 ce d4 2d ac 58 58 78 78 70 e5 ce d4 55 58 50 f0 34 f6 0f dd 7e fa e8 e0 95 f6 d2 ed 5e c0 00 00 13 f6 ce d4 2d 0d 05 25 ae cc 6d b4 2d 25 ad 29 6d b4 0c ac 54 24 d5 55
00:aa 19 98 46 01 38 00 00 0b ac 00 00 00 00 00 00 0b ac eb 9b 26 04 04 04 0b ac 8b 93 a1 01 01 03 cb 93 6a 8b f9 e9 09 0b 6a 8b 41 18 09 09 0b 0b 20 08 00 00 fc fc 3c 3f c4 51 20 08 78 78 70 60
00:aa 19 d0 46 01 38 00 00 06 5a c4 51 a9 a9 87 a6 67 62 c4 51 7c f8 b0 a0 a8 6a 05 5a 29 2d 2d a5 29 7b 26 62 70 70 78 78 6a 8b 09 7b a3 83 8a 05 2c ac 09 7b 7e 7c 78 78 ef dc 6d b4 7e 7a 68 e8
00:aa 19 08 47 01 38 00 00 70 e5 0f dd 40 00 00 00 95 f6 d2 ed 50 50 50 50 95 f6 75 f6 00 00 00 03 13 f6 ce d4 2d 2d 35 b5 8d c4 6d b4 01 00 00 00 6d b4 0b ac 15 25 15 15 4d b4 0b ac 55 55 15 15
00:aa 19 40 47 01 38 00 00 8d c4 eb 9b ff ff de 58 6d b4 0c ac 55 75 05 00 0c a4 ab 93 bd 3d 2d 3d 8b 93 06 5a 09 0b 0b 0b 84 49 00 00 d5 d5 95 15 20 08 00 00 bf 3f 3f ff c5 51 20 08 68 60 60 60
00:aa 19 78 47 01 38 00 00 66 62 06 5a 69 43 85 05 26 5a c4 51 16 9e 9a da 67 62 46 62 6a 6a 6a ea 87 6a 05 5a a5 a5 85 35 4a 83 26 5a 78 78 7e 5e 6a 8b 09 7b 05 f5 55 5e 2c ac 09 7b 78 78 78 78
00:aa 19 b0 47 01 38 00 00 0f dd 8d bc 78 78 78 78 91 ed 70 e5 57 56 56 57 95 f6 d2 ed 50 50 50 58 95 f6 70 e5 02 03 0d 2d 70 e5 ce d4 25 15 d5 55 8d c4 8d bc aa ab aa aa 6d b4 0b ac 15 15 01 00
00:aa 19 e8 47 01 38 00 00 8d c4 0c a4 58 70 70 70 8d c4 2d a4 0b 0b 09 2d ec 9b ab 93 37 37 35 f5 ab 93 c8 72 2d 2d ad ad 46 62 20 08 95 15 35 35 20 08 00 00 cf cf ef ff 67 62 05 5a 25 c2 62 56
00:aa 19 20 48 01 38 00 00 46 62 c4 51 5a 50 70 50 87 6a 67 62 ff fe fc fc 67 62 c4 51 2d 2d 2d 2d 87 6a 43 41 e8 f8 5e 57 09 7b c8 72 00 40 50 58 2c ac 6a 8b 5c 5c 5c 5c ce d4 6d b4 60 60 60 60
00:aa 19 58 48 01 38 00 00 70 e5 ce d4 40 40 50 50 54 f6 b1 ed fc ff 7f 7f 95 f6 91 ed 35 f5 f5 f5 0f dd 8d c4 a5 af 2a 0a ce d4 8d c4 55 aa 00 00 ce d4 8e c4 55 59 01 01 4d b4 eb a3 ff 3f 3f 3d
00:aa 19 90 48 01 38 00 00 8d bc cb 93 e0 7a 7f 7f 2c ac ab 93 0b 09 a9 b9 8b 93 29 83 aa aa ab ad 4a 83 e8 7a 0d 09 29 fd 87 6a 20 08 35 2d 2d 2b 20 08 00 00 cf cf cf cf 05 5a a4 51 82 80 c1 71
00:aa 19 c8 48 01 38 00 00 67 62 63 49 e8 68 78 78 c8 6a 67 62 57 57 c4 54 67 62 c4 51 2d 2d 2d 2d 84 49 e2 38 9c d7 d7 95 e8 7a 64 49 e0 70 78 78 2c ac 29 7b 78 78 78 78 ce d4 6d b4 60 60 7c 78
00:aa 19 00 49 01 38 00 00 70 e5 ce d4 50 50 58 58 13 f6 70 e5 6a 6a 7a 78 95 f6 91 ed f5 ff 0a 00 54 f6 0f dd f7 ff aa 0a 70 e5 ce d4 0d 02 01 09 ce d4 8d c4 09 25 25 15 6d bc 6a 8b 2b 2b 2b 2d
00:aa 19 38 49 01 38 00 00 0c 9c 29 83 82 ea ff 55 ab 93 09 7b 00 be 55 55 4a 83 c8 72 02 0b bd 55 09 7b 87 6a 0b ad fd d5 67 62 c4 51 35 35 b5 b5 23 39 20 08 55 95 35 35 c4 51 23 39 82 e0 78 7e
00:aa 19 70 49 01 38 00 00 66 62 84 49 78 5e 5e 5f c8 6a 46 62 fc ff 7f 7d a8 6a c4 51 ad ad 2b ab c4 51 03 39 b5 2d 2d 0a 4a 8b a4 49 5e 7a 7a f8 2c ac 29 7b 78 78 78 f0 ce d4 6d b4 70 78 7f 7f
00:aa 19 a8 49 01 38 00 00 ef dc 8d c4 a0 a0 aa 5a b1 ed ce d4 a0 a0 68 55 95 f6 70 e5 00 c0 f8 5f 95 f6 91 e5 2f 2d 3d fd 6d b4 e8 7a 0b 09 0d 0d c8 72 67 62 00 2e 55 55 c8 6a 67 62 00 00 40 50
00:aa 19 e0 49 01 38 00 00 c8 72 c8 6a ff ff a8 08 c8 72 87 62 a2 83 2d a9 67 62 c4 51 05 2f bf ff 84 49 20 08 25 25 0d 09 43 41 20 08 80 60 78 5e 84 49 e2 38 20 aa a8 a6 66 62 43 49 a0 ea fa 7e
00:aa 19 18 4a 01 38 00 00 67 62 c5 51 0b 2f fd 75 c8 72 c4 51 55 57 5e 5c ab 93 67 62 78 e0 e0 80 0b ac 8b 93 70 c0 00 00 8d c4 6d b4 70 70 5c 55 8e c4 8d c4 aa aa aa aa ae cc 6d b4 a0 a8 aa ab
00:aa 19 50 4a 01 38 00 00 b1 ed ce d4 60 6a 5a 5a d2 ed ce d4 0b 09 09 a9 ce d4 8d bc 03 33 bb b9 8d c4 0c ac 00 00 01 0d 8d bc c8 72 2d ad ad ad c8 6a 67 62 d5 06 08 00 09 7b c8 6a 54 55 58 50
00:aa 19 88 4a 01 38 00 00 29 83 c8 6a 7e ea aa 02 09 7b 87 62 bf 3d 0d 2f 46 62 c5 51 09 bf bf bf c4 51 41 10 09 09 0b 0a 20 08 00 00 ff ff ff 3f e2 38 20 10 00 80 60 78 84 49 e2 38 a0 f2 6a 56
00:aa 19 c0 4a 01 38 00 00 c4 51 64 49 8a a0 ba 5d 09 7b c4 51 5e 7a 7c 78 0b ac 4a 83 78 78 f8 e8 2c ac 0b ac fc fc fc f0 6d b4 0c ac 00 00 00 52 6d b4 0c ac 00 03 54 00 8e c4 6d b4 aa ff 98 a8
00:aa 19 f8 4a 01 38 00 00 70 e5 8e c4 78 78 58 f8 70 e5 ae cc 03 01 01 01 8d bc 0c ac 0a 15 25 a5 0c ac 0b ac af ff ff ff 0b a4 c8 72 0d 2d 25 25 c8 6a 00 00 00 00 00 00 4a 83 c8 6a 78 70 68 78
00:aa 19 30 4b 01 38 00 00 4a 83 29 83 03 03 00 00 09 7b 87 6a 0d 0f 0b 0f 67 62 06 5a d5 35 05 06 05 5a 84 49 3d ad eb cb e2 30 20 08 d5 95 95 15 20 08 00 00 bf ff 3f 3f c2 30 00 00 58 5e 57 55
00:aa 19 68 4b 01 38 00 00 e2 38 61 18 00 80 82 42 23 41 c2 30 00 ff fb 54 4a 83 c4 51 78 78 60 e0 0b ac cb 93 58 5c 58 7c 4d b4 0b ac 50 55 55 55 6d bc 0b ac 53 51 71 70 6d b4 0b ac 58 40 50 00
00:aa 19 a0 4b 01 38 00 00 ce d4 8e c4 50 76 70 70 d2 ed ce d4 7a 60 c0 80 d2 ed 8d c4 a9 09 0d 25 0c ac 0b ac 2f 3f 3f ff 0b ac ab 93 02 03 09 0d cb 93 67 62 2f 2d b5 b5 a8 6a 05 5a 00 a8 ea 7a
00:aa 19 d8 4b 01 38 00 00 4a 83 c8 6a 78 58 5c 5c 4a 83 49 83 aa aa aa ab 09 7b 67 62 0b 0d 2e 2a a7 6a 06 5a af 25 25 35 05 5a c4 51 69 01 89 09 43 41 20 08 95 15 35 35 20 08 00 00 3f 3f 3f ff
00:aa 19 10 4c 01 38 00 00 20 08 00 00 8f cb fc ff 81 20 00 00 55 55 57 54 43 41 61 18 68 70 f0 fa e5 51 a2 28 d6 d6 d4 d4 4a 83 87 6a 60 60 60 7a 0b ac 8b 93 70 f0 70 55 4d b4 8a 93 a8 a8 aa 55
00:aa 19 48 4c 01 38 00 00 8d bc cb 9b a0 a0 e0 5f 8d c4 0c a4 00 00 00 7f b1 ed 2c ac fa f8 f8 5e 95 f6 0f dd 80 80 82 fd f2 f5 cb 9b 2f 2f af bd 0b ac 6a 8b 00 00 00 fd eb 9b c8 72 0a 2b 2d f5
00:aa 19 80 4c 01 38 00 00 09 7b 05 5a 3d b5 bd fd 87 6a 26 5a 58 58 68 68 09 7b 87 6a f0 ea cb fd 4a 83 87 6a 0f fa ea 55 09 7b 26 5a 2a 2b ab f5 05 5a 84 49 0b 2b 0b dd 43 41 20 08 35 25 25 25
00:aa 19 b8 4c 01 38 00 00 00 00 00 00 00 00 00 00 00 04 08 00 00 00 00 00 00 ff e0 00 00 00 00 00 0f ff 00 00 00 00 00 00 ff f0 00 00 00 00 00 0f ff 00 00 00 00 00 00 ff f0 00 00 00 00 00 1f ff
00:aa 19 f0 4c 01 38 00 00 00 00 00 00 00 01 dd f0 00 00 00 00 00 1f ff 00 00 00 00 00 00 ff f0 00 00 00 00 00 1f ff 00 00 00 00 00 00 ff f8 00 00 00 00 00 0f ff 80 00 00 00 00 00 ff f8 00 00 00
00:aa 19 28 4d 01 38 00 00 00 00 0f ff e0 00 00 00 00 00 7f ff 80 00 00 00 00 07 ff fe 00 00 00 00 00 7f ff f0 00 00 00 00 03 ff ff 80 00 00 00 00 1f ff fc 00 00 00 00 00 ff ff e0 00 00 00 00 0f
00:aa 19 60 4d 01 38 00 00 ff fe 00 00 00 00 01 ff ff f0 00 00 00 00 1f f7 ff 00 00 00 00 01 ff ff f8 00 00 00 00 1f ff ff 80 00 00 00 01 ff ff fc 00 00 00 00 1f ff ff c0 00 00 00 01 ff ff fe 00
00:aa 19 98 4d 01 38 00 00 00 00 00 0f ff ff e0 00 00 00 00 ff ff fe 00 00 00 00 0f ff ff e0 00 00 00 01 ff ff fe 00 00 00 00 00 00 00 00 00 00 00 00 00 00 00 00 00 00 00 00 00 00 00 00 00 00 00
00:aa 19 d0 4d 01 38 00 00 00 00 00 00 00 00 00 20 08 00 00 fc ff ff ff 20 08 00 00 af a0 ff ff 20 08 00 00 fe a0 ff ff 00 00 00 00 00 00 00 00 00 00 00 00 00 00 00 00 00 00 00 00 00 00 00 00 00
00:aa 19 08 4e 01 38 00 00 00 00 00 00 00 00 00 00 00 00 00 00 00 00 00 20 08 00 00 bf 8f f2 fc 00 00 00 00 00 00 00 00 00 00 00 00 00 00 00 00 00 00 00 00 00 00 00 00 00 00 00 00 00 00 00 00 00
00:aa 19 40 4e 01 38 00 00 00 00 00 00 00 00 00 00 00 00 00 00 00 00 00 00 00 00 00 00 00 00 00 20 08 00 00 ff ff ff c0 61 18 00 00 55 55 55 c0 a2 28 00 00 55 55 55 09 00 00 00 00 00 00 00 00 20
00:aa 19 78 4e 01 38 00 00 08 00 00 ff 2f cf ef 61 18 00 00 55 55 55 54 27 92 20 08 55 55 7e 80 c6 81 20 08 55 55 af 00 44 69 00 00 55 55 f5 0a c6 81 00 00 55 55 5f a0 27 92 20 08 55 55 e8 00 27
00:aa 19 b0 4e 01 38 00 00 92 20 08 57 e8 00 00 27 92 03 41 55 0a 00 00 4a ab 44 61 55 ff 8b 8a 47 92 43 49 c9 09 0a a8 0c 9c 00 08 55 55 95 25 20 08 00 00 ff f3 f2 fa a2 20 00 00 54 56 57 55 07
00:aa 19 e8 4e 01 38 00 00 9a 82 28 00 80 c0 6a 27 9a e6 81 09 aa ba 5a 07 aa 07 8a 75 ff fc a0 a9 ca 07 8a 7f fa e0 00 a9 ca 07 aa d5 d5 09 00 a9 ca 27 aa 55 55 c0 00 c9 c2 07 aa 55 7e 02 82 ce
00:aa 19 20 4f 01 38 00 00 cc 47 9a 75 5c ff ff 4d b4 a9 a2 56 00 f8 fc 0c a4 23 39 35 3d 2a 02 41 10 00 00 ff ff 3e 3f 00 00 00 00 00 00 00 00 e6 81 20 08 7a 58 58 60 07 a2 07 92 56 54 50 70 a9
00:aa 19 58 4f 01 38 00 00 ca 27 aa 58 60 c0 40 4d cc a9 ca 55 55 d5 92 a9 ca 00 00 00 00 00 00 e9 e2 a9 ca 75 45 49 55 c9 d2 88 c2 87 a4 8a aa a9 ca ea aa 95 15 00 00 ae cc ea aa 61 61 58 54 ce
00:aa 19 90 4f 01 38 00 00 d4 8b 93 65 e7 0e 3e 8a 93 20 08 95 35 25 25 00 00 00 00 00 00 00 00 e6 69 20 08 55 56 5c 58 07 a2 46 72 7a 68 e0 80 a9 ca 07 aa 57 56 58 c0 e9 e2 a9 ca 55 79 49 ed e9
00:aa 19 c8 4f 01 38 00 00 e2 88 c2 10 d6 fc 80 e9 ea a9 ca 55 55 aa 00 e9 ea a9 ca 55 55 97 08 e9 e2 8e d4 00 00 3c 01 e9 e2 a9 ca 53 55 15 1d a9 ca ea aa 05 01 00 00 4d b4 88 a2 02 cb f8 fd 4a
00:aa 19 00 50 01 38 00 00 9b 41 18 05 0d 09 29 00 00 00 00 00 00 00 00 c6 79 20 08 58 50 70 60 a9 ca 07 a2 55 55 57 58 e9 ea a9 ca 35 08 00 00 0a eb ef e4 00 00 00 86 e9 ea e9 e2 aa aa aa 9a e9
00:aa 19 38 50 01 38 00 00 ea c9 d2 00 00 00 01 e9 e2 a9 ca 15 87 9c 54 e9 ea a9 ca 55 55 15 15 a9 ca c9 aa 15 15 15 15 27 9a a2 30 29 29 09 0d 00 00 00 00 00 00 00 00 c6 79 20 08 60 e0 c0 c0 a9
00:aa 19 70 50 01 38 00 00 ca 27 aa 6b 78 d9 55 a9 ca 00 00 00 00 00 00 e9 ea a9 ca 60 60 60 60 e9 ea 8d dc f6 18 00 00 e9 ea 00 00 00 00 00 00 e9 ea 00 00 00 00 00 00 e9 ea a9 ca 01 29 09 0d 6d
00:aa 19 a8 50 01 38 00 00 dc a9 ca 57 17 15 d5 a9 ca a9 ca 00 00 00 00 a9 ca 27 aa 15 15 0a 0b c9 aa a2 30 0d a9 29 29 c6 79 03 39 40 40 40 40 07 aa 27 9a a8 68 68 a8 a9 ca 00 00 00 00 00 00 e9
00:aa 19 e0 50 01 38 00 00 ea a9 ca 40 40 48 55 e9 ea ce dc 00 00 00 f1 e9 ea e9 e2 aa aa aa 9a e9 ea 00 00 00 00 00 00 e9 ea a9 d2 01 00 00 00 e9 ea a9 ca 15 15 d5 15 a9 ca 00 00 00 00 00 00 a9
00:aa 19 18 51 01 38 00 00 ca 27 aa 0d 05 0b 01 27 9a a2 30 09 09 09 09 00 00 00 00 00 00 00 00 e6 81 61 18 c0 c0 60 60 6d b4 07 a2 5f 7b 5f 78 30 dd a9 ca 55 55 e0 a8 70 e5 a9 ca 55 aa 00 00 91
00:aa 19 50 51 01 38 00 00 ed 8b bb d7 a8 00 2d ce d4 66 62 aa 00 2f d5 c9 da 8b 8b 00 bf 55 55 ce d4 ab 93 a0 f8 ea 5a a9 ca 4d b4 80 40 60 5e a9 ca 68 aa 00 00 00 a9 a9 ca 88 aa 09 05 05 d5 07
00:aa 19 88 51 01 38 00 00 9a a2 30 09 01 01 01 a4 51 00 00 40 60 60 70 6d b4 43 39 e0 ff 55 55 6d b4 43 41 00 a0 5e 5e 70 e5 4d b4 00 a8 78 58 ae cc 46 62 2d 2f 0b 0b 09 7b 06 5a f8 00 29 23 2d
00:aa 19 c0 51 01 38 00 00 a4 67 62 00 ea 5f 57 6d b4 8b 8b a0 c0 70 70 6d b4 eb ab 01 02 02 03 ea aa eb 9b 00 70 57 57 68 aa 06 6a 00 a0 5e f9 07 a2 03 49 01 01 03 ab 41 10 00 00 ff 3f 3f 3f 26
00:aa 19 f8 51 01 38 00 00 5a 00 00 7a 58 58 5c 87 62 c4 51 5a d7 5c dc 6a 83 c5 51 fe 7a 7a a0 d2 ed c8 72 78 78 5c 5c d2 ed ab 93 2d 2d 0b 0b 2d a4 29 83 52 f8 bf 3e 4d ac 09 7b 5a 00 a0 a0 ef
00:aa 19 30 52 01 38 00 00 dc 6d b4 55 7f fa e0 ae c4 eb a3 ad 2d 09 03 ec 9b 6a 8b b5 d5 95 35 6d bc 4a 83 53 50 58 d8 2f dd 64 51 7d a9 81 03 41 10 00 00 3f bf bf 3f 64 41 00 00 54 54 56 57 c8
00:aa 19 68 52 01 38 00 00 72 a4 49 fc a8 80 40 4a 83 09 7b 62 73 5b 63 70 e5 c8 72 58 58 78 78 d2 ed 70 e5 05 b7 56 55 70 e5 8d c4 d5 02 00 00 70 e5 0b ac 7f aa 2a 2a d2 ed ce d4 5a fa a0 80 0f
00:aa 19 a0 52 01 38 00 00 dd 4c b4 ad 2d 2d 25 0b ac ab 93 15 15 2d 09 4d b4 09 7b d8 fc d7 d5 8d bc 09 7b 01 09 b5 fd 46 62 20 08 d5 15 25 0d 61 18 00 00 54 55 55 55 4a 83 c2 30 e0 e0 60 60 ab
00:aa 19 d8 52 01 38 00 00 93 6a 8b 49 09 09 17 b1 ed 09 7b 78 78 78 78 d2 ed 2f dd ff fd bf 00 70 e5 ce d4 00 60 8c a6 50 e5 ce d4 1b d5 25 35 d2 ed 8d c4 80 ea 55 55 0f dd 0c ac 2d b5 d5 55 0c
00:aa 19 10 53 01 38 00 00 ac ab 93 09 29 e9 0d 4a 83 c8 72 1e 3e be 58 8b 93 09 7b 81 b9 e9 fd a8 6a 84 49 2d 29 2b 2f 05 5a 20 08 55 55 b5 2b 20 08 00 00 fe ff bf 2b c8 6a 20 08 60 60 70 78 6a
00:aa 19 48 53 01 38 00 00 8b c8 72 08 ab ff 5f 0f dd c8 72 e0 e0 78 57 b1 ed 2d bc 01 0d ff 5f 50 e5 ab b3 58 78 aa aa 70 e5 ae cc 0f 03 81 8d ae cc 2d a4 29 3d d5 55 2c ac 0d 9c 00 00 ff d5 2d
00:aa 19 80 53 01 38 00 00 a4 e8 72 0b 09 2d a5 ec 9b c8 72 7f 7a 62 f2 6a 83 87 6a 23 2f 2d 2d 67 62 05 5a 0d 00 80 50 c8 72 05 5a 7f e0 80 00 e8 72 c2 30 d5 2b 00 00 c8 72 20 08 55 f5 2b 00 e5
00:aa 19 b8 53 01 38 00 00 51 20 08 55 55 d5 0b 84 49 00 00 70 58 5c 56 09 7b 26 5a e0 78 78 5e 8b 93 c8 72 57 d7 e8 e8 6d b4 cb 9b 40 60 ea 75 ce d4 8b ab a0 a2 f5 57 0f d5 ab 93 0d d5 df ae 2d
00:aa 19 f0 53 01 38 00 00 a4 6a 8b 78 82 0f 2d ec 9b 09 7b 00 aa bd f5 4a 83 c8 72 2e 3f 76 5c cb 93 6a 8b 43 43 c2 83 4a 83 06 5a 2f 2d 3d b5 09 7b 06 5a 7e 7a 78 f0 ab 93 09 7b 5f 7a 68 e0 eb
00:aa 19 28 54 01 38 00 00 9b 4a 83 55 fa 8a 80 cb 93 29 83 dd ae 0a 00 cb 9b a8 6a f5 ab aa a0 29 83 41 10 d5 2d 02 00 66 62 20 08 55 55 d5 35 41 10 00 00 fe ff ff ff e5 51 20 08 80 e0 78 5a c8
00:aa 19 60 54 01 38 00 00 6a c4 51 80 fe 78 68 6d bc 29 83 5f 78 78 5f ce d4 cb 9b e2 0a af 57 6d b4 2d a4 04 8f 03 0d 2d a4 4a 83 3d b5 35 b5 4a 83 c8 72 3d bd f5 55 4a 83 c8 72 5c d7 d7 d5 6a
00:aa 19 98 54 01 38 00 00 8b c8 6a 00 aa dd 55 a7 6a 05 5a 26 2a aa a8 29 83 67 62 68 68 e8 aa ab 93 e8 7a 80 a2 ff 55 ab 93 09 7b 02 ab df fa 6a 8b 09 7b 00 ff 55 02 8b 93 09 7b 80 aa 5f fd ab
00:aa 19 d0 54 01 38 00 00 93 29 7b 0b ab fd 55 c8 72 20 08 0d 02 00 00 06 5a 20 08 55 55 95 25 e2 30 00 00 54 55 55 55 46 62 20 08 80 e0 68 78 c8 6a 46 62 03 0d 8d 42 6d b4 87 62 78 70 60 c0 6d
00:aa 19 08 55 01 38 00 00 b4 cb 93 09 0d 0d 29 8b 93 c8 72 2d 2d 2d 25 c8 72 e5 51 00 22 ab 95 c8 6a c4 51 0a aa fe 7e e8 7a 26 5a ef f7 fe f8 ab 93 67 62 57 ff ea a0 6a 8b c8 72 5f fe 02 00 ab
00:aa 19 40 55 01 38 00 00 93 e8 7a 55 d7 a8 80 eb a3 6a 8b 5e 78 88 00 0b ac ab 93 d5 25 20 00 0b ac 6a 8b d5 f5 0b 00 8b 93 e8 7a 55 95 af 0b 09 7b e8 7a 59 52 20 00 09 7b 61 18 2d 02 00 00 c8
00:aa 19 78 55 01 38 00 00 72 20 08 55 d5 25 09 43 41 00 00 58 5c 56 57 87 6a 43 41 a0 ea fd 55 ec 9b 64 41 80 ea 7a 5f ec 9b 87 6a 00 aa fd 55 e9 72 43 41 0b 2f bd d5 c5 51 43 41 2e ff 5f 5c a8
00:aa 19 b0 55 01 38 00 00 6a c4 51 7e 7e e8 e0 eb 9b c8 72 5f 7a f8 e0 0b ac ab 93 5f 70 e0 00 0b ac cb 93 d5 00 00 00 0b ac cb 93 78 00 00 00 0b ac eb a3 00 00 00 0c 0b ac eb 9b 00 03 00 00 0c
00:aa 19 e8 55 01 38 00 00 ac 0b ac ff ff ff 8f 0b ac cb 93 a5 0f 00 00 0b ac 4a 83 f5 bf 0a 02 cb 9b 4a 83 5f fe ae 00 cb 9b 09 7b f5 bd aa 02 09 7b 20 08 55 95 25 09 e2 38 20 08 c0 5f 55 55 23
00:aa 19 20 56 01 38 00 00 41 20 08 80 a8 57 55 e5 59 c2 30 02 ef 55 55 43 41 e2 38 15 55 55 55 87 62 23 41 5e 78 70 e0 ab 93 87 6a 5e 7c 78 e0 0b ac ab 93 78 40 c0 00 6d bc 0b ac 55 55 5c 00 8d
00:aa 19 58 56 01 38 00 00 c4 0c ac 55 55 bf 00 8d c4 0c ac 55 5f a8 00 8d c4 0c ac 55 d5 09 00 8d c4 eb 9b f7 ff ff 03 8d c4 2c ac 57 68 80 00 8d bc 0c ac 55 2a 02 00 6d b4 0b ac 55 95 01 00 6d
00:aa 19 90 56 01 38 00 00 b4 0b ac 55 55 55 31 0b ac eb 9b 55 0a 00 00 ab 93 23 39 09 02 02 00 a8 6a 20 08 55 d5 95 35 20 08 00 00 cf cf cf bf 00 00 00 00 00 00 00 00 c2 30 20 08 70 58 54 56 05
00:aa 19 c8 56 01 38 00 00 5a e2 38 57 57 56 58 e8 72 06 5a 5c 78 58 70 eb a3 09 7b 78 78 e8 e0 8d c4 2c ac 5f 78 70 40 ae cc 8d bc 7f ff ff e0 ce d4 8d c4 55 54 40 00 50 e5 8d c4 5f fe e0 80 b1
00:aa 19 00 57 01 38 00 00 ed ae cc 55 55 aa 2a ef dc 8d c4 55 fb aa 0a ce d4 8d c4 55 55 95 25 8d c4 00 00 00 00 00 00 8d c4 6d b4 0d 01 01 00 6d bc 6d b4 55 55 55 25 0b ac 00 00 00 00 00 00 eb
00:aa 19 38 57 01 38 00 00 9b 6a 8b 05 0d 0f 0b 09 7b 20 08 25 2d 0d 09 00 00 00 00 00 00 00 00 00 00 00 00 00 00 00 00 00 00 00 00 00 00 00 00 43 41 20 08 57 57 56 5c 67 62 43 41 5e 7c 78 68 4a
00:aa 19 70 57 01 38 00 00 83 67 62 5a 7a 78 f8 4d b4 6a 8b 7e 7c 78 78 ce d4 6d bc 7f 7f 7c 78 ce d4 8d c4 60 80 00 00 50 e5 ce d4 57 54 58 94 d2 ed 70 e5 60 40 c0 40 d2 ed 70 e5 09 02 00 00 b1
00:aa 19 a8 57 01 38 00 00 ed ce d4 a5 a9 25 a5 ae cc 8d bc 2f 2d 37 cf 8d bc 0c ac 02 a8 32 77 ae cc 2c ac aa aa 60 68 ce d4 6d b4 f5 ff bf 3f 6d b4 0b ac d5 35 0d 01 0b ac 8b 8b bd 2d 0f 03 4a
00:aa 19 e0 57 01 38 00 00 83 e5 59 2d 29 09 0b e5 51 00 08 55 d5 95 35 00 00 00 00 00 00 00 00 00 00 00 00 00 00 00 00 a2 28 00 00 55 55 57 5c e2 38 20 08 60 c0 00 00 67 62 e2 38 e2 60 78 60 4a
00:aa 19 18 58 01 38 00 00 83 87 6a 78 e0 e8 e0 6d b4 8b 93 78 78 78 78 ce d4 6d bc 78 78 f8 f0 0f dd ce d4 54 5f 55 55 54 f6 70 e5 6a 5a 78 68 74 f6 d2 ed 5a c0 15 55 d2 ed ce d4 09 0b 09 0b ae
00:aa 19 50 58 01 38 00 00 cc 6d b4 2d 0d 0d 2a 6d b4 0c ac 54 24 d5 15 70 e5 2c ac 7e 7c 78 78 70 e5 ae cc f5 3f 02 00 ce d4 6d b4 f5 bd 3f 2f 4d b4 eb a3 bd bd 0f 0f 8b 93 c8 72 0d 09 0b 02 46
00:aa 19 88 58 01 38 00 00 62 20 08 25 25 09 0b 20 08 00 00 ff ff bf bf 00 00 00 00 00 00 00 00 43 41 20 08 5e 5c 58 58 43 49 23 39 7d aa 00 00 66 62 64 49 70 f0 fa fa 8b 93 a7 6a 7a 78 7c 7c 8d
00:aa 19 c0 58 01 38 00 00 bc ab 93 78 78 78 78 ce d4 8d c4 50 50 58 58 ce d4 ae cc 00 00 20 10 70 e5 ce d4 cf 35 95 55 d2 ed ce d4 a0 a8 6a 5a d2 ed 91 e5 00 00 00 40 d2 ed 70 e5 25 05 01 21 70
00:aa 19 f8 58 01 38 00 00 e5 ce d4 55 15 15 15 8e bc 0c ac 95 35 15 95 70 e5 4d b4 58 58 58 5c d2 ed 0f dd 0b 0b 0b 09 ce d4 6d bc 3f 3f 3f 17 6d b4 0c ac 05 09 01 03 0b ac 6a 8b 2d 2d 2d 2d 09
00:aa 19 30 59 01 38 00 00 7b a4 49 25 2d 2d 2f 43 41 00 00 55 d5 35 25 00 00 00 00 00 00 00 00 00 00 00 00 00 00 00 00 43 41 00 00 60 60 60 e0 c4 51 64 49 57 56 aa aa 05 5a c4 51 50 54 54 54 4a
00:aa 19 68 59 01 38 00 00 83 05 5a e8 78 78 78 2c ac 4a 83 e0 60 e0 e0 8e c4 6d b4 a8 ea 7a 5a ae cc 8d bc 00 cf ff 7f ce d4 8d c4 00 40 55 55 ef dc 8d c4 a8 aa 5e 57 91 ed ce d4 e0 68 5a 5a d2
00:aa 19 a0 59 01 38 00 00 ed 70 e5 85 01 f5 55 70 e5 8d c4 3d 3d 3f 3d 6d b4 0b ac 15 15 01 05 0f dd 0b ac 58 5e 5e 5f 70 e5 8e c4 02 89 55 55 8d c4 6d b4 07 0c 04 95 6d b4 0c a4 03 01 01 0d 0c
00:aa 19 d8 59 01 38 00 00 9c 6a 8b 09 09 29 29 29 7b 06 5a 25 2d 2d 2d c4 51 41 08 25 09 01 03 00 00 00 00 00 00 00 00 00 00 00 00 00 00 00 00 c4 51 20 10 60 6a e8 e0 c4 51 00 00 00 00 00 00 c4
00:aa 19 10 5a 01 38 00 00 51 c4 51 00 00 00 00 c8 72 c5 51 60 78 78 78 4d b4 4a 83 f8 7a 7a 7e 6d b4 0c ac 00 7f 55 55 6d b4 0b ac 00 f5 d5 55 6d b4 0b ac 00 d8 58 58 8d c4 8d bc aa aa aa ea 50
00:aa 19 48 5a 01 38 00 00 e5 8d c4 7c 7c 5f 5f 70 e5 ce d4 40 61 d5 55 ce d4 8d c4 05 2a 00 30 8e c4 cb 9b 2f 2d 2d 2d 6d b4 8a 8b a8 ff fe 55 6d bc cb 93 a0 7a 77 57 6d b4 eb a3 0c bf f5 d5 0c
00:aa 19 80 5a 01 38 00 00 ac eb 9b 09 a9 a5 55 cb 9b 6a 8b 09 0d 0d 0d 4a 83 67 62 25 2d 2d 2f 67 62 c4 51 f5 fd 3d 3d 63 41 20 08 d5 95 15 25 00 00 00 00 00 00 00 00 00 00 00 00 00 00 00 00 a4
00:aa 19 b8 5a 01 38 00 00 49 a2 28 60 60 60 60 05 5a c4 51 55 55 60 60 05 5a c4 51 59 59 29 09 c8 72 c4 51 78 78 78 f8 ab 93 09 7b 60 62 6b 7f ab 93 09 7b 00 aa ef d7 0b ac ab 93 70 50 5c 5c 0c
00:aa 19 f0 5a 01 38 00 00 ac 0b ac fc fc fc f8 ae c4 6d b4 ea 7a 6a e8 ce d4 8e c4 50 50 40 00 ce d4 8d c4 00 00 03 09 ae cc 6d b4 2a aa aa a9 4d b4 6a 8b 0b 0b 2b 29 4a 83 09 7b 20 9a 95 55 cb
00:aa 19 28 5b 01 38 00 00 93 4a 83 bc de fd 57 cb 93 6a 8b 20 70 e0 a0 cb 9b 00 00 00 00 00 00 cb 93 6a 8b 29 2d 29 29 4a 83 c8 72 3d 2d 0d 09 87 6a 05 5a b5 b5 a5 29 e5 59 00 00 2d 2d 09 0b 20
00:aa 19 60 5b 01 38 00 00 08 00 00 ff ff ff f8 20 08 00 00 ff ff fe fc 84 49 a2 28 60 60 60 60 05 5a 84 49 f0 fc 7f 7f 05 5a c4 51 01 01 00 20 09 7b 05 5a 7a 78 78 e8 4a 83 09 7b 43 49 65 55 4a
00:aa 19 98 5b 01 38 00 00 83 e8 7a bc dc dc 5c 0b ac ab 93 5c 5c 7c 70 6d b4 0b ac 50 58 50 c0 d2 ed 8d c4 57 5e 78 a0 d2 ed ce d4 55 ad 2d 2d ae cc 6d bc 0f 3f bf bd 8d bc 0c ac 02 0a 29 d5 0c
00:aa 19 d0 5b 01 38 00 00 ac 4a 83 0b 09 09 2d 09 7b c8 72 38 dc d7 5b 8a 93 4a 83 56 56 56 5a cb 9b ab 93 5a 6a 6a 6a 2d a4 ec 9b 55 7e aa ea cb 9b ab 93 a5 a5 a9 a5 6a 8b e8 72 2d 2d 0f 0b c8
00:aa 19 08 5c 01 38 00 00 6a 46 62 3d 3d 2f 0f 05 5a e2 28 09 0b 02 02 c2 30 00 00 55 55 dd 1d 41 18 00 00 57 d7 57 54 43 49 a2 28 78 78 5e 7f c4 51 43 41 e0 f8 7c 5a 46 62 c4 51 5a 7a 78 5c 09
00:aa 19 40 5c 01 38 00 00 7b 87 6a 78 78 7a 60 4a 83 e8 7a dd 55 d5 15 ab 93 c8 72 5e 5e 78 f8 6d bc cb 93 7a 78 60 60 54 f6 ae cc 55 56 58 70 95 f6 91 e5 78 00 02 03 74 f6 8d c4 2d b5 d5 d5 8d
00:aa 19 78 5c 01 38 00 00 bc 0b ac 0b 25 95 55 6d bc 0b ac 55 55 55 71 eb a3 c8 72 0b 0b 09 2d c8 72 67 62 a0 a8 b8 5a 4a 83 c8 72 e0 e0 78 5e cb 9b 4a 83 80 a0 e8 78 2d a4 ec 9b aa ab ea 75 cb
00:aa 19 b0 5c 01 38 00 00 9b ab 93 a9 a9 a9 a9 8b 93 09 7b ad 0d 2d 0d e8 7a 67 62 25 25 29 09 67 62 e5 51 3d 3d 2d 0f c4 51 20 08 95 35 35 25 c2 30 00 00 56 5e 58 70 e2 38 81 28 40 00 00 00 84
00:aa 19 e8 5c 01 38 00 00 49 e2 38 e8 fa 6a 56 67 62 43 49 f8 f8 f8 68 09 7b a7 6a 70 f2 f0 e0 09 7b e8 7a d5 95 35 29 ab 93 09 7b 78 78 78 78 ae cc cb 9b 68 e8 e8 f8 95 f6 0f dd 60 e0 c0 c2 95
00:aa 19 20 5d 01 38 00 00 f6 8d c4 02 0d 35 95 8d bc 0b ac 01 3d d5 55 0b ac 00 00 00 00 00 00 6d b4 0b ac 40 35 05 05 ab 93 67 62 0d 2d 2d 25 c8 6a c4 51 a8 e8 fc 7e 09 7b c8 6a 50 55 55 55 ab
00:aa 19 58 5d 01 38 00 00 93 c8 6a a0 fa 7e 7e 0c 9c 6a 8b aa e8 78 5a 0d 9c cb 9b ff f3 03 00 cb 93 4a 83 a5 25 25 25 e8 7a a8 6a 0d 0f 0f 0b c8 6a 46 62 fd bd 3d 0d c4 51 20 08 05 0d 0d 09 e2
00:aa 19 90 5d 01 38 00 00 38 20 08 70 60 c0 c0 43 41 e2 38 43 00 00 00 43 41 e2 38 54 d7 17 14 c8 6a 43 49 78 68 e8 e0 4a 83 c8 72 7e 7e 58 d8 4a 83 09 7b 55 55 a5 0b ec 9b 09 7b 7e 7e 78 78 50
00:aa 19 c8 5d 01 38 00 00 e5 0c ac 5c 5c 58 78 d2 ed ce d4 83 89 29 09 8e c4 0b ac 2d 15 35 29 0b ac 00 00 00 00 00 00 6d bc 0b ac 55 54 57 55 4d b4 6a 8b 2a 29 2d ad 29 83 c5 51 2d 25 25 bf 26
00:aa 19 00 5e 01 38 00 00 5a 84 49 fe d7 d7 00 46 62 c5 51 c0 5c 5f aa 29 7b 67 62 78 5f 5f 5f ec 9b 09 7b f8 78 7e 7f 2d a4 ab 93 00 f0 7f 57 cb 93 4a 83 2d 09 0b 2a 4a 83 e8 72 f5 3d 2d 2d c8
00:aa 19 38 5e 01 38 00 00 6a 46 62 0d 3d 3d 0d c5 51 41 10 09 09 09 01 41 10 00 00 ff ff ff fe e2 38 81 20 40 c0 80 80 43 41 e2 38 00 8a 55 55 43 41 e2 38 16 90 58 56 c8 6a c4 51 60 60 60 6a 6a
00:aa 19 70 5e 01 38 00 00 8b c8 72 f8 78 78 5f 8b 93 4a 83 95 25 0d 7d 2d a4 6a 8b 5c 5c 5c 57 b2 ed 4d b4 5c 78 78 5e 13 f6 ee d4 ab 0b ab e5 8e c4 ab 9b 2b 2b 2f f5 0b ac 8a 93 00 00 03 55 0b
00:aa 19 a8 5e 01 38 00 00 ac 6a 83 00 02 aa 55 eb 9b c8 72 0b 2b af d5 09 7b a8 6a d5 f0 c0 7c 8b 93 e8 72 57 ea a0 fe ab 93 e9 7a 55 aa 00 a0 ab 93 c8 6a 5f aa 00 00 ab 93 09 7b f7 9f 00 02 8b
00:aa 19 e0 5e 01 38 00 00 93 4a 83 50 50 51 f5 8b 93 29 7b 02 a2 ff df 4a 83 c8 72 2f 2f 2d 95 c8 6a 05 5a 2b 2b 2b b5 05 5a a2 28 09 09 0b 2b 00 00 00 00 00 00 00 00 00 00 00 00 00 00 00 00 00
00:aa 19 18 5f 01 38 00 00 00 00 00 00 00 00 00 00 0c 00 00 00 00 00 00 ff e0 00 00 00 00 00 0f ff 00 00 00 00 00 00 7f f0 00 00 00 00 00 0f ff 80 00 00 00 00 00 ff b8 00 00 00 00 00 1f fb 80 00
00:aa 19 50 5f 01 38 00 00 00 00 00 00 fc f8 00 00 00 00 00 1f ff 80 00 00 00 00 00 ff f8 00 00 00 00 00 0f ff 80 00 00 00 00 00 ff f8 00 00 00 00 00 0f ff e0 00 00 00 00 00 7f ff 80 00 00 00 00
00:aa 19 88 5f 01 38 00 00 07 ff fe 00 00 00 00 00 7f ff f8 00 00 00 00 03 ff ff c0 00 00 00 00 1f ff fe 00 00 00 00 00 ff ef f0 00 00 00 00 07 ff ff 00 00 00 00 00 3f ff f0 00 00 00 00 07 ff ff
00:aa 19 c0 5f 01 38 00 00 80 00 00 00 00 7f ff f8 00 00 00 00 07 fb ff 80 00 00 00 00 7f ff fc 00 00 00 00 07 ff ff c0 00 00 00 00 7f ff fe 00 00 00 00 0f ff fe a0 00 00 00 00 ff ff ea 00 00 00
00:aa 19 f8 5f 01 38 00 00 00 0f ff ff 00 00 00 00 01 3f ff e0 00 00 20 08 00 00 ff ff ff 30 20 08 00 00 ff ff ff 02 00 00 00 00 00 00 00 00 20 08 00 00 ff f0 2f ff 20 08 00 00 ff 00 ff ff 20 08
00:aa 19 30 60 01 38 00 00 00 00 ff ff 00 ff 20 08 00 00 ff ff 20 ff 20 08 00 00 ff c3 ff ff 20 08 00 00 a0 bf ff ff 00 00 00 00 00 00 00 00 00 00 00 00 00 00 00 00 21 10 00 00 fe ff ff a8 41 10
00:aa 19 68 60 01 38 00 00 00 00 ff ff ef 27 20 08 00 00 fe fe fc fe 20 08 00 00 ff ff ff 3f 00 00 00 00 00 00 00 00 00 00 00 00 00 00 00 00 03 49 00 00 55 55 55 78 06 7a 20 08 55 55 5f 80 27 92
00:aa 19 a0 60 01 38 00 00 20 08 55 55 ea 00 27 92 20 08 55 fa 00 00 27 92 a2 28 55 a8 00 00 27 92 44 49 56 a8 28 0a 0c a4 41 10 95 bd ab a0 a2 28 00 00 55 55 d7 15 43 41 20 08 55 55 55 54 c6 79
00:aa 19 d8 60 01 38 00 00 20 08 55 55 7a 80 06 8a 20 08 55 fa 00 00 07 aa 06 62 5e e8 a0 00 a9 ca c9 aa 55 5d 03 00 a9 ca 07 a2 55 55 55 00 a9 ca 27 aa 55 5b 52 01 ea aa 27 aa 45 43 ba 98 8e c4
00:aa 19 10 61 01 38 00 00 07 aa 5d 60 ff ff 2c ac a8 72 e1 83 82 88 ab 93 00 00 b5 a5 8d 09 20 08 00 00 fc fb eb ef 24 61 20 08 54 56 55 55 07 8a 84 59 aa e8 60 40 07 a2 07 8a 7c f0 c0 00 e9 e2
00:aa 19 48 61 01 38 00 00 07 aa 5f 5a 68 e8 a9 ca 27 aa 00 80 40 40 a9 ca 00 00 00 00 00 00 c9 da a9 ca 55 55 55 35 a9 ca 27 aa 10 30 00 00 a9 ca ea aa a5 01 00 00 6d c4 07 8a 06 00 80 a0 2c ac
00:aa 19 80 61 01 38 00 00 84 49 29 22 02 02 a5 49 00 00 55 d5 95 15 20 08 00 00 ff ff ff 3f c6 79 20 08 56 5c 70 70 07 a2 06 7a 68 a0 80 00 a9 ca 07 aa 55 5c 70 40 e9 ea a9 ca 54 59 59 55 e9 e2
00:aa 19 b8 61 01 38 00 00 27 aa 42 ea a8 80 e9 ea a9 ca 57 55 dc 00 e9 ea a9 ca 29 f0 16 35 0a eb a9 ca 55 8f 02 40 a9 ca ea aa 15 15 09 02 0c ac 27 92 0c 00 8b b5 88 7a 20 08 15 35 35 25 00 00
00:aa 19 f0 61 01 38 00 00 00 00 00 00 00 00 20 08 00 00 3f ff bf fe e6 81 61 18 60 60 40 c0 a9 ca 07 a2 55 56 54 e4 a9 ca 00 00 00 00 00 00 e9 ea a9 ca 56 58 e0 02 e9 ea 30 dd 00 00 30 10 e9 ea
00:aa 19 28 62 01 38 00 00 e9 e2 a9 aa aa aa e9 ea c9 d2 d5 16 08 0f e9 e2 a9 ca 54 94 95 17 a9 ca 88 c2 02 02 03 01 2d bc 27 92 f5 7d fc f4 c6 81 41 10 25 25 25 25 61 18 00 00 57 56 54 54 07 a2
00:aa 19 60 62 01 38 00 00 a4 51 78 68 e8 e8 88 c2 07 aa 86 c6 56 56 e9 e2 a9 ca 55 5d 50 57 e9 ea a9 ca 00 e0 88 56 e9 ea ef dc 50 00 00 00 c9 da 0c d4 01 d1 01 00 a9 ca a9 ca 00 00 00 00 a9 ca
00:aa 19 98 62 01 38 00 00 07 aa 01 00 00 00 27 aa 27 9a 98 29 09 29 06 8a 41 10 25 25 25 25 00 00 00 00 00 00 00 00 c2 28 00 00 54 54 54 54 27 92 44 61 e8 68 68 68 a9 ca 07 aa 56 54 54 54 a9 ca
00:aa 19 d0 62 01 38 00 00 00 00 00 00 00 00 e9 ea a9 ca 5c 58 58 56 e9 ea a9 ca 20 a0 73 d1 e9 ea a9 ca 00 00 80 6a e9 ea c9 e2 00 00 00 55 e9 ea a9 ca 35 0d 03 00 a9 ca a9 ca 00 00 00 00 a9 ca
00:aa 19 08 63 01 38 00 00 a9 ca 00 00 00 00 a9 ca 27 aa d5 15 35 a5 06 92 41 10 25 25 25 35 81 20 00 00 54 56 56 57 27 92 64 49 e0 e8 6a 7e 6d b4 68 9a 7d 5f 78 e0 2f dd a9 ca 55 e8 a0 a0 70 e5
00:aa 19 40 63 01 38 00 00 0a cb 5a 80 00 22 b1 ed c5 51 aa 00 0b b5 ae d4 67 62 00 2b 57 5e 6d b4 6a 83 aa e8 57 aa ae cc 0c a4 e0 ff 7f 7a a9 ca ab ab 00 80 f0 57 a9 ca c9 aa 00 08 a4 55 ea aa
00:aa 19 78 63 01 38 00 00 07 aa 03 d5 35 35 07 a2 41 10 35 25 25 25 20 08 00 00 fc ff ff ff 84 49 81 20 c0 c2 4b 4a 8b 8b 02 39 80 57 55 ff 0f dd 87 62 a0 78 5e 57 50 e5 ec a3 03 a2 e0 60 8d c4
00:aa 19 b0 63 01 38 00 00 a8 6a d5 bd 2d 2d ab 93 e5 51 f8 ff f5 8b ec 9b 05 5a 00 e8 7e e8 8d bc 2d a4 e0 6a 6b e3 6d b4 6a 8b 0a 2a 2f 2d ab 93 c5 59 0a 0d 2b 2a a9 aa 85 71 0a ea f7 0d 27 92
00:aa 19 e8 63 01 38 00 00 00 00 0d 0d 0d 0d 00 00 00 00 00 00 00 00 c4 51 20 08 40 60 70 50 09 7b 84 49 ff 5d 73 70 09 7b 26 5a ef 6f 63 02 91 e5 c8 72 e0 60 70 70 50 e5 09 7b 25 2f 2b 0a 2c ac
00:aa 19 20 64 01 38 00 00 6a 8b 4b 5f 5e 2a ae cc 0d 9c 7f 7f 5e f8 ce d4 6d b4 5d cf 83 02 8d c4 ab 93 d5 f5 35 2d 8b 93 29 7b 95 b9 af 0a ef d4 6a 8b cd 6a 68 78 6d b4 20 08 05 05 0d 0d 00 00
00:aa 19 58 64 01 38 00 00 00 00 00 00 00 00 05 5a 20 08 58 5c 54 56 09 7b 26 5a 58 fe ea 80 4a 83 e8 7a c9 79 fd 8d 70 e5 6a 8b 70 70 60 60 70 e5 50 e5 aa aa aa a9 d2 ed ae cc b5 09 ab a9 ef dc
00:aa 19 90 64 01 38 00 00 8d c4 de a8 e8 a0 d2 ed ce d4 69 e9 89 89 8d c4 ab 93 0d 0d 2f 2f cb 9b 4a 83 ab 29 2d 0d ae cc 4a 83 78 5f 55 55 6a 8b c5 51 0d 29 0b 0b 05 5a 20 08 55 55 b5 35 20 08
00:aa 19 c8 64 01 38 00 00 00 00 fe ff bf ab c2 30 00 00 54 54 57 57 8b 93 26 5a e8 e0 60 78 6a 8b 09 7b 0d 0d 00 2c 70 e5 0c a4 60 40 60 40 70 e5 2c bc 08 2a 00 05 50 e5 ec b3 0a 82 00 78 50 e5
00:aa 19 00 65 01 38 00 00 8d c4 dc d7 d5 3d 70 e5 0c a4 02 ab f5 f5 0b ac 2d a4 5a ea 6a e9 ec a3 29 7b 2d 2d 2d 35 4a 83 e8 7a 30 6c 7a a4 4a 83 67 62 09 09 09 0d 06 5a 81 20 25 09 02 00 a4 51
00:aa 19 38 65 01 38 00 00 20 08 55 55 95 02 a2 28 20 08 55 55 55 35 20 08 00 00 3f cb ac ff 20 08 00 00 fc fe ff ff c8 72 81 20 c0 c0 60 78 4a 8b c8 72 ac f7 f5 7f b1 ed 87 6a 80 ea 5f 57 2f dd
00:aa 19 70 65 01 38 00 00 6d b4 15 fb 57 55 ef dc 8d c4 58 aa 7a 58 70 e5 cb 9b 2b 2b 2d 35 4d ac ab 93 0b aa 6b 6b 2d a4 cb 93 a0 e0 fa fd 0c 9c 09 7b 25 35 95 d5 ab 93 4a 83 55 55 a9 89 4a 83
00:aa 19 a8 65 01 38 00 00 05 5a 2f 2d bd bd 67 62 05 5a 57 50 60 c0 09 7b 67 62 55 57 7a a0 4a 83 a4 49 d5 ab aa 00 09 7b 41 18 55 ad 02 00 e8 7a 20 08 55 55 bd 02 e2 30 20 08 55 55 55 15 00 00
00:aa 19 e0 65 01 38 00 00 00 00 00 00 00 00 05 5a 20 08 70 58 5c 56 09 7b 06 5a c0 e0 68 7e cc 9b c8 72 5c e8 aa 55 6d b4 8b 93 00 a0 55 57 8e c4 8b ab 02 f7 57 c2 6d b4 ab 93 57 78 82 02 0c 9c
00:aa 19 18 66 01 38 00 00 4a 83 0a 2f 35 b5 ab 93 c8 72 02 b7 d5 d5 6a 8b c8 6a bc f8 d8 5a cb 93 09 7b 09 09 a9 fd a7 6a 06 5a 2d 2d 15 9a e8 7a 67 62 56 78 70 70 6a 8b 09 7b 78 c2 df 55 6a 8b
00:aa 19 50 66 01 38 00 00 c8 72 00 aa fd 55 6a 8b c8 72 02 af 5f 5f 4a 83 c8 72 0a af ff f5 c8 72 61 20 25 0b 02 00 06 5a 20 08 55 55 d5 25 20 08 00 00 fe bf af ef a2 20 00 00 54 55 55 55 e5 51
00:aa 19 88 66 01 38 00 00 20 08 80 c0 60 7a 09 7b 05 5a 5e 58 7c 7a ae c4 e8 7a e8 e8 ff 55 6d b4 29 7b 00 20 a8 78 4d ac ab 93 02 03 09 0d ab 93 e8 7a 2d 2d b5 95 c8 72 c8 6a b7 3f ff ff e8 72
00:aa 19 c0 66 01 38 00 00 67 62 80 aa bd 55 09 7b 67 62 0a a9 f5 d5 c8 72 46 62 df 5f 7f fc e8 7a a8 6a 7b 7d e8 00 09 7b 87 6a fd f7 aa 80 cb 9b c8 72 57 7a ea a2 8b 93 09 7b 5d 0a 80 00 ab 93
00:aa 19 f8 66 01 38 00 00 e8 7a 55 9d ab 0a 6a 8b 67 62 57 d5 aa 0a 29 7b 43 41 b5 ab aa 0a 67 62 20 08 55 d5 0d 00 03 31 00 00 55 55 55 35 02 39 00 00 5c 55 55 55 26 62 61 20 80 e0 68 78 09 7b
00:aa 19 30 67 01 38 00 00 26 5a 15 95 bc fc 4d ac c8 72 60 c0 80 8a 2d a4 6a 8b 0f 0f 0f ad 4a 83 e5 51 2a 2b 2f b5 67 62 43 49 00 0a af f5 67 62 c4 51 38 f8 78 78 09 7b 26 5a df de fe f8 6a 8b
00:aa 19 68 67 01 38 00 00 a8 6a 5f e8 a0 80 eb a3 4a 83 55 ff ff 02 eb a3 6a 8b 57 5c e0 00 0b ac ab 93 61 02 00 00 eb a3 ab 93 55 e5 15 95 cb 9b ab 93 59 54 55 6e eb a3 6a 8b d5 bd 0a 80 cb 9b
00:aa 19 a0 67 01 38 00 00 e8 72 f5 ab aa 02 6a 8b c8 72 55 ff bf 2a 09 7b 41 08 b5 09 02 00 46 5a 20 08 55 55 55 35 43 41 00 00 70 58 5c 57 66 62 e2 38 a0 aa fd f5 8a 8b 64 41 80 ea 7a 5f 8a 8b
00:aa 19 d8 67 01 38 00 00 e5 51 02 ab bd 55 87 6a e2 38 2f bd d5 55 c4 51 23 39 fe 7f 5c 58 c8 6a c4 51 7a 7a e8 a0 6a 8b c8 6a 5e 7c e8 e0 0b ac ab 93 56 78 c0 80 0c ac 0b ac ff ff ff fa 8d c4
00:aa 19 10 68 01 38 00 00 0c ac 55 55 89 70 0b ac eb 9b 95 0a 00 00 0b ac eb 9b 55 a2 00 00 0b ac eb 9b 5c 28 00 00 2c ac ab 93 3d 2f 2f 2f cb 93 6a 8b 95 ad ab a2 8b 93 4a 83 e9 85 ad 23 29 83
00:aa 19 48 68 01 38 00 00 20 08 25 0d 0b 02 20 08 00 00 bf 8f e3 bc a2 28 00 00 c0 55 55 55 23 41 20 08 a0 7e 57 55 23 41 41 18 0a ab ee 6a e2 38 00 00 00 00 00 00 46 62 e2 38 7a 78 78 e0 09 7b
00:aa 19 80 68 01 38 00 00 87 6a 7e 7e 78 e0 0b a4 4a 83 5e 7c 78 78 8d bc 0c ac 55 55 5e 70 8d c4 4d b4 56 40 00 00 ce d4 8e c4 5d 5e 50 80 ef dc 8d c4 55 fb aa 0a ae cc 0b ac f5 aa 2a 0a 8d c4
00:aa 19 b8 68 01 38 00 00 0b ac 55 2d 00 00 6d bc 0b ac 55 55 55 15 0c ac cb 9b 25 25 25 25 0b ac cb 93 75 e0 e0 e0 eb 9b 6a 8b b5 0d 0f 0b 4a 83 87 6a 81 03 02 02 05 5a 20 08 d5 95 35 25 20 08
00:aa 19 f0 68 01 38 00 00 00 00 fc fc f3 cb e2 38 20 08 60 78 58 5c c5 51 e2 38 55 55 56 5c a8 6a a4 51 7a 7e fa f8 4a 83 c8 72 7c 7c 7c 78 0b a4 6a 8b 78 78 78 78 8e c4 2c ac 70 70 70 70 ce d4
00:aa 19 28 69 01 38 00 00 8d c4 50 70 c0 00 50 e5 ce d4 57 54 5c 58 d2 ed 70 e5 55 75 a1 71 70 e5 ce d4 95 15 09 00 ce d4 6d bc fd 0f 0b 03 8d bc 0c ac 15 15 a5 0d 0b ac eb 9b 05 05 01 01 2c ac
00:aa 19 60 69 01 38 00 00 cb 9b 6a 6a 62 a2 0b ac cb 93 bd 2d 2e 02 cb 9b 4a 83 bd 2d 2b 02 09 7b 61 18 25 2d 09 0b 20 08 00 00 ff fe fc f3 81 20 00 00 d5 d5 57 5c e2 38 20 08 58 70 a0 00 05 5a
00:aa 19 98 69 01 38 00 00 23 39 58 7a aa 2a a8 6a c4 51 f8 f8 78 78 6a 8b c8 72 6a f8 f8 78 0b ac ab 93 5c 5c 5c 5c ae cc 2c ac 68 68 e8 78 ce d4 00 00 00 00 00 00 70 e5 ce d4 68 c0 c0 70 d2 ed
00:aa 19 d0 69 01 38 00 00 70 e5 00 00 0c 66 b2 ed 70 e5 55 15 15 95 70 e5 ce d4 95 15 15 15 ae cc 2c ac ad a9 ab 22 4d b4 0b ac 55 55 15 0d 70 e5 0b ac 7f 7f 7a 78 ce d4 6d b4 55 f5 3d 3d 0b ac
00:aa 19 08 6a 01 38 00 00 ab 93 2d 0d 0b 03 6a 8b c5 51 09 0b 0a 02 e5 51 00 00 d5 95 15 35 20 08 00 00 f3 cb ce c8 e2 38 00 00 58 70 80 00 43 41 c2 30 f5 f7 fc f8 c4 51 43 41 40 40 80 00 67 62
00:aa 19 40 6a 01 38 00 00 c4 51 70 78 70 78 4a 83 87 6a e0 f0 f8 78 0b ac ab 93 5c 5c 5e 5e ae c4 2c ac 78 78 78 78 50 e5 ce d4 55 55 55 53 50 e5 ce d4 54 55 55 55 b1 ed ce d4 8a ea 55 55 50 e5
00:aa 19 78 6a 01 38 00 00 8d c4 00 3f bf 55 ce d4 6d b4 03 00 ea 7f ae cc 8d bc f3 33 1b 5f 8d bc 0c ac 25 09 09 09 70 e5 0b ac 78 78 7c 7c 0f dd 4d ac 2f 2f 2d b5 0b ac eb 9b 21 31 11 1d ab 93
00:aa 19 b0 6a 01 38 00 00 09 7b 0d 0b 0b 0b a8 6a 20 08 35 25 25 05 e2 38 20 08 56 5c 58 70 43 41 e2 38 55 44 80 00 e5 59 23 39 5e fa e8 e8 c5 51 c4 51 ff ff bf 3f 06 5a c4 51 70 5a 55 55 09 7b
00:aa 19 e8 6a 01 38 00 00 06 5a e0 e8 78 7e cb 9b 09 7b e0 e8 78 78 ae c4 2c ac 78 78 5a 5e ce d4 8e c4 00 01 15 95 ae cc 4d b4 2a aa a9 d5 8d c4 0c ac 00 0b 75 77 4d b4 0b ac 30 15 01 0c 8d c4
00:aa 19 20 6b 01 38 00 00 6d bc 6a aa f6 f5 8d c4 2c ac 09 0d 01 21 ae cc eb 9b f8 fe d7 d5 ae c4 ec 9b 2b ab eb 55 0d a4 cb 93 3f 3f 3f b7 ab 93 29 83 29 29 29 2d 87 6a 20 08 0d 0d 09 0b 43 41
00:aa 19 58 6b 01 38 00 00 20 10 68 60 e0 c0 43 49 43 41 d0 00 00 00 c4 51 84 49 70 60 6a aa e5 59 c4 51 55 8d c1 42 c4 51 a4 49 aa aa af a5 67 62 43 49 e0 f8 fe 5f 4a 83 06 5a a0 e8 f8 7a 6d b4
00:aa 19 90 6b 01 38 00 00 6a 8b e0 f0 78 5e 8d c4 0c ac 00 00 29 55 6d bc 0b ac 01 3d 55 55 0b ac 00 00 00 00 00 00 8d bc 0b ac 64 55 55 55 6d b4 0b ac 44 64 66 64 8d c4 6d b4 5d 41 41 82 6d b4
00:aa 19 c8 6b 01 38 00 00 0c ac d0 3e 03 d5 0c ac 4a 83 2f 0f 0d 2d cb 9b 4a 83 00 aa 5f 57 cb 93 6a 8b 00 09 89 49 6a 8b 09 7b 0b 0b 0b 09 e8 7a 64 41 2d 2f 2f 2f 84 49 20 08 d5 d5 95 35 43 41
00:aa 19 00 6c 01 38 00 00 a2 28 40 40 40 40 84 49 43 49 fe fc fc bf 05 5a c5 51 5a 5a 38 09 06 5a c4 51 6a aa ea 82 e5 51 43 49 ad a9 29 2b 84 49 43 39 b8 ff bd bf e8 72 43 41 e8 78 78 78 eb a3
00:aa 19 38 6c 01 38 00 00 4a 83 78 7a 7f 5f eb a3 6a 8b 00 bf d5 55 eb 9b 6a 8b 00 df 5f 5f 0b ac cb 93 00 c0 e0 60 8d c4 0c ac 55 54 5c 73 8d c4 4d b4 d4 58 50 50 8d c4 4d b4 01 01 01 01 0c ac
00:aa 19 70 6c 01 38 00 00 0b ac bf ff ff ff 0b ac 4a 83 2d 29 2d 2d 4a 83 29 7b 00 00 00 d8 ab 93 6a 8b c9 69 69 69 6a 8b 09 7b 29 89 ab ab e8 7a 05 5a 25 25 25 2d e5 51 20 08 25 25 0d 09 c4 51
00:aa 19 a8 6c 01 38 00 00 a2 28 68 6a 7a 7a a4 49 43 49 bf 03 83 82 05 5a 64 49 00 03 00 60 66 62 06 5a 45 45 65 55 05 5a c4 51 05 0d 03 00 c4 51 43 41 d5 bd 3f 0f e8 72 64 49 58 78 78 78 6a 8b
00:aa 19 e0 6c 01 38 00 00 29 7b 60 60 6a 6a 6a 8b 09 7b 02 aa b5 d5 ab 93 4a 83 7a 58 58 78 6d bc cb 9b 7f 7f 7c fc ae c4 0c ac 6b 6b bc d0 70 e5 2c ac 7f ea aa 02 8d c4 0b ac 01 01 01 09 0b ac
00:aa 19 18 6d 01 38 00 00 00 00 00 00 00 00 0b ac 4a 83 29 29 29 2b 4a 83 09 7b c0 a0 f0 f0 ab 93 6a 8b 4a 42 82 02 6a 8b 09 7b ab 2f 06 09 09 7b 06 5a 2d 2f 2f 2f 05 5a 61 18 09 03 03 02 81 20
00:aa 19 50 6d 01 38 00 00 00 00 55 5d dd 1d 20 08 00 00 fc 3c fc fc 43 41 81 28 60 68 70 70 c4 51 43 41 e2 fa fe da c5 51 43 41 e0 f0 b8 d7 06 5a c4 51 2a aa fa 56 05 5a e5 59 aa aa aa a9 e5 51
00:aa 19 88 6d 01 38 00 00 43 49 ad ad 2d a5 c8 72 a4 49 78 78 78 78 4a 83 09 7b 4b 55 55 55 09 7b e8 7a 25 00 30 98 cb 9b 29 7b 78 68 68 68 6d bc 0b ac 53 55 54 54 95 f6 ae cc 5e 78 60 60 54 f6
00:aa 19 c0 6d 01 38 00 00 8e c4 0b 0b 0d 25 8d c4 0b ac 0d 05 35 55 0b ac 00 00 00 00 00 00 0b ac 6a 8b 2d 09 0d 0d 6a 8b 09 7b e8 d0 d0 58 cb 9b ab 93 a9 a9 a9 69 4a 83 67 62 b5 b5 bd 2d 64 49
00:aa 19 f8 6d 01 38 00 00 20 08 95 15 35 25 81 20 00 00 57 57 56 5c 43 41 c2 30 70 5c 5f 7f 84 49 23 39 a8 aa 7f ff c4 51 03 39 be 3f bf bd c4 51 43 41 80 e0 f8 5e 05 5a 84 49 c3 ff ff fd c4 51
00:aa 19 30 6e 01 38 00 00 43 41 3d bf bf d7 a8 6a a4 49 78 78 78 78 09 7b c8 72 c0 c0 40 60 09 7b e8 7a 54 20 00 00 cb 9b 4a 83 78 78 7c fe 0f d5 0b ac 5e 5e 5e 5c 74 f6 ef dc 60 c2 c2 ea 70 e5
00:aa 19 68 6e 01 38 00 00 0c ac 0d 2d 2d 2f 0c ac 0b ac ff ff ab 0b 0b ac 00 00 00 00 00 00 0b ac 4a 83 2d 2d 2d 25 29 83 c8 72 f0 f8 5e 57 cb 93 4a 83 e0 68 68 6a 4a 83 c8 72 35 f5 f5 f5 c4 51
00:aa 19 a0 6e 01 38 00 00 20 08 25 0d 0d 09 23 39 00 08 5e 78 78 60 43 41 e2 38 55 05 01 00 23 39 e2 38 d0 56 56 d4 43 49 43 39 3d ff ef ff 43 41 03 39 c0 00 f0 ad 84 49 e2 38 0a a9 b5 55 43 41
00:aa 19 d8 6e 01 38 00 00 81 20 00 aa fe 57 a8 6a 43 49 78 78 78 78 09 7b c8 72 78 7c 58 70 6a 8b 29 7b 7e e8 a8 a8 eb 9b 6a 8b 57 5f 5c 5c 0f d5 0b ac 5c 5e 5e 5e 13 f6 91 e5 6a 6a 6a 68 70 e5
00:aa 19 10 6f 01 38 00 00 6d b4 2d 0d 0d 0d 6d b4 0b ac 35 35 35 35 0b ac cb 9b 00 00 0f 95 ab 93 e8 7a 0d 2d 2d 2d e8 72 67 62 a8 f8 58 fa ab 93 29 7b e0 e0 78 7c cb 93 4a 83 2d 09 0b 2a 20 08
00:aa 19 48 6f 01 38 00 00 00 00 ff ff fe fc e2 38 a2 28 00 00 07 25 43 41 a2 28 c0 fa ff 55 e2 38 a2 28 00 00 00 55 e2 38 41 10 0a 2a aa a5 a2 28 61 20 a8 a8 a8 56 a8 6a 43 41 78 78 78 7e 4a 83
00:aa 19 80 6f 01 38 00 00 87 6a f8 f8 f8 5e 6a 8b 4a 83 00 00 00 fd ab 93 6a 8b a8 a8 a8 55 ae cc cb 93 f8 f8 7a 5f f2 f5 ae cc 80 80 80 7a d2 ed 6d bc 2d 2d 25 b5 4d b4 8a 93 2a 2a ab d5 eb 9b
00:aa 19 b8 6f 01 38 00 00 29 83 02 02 ab d5 8b 93 29 7b 2d aa f0 5e ab 93 4a 83 55 dd 08 0b 8b 93 09 7b 5c f0 f3 ab 00 00 00 00 00 00 00 00 00 00 00 00 00 00 00 00 00 00 00 00 00 00 00 00 00 00
00:aa 19 f0 6f 01 38 00 00 00 00 00 00 00 00 00 60 00 00 00 00 00 00 ff 00 00 00 00 00 00 7f f8 00 00 00 00 00 07 ff c0 00 00 00 00 00 7f fc 00 00 00 00 00 07 ef c0 00 00 00 00 00 fe fc 00 00 00
00:aa 19 28 70 01 38 00 00 00 00 0f ff c0 00 00 00 00 00 ff fc 00 00 00 00 00 07 ff c0 00 00 00 00 00 7f fc 00 00 00 00 00 07 bf c0 00 00 00 00 00 7f ff 00 00 00 00 00 07 ff fe 00 00 00 00 00 3f
00:aa 19 60 70 01 38 00 00 ff f0 00 00 00 00 03 ff ff c0 00 00 00 00 1f ff fe 00 00 00 00 00 ff ff f0 00 00 00 00 07 ff ff 00 00 00 00 00 0f ff f8 00 00 00 00 03 ff ff 80 00 00 00 00 7f ff e8 00
00:aa 19 98 70 01 38 00 00 00 00 00 0d ff ff 80 00 00 00 00 df ff fc 00 00 00 00 0f ff ff c0 00 00 00 00 ff fe fe 00 00 00 00 0f fd ff e0 00 00 00 00 ef fd fe 00 00 00 00 1e 7f ff e0 00 00 00 01
00:aa 19 d0 70 01 38 00 00 f7 ff fe 00 00 20 10 00 00 fe ff ff aa 20 08 00 00 bf 3f cb 07 20 08 00 00 ff ff fc 00 61 18 00 00 55 5f d7 f0 44 41 20 08 55 55 55 80 06 72 20 08 55 55 5f 00 27 92 20
00:aa 19 08 71 01 38 00 00 08 55 55 ea 00 c6 79 00 00 55 ff 00 00 47 7a 20 08 55 fe 28 00 06 62 20 08 55 95 25 09 41 10 00 00 ff ef ef b3 44 51 20 08 55 57 54 54 c6 79 20 08 5f a0 00 00 27 92 a2
00:aa 19 40 71 01 38 00 00 30 55 aa 80 00 a9 ca 43 49 5f ea a8 a8 a9 ca 27 92 55 ff ab 00 a9 ca 07 a2 55 55 72 03 ea aa 07 a2 55 55 5d 54 ea aa 07 a2 56 57 25 15 6d bc e6 81 d5 55 e2 ea 0c ac e5
00:aa 19 78 71 01 38 00 00 59 f1 e3 01 03 a8 6a 00 00 55 d5 b5 05 20 08 00 00 ff f3 f8 fc a2 30 00 00 54 57 55 54 27 92 65 69 7e 78 60 c0 68 ba 07 9a 5f 7f 7f f0 a9 ca 27 aa 5e 70 40 00 a9 ca 27
00:aa 19 b0 71 01 38 00 00 aa 00 00 40 c0 a9 d2 a9 ca 55 55 55 65 c9 d2 88 ba e9 a8 aa aa a9 ca 47 aa 9d 21 40 e0 4d b4 68 aa 7f 7c fc ff 6d bc 68 92 c3 bc 14 00 6d bc c2 20 85 ad 89 8b 20 08 00
00:aa 19 e8 71 01 38 00 00 00 f3 f3 f3 33 20 08 00 00 e3 cb af af c6 79 20 08 5c 70 60 c0 07 aa e6 81 78 e0 80 00 a9 ca 27 aa 5b 58 70 80 a9 ca 47 b2 00 01 00 00 e9 ea c9 ba 67 7f ff 80 e9 e2 a9
00:aa 19 20 72 01 38 00 00 ca 65 53 55 15 e9 e2 a9 ca 55 57 5c 50 0a eb a9 ca 55 55 15 05 a9 ca ea aa 11 22 01 00 6d b4 ea aa 82 42 78 56 6d b4 a8 6a 89 8d ba 02 84 51 20 08 55 d5 95 35 c2 30 00
00:aa 19 58 72 01 38 00 00 00 55 d7 57 54 07 9a 84 49 68 68 e0 e0 a9 ca 07 aa 57 54 5c dc a9 ca 00 00 00 00 00 00 e9 e2 a9 ca 55 57 50 42 e9 ea a9 d2 82 60 90 30 e9 e2 a9 ca 54 96 95 15 4d dc a9
00:aa 19 90 72 01 38 00 00 ca c5 75 55 55 a9 ca 00 00 00 00 00 00 a9 ca c9 aa 25 05 01 01 ea aa c6 79 2b 35 b5 09 c6 79 00 00 b5 35 35 b5 20 08 00 00 fc fe fe fc e6 61 00 00 56 5c 5c 5c 07 a2 e6
00:aa 19 c8 72 01 38 00 00 81 50 50 52 70 a9 ca 07 aa 1c 9c 9c 50 e9 e2 a9 ca 55 55 43 76 e9 e2 ce d4 04 09 00 00 e9 ea 2f dd 40 80 00 00 e9 ea a9 ca 02 04 a4 27 a9 ca ab c3 00 00 10 10 a9 ca 00
00:aa 19 00 73 01 38 00 00 00 00 00 00 00 a9 ca c9 aa 01 0d 0d 01 cc b3 e6 81 b1 f1 fd fd 44 61 00 00 35 35 35 35 20 08 00 00 fe fc fc fc c6 79 20 08 5c 5c 5c 5c 07 a2 e6 81 58 5c 5c 50 a9 ca 07
00:aa 19 38 73 01 38 00 00 aa 50 50 50 58 e9 ea a9 ca 5c 58 5b 55 e9 e2 27 aa 00 00 aa 81 e9 ea 8b db 00 00 80 7a e9 ea 00 00 00 00 00 00 e9 ea a9 ca 0d 02 00 00 e9 e2 a9 ca 59 55 15 55 a9 ca 00
00:aa 19 70 73 01 38 00 00 00 00 00 00 00 c9 da 88 aa a9 a9 a9 a3 07 aa c6 79 09 09 09 09 23 49 00 00 15 95 95 95 20 08 00 00 fc fe ff fc c6 79 00 00 5c 5c 5e 5e 68 9a 44 69 e0 e0 fa 58 8d bc 68
00:aa 19 a8 73 01 38 00 00 a2 d7 56 e0 80 70 e5 a9 ca 55 ff 00 00 70 e5 47 92 f9 aa 00 00 91 e5 46 62 af aa 02 b5 ec d3 29 7b 88 0a aa 55 e9 ea 4d b4 00 f9 55 55 ae cc a9 ca 55 25 05 2d a9 ca 00
00:aa 19 e0 73 01 38 00 00 00 00 00 00 00 a9 ca 07 aa a9 25 05 e9 07 aa e6 81 09 01 01 01 a2 30 00 00 15 15 15 15 43 41 20 08 5c 54 56 54 e8 72 02 39 e0 f5 55 5f 4d ac c2 30 80 f8 57 ff 0f dd 29
00:aa 19 18 74 01 38 00 00 83 00 80 68 5e 50 e5 8b 93 0d a5 2d 0b 09 7b 26 5a d5 b8 2b 2f ec 9b e5 51 c0 80 fa 5f 4d ac e8 72 b8 00 e0 78 6d b4 8b ab 09 00 00 22 c9 ba cb 9b 80 6a 5f 55 47 aa e6
00:aa 19 50 74 01 38 00 00 69 00 00 f8 df 07 aa e6 81 01 03 02 82 a2 30 00 00 15 15 15 15 a2 28 00 00 d4 56 57 75 05 5a 43 41 60 ef f6 66 09 7b 05 5a ff d6 3f 00 6d bc a8 6a 5c 54 56 d6 d2 ed 4d
00:aa 19 88 74 01 38 00 00 b4 09 09 83 a3 4c b4 c8 6a de fe bf 2f ec 9b c8 72 d6 20 80 80 ae cc 0d 9c 57 be f2 e8 6d bc 0c ac 75 bd 39 09 cb 9b 4a 83 89 bd b5 2f 6d bc e8 7a 55 58 dc 5c 2c ac 65
00:aa 19 c0 74 01 38 00 00 71 7f 9f 22 00 c2 30 20 08 15 15 15 15 20 08 00 00 cf f3 f3 f3 a7 6a 61 18 ea 68 60 70 09 7b 87 62 e0 78 e2 00 ae c4 e8 7a 56 54 5c 5c 70 e5 2c b4 d5 02 00 00 ce d4 0c
00:aa 19 f8 74 01 38 00 00 a4 7f 02 00 00 50 e5 8d c4 5f 72 f0 c0 70 e5 0c ac fd ad 2d 2d cb 93 4a 8b 29 29 0f 0b 8e c4 4a 83 54 56 57 55 0f dd 4a 83 83 83 a9 55 87 6a 20 08 d5 15 35 25 20 10 00
00:aa 19 30 75 01 38 00 00 00 ff ff fe fe e9 7a 00 00 70 70 70 78 8b 93 29 83 aa a3 aa b6 0f dd 29 83 5c 5c 58 78 d2 ed 70 e5 55 55 55 0a 70 e5 ce d4 00 e2 d6 27 70 e5 8d c4 3f 37 d5 bd b1 ed 8d
00:aa 19 68 75 01 38 00 00 bc 80 e0 ff 55 2f dd 0c ac 2d 25 95 55 ec a3 6a 8b 2b 29 0d 0d 4a 83 e8 7a 30 6c 7a a4 4a 83 29 83 03 03 0f 0b 87 6a 81 20 2d 09 0b 0a e2 30 20 08 55 55 55 15 20 08 00
00:aa 19 a0 75 01 38 00 00 00 3e ec bf a3 20 08 00 00 fc ff ff ff 67 62 20 08 58 58 5c 56 4a 83 c8 72 0f 7f 5f 5f 0f dd 87 6a f8 78 5e 55 b1 ed ec a3 03 0d ff 5f ce d4 0c ac 5c 7e a0 a0 50 e5 ae
00:aa 19 d8 75 01 38 00 00 cc 2d 3f b7 1d 8e c4 ec 9b af 2b 3d d5 2d a4 cb 93 a0 e0 fa ff 2d a4 09 7b 0b 09 29 ad 6a 83 e8 7a b6 f6 7a 70 4a 83 66 62 22 02 8b 09 87 6a 06 5a 35 9a 7f 75 06 5a 81
00:aa 19 10 76 01 38 00 00 20 b5 02 00 00 67 62 20 08 55 f5 0b 00 06 5a 20 08 55 55 d5 0b 61 18 00 00 57 f5 5f 2f 20 08 00 00 af 8f 38 fb 03 31 20 08 54 56 55 55 c8 72 c2 30 80 e0 e8 78 8b 93 a7
00:aa 19 48 76 01 38 00 00 6a f7 fe a0 7f 6d b4 4a 83 60 e0 fe 57 6d bc ab ab 00 00 d5 55 ae cc 6a 8b 0b 95 57 fe 4d ac 6a 8b 5f ff 2f 25 ab 93 c8 6a 00 00 2b b5 cb 93 c8 72 2d b5 55 55 8a 8b c8
00:aa 19 80 76 01 38 00 00 6a e0 60 c0 a8 6a 83 06 5a 0b 09 2d 2f 66 62 06 5a 16 56 56 54 e8 7a 67 62 55 57 58 a0 4a 83 a7 6a 7f fa a8 88 4a 83 a8 6a 55 ff 00 2a e8 7a 41 10 ad 02 00 00 87 6a 20
00:aa 19 b8 76 01 38 00 00 08 55 d5 25 0b 21 10 00 00 ff ff ff 3f 20 08 00 00 fc ff ff ff c5 51 20 08 60 78 5c 56 87 6a 84 49 aa f6 f8 78 6d bc 09 7b 5f 78 7a 5f 6d bc ab 93 e0 00 aa 57 6d b4 ec
00:aa 19 f0 76 01 38 00 00 9b 08 00 22 09 0c 9c e8 7a 2f 3f 2d b5 c8 72 c8 6a 03 3f ff ff e8 72 67 62 88 aa ab 55 8b 93 c8 6a e0 ea 7e 5f 29 83 06 5a 2f 2d bd fd e8 7a 26 5a 5e 5a 70 ff 09 7b 67
00:aa 19 28 77 01 38 00 00 62 a0 ae ff 55 09 7b 67 62 00 8b f5 55 c8 72 67 62 0a 55 57 5c e8 7a 67 62 ab 55 aa 00 c8 72 67 62 f5 55 bf 00 67 62 20 10 d5 25 0b 00 c4 51 20 08 55 55 55 25 20 08 00
00:aa 19 60 77 01 38 00 00 00 ff ff 3f cf 21 10 00 00 fa ff ff ff 06 5a 61 18 e0 60 58 5e 87 6a c4 51 02 2d 09 0a 4d ac e5 59 f8 78 60 c0 4d ac ab 93 09 09 09 2d 8b 93 a8 6a 2d 2d ad 2d 87 6a 26
00:aa 19 98 77 01 38 00 00 5a 00 2a 2a 95 87 6a e5 51 0a aa 7a 7e 09 7b 05 5a e2 eb fd f5 87 6a 26 5a ea 6a 6a a0 e8 7a 67 62 55 5f 60 c0 4a 83 67 62 5f 7a a0 00 6a 8b a8 6a 55 ff 08 00 ab 93 c8
00:aa 19 d0 77 01 38 00 00 72 5f fe 80 00 8b 93 29 7b d5 fd 2f 0a 4a 8b e8 7a 55 d5 d5 2d 09 7b 67 62 ad 0a 80 00 e8 72 a4 49 b5 aa 0a 02 66 62 20 08 55 b5 2d 02 41 10 00 00 fe ff ff 0f 84 49 20
00:aa 19 08 78 01 38 00 00 08 5c 56 57 55 67 62 43 41 80 b8 fb 5d 0d 9c 23 39 80 ea ff 5f cb 93 a8 6a 00 ea ff 55 e9 7a 02 39 0a 2b ad f5 e5 59 23 39 2b ff 5e 5e 87 6a c5 51 7a 7a e8 7c 09 7b 67
00:aa 19 40 78 01 38 00 00 62 75 65 f7 17 09 7b 87 6a 5e 7a f8 e0 ab 93 09 7b 5e 7a 68 a0 0b ac ab 93 55 5a f8 c0 0b ac ab 93 5f e2 00 00 0b ac eb 9b 95 8a 00 00 0b ac cb 9b 55 a2 00 00 eb a3 6a
00:aa 19 78 78 01 38 00 00 8b 55 d5 3d 2b cb 9b 4a 83 55 fd ff a8 8b 93 09 7b 55 fd ad 2f e8 72 a8 6a fd b5 3f 0f 87 6a 61 18 95 25 09 03 20 08 00 00 bf 8f e3 fc e2 38 00 00 60 5f 55 55 03 39 20
00:aa 19 b0 78 01 38 00 00 08 80 fa 57 55 84 49 81 28 00 af 57 7f 43 41 e2 38 35 55 55 55 c4 51 e2 38 70 70 6a ea 67 62 63 49 f8 f0 6a ea e8 7a 67 62 fa 78 60 60 6a 8b 09 7b 5e 58 e0 e0 0b ac ab
00:aa 19 e8 78 01 38 00 00 93 56 7c 70 e0 8d bc 0b ac 55 57 54 58 ae cc 2c ac 55 7f a8 a8 ae cc 2c ac 75 aa 2a 0a 8d c4 0b ac 55 2d 00 00 6d bc eb a3 fd ff ff 3f 0b ac cb 9b b5 25 25 25 cb 9b 4a
00:aa 19 20 79 01 38 00 00 83 bd bd 2d 2f 4a 83 c8 72 d5 95 bf 3f 09 7b 46 62 a9 aa a0 00 05 5a 20 08 d5 95 35 25 e2 38 00 00 00 00 00 00 e5 51 e2 38 7e 58 70 40 26 5a c4 51 a8 9c dc 5c 4a 83 67
00:aa 19 58 79 01 38 00 00 62 7a 78 78 f8 cb 9b 4a 83 7e 7a 7a 68 0c ac cb 93 e0 e0 c0 c0 8e c4 6d b4 5a 6a 6a e8 ce d4 8e c4 55 70 40 00 70 e5 ce d4 55 55 49 50 70 e5 ce d4 55 29 03 00 ae cc 2c
00:aa 19 90 79 01 38 00 00 ac 95 ab 0a 02 8d c4 cb 9b f5 af 2f 03 0b ac ab 93 f5 f5 e5 0d 6a 8b 09 7b b7 27 2a 08 ab 93 4a 83 55 e9 03 02 c8 72 61 18 2d 09 03 02 20 08 00 00 f3 f2 fa 3c e2 38 20
00:aa 19 c8 79 01 38 00 00 08 55 57 5c 70 e2 38 61 18 70 80 20 03 a4 49 e2 38 55 d7 5c 60 05 5a 84 49 4b 2f ff f8 67 62 c4 51 5c 5c 5c fc 4a 83 a8 6a 78 78 78 78 cb 93 6a 8b 68 68 60 60 6d b4 cb
00:aa 19 00 7a 01 38 00 00 9b 78 78 78 f8 ce d4 6d b4 7e 7c 7c 7c ce d4 00 00 00 00 00 00 70 e5 ce d4 58 50 60 40 f3 f5 91 e5 ad eb aa 82 d2 ed ce d4 95 a5 29 0a ce d4 6d bc bd 3d 2d 2f 4d b4 eb
00:aa 19 38 7a 01 38 00 00 a3 f5 fd 3f 2f cb 93 4a 8b b7 2e 08 0a 0b ac ab 93 ed cd cb c3 6a 8b 87 62 29 2b 0a 02 67 62 00 00 95 15 35 25 e2 38 20 08 55 57 5c 50 e2 38 61 18 40 00 00 00 e2 38 c2
00:aa 19 70 7a 01 38 00 00 30 a5 a6 a2 aa 09 7b e2 38 73 7f 5f 5f 67 62 c4 51 73 7a 70 f8 67 62 05 5a 54 58 80 00 09 7b 67 62 60 68 78 78 ab 93 29 7b e0 e0 e8 78 4d b4 eb a3 7c 7c 7e 5f ce d4 6d
00:aa 19 a8 7a 01 38 00 00 b4 7c 7c 7e 5c 30 dd ce d4 54 43 55 55 d2 ed ce d4 7a 9e 7c 68 95 f6 d2 ed 40 40 40 71 54 f6 ce d4 2b 2b 2b b5 0f dd 6d b4 af 37 f5 f5 4d b4 0b ac 09 85 45 55 0b ac cb
00:aa 19 e0 7a 01 38 00 00 93 3d 2d 0d 0d 0b ac ab 93 e3 73 57 57 87 6a 20 08 2d 0d 0d 09 41 10 00 00 ff ff fc fc e2 38 20 08 60 40 80 00 43 49 23 39 57 a8 00 00 46 62 64 49 5e 5e 7e 78 87 6a 26
00:aa 19 18 7b 01 38 00 00 5a 56 79 ea a8 67 62 66 62 aa aa ab 2b c8 6a 26 62 f0 fc ff d7 6a 8b c8 72 e0 78 7e 5f 0b ac 4a 83 e0 e0 f8 7e ae cc 2c ac 70 7a 7a 5e ce d4 8d c4 80 40 80 60 70 e5 ce
00:aa 19 50 7b 01 38 00 00 d4 50 5c 57 55 d2 ed ce d4 00 2a b5 55 ce d4 4d b4 0b 2f bf f5 6d bc 0c ac 0d 07 07 25 2c ac cb 9b 8a aa be b5 0c ac cb 93 01 0f 2d fd 8b 93 09 7b 2c 2f 2b 2d 8b 93 09
00:aa 19 88 7b 01 38 00 00 7b 0b 8b eb 7b c8 6a 20 08 09 09 09 0b a2 28 00 00 54 54 58 58 43 41 e2 38 40 80 70 40 e5 59 84 49 5f 5f 7e fc 67 62 c4 51 5c f8 f0 c0 87 6a 67 62 fa fa ff ff a7 6a 26
00:aa 19 c0 7b 01 38 00 00 5a ab af a9 a2 05 5a 43 41 00 2a 2b 2d e8 7a a4 49 a0 fa 7e 57 6a 8b 66 62 80 a0 e8 7e 6d bc 6a 8b e2 fa 7a 5a ce d4 4d b4 f0 f0 7e 5e ce d4 8d c4 00 00 02 09 ae cc 4d
00:aa 19 f8 7b 01 38 00 00 b4 09 2d 95 55 6d bc 0c ac 9a 02 85 55 0c ac 0b ac 3f cc ca fe 0c ac cb 9b 34 00 80 30 0b ac ab 93 3d 09 03 02 ab 93 09 7b 29 29 09 02 09 7b e8 7a 58 57 57 d6 87 6a c2
00:aa 19 30 7c 01 38 00 00 30 0d 09 09 09 20 08 00 00 f3 33 33 33 a2 28 00 00 58 58 58 58 64 41 e2 38 6a 68 e2 68 84 49 43 49 ff ff fc bf e5 51 43 49 68 e8 90 e0 67 62 05 5a c8 48 c8 20 a8 6a 67
00:aa 19 68 7c 01 38 00 00 62 55 55 55 cc 87 6a 67 62 ff ff fb 2f 67 62 43 41 b5 2d 2d 2d a4 49 e2 38 f8 56 55 55 c8 72 02 39 a0 e8 7a 5e ab 93 09 7b c0 e0 68 68 6d b4 cb 9b c0 e0 60 e0 ae cc 2c
00:aa 19 a0 7c 01 38 00 00 b4 8b aa d6 59 4d b4 eb a3 0e 0f bf fd 0b ac 00 00 00 00 00 00 0b ac 00 00 00 00 00 00 0b ac eb a3 10 00 00 00 0b ac eb a3 01 00 00 00 0b ac 4a 83 bd bd 3f 2f 4a 83 c8
00:aa 19 d8 7c 01 38 00 00 72 bf 35 0d 0d e8 7a 64 41 2d 0d 0d 0b 81 20 00 00 dd 9d 95 17 81 20 00 00 50 50 50 50 84 49 e2 38 60 70 7a 6a c4 51 64 49 d5 a5 ed eb 66 62 84 49 fe 78 7a 5a 87 6a 06
00:aa 19 10 7d 01 38 00 00 5a e8 68 a8 5a c8 6a 87 6a 00 00 00 40 c8 6a 67 62 01 01 01 01 67 62 43 49 2d 2d 2f 2b 43 41 e2 38 95 25 05 0d 46 62 e2 38 58 58 58 58 ec 9b 09 7b 78 78 78 7a 6d b4 0c
00:aa 19 48 7d 01 38 00 00 ac 71 51 54 54 8d bc 0c ac 49 7d 15 d5 0b ac eb 9b 05 d5 55 55 0b ac eb 9b 00 c0 40 60 4d b4 0b ac 55 55 41 c0 2c ac 0b ac ff ff ff 3f 0b ac ab 93 35 35 35 f5 6a 8b c8
00:aa 19 80 7d 01 38 00 00 72 2d 2d 0d 0d c8 6a c4 51 09 29 29 0b 84 49 20 08 95 95 35 25 20 08 00 00 ff f3 b3 b3 a2 28 20 08 58 58 5c 54 43 41 e2 38 40 40 80 00 a4 49 43 49 80 f0 bc c2 e5 59 43
00:aa 19 b8 7d 01 38 00 00 41 f8 f8 de d7 67 62 c5 51 fc fc 5e 57 c8 6a 67 62 70 56 55 55 c8 6a 46 62 0f 3f fd fd 46 62 64 49 2b ab af bd 43 49 e2 38 01 0d 0d 05 a8 6a e2 38 5c 5c 78 58 2c ac eb
00:aa 19 f0 7d 01 38 00 00 a3 e0 ea ea 6a 0b ac cb 9b 01 01 09 0d eb 9b cb 9b aa aa aa aa 0b ac eb 9b 60 40 c0 c0 6d bc 0b ac 55 55 54 54 70 e5 8d c4 55 7d ff c3 6d bc 0b ac 15 25 25 25 0b ac ab
00:aa 19 28 7e 01 38 00 00 93 f5 f5 fd 3d 6a 8b c8 72 2d 2d 2d 2d c8 72 06 5a 0d 0d 0d 0d e5 51 20 08 25 0d 09 09 20 08 00 00 e3 f3 c3 f3 c2 30 00 00 58 58 78 60 43 41 c2 30 c0 c0 60 7a 64 49 43
00:aa 19 60 7e 01 38 00 00 41 ac 8a ea 7f c4 51 43 41 80 e0 f8 5e 67 62 e5 51 e0 56 5f 5f 67 62 e5 51 03 af ff f5 05 5a 84 49 3d fd f5 d5 43 41 e2 38 05 05 05 95 46 62 e2 38 78 78 78 78 cb 9b c8
00:aa 19 98 7e 01 38 00 00 72 e8 e8 68 6a 0b ac cb 9b 40 80 40 70 0b ac eb 9b 05 1f 00 00 4d b4 eb a3 7f 7f ff fe ae cc 0b ac 58 58 58 58 70 e5 ce d4 41 41 01 01 8e c4 0b ac 35 35 35 35 0b ac ab
00:aa 19 d0 7e 01 38 00 00 93 1f 15 35 35 6a 8b c8 72 2d 2d 2d 2d a7 6a 06 5a 09 09 a9 a9 05 5a c2 28 29 29 0b 0a 81 20 00 00 5d 55 d5 15 a2 28 00 00 55 55 56 54 43 41 a2 30 5f 7e 7c f8 43 41 e2
00:aa 19 08 7f 01 38 00 00 38 57 55 55 15 43 41 e2 38 00 80 50 50 a4 49 e2 38 00 a0 ba 55 c4 51 c2 30 00 2a af 55 84 49 e2 38 0a aa af d5 03 39 e2 38 95 55 55 55 e5 51 e2 38 78 78 5c 56 6a 8b 87
00:aa 19 40 7f 01 38 00 00 62 c0 60 78 78 0b ac ab 93 7c 5c 5f 5f 0b ac eb 9b 00 00 00 40 0c ac 0b ac fc fc fc fe 6d b4 0c ac 15 15 15 15 ae cc 2c ac 58 58 f8 e8 d2 ed 2f dd ff 7f 73 f3 0f dd 0c
00:aa 19 78 7f 01 38 00 00 ac b5 b5 b5 3d 0b ac ab 93 05 05 09 0d 6a 8b c8 72 2d 2d 35 35 67 62 00 00 00 00 00 00 46 62 c5 51 f5 3d 3d 3d 64 49 20 08 d5 95 35 35 e2 38 00 00 5c 58 58 58 43 41 e2
00:aa 19 b0 7f 01 38 00 00 38 44 b7 55 55 43 41 e2 38 05 85 55 55 e2 38 a2 28 00 00 86 56 43 41 c2 30 e0 fe ff d5 e2 38 41 10 0a 2a aa a5 a2 28 61 20 a8 aa aa 56 e2 38 81 20 00 00 ff ff e2 38 81
00:aa 19 e8 7f 01 38 00 00 20 00 00 c0 c0 84 49 e2 38 54 58 aa aa 09 7b e5 51 e0 70 78 5e cb 9b c8 72 80 a0 ea 7f 0b ac 6a 83 80 a8 aa 55 0b ac 8a 8b 00 00 00 55 4d b4 8b 93 28 28 a8 5f ae cc 2c
00:aa 19 20 80 01 38 00 00 ac a8 ea fa 55 d2 ed 6d bc e0 e0 e8 5f 50 e5 2c ac 2d 2d 2d 35 eb a3 6a 83 0b 0b 09 b5 4a 83 67 62 2d 2d 25 b5 87 6a 26 5a 8a aa aa 65 26 62 a4 49 2b 2b 2b bd c4 51 20
00:aa 19 58 80 01 38 00 00 08 35 35 25 a5 00 00 00 00 00 00 00 00 00 00 00 00 00 00 00 00 00 00 00 00 00 00 00 00 00 00 00 00 00 00 00 00 03 e0 00 00 00 00 00 07 ff 00 00 00 00 00 00 7f f8 00 00
00:aa 19 90 80 01 38 00 00 00 00 00 0f ff c0 00 00 00 00 00 ff fc 00 00 00 00 00 0f ff c0 00 00 00 00 00 ff fc 00 00 00 00 00 0f ff c0 00 00 00 00 00 ff fc 00 00 00 00 00 0f ff c0 00 00 00 00 00
00:aa 19 c8 80 01 38 00 00 ff fc 00 00 00 00 00 07 ff c0 00 00 00 00 00 7f ff 80 00 00 00 00 07 ff fe 00 00 00 00 00 3f ff f0 00 00 00 00 03 ff ff c0 00 00 00 00 1f ff fe 00 00 00 00 00 ff ff e0
00:aa 19 00 81 01 38 00 00 00 00 00 00 07 ff 7f 00 00 00 00 00 1f ff f8 00 00 00 00 01 ff ff 80 00 00 00 00 7f ff f8 00 00 00 00 0d ff ff 80 00 00 00 00 ff ff fc 00 00 00 00 0f ff ff c0 00 00 00
00:aa 19 38 81 01 38 00 00 00 ff ff fe 00 00 00 00 0f ff fd e0 00 00 00 00 ff ff fe 00 00 00 00 1f ff bf e0 00 00 00 01 ff ff ff 00 00 20 08 00 00 a0 bf ff f8 23 41 00 00 55 55 55 80 e6 71 00 00
00:aa 19 70 81 01 38 00 00 55 55 5f a0 c8 72 20 08 55 55 e9 82 61 20 00 00 55 d5 75 35 44 51 00 00 55 55 57 78 65 69 00 00 55 55 ff 00 65 69 00 00 55 55 ff 00 27 92 20 08 55 5f e0 00 27 92 41 10
00:aa 19 a8 81 01 38 00 00 57 a8 00 00 27 92 e2 30 7e 00 00 00 07 a2 26 7a d5 aa 00 00 ea aa 27 92 75 51 5d f6 6d bc c6 79 75 55 ff 08 4a 83 00 08 b5 0d 0b 0a 41 10 00 00 ff ff fe 3f c6 79 20 08
00:aa 19 e0 81 01 38 00 00 60 60 70 78 27 92 c6 79 55 56 5c 70 07 aa 27 92 55 5a ea aa a9 ca 27 aa 5c 58 50 83 a9 ca 07 aa 15 2a 02 00 a9 ca 27 aa 55 ab 09 00 a9 ca 27 aa 57 31 91 01 ab d3 27 aa
00:aa 19 18 82 01 38 00 00 57 75 f5 37 ce d4 ea aa 76 55 52 52 0c a4 a7 6a 27 0a 42 a2 eb 9b 20 08 d5 95 35 25 20 08 00 00 3f ff ff ff 20 08 00 00 fc fb eb ff c6 81 00 00 5e 5c 78 60 07 a2 27 92
00:aa 19 50 82 01 38 00 00 54 50 70 c0 a9 ca 07 aa 56 5c 60 00 4a e3 27 aa a7 86 84 ae e9 e2 88 ba f5 1f 3f ff a9 ca 00 00 00 00 00 00 c9 da a9 ca 55 55 55 40 c9 d2 88 ba a9 aa aa 2a a9 ca ab ab
00:aa 19 88 82 01 38 00 00 ad 01 00 00 ce d4 cb a3 0d 25 7f 5d 6d bc a2 28 25 2d a9 81 20 08 00 00 ff bf 3f 3f 20 08 00 00 f3 f3 f3 f3 64 59 20 00 55 57 56 54 27 9a 23 41 68 e0 a0 a0 a9 ca 07 aa
00:aa 19 c0 82 01 38 00 00 55 54 5c 50 a9 ca 00 00 00 00 00 00 c9 da a9 ca 55 55 55 7c c9 d2 a9 ca 55 55 40 7f e9 ea a9 ca 55 55 55 c0 2a e3 a9 ca 60 50 55 15 e9 e2 a9 ca 15 07 1c 51 e9 e2 a9 ca
00:aa 19 f8 82 01 38 00 00 55 55 15 55 a9 ca ea aa 15 15 05 0d 6a ab e6 81 09 d5 d5 b5 a1 28 00 00 95 15 15 15 20 08 00 00 f3 f3 f3 cb c5 69 00 00 54 5c 5c 58 88 c2 e6 81 5e 7e 78 7c a9 ca 07 aa
00:aa 19 30 83 01 38 00 00 50 70 70 70 a9 ca 00 00 00 00 00 00 e9 e2 0f dd 00 31 2d 08 e9 e2 a9 ca 95 37 30 80 e9 ea a9 d2 82 60 90 30 e9 ea c9 d2 d5 16 28 3a c9 da 88 c2 fc 3c 4f 4f a9 ca a9 ca
00:aa 19 68 83 01 38 00 00 00 00 00 00 a9 ca a9 aa 07 05 05 0b c9 a2 44 69 0b 81 89 af a2 28 00 00 35 15 35 35 20 08 00 00 cf cf cf cf c6 79 41 10 58 58 58 58 07 a2 e6 81 40 40 70 70 a9 ca 07 aa
00:aa 19 a0 83 01 38 00 00 70 70 70 70 a9 ca 00 00 00 00 00 00 e9 e2 a9 ca 0d d5 43 76 e9 ea a9 ca 40 40 00 20 e9 ea 00 00 00 00 00 00 e9 ea 00 00 00 00 00 00 e9 e2 a9 ca 4d 8d a5 05 a9 ca 00 00
00:aa 19 d8 83 01 38 00 00 00 00 00 00 a9 ca 07 aa 03 03 0d 00 07 a2 64 69 0f 09 09 01 a1 28 00 00 35 15 15 95 20 08 00 00 cf ff ef cf c6 79 41 10 58 58 58 58 07 aa e6 81 70 70 70 70 a9 ca 27 a2
00:aa 19 10 84 01 38 00 00 70 40 7c 5e ef d4 a9 ca 55 55 55 c0 0f dd a9 ca 55 71 7d 00 30 dd c9 da 55 35 b5 02 e9 e2 8e c4 00 00 00 55 e9 e2 6d bc 00 00 09 55 c9 da ae cc 00 00 70 58 e9 e2 a9 ca
00:aa 19 48 84 01 38 00 00 55 55 15 55 a9 ca c9 c2 02 01 02 02 88 c2 64 69 a9 a9 0b 2b a1 28 00 00 95 95 95 15 00 00 00 00 00 00 00 00 85 71 20 08 58 58 5e 5e 6a 8b 44 59 fa f8 78 7e ae cc e9 72
00:aa 19 80 84 01 38 00 00 f8 a0 a0 7e 70 e5 ce d4 00 00 81 75 70 e5 29 83 00 0a 2d 2d 8e bc 06 5a 0b b5 57 ff 4d ac c8 72 57 7a e0 5f 4d ac ab 93 60 5c a0 78 6d bc c9 b2 0d 02 00 00 a9 ca cb 9b
00:aa 19 b8 84 01 38 00 00 00 ea 7f 55 a9 ca e6 81 80 aa aa 57 27 aa 07 a2 3d fd ff ff 64 61 00 00 d5 95 95 15 20 08 00 00 ff cf cf ef 23 39 00 00 5c 54 54 56 05 5a c2 30 b5 d7 f8 aa c8 72 64 41
00:aa 19 f0 84 01 38 00 00 5c 57 aa f8 ae cc c8 6a e0 78 5e 56 d2 ed 6d bc b5 09 89 89 ec 9b 67 62 bd be bc 2a 0c 9c 46 62 57 d7 28 80 4d ac e9 72 78 f8 00 00 8d c4 4d ac 7d 7d f7 0d 0c ac 6a 8b
00:aa 19 28 85 01 38 00 00 2b 2f 35 35 cb 93 06 72 95 b8 b8 a8 6d bc 24 61 ff df 3a 20 e5 61 20 08 15 15 15 15 20 08 00 00 ff cf ef cf 21 08 00 00 fc fc ff ff 05 5a 02 39 af af 6a 40 09 7b 05 5a
00:aa 19 60 85 01 38 00 00 f6 ac e0 e0 ab 93 46 62 d4 b6 bc ac d2 ed 2f dd 49 41 7f 7f 70 e5 ab 9b d5 b5 aa 00 ae cc ab 93 57 7f aa 00 ce d4 2d a4 7a e8 80 00 50 e5 4d b4 bd af 2b 0f 4d b4 6a 8b
00:aa 19 98 85 01 38 00 00 b5 2f 2f 2b ab 93 4a 83 94 94 27 2f 0f dd 2d a4 f2 e2 fa 7d 29 83 20 08 15 35 25 2d 20 08 00 00 cf cf cf ff 67 62 20 08 60 70 70 50 8b 93 c8 72 57 5f ee 82 8d bc 09 7b
00:aa 19 d0 85 01 38 00 00 56 56 54 5c 70 e5 0f dd 40 c0 80 00 70 e5 ce d4 00 00 00 5e 91 ed ce d4 a5 a5 25 a5 d2 ed ce d4 5a 78 b8 57 b2 ed 8d bc 2d 2d 2d a5 4d b4 eb a3 3d 3d bd 3f cb 9b 29 7b
00:aa 19 08 86 01 38 00 00 27 25 25 35 6a 8b 09 7b 2a aa 2a 98 29 7b 23 39 2d 29 2b 2b c5 51 20 08 55 55 95 35 09 7b 00 00 58 58 5c 5e 8b 93 29 7b 82 ea eb 7d 8d c4 4a 83 5c 5c 5c 5c d2 ed 0f dd
00:aa 19 40 86 01 38 00 00 ff 8a 82 e5 50 e5 0b ac 00 2a d5 7f 50 e5 ae cc 8d e1 7f 7a ae cc 4d ac ab ab 0a 0d 6d bc eb a3 02 ff 3f f5 0b ac 2d a4 96 ba ba ab ab 93 09 7b 35 35 95 96 4a 83 e8 7a
00:aa 19 78 86 01 38 00 00 30 6c 40 00 29 7b 05 5a 2d 2d b5 b5 05 5a 20 08 2d 02 00 00 46 62 20 08 55 d5 2b 00 e5 51 20 08 55 55 55 0b 61 18 00 00 d5 7d f7 35 e5 59 00 00 5c 56 57 55 09 7b e5 51
00:aa 19 b0 86 01 38 00 00 80 a8 68 7a 09 7b 87 6a bc e5 a9 02 6d b4 09 7b 00 78 78 78 ae cc 4d b4 80 52 7e 55 ce d4 ab 93 00 80 8b b5 70 e5 4a 83 2f b7 57 7f 2d a4 8b 93 8a bf e2 e5 0b ac 09 7b
00:aa 19 e8 86 01 38 00 00 03 8b ad f5 ab 93 09 7b de 5c 58 50 ab 93 87 6a 2b 2f 29 29 87 6a 06 5a 15 d5 d6 de e8 7a 26 5a 57 de 78 e0 6a 8b c8 6a 55 7f ea a0 6a 8b c8 72 55 ff 02 02 29 83 61 18
00:aa 19 20 87 01 38 00 00 bd 0a 00 00 09 7b 20 08 55 b5 0b 00 a4 49 20 08 55 55 55 35 a7 6a 20 08 e8 68 7a 5e 6a 8b e5 51 a8 e0 7f 55 ec 9b 46 62 a0 aa 5e 78 8d c4 4a 93 bf 5f 78 80 4d b4 eb 9b
00:aa 19 58 87 01 38 00 00 df a8 00 00 6d b4 ab 93 0d 0d 0d 25 8b 93 29 7b 2b 3d b5 95 e8 7a c8 6a 0a 3e fe ff cb 93 09 7b 70 6a 7f 55 6a 8b 67 62 0d 0d 25 b5 a8 6a 05 5a 5e 78 e8 e0 29 83 c8 72
00:aa 19 90 87 01 38 00 00 78 f0 fa 5d 6a 8b c8 72 80 aa f5 5f 4a 83 c8 72 00 bf 5f ee 4a 83 e8 7a 00 55 55 df 4a 83 c8 72 03 ff ff f5 87 6a 00 00 2d 03 00 00 46 62 20 08 55 55 95 2d 03 39 00 00
00:aa 19 c8 87 01 38 00 00 5c 57 55 55 e5 51 61 18 00 80 60 58 cb 9b 87 62 78 7e 55 55 0c ac 46 62 00 ea 56 56 6d b4 0c 9c c0 40 40 82 2d a4 4a 83 09 2d 2d 3d 4a 83 67 62 2b af bf b5 c8 72 05 5a
00:aa 19 00 88 01 38 00 00 00 00 0b fd c8 72 46 62 00 f0 7b 7d c8 6a 46 62 2f ff 7f 70 09 7b 67 62 5f 6b e8 a0 09 7b a7 6a f5 ff aa 00 6a 8b c8 6a 5f 5e e0 00 cb 9b 29 7b 55 ee aa 0a 8b 93 29 83
00:aa 19 38 88 01 38 00 00 7d aa 02 00 8b 93 a7 6a fd ad 0a 00 6a 8b 67 62 55 55 bf 0a e8 7a 84 49 a5 aa a0 00 a8 6a 20 08 55 b5 09 02 20 08 00 00 ff ff 3f 0f 43 41 00 00 5c 56 55 55 87 6a 03 31
00:aa 19 70 88 01 38 00 00 a0 e0 62 7a 0c 9c 46 62 5c d8 dc 57 4d ac 6a 8b 00 0a af 55 2d a4 c8 72 2b ad ad f5 e9 72 43 41 2a af bd d5 e5 59 03 39 08 a8 fc 78 e8 72 05 5a 7f ff 7e 78 ab 93 c8 72
00:aa 19 a8 88 01 38 00 00 5f 5e 78 e0 eb 9b 4a 83 5f aa 80 00 eb a3 6a 8b 57 fe a8 00 0b ac cb 93 57 fc 00 00 0b ac cb 93 b5 2d 2f 02 0b ac ab 93 55 55 55 54 0b ac cb 93 55 ff 00 00 0b ac ab 93
00:aa 19 e0 88 01 38 00 00 55 d5 00 00 ab 93 09 7b f5 bf 2a 02 8b 93 09 7b 55 ff af 0a 6a 8b 00 00 b5 2d 0b 02 20 08 00 00 fc bf af 23 64 41 20 08 c0 60 5e 55 64 49 81 20 00 a8 bf 55 e9 7a e2 38
00:aa 19 18 89 01 38 00 00 80 aa ff 55 a8 6a e2 38 0b 2d d5 55 23 39 e2 38 15 55 54 56 67 62 e2 38 7a e8 e0 a0 6a 8b 67 62 5e 78 e8 e0 0b ac 4a 83 7a e8 a0 80 6d b4 0b ac 55 55 55 54 8d c4 0c ac
00:aa 19 50 89 01 38 00 00 55 55 55 c0 8d c4 0b ac 55 55 ff 00 8d bc eb a3 f7 5f ff 0f 0b ac eb 9b 9c 88 00 00 0b ac 00 00 00 00 00 00 0b ac 00 00 00 00 00 00 0b ac eb 9b 25 02 02 00 0b ac ab 93
00:aa 19 88 89 01 38 00 00 55 fd 3f 9f cb 93 4a 8b bd 0d 0b 0b e9 72 20 08 95 25 0d 09 20 08 00 00 aa ff ff ff a2 28 00 00 e0 5c 5e 57 e2 38 41 18 a0 80 ec 40 05 5a e2 38 57 5e 5e 5c 09 7b 26 5a
00:aa 19 c0 89 01 38 00 00 7e 7a e8 e8 cb 93 e9 7a 78 78 e0 e0 6d b4 0b ac 55 57 50 60 8e c4 0b ac 5a a0 00 00 ce d4 8e c4 55 55 70 00 50 e5 8d c4 55 ff c3 80 ef dc 2c ac f5 bf ae 0a 8d c4 0b ac
00:aa 19 f8 89 01 38 00 00 55 2d 03 03 0b ac 00 00 00 00 00 00 4d b4 eb a3 fd ff f2 e0 2c ac cb 9b a5 a9 a9 2a eb a3 ab 93 55 d5 fd bd 4a 83 c2 30 09 0b 02 02 43 41 20 08 55 55 d5 15 e2 38 20 08
00:aa 19 30 8a 01 38 00 00 60 78 78 70 67 62 e2 38 5e 5a 78 68 09 7b 87 6a 78 f8 78 e0 0b ac 4a 83 78 78 70 f0 8d c4 4d b4 5c 50 70 40 ce d4 8e c4 58 40 80 00 70 e5 ce d4 55 57 70 46 d2 ed 70 e5
00:aa 19 68 8a 01 38 00 00 55 52 50 50 d2 ed ce d4 b5 af aa 02 70 e5 ce d4 55 95 89 91 ce d4 6d b4 f5 bd bd 3d 0c ac 0b ac af ff ff ff 6d bc 0c ac 5a f7 a4 40 6d b4 0b ac 35 09 00 00 0c ac cb 93
00:aa 19 a0 8a 01 38 00 00 3d 2f 03 00 cb 93 09 7b b5 29 0b 0a 46 62 20 08 95 35 25 05 20 08 00 00 f3 f2 fa fc c4 51 c2 30 5f 58 5c 5e 87 6a c4 51 7c 58 78 78 6a 8b c8 6a 7a 78 78 78 2c ac 8b 93
00:aa 19 d8 8a 01 38 00 00 58 58 58 58 ae cc 6d b4 6a 6a 68 68 ce d4 00 00 00 00 00 00 50 e5 ce d4 68 50 40 55 d2 ed 70 e5 50 54 55 55 d2 ed 70 e5 01 c3 7d 55 70 e5 ce d4 9d 9d 6d 80 ce d4 8d bc
00:aa 19 10 8b 01 38 00 00 3d 2f 0f 0b 8d bc 0c ac d5 d5 15 35 30 dd 0b ac 7a 58 50 50 70 e5 8e c4 d5 f5 3d 09 6d b4 0c ac 05 01 01 01 0b ac ab 93 e5 cd c9 03 6a 8b c2 28 2d 2d 09 0b 20 08 00 00
00:aa 19 48 8b 01 38 00 00 fe ff ff 3f c2 30 20 08 55 55 57 54 e2 38 20 08 40 80 00 00 a4 49 81 28 7e fa e0 c0 67 62 c4 51 5c 5c 5c 56 6a 8b 67 62 e8 f8 f8 78 2c ac 8b 93 78 78 78 78 ae cc 6d b4
00:aa 19 80 8b 01 38 00 00 68 68 68 68 ce d4 00 00 00 00 00 00 ce d4 00 00 00 00 00 00 50 e5 ce d4 40 5f 55 55 70 e5 ce d4 00 eb 55 55 50 e5 ce d4 81 19 f9 45 ce d4 8d c4 03 03 01 03 8d c4 0c ac
00:aa 19 b8 8b 01 38 00 00 05 0d 0d 0d b1 ed 0b ac 58 78 78 78 d2 ed ce d4 ad 2d 2d 2d 8d c4 4d ac 2d 2d 2f 3d 0b ac cb 9b 21 31 09 09 ab 93 26 5a 09 2b 0b 0b c5 51 00 00 d5 95 35 25 00 00 00 00
00:aa 19 f0 8b 01 38 00 00 00 00 00 00 e2 38 20 08 5c 58 70 60 c4 51 a4 49 7a 6a ea a9 05 5a a4 49 fc dc ff 7f 09 7b 05 5a e0 60 f8 7e eb a3 6a 8b 70 78 78 78 ae cc 6d b4 78 7a 5a 5e ce d4 8d c4
00:aa 19 28 8c 01 38 00 00 00 c0 55 55 ce d4 4d b4 02 3f ff f5 8d c4 6d b4 10 98 d4 5e ce d4 6d b4 a8 ff ff 5f ce d4 8e c4 00 40 60 5a ce d4 ae cc 01 00 00 75 ae c4 2c ac a9 09 2a ad 70 e5 0b ac
00:aa 19 60 8c 01 38 00 00 78 5e 5f 55 70 e5 4d b4 0f 2f f5 55 6d b4 0c ac 03 03 01 b9 0b ac cb 9b 09 09 09 ad ab 93 c8 72 09 0d 29 2b 87 6a 41 10 b5 2d 29 0b 20 08 00 00 ff ff ff fc 43 41 20 10
00:aa 19 98 8c 01 38 00 00 60 60 60 c0 64 49 43 49 ff ff ff fe e5 59 a4 49 f7 ff ff fc c5 51 43 49 aa aa 2f a5 67 62 43 49 e0 e0 f8 5c cb 9b a7 6a e0 e0 78 78 6d b4 0b ac 40 7f 55 55 8d c4 cb 9b
00:aa 19 d0 8c 01 38 00 00 82 ff ff 55 6d b4 eb a3 3f ff ff 5f 0c ac 0b ac f3 fb fe ff 8d c4 6d b4 d0 f0 60 50 8e c4 8d c4 aa aa aa aa ae cc 6d bc cf 37 df dd 8d c4 4d b4 0d 01 8d 8d 2c ac 4a 83
00:aa 19 08 8d 01 38 00 00 28 2e 3f 3d 0c a4 6a 8b 00 80 e0 5f 0c ac ab 93 a0 03 03 7a 2d 9c ab 93 3f fd f5 f5 ab 93 09 7b 27 bd bd bd e8 7a a4 49 25 2d 2d 2d 63 41 20 08 d5 95 15 25 20 08 00 00
00:aa 19 40 8d 01 38 00 00 ff ff fc fc 64 41 a2 28 60 60 40 40 84 49 43 49 fe ff fc bf 05 5a c5 51 d6 16 08 09 c4 51 64 49 25 29 29 a9 e5 59 43 41 7c 5c 5c fc 6a 8b 67 62 60 60 60 e0 cb 9b 4a 83
00:aa 19 78 8d 01 38 00 00 02 ab fd f5 6a 8b 09 7b 00 00 ea 5a 0b ac 6a 8b 70 70 70 70 0c ac 0b ac fc fc fe f8 ae c4 2c ac 7a 5e fe e8 ae cc 6d bc 8f ff ff bd 8d c4 8d bc 5a 6a 6a aa 8d c4 0b ac
00:aa 19 b0 8d 01 38 00 00 0d 2d 25 25 cb 9b 09 7b 2f 2f 2d 2d 8b 93 09 7b e8 fa 7a 7e eb 9b 6a 8b f0 fc 7e 5f ab 93 6a 8b 01 2a 09 09 6a 8b 29 7b 25 09 bf bf e8 7a 06 5a 25 25 25 2d e5 59 00 00
00:aa 19 e8 8d 01 38 00 00 2d 0d 0b 0b 20 08 00 00 fc ff ff ff 84 49 61 18 e0 60 60 68 a4 49 43 49 bf 0f 8b 8a 66 62 c5 51 f7 fc ff 7f 06 5a c4 51 95 95 15 2d a8 6a c4 51 56 5e 5c 78 4a 83 c8 6a
00:aa 19 20 8e 01 38 00 00 40 60 60 c0 4a 83 e8 7a 0f 0f 2d 35 4a 83 e8 7a f8 58 58 58 0b ac ab 93 5c 70 60 40 ae cc 2d ac 5f 5e fa e0 d2 ed ce d4 55 5d 7a 02 ce d4 8d bc 3f 3f 3f 3d 8d c4 2c ac
00:aa 19 58 8e 01 38 00 00 00 01 0d 55 2c ac 0b ac 0f 3f ff ff eb 9b e8 7a 2d 25 25 25 4a 83 e8 7a 70 78 78 78 cb 93 4a 8b f8 f8 78 60 0b ac ab 93 35 35 f5 f5 6a 8b 09 7b ab 2f 07 02 09 7b 06 5a
00:aa 19 90 8e 01 38 00 00 2d 3d 2f 2b 67 62 23 39 a9 a9 2b 2b c2 30 20 08 55 55 95 15 20 08 00 00 ff 3f ff f0 43 41 20 10 60 60 60 68 a4 49 43 49 82 b3 be c3 e5 59 43 41 c8 e8 6a db 05 5a c4 51
00:aa 19 c8 8e 01 38 00 00 09 00 f2 57 a7 6a c5 51 70 f8 f8 e8 4a 83 09 7b 40 c2 c3 e9 09 7b e8 7a 35 15 d5 55 ab 93 e8 7a 5e 5e 58 78 ae cc cb 93 7e 7e fa f8 95 f6 ce d4 5e 70 60 c0 95 f6 0f dd
00:aa 19 00 8f 01 38 00 00 03 09 0d 25 ae cc 2c ac 2b bd d5 55 0b ac eb a3 00 00 c0 c0 0b ac eb a3 02 02 02 03 ab 93 67 62 2f 2f 2f 3d 4a 83 87 62 f8 fa fe 7e cb 9b 4a 83 f0 f0 78 58 8b 93 4a 83
00:aa 19 38 8f 01 38 00 00 89 09 09 0b 4a 83 87 62 35 3d 3f 2f 67 62 c4 51 2d 0f 0b 0b c4 51 20 08 95 35 25 25 e2 38 20 08 55 57 56 5c e2 38 81 20 e0 80 c0 80 84 49 02 39 a8 6a da da 43 49 43 41
00:aa 19 70 8f 01 38 00 00 16 55 15 15 c4 51 43 41 80 e0 f8 5e c8 72 e5 51 78 7c 58 78 09 7b e8 7a 02 82 01 80 09 7b e8 7a 55 57 55 aa cb 9b 09 7b 78 78 78 78 30 dd 0c ac 5e 7c 7c 78 95 f6 50 e5
00:aa 19 a8 8f 01 38 00 00 80 80 83 89 91 e5 0b ac 0d 3d bd fd 0c ac eb a3 a5 ad aa aa 4d b4 eb a3 ff ff ff 3e 0c ac cb 93 03 03 01 09 29 83 26 5a 2b 2f 2f 3d e8 7a 26 5a e8 e8 ea 7f 6a 8b c8 72
00:aa 19 e0 8f 01 38 00 00 e0 f8 78 5e cb 93 6a 8b 00 88 8a 42 cb 93 4a 8b ad 0d 09 09 4a 83 c8 6a 35 b5 35 3d c8 6a 46 62 bd bd 3d 2d c5 51 20 08 2d 09 09 01 00 08 00 00 ff ff ff fe e2 38 00 00
00:aa 19 18 90 01 38 00 00 78 70 c0 c0 43 41 e2 38 57 65 01 09 43 39 e2 38 58 57 57 d5 43 41 43 39 29 aa 8a ea 64 49 23 39 78 fc 5e f7 c8 6a e5 59 78 60 60 60 4a 83 e8 7a 7f 5f 7e 78 4a 83 09 7b
00:aa 19 50 90 01 38 00 00 5d 46 00 00 ec 9b 4a 83 5c 5c 5c 5c b2 ed 6d bc 5c 5c 5c 5c 13 f6 70 e5 2d a9 a9 a9 ef d4 6d b4 d5 35 35 35 4d b4 0b ac 35 15 35 55 4d ac e8 7a 0b 0b 2d 2d 87 6a c4 51
00:aa 19 88 90 01 38 00 00 2f 35 2f 00 87 6a 05 5a 5e 56 56 00 4a 83 67 62 78 5a 7e 7e ab 93 09 7b 80 80 e8 7c cb 93 4a 8b 09 0b 2b aa 4a 83 e8 7a 35 2d 2d 0f c8 6a 46 62 0d 0f 0f 0f 05 5a a2 28
00:aa 19 c0 90 01 38 00 00 09 09 09 09 81 20 00 00 57 57 54 54 43 41 c2 30 7c 6f ff ff 43 41 e2 38 00 8a 55 55 e2 38 81 20 00 02 0f 3f 43 41 a2 28 c0 fa ff 55 43 41 a2 28 bc bc fc 56 c8 72 c5 51
00:aa 19 f8 90 01 38 00 00 e0 e0 e0 7a 6a 8b c8 72 f8 e0 60 58 6a 8b 29 83 00 00 00 99 ec 9b 29 83 f8 f8 f8 57 b1 ed ab 93 f0 f8 f8 7e 33 f6 0f dd 82 02 aa 55 ef d4 ec 9b 2f 2f 2f b5 0b ac 6a 83
00:aa 19 30 91 01 38 00 00 00 a8 2a f5 0b ac 6a 8b 00 00 23 55 ab 93 09 7b 09 2f bf 55 8b 93 29 7b 7f e8 80 e8 cb 93 4a 83 55 a0 00 80 ab 93 09 7b fd 02 00 02 8b 93 6a 83 56 fe a9 55 8b 93 4a 83
00:aa 19 68 91 01 38 00 00 00 80 d5 55 6a 8b e9 72 2b ab ab 95 a8 6a 05 5a 0a 0a 0b 25 06 5a 02 39 09 09 0b ab 21 08 00 00 ff 3f 3f 3f 00 00 00 00 00 00 00 00 00 00 00 00 00 00 00 00 00 47 c0 00
00:aa 19 a0 91 01 38 00 00 00 00 00 00 0f fe 00 00 00 00 00 00 ff f0 00 00 00 00 00 0f ff 00 00 00 00 00 01 ff f0 00 00 00 00 00 1f ff 80 00 00 00 00 01 ff b8 00 00 00 00 00 1f fb 80 00 00 00 00
00:aa 19 d8 91 01 38 00 00 01 ff f8 00 00 00 00 00 1f ff 80 00 00 00 00 00 ff f8 00 00 00 00 00 0f ff 80 00 00 00 00 00 ff fc 00 00 00 00 00 0f ff f0 00 00 00 00 00 7f ff c0 00 00 00 00 07 ff fe
00:aa 19 10 92 01 38 00 00 00 00 00 00 00 3f ff f0 00 00 00 00 03 ff ff c0 00 00 00 00 1f ff fe 00 00 00 00 00 ff ff e0 00 00 00 00 07 ff f7 00 00 00 00 00 7f ff f0 00 00 00 00 0f ff ff 00 00 00
00:aa 19 48 92 01 38 00 00 00 00 ff ff f8 00 00 00 00 0f ff ff 80 00 00 00 00 ff ff fc 00 00 00 00 0f ff ff c0 00 00 00 00 ff ff fe 00 00 00 00 0f ff ff e0 00 00 00 00 ff ff fe 00 00 00 00 0f ff
00:aa 19 80 92 01 38 00 00 ff e0 00 00 00 01 ff ff ff 00 00 00 00 00 00 00 00 00 00 21 08 00 00 ff ff ff e8 84 49 00 00 55 55 55 68 a4 51 00 00 55 55 5f 00 e5 59 00 00 55 55 ff 00 a8 72 00 00 55
00:aa 19 b8 92 01 38 00 00 55 f5 0d e6 81 00 00 57 78 70 70 07 a2 c3 48 55 aa 00 00 27 92 61 18 d5 2f 02 00 27 92 41 10 55 55 aa 00 27 92 61 18 55 7e 80 00 ea aa 84 41 5f ea 0a 0a 07 a2 c8 72 57
00:aa 19 f0 92 01 38 00 00 ea 00 00 07 a2 07 8a 55 f8 00 00 c9 aa e6 81 f5 05 8d ad 8b 93 e6 79 b5 95 54 5c 6b 8b 00 00 55 d5 35 25 07 8a 20 08 58 5c 56 57 07 a2 04 59 00 aa fe 5e 07 a2 07 8a ff
00:aa 19 28 93 01 38 00 00 7e 7c f0 a9 ca 07 a2 55 55 57 50 a9 ca 07 aa 6a 40 80 00 a9 ca a9 aa 57 90 00 00 a9 ca 27 aa b5 00 00 00 c9 da 88 aa 55 b5 a9 4d 6d bc 27 aa 5c dc ff ff 6d b4 0a ab 10
00:aa 19 60 93 01 38 00 00 10 58 59 0c a4 e2 28 bd b9 23 02 41 08 00 00 ff fb fb 3f c5 61 00 00 55 55 57 5c 07 92 e2 38 60 60 80 80 a9 ca 07 a2 55 57 56 58 a9 ca 27 aa 60 00 00 00 0c dc a9 ca 55
00:aa 19 98 93 01 38 00 00 55 17 10 a9 ca 00 00 00 00 00 00 a9 ca 00 00 00 00 00 00 a9 ca 47 b2 0a 04 00 00 a9 ca ea aa ad 82 00 00 ae cc 0a ab 41 63 50 54 8d c4 ab 93 c5 87 2c 3a 09 7b 20 08 d5
00:aa 19 d0 93 01 38 00 00 95 15 35 20 08 00 00 ff ff ff fe c6 79 61 18 58 60 c0 c0 07 aa 27 92 5a 6a 6a a8 a9 ca 07 aa 70 70 40 00 e9 ea a9 ca 55 55 54 60 e9 e2 88 c2 18 df 02 00 e9 ea a9 ca 55
00:aa 19 08 94 01 38 00 00 5a e0 00 e9 ea a9 ca 95 02 00 00 e9 e2 8e d4 00 00 3e 01 e9 ea a9 ca 4d cd 25 15 a9 ca ab ab 0d 03 00 00 6d b4 27 92 0b 8a e2 fd 4a a3 00 08 25 25 2d ad c2 30 00 00 57
00:aa 19 40 94 01 38 00 00 57 56 54 27 92 85 59 68 e8 e8 e8 a9 ca 07 a2 56 54 54 49 a9 ca 00 00 00 00 00 00 e9 ea a9 ca 60 60 80 00 e9 ea 6d d4 00 00 30 c7 e9 ea c9 da 00 00 00 40 e9 ea 00 00 00
00:aa 19 78 94 01 38 00 00 00 00 00 e9 ea a9 ca 38 03 03 01 e9 e2 a9 ca 15 d5 15 55 a9 ca 00 00 00 00 00 00 c9 c2 a9 a2 3d 3d 1d 3d a9 a2 20 10 ad 25 25 25 20 08 00 00 ff bf 3f 3f 64 49 00 00 54
00:aa 19 b0 94 01 38 00 00 5c 5c 5c 88 aa e6 81 5c 5c 5c 5e a9 ca 27 aa 64 48 54 5c c9 da a9 ca 54 54 54 54 e9 ea 00 00 00 00 00 00 e9 ea 0f e5 f7 28 00 00 e9 ea a9 ca 00 00 80 40 e9 ea 00 00 00
00:aa 19 e8 94 01 38 00 00 00 00 00 0a eb 68 ba 23 21 01 2f 0a eb a9 ca 55 27 1e 19 a9 ca 68 9a b5 bd 2f 0f 27 92 00 08 2d 2d 0d 2d 20 08 00 00 3f 3f ff ff 24 61 00 00 5c 5c 5c 5c 07 aa e6 81 5c
00:aa 19 20 95 01 38 00 00 5c 5c 5c a9 ca 07 aa 5c 5c 5c 58 e9 e2 a9 ca 57 56 54 56 e9 ea a9 ca 00 02 3d 5d e9 e2 8d dc 00 00 00 63 e9 ea c9 da 00 00 b0 70 e9 ea 00 00 00 00 00 00 e9 ea a9 d2 25
00:aa 19 58 95 01 38 00 00 06 00 00 e9 e2 a9 ca 56 96 95 0d a9 ca 07 a2 0d 05 09 02 27 9a 20 08 2d 2d 2d 25 20 08 00 00 cf ef cf cf 23 41 00 00 5c 54 54 56 27 92 a5 71 f0 f0 7e 7e 6d b4 68 9a 7f
00:aa 19 90 95 01 38 00 00 75 58 60 70 e5 a9 ca 55 7e 80 00 d2 ed a9 ca 55 aa 00 00 d2 ed aa ab d6 aa 00 ad 0f d5 46 62 ea 00 2a d5 e9 ea ec 9b 80 bf 55 55 e9 ea 6d bc 05 d5 55 55 a9 ca 6d bc 00
00:aa 19 c8 95 01 38 00 00 40 40 78 a9 ca 27 aa 00 00 00 09 c9 da 68 aa a9 a9 95 15 e6 91 00 08 2d 0d 0d 0d 20 08 00 00 0f 3f 3f 3f 21 08 00 00 fc fc fe fe 87 6a 43 41 e8 eb 6d 6f 8a 8b e2 38 00
00:aa 19 00 96 01 38 00 00 fe 55 ff 50 e5 05 52 80 e8 5e 5f 70 e5 ec 9b 00 2a e8 60 ae cc 26 5a 2d 2f 2b 0b 29 7b 26 62 5c a0 b5 a9 0d 9c 87 6a 00 80 7f 57 6d b4 ec 9b 58 f0 70 70 6d b4 4a ab 01
00:aa 19 38 96 01 38 00 00 00 02 0a c9 a2 eb 9b 00 60 5c 5c c9 c2 e6 81 aa a8 5e 55 07 a2 41 10 0d 0d 0d 0d 20 08 00 00 3f 3f 3f 3f e5 59 00 00 80 c0 c0 60 09 7b c5 51 57 5d 73 60 ab 93 67 62 5f
00:aa 19 70 96 01 38 00 00 7f 6b 82 d2 ed a7 6a 60 70 78 78 d2 ed ab 93 25 2d 2f 2b 4d ac 09 7b 73 fa fe ae 6d b4 e8 72 7a a0 a0 a0 ce d4 2d a4 7f fb e0 00 8e c4 eb a3 2d 8d 2b 0b 8b 93 09 7b 09
00:aa 19 a8 96 01 38 00 00 a9 a9 2b 8e bc 29 83 4d 41 62 70 50 e5 20 10 fd ad 0d 0d 00 00 00 00 00 00 00 00 67 62 20 08 70 58 58 5c 4a 83 46 62 78 7a aa 00 ab 93 4a 83 81 6b 6b 0b d2 ed 49 83 78
00:aa 19 e0 96 01 38 00 00 78 78 70 d2 ed 0f dd 35 0f 3f 3f 70 e5 4c b4 bd 00 00 00 50 e5 4c b4 7f aa 28 28 d2 ed ce d4 7a aa a2 80 0f dd 4d b4 b5 25 25 25 0c ac ab 93 bd 3d 15 35 ef d4 4a 83 58
00:aa 19 18 97 01 38 00 00 5a 5e 55 8e c4 e3 30 0d 0d af ab 64 41 20 08 55 55 d5 15 46 62 00 00 5c 5c 54 54 ec 9b c8 72 e0 e0 e0 78 2d a4 6a 8b ad 0d 2d b5 d2 ed 6a 93 70 70 70 e0 d2 ed 70 e5 d5
00:aa 19 50 97 01 38 00 00 c9 95 15 70 e5 ee d4 00 c0 50 3e 70 e5 ce d4 10 1e 15 a5 d2 ed 2c b4 80 82 ea f5 ce d4 2d a4 2b 2d bd ff 6d b4 6a 8b bd ad ad 2d 6a 83 09 7b ec 98 58 58 6a 8b c8 72 0d
00:aa 19 88 97 01 38 00 00 0d 09 09 66 62 20 08 95 25 2d 0b 20 08 00 00 cf cf cf 3f 44 41 00 00 54 56 57 57 8a 8b 26 5a e0 e0 7a 5e ab 93 09 7b 0a aa e5 f5 91 e5 29 7b e0 c0 60 5e d2 ed 6a ab 0b
00:aa 19 c0 97 01 38 00 00 25 ba fe 50 e5 0c bc 78 58 e8 a8 70 e5 ce d4 25 29 01 0d ce d4 2d a4 2d 2d f5 55 0b ac 2d a4 aa aa fd 55 6d b4 09 7b 2d 2d 2d b5 4a 83 09 7b 5c 5f 4f cb 4a 83 87 6a 03
00:aa 19 f8 97 01 38 00 00 01 0d 2d 87 6a 06 5a 95 da 6a 88 a7 6a 41 18 d5 0b 00 00 87 6a 00 00 55 55 bd 0a 41 10 00 00 ff bf ef 2b 46 62 20 08 c0 60 78 58 6a 8b a8 6a c2 c0 60 7a 2d a4 c8 72 5e
00:aa 19 30 98 01 38 00 00 fe e8 aa 8d c4 4d ac 7c 7e fc 55 ce d4 eb a3 80 82 bd 55 50 dd ab 93 09 b5 5f ff 2d a4 ab 93 60 8b 0d 35 ec 9b 09 7b 00 aa bd d5 ab 93 09 7b 35 d5 55 55 cb 93 4a 83 5d
00:aa 19 68 98 01 38 00 00 5d 5a 63 4a 83 67 62 2d ad ad 3d c8 72 87 62 6c 7c d8 68 4a 83 e8 7a 5f 5f 7c c0 8a 93 a8 6a f5 ab aa 00 09 7b 41 10 ad 0a 00 00 c8 72 20 08 55 b5 0b 00 c5 51 20 08 55
00:aa 19 a0 98 01 38 00 00 55 55 35 64 41 00 00 58 5c 57 55 a7 6a 81 28 80 a8 ea 7a 49 83 06 5a 00 5e 78 f8 8e c4 6a 8b 5f 78 e0 7f ae cc 2c ac 6b 03 36 57 8d bc 2d a4 ab ab 29 25 cb 93 09 7b 0b
00:aa 19 d8 98 01 38 00 00 0b 2f ad 09 7b c8 6a 09 0d 25 25 09 7b c8 6a 50 50 5c 50 cb 9b 09 7b c2 c3 8b 89 09 7b 67 62 25 25 25 35 4a 83 87 6a 7e 78 78 70 ec 9b 6a 8b 5f 7a e8 a8 0b ac ab 93 55
00:aa 19 10 99 01 38 00 00 ff 80 00 0b ac ab 93 55 fd 02 00 0b ac 4a 83 fd ff aa 02 cb 93 e5 51 b5 2d 0b 02 09 7b 20 08 55 55 b5 25 64 41 20 08 60 58 56 55 e8 72 03 39 a0 e0 68 78 09 7b 06 5a 02
00:aa 19 48 99 01 38 00 00 25 25 bc 6d b4 09 7b 68 60 60 80 6d b4 ab 93 09 0d 0d ad 6a 8b c8 72 2f 2d 25 a5 c8 6a 46 62 00 00 0f b7 09 7b a7 6a e8 7c 7e e8 6a 8b c8 6a 0b 8b df de 09 7b 67 62 35
00:aa 19 80 99 01 38 00 00 3d 35 37 6a 8b 87 6a 78 78 7a fe ab 93 09 7b 00 80 a0 7d eb 9b 6a 8b 00 bf 55 57 cb 9b 6a 8b 00 fe 55 55 0b ac 4a 83 80 aa ff 55 cb 9b 6a 8b 03 0b 0f fd 4a 83 05 52 25
00:aa 19 b8 99 01 38 00 00 2d 0b 0b a4 49 00 08 55 d5 35 0d 20 08 00 00 fc ff ff ff 05 5a 20 08 e0 60 78 5a c8 72 a4 49 00 88 ff 55 2d a4 a8 6a 00 ea 7e 55 0c 9c e8 72 02 ab fd 55 e8 7a a4 49 0b
00:aa 19 f0 99 01 38 00 00 2d bd d5 67 62 c4 51 fc 5c 5c 5c e8 72 67 62 80 aa ac 5a 6a 8b c8 72 57 5e 5e f8 ab 93 a7 6a d7 ff aa 00 8b 93 09 7b 55 55 aa 00 ab 93 09 7b 57 5a e8 00 0b ac ab 93 55
00:aa 19 28 9a 01 38 00 00 70 80 00 0b ac ab 93 55 03 00 00 0b ac 6a 8b 55 d5 2d 03 ab 93 09 7b ff a7 bd 25 4a 83 09 7b 25 55 55 59 4a 83 e5 51 b5 a9 02 00 29 83 20 08 55 55 b5 2d 20 08 00 00 ff
00:aa 19 60 9a 01 38 00 00 ff 3f cf 43 41 00 00 5c 56 55 55 43 41 20 08 02 aa 57 55 46 62 81 28 e0 fa 5f 57 26 5a e2 38 02 af 7f 55 a4 49 43 41 bc fc 7c 7c 67 62 c5 51 78 7e 5c 78 4a 83 67 62 5f
00:aa 19 98 9a 01 38 00 00 7e 78 e0 eb a3 4a 83 5e 7a e8 80 0b ac cb 93 7d ff e0 29 eb a3 ab 93 ff 75 7c 80 4d b4 eb a3 7f ff ff c2 0b ac eb a3 01 00 00 00 6d b4 eb a3 df ff fc fc 4d b4 eb a3 fd
00:aa 19 d0 9a 01 38 00 00 ff 3f 0f 0b ac ab 93 f5 fd 00 00 0b ac 4a 83 55 d7 3f 02 ab 93 6a 8b 55 5e 26 00 6a 8b a2 28 09 02 00 00 29 83 20 08 55 d5 95 25 20 08 00 00 fc bf af e3 20 08 00 00 ff
00:aa 19 08 9b 01 38 00 00 ff cb cc c2 30 00 00 5c 56 57 55 e2 38 81 20 00 00 80 c0 a4 49 e2 38 68 78 58 70 09 7b 05 5a 5f 5e 7e f8 0b ac 09 7b 5e 7a 78 e0 0c ac 0b ac ff ff ff ef 8d c4 eb 9b fd
00:aa 19 40 9b 01 38 00 00 ff fe a0 ce d4 0c ac 55 7a ea 68 ce d4 2c ac 6a aa 80 00 ce d4 0c ac d5 ab aa 00 ae c4 6d bc 56 6a aa 2a 8d c4 6d b4 55 29 00 00 8d c4 2c ac 55 dd 2b 00 2c ac 0b ac ff
00:aa 19 78 9b 01 38 00 00 ff 3f 0f 0b ac eb 9b 25 02 00 00 0b ac ab 93 55 fd 3f 3f ab 93 20 08 2d 09 0b 02 20 08 00 00 c8 f2 f8 3c a2 28 20 08 55 55 56 54 43 41 c2 30 7f 4f fc 80 06 5a e2 38 78
00:aa 19 b0 9b 01 38 00 00 60 e0 80 8b 93 87 6a 5e 78 78 70 8d bc cb 9b 5f 7e 7e f8 8d c4 4d b4 6f 40 80 00 ce d4 8e c4 55 55 50 e0 d2 ed ce d4 55 56 5a 78 95 f6 70 e5 55 7f ff a0 d2 ed ce d4 bd
00:aa 19 e8 9b 01 38 00 00 a9 09 0a ef dc 8d c4 ad fb a7 0b ce d4 8e c4 a5 95 95 35 8d c4 00 00 00 00 00 00 8d c4 6d b4 95 05 0a 00 4d b4 0b ac 25 05 02 00 cb 9b e9 72 29 2b 02 02 a8 6a 20 08 d5
00:aa 19 20 9c 01 38 00 00 95 35 25 20 08 00 00 3c bf 3f cf e2 38 00 00 5c 50 70 70 05 5a e2 38 5c 78 78 5c e8 72 06 5a 57 5f 5e 78 eb 9b 29 7b 78 78 60 60 8d bc 0c ac 58 78 a0 a0 ce d4 8d c4 57
00:aa 19 58 9c 01 38 00 00 58 c0 c0 70 e5 ce d4 55 56 5c 70 95 f6 70 e5 5e 7c 78 f0 95 f6 00 00 00 00 00 00 d2 ed 70 e5 15 1d 19 11 0f dd ae cc 0f bf bd bd ce d4 8e c4 16 d5 55 55 8e c4 8d bc a6
00:aa 19 90 9c 01 38 00 00 2f 2a 2a ce d4 8d c4 55 55 73 01 ae cc 8d bc d5 fd ff 3f 6d b4 0b ac 35 35 08 0c 0c ac ab 93 3d 2d 0d 0d 4a 83 61 18 25 2d 0d 0b 20 08 00 00 cf eb fb 33 20 08 00 00 ff
00:aa 19 c8 9c 01 38 00 00 ff ff fc 43 49 41 10 6a 60 e0 80 05 5a 23 39 7c fc f8 f8 09 7b 05 5a 78 68 e8 e8 2c ac 6a 8b 78 78 78 78 8d c4 6d b4 70 70 60 40 ce d4 8e c4 40 40 40 40 b2 ed ce d4 78
00:aa 19 00 9d 01 38 00 00 7a 7a 7a 95 f6 d2 ed 50 50 58 57 95 f6 f3 f5 00 00 03 01 d2 ed 70 e5 10 14 15 05 70 e5 ce d4 15 15 15 35 ae cc 8d c4 55 55 55 95 2f dd 8d c4 d7 77 57 5c 70 e5 ce d4 55
00:aa 19 38 9d 01 38 00 00 03 00 00 50 e5 8d c4 dd fd 3f 09 8d c4 4d b4 95 95 25 05 0c ac cb 93 2d 0d 03 03 6a 8b 06 5a 2d 0d 09 0b 84 49 00 08 d5 95 35 2d e2 30 00 00 57 56 54 54 64 49 43 41 7a
00:aa 19 70 9d 01 38 00 00 7a 78 70 05 5a a4 49 5c 5c fc fc 4a 83 67 62 78 78 78 78 2c ac 6a 8b 60 60 60 60 8d c4 6d b4 70 70 70 50 ce d4 8d c4 40 40 60 58 70 e5 ce d4 50 56 57 55 d2 ed ce d4 80
00:aa 19 a8 9d 01 38 00 00 a0 f8 55 d2 ed 70 e5 00 00 a0 54 d2 ed 70 e5 09 01 00 00 d2 ed ce d4 b5 fd bd 29 ce d4 6d b4 3f 0f 2d 2d 2f dd 2c ac f8 58 58 5c d2 ed 91 e5 40 00 00 40 d2 ed ce d4 a9
00:aa 19 e0 9d 01 38 00 00 29 25 25 8d c4 6d b4 01 02 01 09 6d b4 eb a3 bd 3d 3d bd cb 93 c8 72 2d 2d 29 29 26 5a 41 18 2d 09 0b 0a 81 20 00 00 55 55 f5 15 43 41 00 00 5c 5c 5c 5c 05 5a 84 49 5f
00:aa 19 18 9e 01 38 00 00 5f 7f fc 05 5a c4 51 54 54 54 0f 4a 83 05 5a f8 f8 f8 78 0c ac 8b 93 70 70 70 78 6d b4 0c ac 40 40 55 55 ae cc 2c ac a0 aa 5f 55 ae cc 2c ac 28 aa 7a 7a ce d4 8d c4 00
00:aa 19 50 9e 01 38 00 00 c0 54 78 d2 ed 70 e5 56 56 54 70 d2 ed d2 ed 00 00 00 00 b1 ed ce d4 2d a9 a5 a5 8e c4 eb a3 02 0b 0f 0d ae cc cb 9b f0 f8 fa 7e 70 e5 8d c4 00 f8 5f 55 70 e5 8e c4 0f
00:aa 19 88 9e 01 38 00 00 25 f5 55 8e c4 6d b4 ad 2b 2f 55 4d b4 cb 9b a9 a9 0d 25 cb 93 e8 7a 29 2d 2d 2d 87 6a c4 51 35 35 2f 27 05 5a 20 08 d5 15 35 25 84 49 00 00 5c 58 58 58 05 5a c4 51 5c
00:aa 19 c0 9e 01 38 00 00 50 50 5c 05 5a e5 51 a9 aa aa ab 4a 83 05 5a 78 78 78 78 eb a3 4a 83 e0 ea ff f5 0b ac 4a 83 00 fe ff 5f 0b ac ec a3 aa aa a9 aa 8d c4 2c ac 7f 56 5c c0 70 e5 8d c4 7c
00:aa 19 f8 9e 01 38 00 00 78 78 f8 d2 ed 70 e5 40 00 00 05 d2 ed 70 e5 01 09 15 55 0f dd 8d c4 0b 2d a5 a5 6d bc 6a 8b 2b 2d 2d 25 2c ac ab 93 70 78 5f 55 6d b4 cb 9b 00 a0 ff 55 6d b4 ec 9b 00
00:aa 19 30 9f 01 38 00 00 82 ff 55 2c ac 8b 93 0a 20 aa d5 0c a4 6a 8b 0a 03 2f e5 8b 93 09 7b 2d ad bd bd a7 6a c4 51 25 2f 2f 2f e5 51 20 10 0d 09 03 02 41 18 00 00 5d 5d dd 1d 43 41 20 08 58
00:aa 19 68 9f 01 38 00 00 58 58 58 05 5a 84 49 7c 7c 74 57 26 5a e5 59 fd ff ff f8 c8 72 e5 51 60 e0 a0 80 29 83 a8 6a 0a aa ff 57 cb 9b 09 7b 78 78 78 e0 4d b4 eb a3 7c fc fc f0 91 e5 8d c4 55
00:aa 19 a0 9f 01 38 00 00 57 5e 70 d2 ed ce d4 7a ea 8a 02 70 e5 ce d4 00 00 00 35 70 e5 ce d4 03 95 d5 55 ce d4 6d b4 0f 27 25 3d 0b a4 67 62 0b 2f 2f 25 6a 8b 67 62 80 ea ff 5f 8a 93 c8 72 00
00:aa 19 d8 9f 01 38 00 00 aa 7f 55 ab 93 09 7b 28 ff 5d 5d 8b 93 09 7b a8 fa 7a 7e 8b 93 4a 83 09 25 a3 a0 4a 83 e8 7a 2d 2d 0d 0d c8 72 26 5a b5 35 3d 3d 05 5a 84 49 3d 3d 2f 0f 64 49 20 08 d5
00:aa 19 10 a0 01 38 00 00 95 95 35 03 39 00 00 58 5c 56 57 a4 49 e2 38 a0 a8 e0 68 c8 6a 06 5a 5e 5c 58 70 c8 6a 66 62 03 0b 09 2d 4a 83 67 62 5e 5e 78 60 4d b4 6a 8b 7e 7a ea a0 71 e5 0b ac 7f
00:aa 19 48 a0 01 38 00 00 fe f8 f8 95 f6 ce d4 78 e0 80 00 95 f6 ee d4 0b 0b 0f 2d 70 e5 ce d4 15 d5 55 55 ce d4 8e c4 02 03 0d 15 ae cc 2c ac a9 8d ad a5 cb 9b 87 6a 25 35 35 b5 c8 6a 67 62 70
00:aa 19 80 a0 01 38 00 00 c0 00 00 09 7b c8 72 7c 5c 78 40 6a 8b 09 7b 59 e7 c8 80 ab 93 09 7b 5f eb 80 00 ab 93 6a 8b 7b 7a f8 00 6a 8b 09 7b ad a9 29 0b 09 7b 67 62 95 b5 25 2d 46 62 e5 51 fd
00:aa 19 b8 a0 01 38 00 00 3d 2f 0f c5 51 20 08 35 25 2d 0d 20 08 00 00 ff f3 f3 f3 41 10 00 00 fc bc fc f8 e5 59 e2 38 5e 5e 5e 5c a7 6a 05 5a 60 ea ea ea a7 6a 26 5a af 96 54 58 eb 9b a8 6a 78
00:aa 19 f0 a0 01 38 00 00 e8 e0 e0 ce d4 2c ac 5e 7a 78 e8 95 f6 ce d4 58 70 60 c0 95 f6 71 e5 00 00 00 01 33 ee 8d c4 2f 25 95 d5 ae cc 8d bc 0f ff ff f4 ae cc 6d b4 8a aa 29 a9 8d bc 6a 8b 2b
00:aa 19 28 a1 01 38 00 00 29 ad ad e9 7a 26 5a 2f 3f 9f d5 c8 6a 66 62 00 80 c0 70 09 7b e8 7a 60 60 60 5c ab 93 4a 83 7a 7a 78 5e 2d a4 ab 93 7f ff e2 f0 ec 9b ab 93 bd bd b5 25 cb 93 4a 83 bd
00:aa 19 60 a1 01 38 00 00 b2 ad ad 09 7b a7 6a 3d 2d 2d 2d 67 62 05 5a 0d 09 03 03 e5 59 61 18 09 09 09 03 20 08 00 00 f3 f3 f3 b3 a2 28 00 00 57 56 5c 58 67 62 23 41 5e 58 78 78 67 62 05 5a 01
00:aa 19 98 a1 01 38 00 00 0d 0d 02 09 7b 05 5a 7c 7c 78 f8 4d ac 6a 8b 78 78 78 70 ce d4 6d b4 78 70 70 f0 95 f6 70 e5 f0 fa 7f 55 34 f6 8d c4 0b 2d b5 d5 8d c4 00 00 00 00 00 00 8e c4 8d bc ba
00:aa 19 d0 a1 01 38 00 00 98 9a 9a 8d bc 0c ac 02 2d 2d 25 eb 9b 67 62 0b 09 2d 25 e5 59 a4 49 3c 3f ff ff a7 6a c5 51 e8 fa 7a 5e 09 7b 87 62 f8 7c 7f 57 6a 8b e8 72 b8 f8 fe 5f ec 9b 6a 8b e0
00:aa 19 08 a2 01 38 00 00 ea 7a 5e 2d a4 ab 93 fd ff cf 8b cb 93 4a 83 ad 29 29 29 09 7b c8 72 35 35 3d 0d c8 72 67 62 95 a5 89 8d 46 62 23 39 29 29 2b 2b 81 20 00 00 55 d5 d5 15 23 39 20 08 5c
00:aa 19 40 a2 01 38 00 00 5c 5c 5c 46 62 64 41 60 60 60 60 c8 6a 67 62 55 55 55 c1 4a 83 67 62 5c 58 58 78 6d b4 ab 93 70 60 60 60 70 e5 8d c4 78 78 78 78 70 e5 ce d4 02 0d 05 0d ce d4 8d c4 15
00:aa 19 78 a2 01 38 00 00 55 55 55 8d c4 00 00 00 00 00 00 8d c4 4d b4 30 33 39 95 6d b4 8a 8b 2a 2b ad ad 8b 93 c5 51 2d 35 b5 b5 c4 51 a4 49 9e aa aa 00 05 5a a4 49 f8 fe ff f5 67 62 c5 51 e0
00:aa 19 b0 a2 01 38 00 00 fc 5f 57 e8 7a 26 5a b8 f8 5f 5f 8b 93 87 6a e0 e0 e8 7a 0d 9c ab 93 c3 ff 5f 55 ab 93 4a 83 0b 21 3a b6 6a 83 c8 72 bd 3d 0f 0d c8 6a 67 62 35 05 05 05 66 62 c5 51 35
00:aa 19 e8 a2 01 38 00 00 35 3d 3d e2 38 20 08 95 95 15 15 20 10 00 00 fe fe ff ff 43 41 00 00 78 78 78 78 c8 6a a4 51 68 e8 e8 e8 09 7b a7 6a fd bd 2d fd 6a 8b 67 62 78 78 70 78 6d b4 ab 93 60
00:aa 19 20 a3 01 38 00 00 e0 e0 58 d2 ed 8d c4 78 e0 e0 7f 70 e5 0c a4 0b 0b 0f b5 6d b4 ab 9b 00 00 00 55 4d b4 8a 8b 00 00 00 fd 4d b4 6a 83 0a 0a 0f f5 eb 9b 87 6a 0a 0b 2f fd c8 6a 05 5a 25
00:aa 19 58 a3 01 38 00 00 2f 00 a8 c8 6a 05 5a 55 ea 00 02 09 7b 05 5a 55 aa 80 aa 09 7b e5 59 55 aa 00 00 09 7b 05 5a 5f aa 00 00 4a 83 c8 72 70 57 57 d5 8b 93 c8 72 a8 ea ff 55 6a 8b c8 72 0a
00:aa 19 90 a3 01 38 00 00 00 ea 55 4a 83 87 6a 0b 2b af f5 a8 6a 05 5a 2a 0a 2a ad 46 62 a4 49 af 2f af bd 43 41 00 00 95 35 35 35 00 00 00 00 00 00 00 00 00 00 00 00 00 00 00 00 00 07 1c 00 00
00:aa 19 c8 a3 01 38 00 00 00 00 00 00 7f f0 00 00 00 00 00 0f ff 80 00 00 00 00 00 ff f8 00 00 00 00 00 0f ff 80 00 00 00 00 01 ff f8 00 00 00 00 00 1f ff 80 00 00 00 00 01 ff f8 00 00 00 00 00
00:aa 19 00 a4 01 38 00 00 1f ff 80 00 00 00 00 01 ff f8 00 00 00 00 00 1f ff 80 00 00 00 00 00 ff f8 00 00 00 00 00 0f ff 80 00 00 00 00 00 ff fc 00 00 00 00 00 0f ff f0 00 00 00 00 00 7f ff c0
00:aa 19 38 a4 01 38 00 00 00 00 00 00 07 ff fe 00 00 00 00 00 3f ff f0 00 00 00 00 01 ff ff 80 00 00 00 00 1f ff fc 00 00 00 00 00 ff ff e0 00 00 00 00 1f ff fe 00 00 00 00 01 ff ff e0 00 00 00
00:aa 19 70 a4 01 38 00 00 00 1f ff ff 00 00 00 00 01 ff ff f8 00 00 00 00 3f ff ff 80 00 00 00 03 ff ff fc 00 00 00 00 3f ff ff c0 00 00 00 01 ff ff fc 00 00 00 00 1f ff ff e0 00 00 00 00 ff ff
00:aa 19 a8 a4 01 38 00 00 fe 00 00 00 00 0f ff ff e0 00 00 00 00 ff ff fe 00 00 64 61 00 00 55 55 55 e0 a5 71 20 00 55 55 55 0b 20 08 00 00 ff ff ff 0f 20 08 00 00 ff ff ff f0 41 10 00 00 ff ff
00:aa 19 e0 a4 01 38 00 00 ff 08 41 10 00 00 ff ff ff 03 27 9a 82 20 e0 40 60 60 07 aa 27 9a a5 aa aa aa 07 a2 41 10 ad 02 00 00 07 92 00 00 55 bf 02 00 27 92 20 08 55 fe 80 00 ea aa e3 30 57 aa
00:aa 19 18 a5 01 38 00 00 a0 00 68 aa 05 5a 57 0a 00 00 27 aa e6 61 55 aa aa 00 ea aa a4 59 55 fb 82 a0 2a 8b c2 30 55 a3 a2 a2 46 6a 20 08 55 55 d5 25 00 00 00 00 00 00 00 00 27 92 20 08 70 5a
00:aa 19 50 a5 01 38 00 00 57 55 27 92 e2 38 00 aa 7e 58 27 9a c6 81 0a 6a aa a0 88 c2 27 92 5f 5f af ac a9 ca 07 aa 57 78 00 00 6d cc c9 ca 55 52 55 55 a9 ca ea aa 5a 00 00 00 a9 ca a9 aa d5 02
00:aa 19 88 a5 01 38 00 00 00 00 ea aa 27 aa 94 2d 80 ac ae d4 c6 81 55 f5 82 ea 2c a4 81 18 ad 89 0b 0a 20 08 00 00 fb f2 fc 3e 00 00 00 00 00 00 00 00 c6 79 00 00 55 57 5e 58 07 92 81 20 60 80
00:aa 19 c0 a5 01 38 00 00 00 00 a9 ca 07 a2 55 55 57 50 a9 ca 07 aa 60 40 80 00 a9 ca 00 00 00 00 00 00 6d e4 a9 ca 55 55 95 98 c9 da a9 ca 55 55 56 55 a9 ca a9 ca 00 00 00 00 a9 ca 47 aa 07 00
00:aa 19 f8 a5 01 38 00 00 00 00 a9 ca ea aa 55 d5 35 02 ce d4 ec 9b b5 bd 19 29 4a 83 00 00 d5 95 95 35 20 08 00 00 fe fc fc fc 07 8a 20 08 78 e0 80 80 47 b2 27 92 76 78 58 78 c9 d2 68 ba 7a 2a
00:aa 19 30 a6 01 38 00 00 2a 6a e9 e2 a9 ca 55 57 d0 e0 e9 ea a9 ca 55 c3 05 0d 4d e4 a9 ca b0 57 55 55 e9 ea a9 ca 5c a0 50 60 e9 ea 00 00 00 00 00 00 e9 ea a9 ca 05 00 00 00 e9 ea a9 ca 55 d5
00:aa 19 68 a6 01 38 00 00 01 09 8d bc c9 b2 c2 42 62 7a ec 9b 00 00 35 35 25 0d 00 00 00 00 00 00 00 00 a5 61 20 08 57 56 56 54 07 aa e6 61 7e fe f8 e8 a9 ca 07 aa 55 55 55 53 c9 da 27 aa 6a 6a
00:aa 19 a0 a6 01 38 00 00 e8 00 e9 ea a9 d2 c0 70 83 00 e9 ea a9 ca 05 02 00 00 e9 e2 ce d4 00 00 20 54 e9 ea a9 ca 40 80 00 00 e9 ea c9 d2 06 06 00 00 e9 ea 4a e3 9a a5 aa aa e9 ea a9 ca 01 8d
00:aa 19 d8 a6 01 38 00 00 d5 15 a9 ca 0a ab 05 01 01 01 2a ab 00 00 0d 0d 2d 2d 00 00 00 00 00 00 00 00 c5 69 00 00 5c 5c 5c 5c 07 aa e6 81 7c 78 78 78 a9 d2 07 aa 51 5b 55 55 0a e3 47 b2 28 20
00:aa 19 10 a7 01 38 00 00 68 a8 e9 ea 00 00 00 00 00 00 e9 ea 00 00 00 00 00 00 2a e3 50 dd ef 96 00 00 e9 ea 00 00 00 00 00 00 e9 ea 00 00 00 00 00 00 e9 ea ab db 00 00 80 b1 e9 e2 a9 ca 15 15
00:aa 19 48 a7 01 38 00 00 95 95 a9 ca ea aa 01 01 05 0f ea aa 00 00 2d 0d 0d 2d 00 00 00 00 00 00 00 00 c5 69 00 00 5c 5c 5c 5c 07 a2 07 8a c0 c0 60 70 a9 ca 07 aa 57 57 57 54 e9 ea a9 ca 50 5c
00:aa 19 80 a7 01 38 00 00 58 50 e9 ea 00 00 00 00 00 00 e9 ea 00 00 00 00 00 00 e9 ea a9 ca 00 00 00 18 e9 ea 00 00 00 00 00 00 e9 ea 00 00 00 00 00 00 e9 ea a9 ca 02 16 0f 00 e9 ea a9 ca 95 95
00:aa 19 b8 a7 01 38 00 00 d5 15 a9 ca 47 aa 01 02 01 01 07 a2 20 08 2d 25 25 35 00 00 00 00 00 00 00 00 a5 69 20 08 5c 54 56 56 07 a2 c6 79 70 58 5a 5f 6d b4 07 a2 56 57 5e 60 50 dd 2a bb d5 55
00:aa 19 f0 a7 01 38 00 00 e0 80 d2 ed 2a db 55 55 00 00 d2 ed c9 da 57 f5 00 00 95 f6 c9 ca df df a2 00 e9 e2 b2 dd 00 00 ff 5f e9 ea 4d b4 00 00 e8 55 e9 ea ae cc 00 00 3e 55 e9 ea a9 ca 15 15
00:aa 19 28 a8 01 38 00 00 55 95 a9 ca e9 b2 01 01 01 03 47 9a 00 08 35 35 35 25 00 00 00 00 00 00 00 00 03 39 00 00 54 54 56 56 e8 7a 06 5a 78 63 6d 6d 6a 8b 03 39 00 f7 55 ea 91 e5 26 5a a0 7e
00:aa 19 60 a8 01 38 00 00 55 55 d2 ed ab 93 00 80 78 5e d2 ed ae c4 00 0b a9 89 50 dd c8 72 0b d5 d5 bd 0c 9c a8 6a f5 58 f0 5e 2d a4 e9 72 78 ae 00 f8 8d c4 2d a4 c8 7b 60 f0 a9 ca 4d b4 00 80
00:aa 19 98 a8 01 38 00 00 6a 5a a9 ca ea aa 03 01 57 57 07 9a 41 10 25 25 25 25 00 00 00 00 00 00 00 00 61 18 00 00 54 54 57 55 a8 6a a2 28 80 80 c0 40 6a 8b 26 5a ff d5 5e 5c ec 93 46 62 7f 5e
00:aa 19 d0 a8 01 38 00 00 58 a0 4d bc 09 7b 58 5c d6 96 d2 ed 70 e5 01 01 41 41 8e bc 6a 8b b5 b7 2f 0f 2d a4 46 62 d5 37 00 00 4d ac a7 6a 7e fe 00 00 ae c4 2d a4 7f 7f ef 0b 4d b4 6a 8b 09 2d
00:aa 19 08 a9 01 38 00 00 2d 35 0c a4 44 69 fa df ed 83 e6 89 41 10 25 05 25 25 00 00 00 00 00 00 00 00 e8 72 20 08 60 60 70 70 0c 9c 87 6a 5f ff ba 80 2d a4 6a 8b 70 5e 7e 20 8e c4 6a 8b d6 d6
00:aa 19 40 a9 01 38 00 00 dc dc d2 ed 70 e5 40 41 43 00 70 e5 2c ac b5 2b 00 00 b1 ed cb 9b 55 ff 0a 00 70 e5 8e c4 5f 78 e0 00 70 e5 8e c4 f5 a5 0d 09 4d b4 6a 8b 35 35 2d 3d 50 dd 4a 83 7b 78
00:aa 19 78 a9 01 38 00 00 78 78 ae cc 20 08 35 35 35 35 00 00 00 00 00 00 00 00 09 7b 00 08 70 70 70 78 6d b4 6a 8b e0 e0 60 70 ae cc 6d b4 fd a1 ad ad ce cc ab 93 dc dc dc d8 d2 ed 70 e5 00 0c
00:aa 19 b0 a9 01 38 00 00 81 0d d2 ed ce d4 00 00 aa 96 d2 ed 70 e5 02 05 e1 4a d2 ed 70 e5 60 00 80 e8 91 ed 8e c4 09 0d 0d 2d 4d b4 8b 93 25 2d 2d 2d 8d c4 4a 83 70 7a 55 57 4a 83 00 00 35 35
00:aa 19 e8 a9 01 38 00 00 25 25 00 00 00 00 00 00 00 00 67 62 00 08 70 58 58 5c eb a3 e9 72 e0 e8 78 5a 4d b4 eb a3 03 bf f5 f5 91 e5 09 7b f8 f8 f8 5e 33 f6 50 e5 ad 2a 0b f5 d2 ed eb ab 02 2a
00:aa 19 20 aa 01 38 00 00 d7 fe d2 ed 70 e5 65 79 61 41 70 e5 ae cc b8 f5 3d 35 70 e5 0b ac 2f bf 55 d5 2d a4 29 83 0b 0b 09 09 8b 93 c8 6a e0 f0 70 78 6a 8b 61 18 25 25 2d 2d 20 08 00 00 cf cf
00:aa 19 58 aa 01 38 00 00 cf bf 00 00 00 00 00 00 00 00 c5 51 20 08 54 56 57 55 29 83 c5 51 e0 e0 68 7a 0c 9c 6a 8b 01 e2 70 58 2d a4 e8 7a 57 b5 2a 00 ce d4 ec 9b ea 78 60 e2 70 e5 ce d4 50 59
00:aa 19 90 aa 01 38 00 00 c3 ed 70 e5 ec 9b 00 00 0b b5 ae cc 0c a4 0d 15 55 55 0b ac 2d a4 6a 6a 7f 95 0c ac 09 7b 09 0d 25 b5 8b 93 c8 6a 78 78 78 7a 29 7b 43 39 09 0a 2a 2a 26 5a 20 08 55 d5
00:aa 19 c8 aa 01 38 00 00 2d 02 41 10 00 00 ff ff ff 0f 20 08 00 00 bf 3f 8f f0 00 00 00 00 00 00 00 00 66 62 41 18 e0 60 78 5e ab 93 06 5a a0 f8 7f 5f 6d b4 a8 6a 00 aa 57 57 ae c4 2a a3 80 ff
00:aa 19 00 ab 01 38 00 00 55 60 ce d4 0c ac b5 57 c2 02 6d b4 cb 9b 9c 20 00 00 4d ac ab 93 0f 0b 2d 25 ab 93 09 7b 00 02 35 d5 8b 93 e8 72 25 f5 df dc ab 93 29 7b 5f 7d 0d 0d e8 7a a8 6a 35 95
00:aa 19 38 ab 01 38 00 00 bf bc 4a 83 67 62 7f aa a8 80 4a 83 a1 28 b5 2b 02 00 67 62 20 08 55 d5 2d 02 81 28 00 00 d5 75 55 35 20 08 00 00 8c fe bf ff 00 00 00 00 00 00 00 00 23 39 20 08 5c 57
00:aa 19 70 ab 01 38 00 00 55 55 26 5a 81 20 80 a0 68 5a 09 7b 46 62 80 80 e0 68 ae cc 46 62 a0 ea fd f5 6d b4 e8 7a 00 aa 78 78 6d b4 ec 9b 00 03 09 0d 4d a4 4a 83 2f ad f5 f5 4a 83 c8 6a 3a 3b
00:aa 19 a8 ab 01 38 00 00 d7 55 2d a4 09 7b 5c 78 70 60 2d a4 4a 83 35 35 3d 3b 6a 8b 09 7b 55 d6 96 2c ab 93 6a 8b 5a 60 88 0a 8b 93 6a 8b a5 a6 aa aa 8b 93 29 7b f5 2f 0a 00 6a 8b a2 28 b5 ab
00:aa 19 e0 ab 01 38 00 00 02 00 09 7b 20 08 55 d5 b5 0b 20 08 00 00 af 8f f8 3f 20 08 00 00 3f cf f3 fe 23 39 00 00 58 5c 56 57 e8 72 84 49 e0 f8 7a 7e 4a 83 87 6a a5 88 a8 57 6d b4 4a 83 40 80
00:aa 19 18 ac 01 38 00 00 0a 7f 6d b4 8a 8b 0b 0b ab 7d 6a 8b 67 62 0b 0f 25 95 29 7b 67 62 fa f8 78 f8 2d a4 6a 8b 78 7f 7d 55 2d a4 ab 93 5a 60 40 40 ec 9b 09 7b b6 b7 37 35 ab 93 4a 83 8a 80
00:aa 19 50 ac 01 38 00 00 fa 5a 0b ac ab 93 55 55 5c 70 2c ac cb 9b 55 57 aa 80 2c ac 6a 8b d5 bf 02 00 ab 93 87 6a ad 0a 00 00 8a 8b 20 10 d5 b5 2d 0b 20 08 00 00 e8 fe ff bf 20 08 00 00 bc 3f
00:aa 19 88 ac 01 38 00 00 af cf c4 51 00 00 a0 e0 7a 56 05 5a 03 39 00 af f5 f5 e9 7a 43 41 80 e0 7a 5f 4a 83 05 5a 00 aa ff 57 87 6a 26 5a 26 a6 ac a2 cb 93 a8 6a 7e 5e 5f fc 4d b4 6a 8b 75 4d
00:aa 19 c0 ac 01 38 00 00 a5 15 6d b4 cb 93 60 60 60 60 ec 9b e8 7a 35 15 35 15 cb 9b 09 7b 7a 78 68 60 6d b4 eb a3 7f 5c 78 f8 8d c4 6d b4 55 76 80 00 8d c4 6d b4 55 aa 02 09 4d b4 eb a3 fd 2f
00:aa 19 f8 ac 01 38 00 00 2f bf cb 9b 26 5a 09 03 02 02 c8 72 20 08 d5 95 35 0d 20 08 00 00 ba ae cb fa 20 08 00 00 ff fa ff ff 84 49 20 08 56 5c 58 78 64 49 43 41 55 b5 aa aa 84 49 e2 38 68 aa
00:aa 19 30 ad 01 38 00 00 aa aa 05 5a 43 41 a0 e8 78 7e 87 6a 05 5a a0 e8 ea 5a ec 9b 67 62 78 72 42 8a cb 9b 4a 83 de 78 e8 6a 6d b4 cb 93 60 60 e2 a3 cc 93 e8 7a 15 15 95 95 eb a3 09 7b 70 78
00:aa 19 68 ad 01 38 00 00 7a 5f 6d bc eb a3 fc 7f ff 57 8d bc 2c ac 00 fd 56 55 2c b4 ab 93 0a aa 2d 95 eb a3 6a 8b 00 2a f5 55 ab 93 29 7b 0a 3a e3 df 4a 83 43 39 29 02 00 00 29 83 20 08 55 b5
00:aa 19 a0 ad 01 38 00 00 0b 00 e2 30 20 08 55 55 55 15 43 41 00 00 60 c0 c0 a8 c4 51 43 41 fc fc 7c 5f a4 49 43 49 ff 3f 0f 0b a4 51 43 41 f0 f8 fc df 6a 8b e5 51 5e 5c 7a 6b ab 93 c8 6a 3e fe
00:aa 19 d8 ad 01 38 00 00 7e 7e ab 93 4a 83 68 58 58 78 2d a4 4a 83 82 89 a5 f7 6a 8b 09 7b 95 95 aa 02 6a 8b 09 7b 70 e0 a2 55 ab 93 09 7b 00 00 ff 57 0b a4 4a 83 00 ff 55 55 eb a3 6a 8b d5 5e
00:aa 19 10 ae 01 38 00 00 58 50 0b ac ab 93 55 f5 a2 00 cb 9b 09 7b 95 2d 0b 02 6a 8b 09 7b 55 55 d5 05 4a 83 e8 7a 00 00 e0 70 4a 83 20 08 b5 2d 0b 02 81 20 00 00 77 5d 57 17 41 10 00 00 ff ff
00:aa 19 48 ae 01 38 00 00 ff fc 43 41 a2 30 7e 78 40 80 84 49 43 41 5e ea aa 80 05 5a 84 49 8d 49 73 70 29 7b 64 49 55 57 5c 7a 09 7b 67 62 c5 35 95 5e 4a 83 c8 72 78 5c 78 ea 8b 8b e8 7a 80 8b
00:aa 19 80 ae 01 38 00 00 a5 d5 ec 9b 6a 8b 57 5c 78 7b cb 9b 09 7b ad 35 97 56 cb 9b 09 7b 5f 7a a8 a0 0b ac 6a 8b 55 fa 80 00 0b ac 6a 8b 55 aa 00 00 0b ac ab 93 50 f0 00 00 0b ac 00 00 00 00
00:aa 19 b8 ae 01 38 00 00 00 00 0b ac eb 9b 25 09 00 00 eb a3 6a 8b b5 ad 09 0a 4a 83 09 7b 5c dc 9c 08 ab 93 4a 83 55 79 f3 63 e8 7a 00 00 95 35 25 0d 43 41 00 00 56 5c 58 50 c4 51 43 41 fc e0
00:aa 19 f0 ae 01 38 00 00 80 00 c5 51 c4 51 ff ff fe f8 e5 59 a4 49 fc ff 37 07 2d ac e5 51 eb cf cf 5f 09 7b 87 62 5e 7c f8 e0 09 7b 87 62 00 0b 0d bd 4a 8b 87 62 fe 78 78 e0 cb 9b 09 7b a3 89
00:aa 19 28 af 01 38 00 00 2d ad ab 93 09 7b 5a 78 78 60 8d c4 ab 93 5f 7f fa e0 8d c4 0c ac 55 78 00 00 ae cc 0c ac 55 aa a2 00 8d c4 0c ac 55 a0 00 00 6d b4 0b ac 51 13 25 25 0b ac 00 00 00 00
00:aa 19 60 af 01 38 00 00 00 00 0b ac eb a3 01 01 01 01 ab 93 4a 83 25 2d 2d ad ab 93 4a 83 60 62 62 e2 4a 83 e3 30 0d 09 09 03 84 49 20 08 70 70 60 60 e5 59 c4 51 55 05 01 28 06 5a c4 51 6a 68
00:aa 19 98 af 01 38 00 00 a0 aa 05 5a 84 49 07 36 bc dc c8 72 e5 51 58 58 e0 a0 09 7b c8 72 60 c2 82 00 e8 72 a8 6a f5 f6 fc f0 ab 93 09 7b 78 78 e0 e0 ab 93 09 7b 2d 0d 0d 0d 6d b4 6a 8b 5e 5e
00:aa 19 d0 af 01 38 00 00 7a 78 ce d4 6d b4 5f 7e f0 e0 0f dd 8d c4 5e ea aa a0 70 e5 ce d4 55 55 95 3c 70 e5 8d c4 55 55 ff 03 ae cc 0c ac d5 b5 a5 25 0b ac 00 00 00 00 00 00 0b ac eb a3 01 01
00:aa 19 08 b0 01 38 00 00 01 01 cb 93 4a 83 ad ad 2d 2b cb 93 4a 8b 70 60 78 68 6a 8b c8 6a 29 29 01 0a 05 52 20 08 d5 95 95 15 05 5a a2 28 78 70 60 e0 26 5a 05 5a ff ff ff fc 66 62 c5 51 ff fd
00:aa 19 40 b0 01 38 00 00 fd 3d 67 62 64 49 5e 7c e0 c0 49 83 67 62 78 7a fa fb 09 7b c8 72 00 00 ff 55 4a 83 c8 72 5f 5c fc fc 0c 9c 6a 8b 7a 68 e0 e0 ab 93 09 7b 0f 0f 09 0b 6d b4 6a 8b 58 78
00:aa 19 78 b0 01 38 00 00 78 70 70 e5 ce d4 55 56 54 70 d2 ed ce d4 6a e2 80 80 95 f6 70 e5 5f fe 80 00 74 f6 ce d4 ad 2d 29 29 ce d4 0c ac 35 95 95 b5 0b ac 00 00 00 00 00 00 0b ac eb 9b 03 01
00:aa 19 b0 b0 01 38 00 00 01 01 ab 93 6a 8b 09 0a 0a 0a 0b ac ab 93 55 5f 52 72 cb 93 09 7b ad 2f 2f 2b c8 72 20 08 b5 35 25 25 20 08 00 00 ff ff 0f bf 81 20 00 00 56 56 54 54 05 5a 64 41 70 60
00:aa 19 e8 b0 01 38 00 00 60 60 67 62 05 5a 5a 40 c0 eb 66 62 c5 51 35 f5 d5 d7 c8 6a e5 51 6a 68 e8 e8 e8 72 c8 6a f3 f3 f3 f3 c8 6a 67 62 00 00 0d 0d 49 83 67 62 f8 f8 f8 58 0c a4 ab 93 70 70
00:aa 19 20 b1 01 38 00 00 70 60 0b ac 4a 83 35 3d 3d 35 ae c4 6a 8b 78 78 78 78 91 ed ce d4 a8 a8 68 7a 95 f6 d2 ed 56 54 58 58 95 f6 00 00 00 00 00 00 74 f6 ce d4 2d 2d 2d 2d ae c4 0c ac 15 35
00:aa 19 58 b1 01 38 00 00 bd 9d 0b ac 00 00 00 00 00 00 0b ac eb 9b 05 05 01 01 2d ac ab 93 d5 d7 d4 d0 4d b4 cb 9b e9 e9 0d 03 8b 93 29 7b 2f 0f 2f 2d a8 6a 20 08 0d 0d 0d 0d 20 08 00 00 cb ca
00:aa 19 90 b1 01 38 00 00 e3 f3 81 20 00 00 54 54 54 d6 05 5a 64 41 40 40 60 68 05 5a 00 00 00 00 00 00 46 62 c5 51 d7 dc df 57 c8 6a 05 5a a8 68 e8 68 e8 72 a8 6a f3 f3 f1 f1 c8 6a c4 51 0a 2f
00:aa 19 c8 b1 01 38 00 00 af ad 29 83 26 5a f8 7e 5e 5e 0b ac 6a 8b 40 40 42 40 0b ac 4a 83 3d 35 35 b5 ae c4 8b 93 78 78 78 78 70 e5 ce d4 70 40 40 60 95 f6 91 e5 7c fc ff 5f 95 f6 d2 ed 00 03
00:aa 19 00 b2 01 38 00 00 09 45 70 e5 8d c4 0b 2d 3d 3d 8d c4 2c ac 17 35 35 25 4d ac 0b ac 15 00 55 55 0c ac ec 9b 01 01 bd 05 6d b4 ab 93 58 70 70 50 6d b4 6a 8b 02 0b 09 2d 8b 93 09 7b 2d af
00:aa 19 38 b2 01 38 00 00 bd bd a8 6a 20 08 09 09 09 09 20 08 00 00 fa fc ff ff 20 08 00 00 f3 f3 33 33 21 08 00 00 bc ff ff ff c4 51 61 18 80 e0 60 78 05 5a c4 51 00 00 bf 55 66 62 64 49 fe fc
00:aa 19 70 b2 01 38 00 00 7c 7c c8 6a 46 62 78 f0 f0 f8 c8 72 87 62 a1 b1 b9 e3 67 62 84 49 29 2d 2d 2d 46 62 43 41 e0 78 5e 56 ab 93 a8 6a c0 e0 70 7a 8a 93 4a 83 b7 97 97 57 8e c4 ab 93 70 70
00:aa 19 a8 b2 01 38 00 00 78 78 50 e5 8d c4 fc fc 70 7f d2 ed ce d4 a0 f8 7a 5a d2 ed ce d4 02 0a a5 a5 ce d4 8d bc 0f 0f 3f bd 6d b4 0b ac 35 15 d5 d5 0b ac 00 00 00 00 00 00 0b ac ab 93 03 02
00:aa 19 e0 b2 01 38 00 00 02 01 4d ac ab 93 58 5a 5f 55 ec 9b 09 7b 0f 2f ad f5 29 83 67 62 0a 2a af fd 67 62 20 08 09 09 09 09 00 00 00 00 00 00 00 00 20 08 00 00 33 c3 cf fb 43 41 00 00 60 70
00:aa 19 18 b3 01 38 00 00 58 5e c4 51 43 41 00 c0 78 5f 05 5a 64 49 f0 58 5f 57 c8 6a 46 62 fc 7c 7c 70 c8 6a 87 6a 01 09 0d 38 46 62 43 41 2d 2d 2d 0b 43 41 e2 38 54 57 55 15 c8 72 03 39 80 e0
00:aa 19 50 b3 01 38 00 00 60 78 4a 83 e8 7a 00 08 fe 7e 4d b4 8b 93 60 60 78 78 ce d4 8d c4 70 70 60 40 70 e5 ce d4 50 57 55 55 70 e5 ce d4 25 55 55 55 8d c4 6d b4 01 01 00 00 8d c4 2c ac 55 d5
00:aa 19 88 b3 01 38 00 00 2a 00 8d bc 0c ac 55 6a aa 00 6d b4 49 83 ab 2b 2b 29 4a 83 06 5a 00 02 ab fd 29 83 06 5a 2a af fd 55 87 6a 05 5a 0a aa 7a 5a 67 62 43 41 2d ad 2b 2b c2 30 00 00 d5 d5
00:aa 19 c0 b3 01 38 00 00 95 15 20 08 00 00 eb f3 f2 fc 81 20 00 00 fc 54 55 55 43 41 00 00 00 80 e0 78 a4 51 23 39 b8 bc 9f df a7 6a 43 41 a0 e8 fa 7e a8 6a 05 5a 80 82 e8 58 a7 6a e5 51 2d 2d
00:aa 19 f8 b3 01 38 00 00 2d ad 63 49 e2 38 35 25 25 26 87 6a e2 38 78 78 70 e0 ab 93 09 7b 57 57 5e e8 2c b4 ab 93 78 7a 78 78 ae cc 8d bc 8f ff ff f4 ce d4 8e c4 65 d5 5e 58 13 f6 ce d4 55 55
00:aa 19 30 b4 01 38 00 00 5f e0 13 f6 ae cc 55 55 ff 02 ef dc 8d c4 55 55 d5 35 8d c4 6d b4 02 02 02 01 2c ac 29 83 09 0d 0d 0d 67 62 05 5a 0d 05 02 00 67 62 05 5a 55 57 0a 00 67 62 26 5a 50 00
00:aa 19 68 b4 01 38 00 00 00 00 67 62 c4 51 2d 0d 0d 0d c4 51 20 08 95 35 35 25 20 08 00 00 fc ff fe fe 20 08 00 00 f3 f3 f3 f3 e2 38 20 08 58 56 55 55 23 41 61 20 02 aa ea 5a e5 51 e2 38 e8 7a
00:aa 19 a0 b4 01 38 00 00 5e 57 67 62 43 41 80 aa ea 7f 46 62 64 49 2a ab ef d5 c8 72 43 41 55 57 5e 78 0c ac 67 62 5e 7a e8 e0 8d c4 cb 9b 55 ff fc a0 8d c4 0b ac 54 a8 00 00 8e c4 8d bc ba 98
00:aa 19 d8 b4 01 38 00 00 9a aa 50 e5 8d c4 7e 7e 7c 7f 95 f6 50 e5 e0 c0 e0 78 95 f6 d2 ed 09 01 01 01 ef dc 8d c4 35 35 35 15 8d c4 2c ac 03 03 0f 55 0b ac 09 7b 09 0d 0d 0d c8 6a 67 62 35 36
00:aa 19 10 b5 01 38 00 00 3c 00 c8 6a 67 62 54 a0 00 00 c8 6a 67 62 15 02 00 00 67 62 c4 51 0d 0d 0d 3d c4 51 00 08 2d 0d 09 09 00 00 00 00 00 00 00 00 61 20 00 00 55 d5 d5 15 20 08 00 00 cb cb
00:aa 19 48 b5 01 38 00 00 2b 0b e2 38 20 08 70 58 5c 5c e2 38 81 20 00 00 03 03 84 49 a2 28 80 e8 7f 55 43 49 81 20 00 0a aa 56 6a 8b 05 5a 5e 78 78 60 6d b4 4a 83 78 f8 f8 f8 ce d4 8d c4 d7 50
00:aa 19 80 b5 01 38 00 00 60 40 ce d4 ae cc 40 00 00 00 ce d4 8d c4 d5 00 00 0a ce d4 8d c4 00 05 95 95 d2 ed 8d c4 f0 78 7c 5c 95 f6 70 e5 0b 09 89 8d ef dc 0c ac 3d 3d b5 b5 0b ac 00 00 00 00
00:aa 19 b8 b5 01 38 00 00 00 00 eb a3 a8 6a 0b 2d 2d 2d c8 72 c8 6a ff 3f af ca 09 7b c8 6a 55 55 65 81 c8 6a 87 62 02 01 01 01 67 62 e5 51 3d 3f bf bf 05 5a a2 28 ad 29 09 09 20 08 00 00 ff ff
00:aa 19 f0 b5 01 38 00 00 ff 3f 20 08 00 00 ef cf cf cf 20 08 00 00 8f cf cf cf 81 20 00 00 58 5c 5c 5f 43 41 a2 28 09 0b 83 69 81 20 20 10 00 01 01 01 84 49 20 10 fe dc 5c dc ab 93 67 62 78 78
00:aa 19 28 b6 01 38 00 00 f8 7a 4d b4 6a 8b e8 a0 e8 5f ce d4 ec 9b 80 e0 ee 57 ce d4 2c ac 00 02 aa 55 ce d4 2c ac 2a ba ba 55 8d c4 2c ac 00 00 00 55 50 e5 2c ac f8 f8 f8 5e d2 ed ce d4 02 09
00:aa 19 60 b6 01 38 00 00 09 f5 ae c4 ab 9b 2f 2f af d5 0b ac 6a 83 00 02 0a f5 cb 9b a8 6a 2d 2d bf f5 09 7b a7 6a e0 f8 f8 5d 4a 83 87 6a 0b 8b ab 55 c8 6a 26 5a 03 0b 0f b5 67 62 c5 51 bf 3f
00:aa 19 98 b6 01 38 00 00 3f f5 05 5a e2 38 29 29 29 ad 20 08 00 00 3f 3f 3f 3f 20 08 00 00 ef ef cf cf 00 00 00 00 00 00 00 00 00 07 9c 00 00 00 00 00 00 7f f8 00 00 00 00 00 07 ff c0 00 00 00
00:aa 19 d0 b6 01 38 00 00 00 00 7f fc 00 00 00 00 00 0f ff c0 00 00 00 00 00 ff fe 00 00 00 00 00 0f ff e0 00 00 00 00 00 fe fe 00 00 00 00 00 0f ff c0 00 00 00 00 00 ff fc 00 00 00 00 00 0f ff
00:aa 19 08 b7 01 38 00 00 c0 00 00 00 00 00 7f fc 00 00 00 00 00 07 ff c0 00 00 00 00 00 7f fc 00 00 00 00 00 07 ff e0 00 00 00 00 00 7f ff 80 00 00 00 00 03 ff fe 00 00 00 00 00 1f ff f0 00 00
00:aa 19 40 b7 01 38 00 00 00 00 00 ff ff 80 00 00 00 00 0f ff fc 00 00 00 00 00 ff ff e0 00 00 00 00 1f ff df 00 00 00 00 01 bf ff f0 00 00 00 00 1f ff ff 80 00 00 00 01 ff ff f8 00 00 00 00 3f
00:aa 19 78 b7 01 38 00 00 ff ff 80 00 00 00 03 7f ff f8 00 00 00 00 3f ff ff 80 00 00 00 01 ff ff f8 00 00 00 00 1f ff ff 80 00 00 00 40 ff ff fc 00 00 00 04 07 ff ff c0 00 00 00 40 7f ff fc 00
00:aa 19 b0 b7 01 38 00 00 00 00 00 00 00 00 00 00 00 41 10 00 00 ff ff ff f8 61 18 00 00 55 55 55 00 21 08 00 00 ff ff ff 3f 00 00 00 00 00 00 00 00 20 08 00 00 ff ff ff f3 00 00 00 00 00 00 00
00:aa 19 e8 b7 01 38 00 00 00 00 00 00 00 00 00 00 00 07 8a 20 08 5e 58 58 5c 07 a2 e6 81 55 00 00 00 07 a2 20 08 b5 0a 00 00 27 92 00 00 55 bf 2a 00 27 92 20 08 55 55 be 00 ea aa 00 08 55 7f a8
00:aa 19 20 b8 01 38 00 00 00 68 a2 41 10 55 ea 00 00 68 a2 81 20 55 aa 00 00 ea aa 61 18 55 bf aa 08 88 9a 20 08 55 bf 28 08 e9 92 20 08 55 d5 35 2d 20 08 00 00 af 8f f3 fc a6 79 00 00 5c 56 57
00:aa 19 58 b8 01 38 00 00 55 07 aa c2 38 00 a8 7f 57 07 a2 c6 79 00 ba 5a 78 ea aa 27 92 55 55 43 c2 a9 ca 07 a2 55 5f c0 00 a9 ca ea aa 59 00 00 00 c9 d2 a9 aa 55 02 02 aa a9 ca a9 aa 55 c0 00
00:aa 19 90 b8 01 38 00 00 00 a9 ca 48 a2 55 ad 0b 00 ce d4 27 92 f5 75 f7 fc 6d b4 c6 79 d5 5e fe 22 26 62 20 08 55 95 15 35 20 08 00 00 fe fa eb cf 20 08 00 00 bf ff fe fc 06 8a 20 08 5c 58 60
00:aa 19 c8 b8 01 38 00 00 c0 07 aa 27 92 56 5a fa a8 a9 ca 27 aa 5c 60 60 00 e9 ea a9 ca 55 55 da 40 50 e5 a9 ca 55 55 57 5c ce d4 a9 ca 55 55 55 4d a9 ca a9 ca 00 00 00 00 e9 e2 a9 ca 57 54 55
00:aa 19 00 b9 01 38 00 00 95 c9 da ea aa 55 65 8d 8a ae c4 2a ab fb 5a 63 41 ab 93 20 08 a5 05 0d 09 20 08 00 00 fe fc fc fc 20 08 00 00 ff 3f ff ff 06 6a 20 08 57 5c 50 70 07 a2 e6 71 68 a0 80
00:aa 19 38 b9 01 38 00 00 80 c9 d2 27 aa 5c 58 58 5c c9 da a9 ca 15 12 5f 69 e9 ea a9 ca c0 c0 70 57 e9 ea a9 ca 3e 20 50 60 e9 ea ce d4 18 38 00 00 e9 ea a9 ca 05 00 00 00 e9 ea a9 ca 5e d6 03
00:aa 19 70 b9 01 38 00 00 08 e9 ea a9 ca 55 25 03 00 ae cc a9 ca 70 58 56 57 4d b4 81 18 09 01 01 03 20 08 00 00 fc fe f3 f3 00 00 00 00 00 00 00 00 e6 81 20 08 70 60 60 e0 07 aa 27 92 6a 6a 6a
00:aa 19 a8 b9 01 38 00 00 6a c9 da 07 aa 5a 5a 5c e0 e9 ea a9 ca 65 62 e0 40 e9 ea a9 d2 d4 00 00 00 e9 ea ce d4 00 00 00 09 e9 ea 0f dd 00 00 00 70 e9 ea 00 00 00 00 00 00 e9 ea 8e d4 01 00 00
00:aa 19 e0 b9 01 38 00 00 00 e9 e2 8e d4 40 10 00 00 a9 ca ea aa 01 02 00 00 cb ab 07 92 01 80 ad a5 61 18 00 00 d7 17 17 17 20 08 00 00 f3 ef ef ef 20 10 00 00 ff ff ff fc 27 92 23 39 60 68 60
00:aa 19 18 ba 01 38 00 00 60 07 aa 07 a2 6a aa aa aa e9 e2 27 aa f8 bc 5e 7a e9 ea a9 ca 80 80 40 40 e9 ea 00 00 00 00 00 00 e9 ea 0f dd 09 01 00 00 e9 ea 50 e5 d8 58 80 00 e9 ea 00 00 00 00 00
00:aa 19 50 ba 01 38 00 00 00 e9 ea c9 da 00 00 00 03 e9 ea c9 d2 01 01 09 39 a9 ca 00 00 00 00 00 00 ea aa 85 71 0d 01 02 23 61 18 00 00 17 17 17 d7 20 08 00 00 ef ef ef ef 20 10 00 00 fc fc ff
00:aa 19 88 ba 01 38 00 00 ff 07 aa 64 41 68 68 68 68 07 aa 00 00 00 00 00 00 c9 da 48 b2 6a 6a e8 e8 e9 ea a9 ca 40 80 00 00 e9 ea 00 00 00 00 00 00 e9 ea c9 da 00 00 00 40 e9 ea 00 00 00 00 00
00:aa 19 c0 ba 01 38 00 00 00 8b eb e9 ea 54 55 55 55 e9 e2 a9 ca 21 e1 ed 01 a9 ca 00 00 00 00 00 00 c9 c2 c2 38 ab 03 0b 29 20 08 00 00 3e 3e fe ff 20 08 00 00 ef f3 f3 f3 00 00 00 00 00 00 00
00:aa 19 f8 ba 01 38 00 00 00 e6 81 81 20 c0 40 60 60 ec 9b 27 9a 55 55 55 7c 50 dd 2a ab 7b 55 7a a0 d2 ed c9 da 55 56 a0 00 13 f6 e9 ea 55 ad 00 00 95 f6 2a d3 5f 5d aa 00 95 f6 4a d3 75 75 af
00:aa 19 30 bb 01 38 00 00 00 e9 ea ef cc 00 00 f0 55 e9 ea cc b3 00 00 83 7d e9 e2 ce d4 00 00 c0 70 a9 ca 00 00 00 00 00 00 a9 aa 81 20 09 09 09 09 20 08 00 00 ff fe fc fc 00 00 00 00 00 00 00
00:aa 19 68 bb 01 38 00 00 00 26 6a 20 08 60 60 60 70 6a 8b a4 49 80 a5 95 fe 4d ac 84 49 80 5f 55 f5 d2 ed 46 62 00 f8 5e 5f d2 ed 2d ac 00 00 80 60 d2 ed cb 9b 00 09 2d 2d 8d bc 26 5a 0a d5 ff
00:aa 19 a0 bb 01 38 00 00 bf 2d a4 c8 72 fe 7b 80 7f 4d ac cb 93 00 5c bc 68 a9 ca 8d bc 50 50 5e 57 a9 ca ea aa 00 00 aa 55 68 aa 23 49 09 09 09 09 20 08 00 00 ff fe fc ff 20 08 00 00 ff ff ff
00:aa 19 d8 bb 01 38 00 00 bf c8 6a 20 08 70 58 58 58 e9 72 46 62 ab ad 35 2f 8b 8b 05 5a d7 f5 8b 80 4d ac c8 72 57 7f eb 02 d2 ed 09 7b e0 60 70 78 d2 ed 0c ac 0d 0d 0d 0b 4d ac 87 62 bd a2 00
00:aa 19 10 bc 01 38 00 00 00 6d b4 87 6a 55 5f a0 00 6d b4 09 7b 78 78 00 00 6d b4 0c ac 02 01 01 0d eb a3 a5 59 2a 2f 2d 2a 07 92 c2 38 01 01 81 a9 20 08 00 00 3f ff af af e5 51 20 08 58 5c 54
00:aa 19 48 bc 01 38 00 00 54 0d 9c 09 7b 55 75 7b 70 0d a4 29 83 7a 7e fa 00 4d ac ec 9b 81 ed 81 01 d2 ed cb 93 58 78 78 70 d2 ed 2f dd 0d 0d 2f 0b 71 e5 0b ac d5 af 00 00 d2 ed 4d b4 55 5f aa
00:aa 19 80 bc 01 38 00 00 00 d2 ed ce d4 55 eb 2a 00 ce d4 ec 9b ad 29 0b 0b 6d b4 09 7b d4 dc fc fc ce d4 a2 20 bd 09 09 09 00 08 00 00 af af af af e5 51 20 08 54 54 54 54 6d b4 09 7b 78 78 78
00:aa 19 b8 bc 01 38 00 00 5e ce d4 6d b4 7a c0 c0 e0 ae cc eb 9b 0f 0f 0d 2d d2 ed 2c ac 70 70 70 60 d2 ed 70 e5 02 05 21 0a d2 ed 91 ed 80 00 40 68 d2 ed b2 ed 00 00 00 b0 d2 ed b1 ed 02 00 02
00:aa 19 f0 bc 01 38 00 00 01 70 e5 eb a3 2d 2d ad a5 0c a4 4a 83 f4 b4 b5 b5 ae cc 20 08 01 09 ad ad 20 08 00 00 ff cf cf e3 84 49 20 08 54 56 57 57 0b ac 67 62 f8 78 7e 5e 8e c4 cb 9b 80 e2 fb
00:aa 19 28 bd 01 38 00 00 7f 8d c4 09 7b 2a aa aa b5 f2 ed 4d b4 60 e0 c0 70 d2 ed 0c ac 08 00 09 2f d2 ed ee d4 a0 f8 50 78 d2 ed 70 e5 54 95 25 25 d2 ed 8d c4 02 ff f5 f5 ce d4 0c ac 35 b5 d5
00:aa 19 60 bd 01 38 00 00 5d ab 93 c8 72 2f 2f 26 37 6a 8b 41 10 09 09 09 0b 20 08 00 00 ff f3 fc fc 41 10 00 00 fc ff ff ff c8 72 20 08 80 e0 60 78 0c ac 09 7b e0 f8 5a 5e 6d b4 e8 7a ad 0b 02
00:aa 19 98 bd 01 38 00 00 80 ae c4 29 7b 70 5e f8 80 70 e5 ce d4 df 60 4a 70 70 e5 ef d4 80 c0 00 09 70 e5 2d a4 02 0b 2d d5 ae cc 2d a4 2d df 55 55 0c ac 0d 9c 03 03 0b fd 8a 8b a8 6a 36 b6 96
00:aa 19 d0 bd 01 38 00 00 96 4a 83 84 49 09 0b 0a 0a 84 49 00 00 55 d5 35 0d 00 00 00 00 00 00 00 00 20 08 00 00 bf ff 2f cf 05 5a 20 08 70 58 5c 5e 09 7b 26 5a a0 e8 7e 57 6d b4 c8 6a a0 a0 ff
00:aa 19 08 be 01 38 00 00 55 6d bc e8 7a 00 00 ff 7a 30 dd 4a ab 82 bf 57 e0 0f dd 0c a4 b5 5d ef 2f 6d b4 ab 93 58 80 02 02 2d a4 6a 8b 00 0a 2d b5 ec 9b 09 7b 0b ad a5 55 8a 8b c8 72 d6 5a e0
00:aa 19 40 be 01 38 00 00 c0 29 83 87 6a 0f a9 ad af 09 7b 05 5a d5 ff e2 a0 c8 72 20 08 55 b5 2b 00 64 41 20 08 55 55 55 35 20 08 00 00 eb f8 fc bf 20 08 00 00 fc fe 3f af 05 5a 20 10 80 e0 7a
00:aa 19 78 be 01 38 00 00 5e 09 7b 05 5a e8 e0 78 7e 4d b4 09 7b e0 78 7f 7d 30 dd 87 6a 00 aa ff 57 6d b4 ec 9b 00 a0 70 40 6d b4 8b 8b 02 0a 2f bd cb 93 09 7b 2f 2b ad b5 0c 9c 09 7b 55 57 5c
00:aa 19 b0 be 01 38 00 00 58 2d a4 6a 8b c9 09 09 0f 6a 8b c8 72 b5 bf 2e 0e 8b 93 09 7b 5f 68 80 00 8b 93 29 7b f5 2f 0a 00 6a 8b 61 18 ad 2a 00 00 09 7b 20 08 55 d5 2d 02 64 41 20 08 55 55 55
00:aa 19 e8 be 01 38 00 00 35 20 08 00 00 f3 ff f3 f8 c2 30 00 00 54 55 55 55 66 62 20 10 a0 e0 78 78 4a 83 87 6a a3 c0 e0 7a 4d a4 26 62 5e 78 e0 e0 6d b4 2d a4 80 00 00 d5 2d a4 4a 83 2d 2d 2d
00:aa 19 20 bf 01 38 00 00 bd 09 7b 67 62 0a 2a be 58 2d a4 09 7b 58 78 fa eb 2d a4 6a 8b 2f b8 98 50 2d a4 4a 83 f5 35 2d 2d cb 93 6a 8b a8 ef 65 55 ab 93 6a 8b 08 fe 5a 60 0b ac ab 93 55 d5 40
00:aa 19 58 bf 01 38 00 00 80 eb 9b 09 7b f5 af 0a 00 6a 8b c2 28 b5 29 02 00 e9 7a 20 08 55 55 95 25 20 08 00 00 bf bf ab f3 84 49 00 08 70 58 58 78 87 6a 23 39 00 82 eb dd 29 7b 43 41 a0 f8 5e
00:aa 19 90 bf 01 38 00 00 56 cb 93 66 62 00 aa ff 5d 6a 83 67 62 0b 3d f5 57 4a 83 67 62 58 78 f8 f2 6d bc 6a 8b 55 55 79 61 4d ac 8b 93 50 70 70 60 6d b4 09 7b 2d 2d 2d 25 ab 93 09 7b ea f8 78
00:aa 19 c8 bf 01 38 00 00 78 8d c4 cb 9b 57 5e 7c f0 8d c4 6d b4 55 aa 02 09 4d b4 eb a3 fd 2f 2e b0 2c ac ab 93 fd ba a0 00 ab 93 20 08 2d 0b 02 00 e5 51 20 08 55 55 d5 15 03 39 20 08 55 55 57
00:aa 19 00 c0 01 38 00 00 54 c4 51 a2 28 7a 6a a0 a2 a4 51 23 39 bd bf 0b 2a 84 49 e2 38 5e fe aa 88 05 5a 84 49 e0 78 78 7c a8 6a 05 5a a8 a0 68 68 8b 8b c8 72 7e 7f 5c 5c 6d b4 6a 8b 4d a5 35
00:aa 19 38 c0 01 38 00 00 35 6d b4 ab 93 60 60 60 60 6d b4 e8 7a 25 25 25 2d eb 9b e8 7a 78 58 58 58 6d b4 0b ac 50 6a 54 56 8d c4 2c ac 88 80 f0 55 8d c4 0c ac 00 02 0d 55 6d b4 eb a3 2f ff ff
00:aa 19 70 c0 01 38 00 00 d5 eb a3 4a 83 0d 2f 2f fd 09 7b 20 08 35 2d 02 00 87 6a 00 08 55 55 d5 2d 43 41 00 00 5c 70 70 78 a4 49 43 49 f8 2a 2f ff c5 51 43 41 f8 bc ec 7e 05 5a 84 49 5f d7 27
00:aa 19 a8 c0 01 38 00 00 05 05 5a 84 49 bc 7e 7f 7f a8 6a 05 5a 78 5a 5e 54 4d ac c8 6a 58 70 62 8b ab 93 6a 8b 3a d2 54 98 4d ac ab 93 e0 60 e0 e9 2d a4 09 7b 35 35 b5 d5 4a 83 e8 7a 70 58 5a
00:aa 19 e0 c0 01 38 00 00 fc eb a3 6a 8b 00 7c 7a ff 0b ac 6a 8b 00 00 aa 5d eb a3 6a 8b 02 2a ad 57 cb 9b 09 7b ad 2d 8b 02 6a 8b 09 7b a3 95 0d 03 4a 83 e8 7a 00 00 eb 79 29 7b 23 39 09 02 00
00:aa 19 18 c1 01 38 00 00 00 c8 72 20 08 55 95 25 09 00 00 00 00 00 00 00 00 03 39 00 08 60 60 70 70 84 49 43 41 5e 7a 6a c0 a4 51 43 41 73 fe 8c c0 05 5a 84 49 8b c3 60 70 e5 51 43 49 96 96 2a
00:aa 19 50 c1 01 38 00 00 00 ab 93 06 5a 56 58 73 eb cc 9b e8 72 2f ff 7f 5e ec 9b 6a 8b 57 5c 78 7b 2d a4 e8 7a 8b af ff df cb 9b 09 7b df 7a a8 83 6a 8b 09 7b 02 35 d5 5c ab 93 09 7b ff 55 fa
00:aa 19 88 c1 01 38 00 00 a0 eb a3 4a 83 55 55 ff 00 0b ac 4a 83 57 5e f0 80 0b ac cb 93 7d ff 2c 0f eb 9b 09 7b b5 af 0a 02 6a 8b 09 7b 5b d6 17 37 4a 83 64 41 09 02 00 00 e8 72 20 08 55 d5 95
00:aa 19 c0 c1 01 38 00 00 35 00 00 00 00 00 00 00 00 c4 51 21 10 58 78 60 e0 e5 59 c4 51 56 55 1c 00 05 5a c4 51 50 55 35 25 09 7b c4 51 f8 70 5c 57 8a 8b 67 62 3e de 7e 7a 6a 83 09 7b 58 a8 a8
00:aa 19 f8 c1 01 38 00 00 a1 6a 8b c8 72 02 2d d7 57 ab 93 09 7b 7a 70 40 60 ab 93 09 7b 09 05 37 97 cb 9b 4a 83 7f 7e f8 e0 ae cc cb 9b 5f 7e fa e8 8d c4 0c ac 55 eb 00 00 8d bc 0b ac 59 92 2c
00:aa 19 30 c2 01 38 00 00 00 6d b4 0b ac 55 55 25 05 0b ac eb a3 01 01 01 00 0b ac cb 9b 81 82 00 00 ab 93 29 7b a7 0f 0b 2b 6a 8b 4a 83 55 55 d5 1c 49 83 61 10 25 0d 09 09 a2 28 00 00 57 57 54
00:aa 19 68 c2 01 38 00 00 54 e5 51 23 39 7a 6a 82 80 46 62 e5 51 7d 7d fc ff 67 62 e5 59 54 78 72 c2 67 62 c4 51 15 15 15 95 e8 72 c4 51 57 5e 7a e8 4a 83 c8 6a 70 60 40 00 4a 83 c8 72 09 8d 85
00:aa 19 a0 c2 01 38 00 00 35 cb 93 87 6a 5f 7a 78 e8 0c ac ab 93 7e 7a c1 89 ab 93 09 7b 9e de 5e 78 8d c4 cb 9b 5f 5e 78 f0 ef dc 6d bc 7a fa ea 88 2f dd 8d c4 55 5e aa 02 0f dd ae cc 55 fd ff
00:aa 19 d8 c2 01 38 00 00 0f ae cc 2c ac b5 b5 a5 2d 0b ac eb a3 00 01 02 00 0b ac 00 00 00 00 00 00 ab 93 29 83 29 09 21 81 8b 93 6a 8b 59 5a 5e 5a 4a 83 23 39 09 0b 02 02 a2 28 00 00 55 55 55
00:aa 19 10 c3 01 38 00 00 15 43 41 00 00 5c 5c 5c 5c 26 5a a4 49 6a 6a 6a e8 67 62 06 5a 55 56 54 10 67 62 c4 51 03 0b 29 09 67 62 c4 51 57 5e 78 e0 09 7b 46 62 78 e0 a8 a0 4a 83 09 7b 03 0a 56
00:aa 19 48 c3 01 38 00 00 56 4a 83 e8 7a 35 35 35 35 0c a4 4a 83 7e 7e 78 68 0c ac 8b 93 09 01 03 03 ab 93 29 7b d8 f8 f8 b8 ce d4 2c ac 78 78 60 60 b1 ed ce d4 55 7e ea a8 95 f6 70 e5 55 57 ff
00:aa 19 80 c3 01 38 00 00 f0 13 f6 0f dd fd af 2b 0b ce d4 0b ac 2d 2d 25 25 0b ac eb 9b 00 03 03 03 0b ac 00 00 00 00 00 00 ab 93 4a 83 29 09 09 09 cb 93 4a 83 7a 7e 7e 70 8b 93 e9 72 29 09 0b
00:aa 19 b8 c3 01 38 00 00 0b 87 6a 00 00 95 95 35 25 00 00 00 00 00 00 00 00 84 49 20 08 58 58 58 58 67 62 e5 51 7a 40 80 aa 67 62 05 5a 30 60 40 00 66 62 c5 51 85 85 35 97 a8 6a 05 5a 78 68 48
00:aa 19 f0 c3 01 38 00 00 c8 29 83 c8 6a 5a 72 60 60 4a 83 e8 7a f4 f4 d7 d5 09 7b e8 7a 0f 2c 14 56 4d b4 6a 8b 7e 7a 78 78 6d b4 8b 93 01 01 09 09 eb a3 4a 83 de 5e 5c 5c 70 e5 8d c4 5e 5c 78
00:aa 19 28 c4 01 38 00 00 78 d2 ed 70 e5 58 50 70 70 95 f6 13 f6 70 00 00 80 95 f6 70 e5 2d 0d 0d 0d ce d4 0b ac 25 25 25 25 0b ac eb 9b 07 04 00 00 0b ac 8b 93 01 03 08 00 cb 9b 4a 83 2d 2b 2b
00:aa 19 60 c4 01 38 00 00 2f 2d a4 ab 93 5f f0 e2 c0 0b ac 4a 83 ad 2d 2d 2d 09 7b 20 08 25 2d 2d 2d 20 08 00 00 ff ff bf bf c4 51 00 00 58 78 78 78 67 62 06 5a 01 02 01 55 67 62 c4 51 9f de de
00:aa 19 98 c4 01 38 00 00 dc e8 72 67 62 72 62 62 61 09 7b c8 72 40 72 7d 75 c8 72 87 6a 00 0f a5 a9 c8 72 05 5a 00 b8 fc 5e 4d b4 4a 83 78 78 58 58 6d b4 6a 8b 0d 09 09 09 eb a3 4a 83 5c 5c 5c
00:aa 19 d0 c4 01 38 00 00 5c 70 e5 8d c4 78 78 78 78 13 f6 70 e5 78 78 7a 7a 95 f6 13 f6 00 00 00 40 54 f6 ce d4 0b 0f 2d 2d ce d4 0b ac 25 2b 35 a5 0c ac 0b ac ff 0b bf ff 6d b4 0b ac 5d 59 59
00:aa 19 08 c5 01 38 00 00 51 2c a4 6a 8b b7 b6 b4 bc 8d bc 2d a4 aa 82 02 29 2c ac 4a 83 2d 2d 3d b5 c8 72 20 08 0d 09 09 09 20 08 00 00 bf ff ff ff 43 41 20 08 50 58 5c 5c 05 5a a4 49 00 80 ff
00:aa 19 40 c5 01 38 00 00 7f 26 5a e5 59 fc ff f5 f5 87 6a c4 51 5c 5c 5c 5c e8 72 a8 6a fb d8 dc 78 c8 72 c8 6a ff ff fd bd 87 6a 06 5a 09 89 a9 ad 87 62 43 41 b8 fa de d7 0c a4 a8 6a 70 78 7c
00:aa 19 78 c5 01 38 00 00 5e 2c ac 6a 8b 09 09 8d cd 4d b4 4a 83 5e 5c 5c 5c 70 e5 8d c4 78 78 7e 7f d2 ed 70 e5 70 74 54 56 95 f6 d2 ed c0 61 5d 55 d2 ed ce d4 25 b5 95 d5 6d bc 0b ac 35 35 35
00:aa 19 b0 c5 01 38 00 00 15 0b ac 00 00 00 00 00 00 0b ac 0c a4 a5 a5 ad aa 6d b4 8b 93 dc d8 5c 5e 6d b4 8a 8b 02 03 ab ad ab 93 c8 72 2f 2d ad f5 67 62 20 08 09 09 0d 0d 43 41 00 00 5c 56 57
00:aa 19 e8 c5 01 38 00 00 55 c4 51 61 20 00 80 e0 6a 05 5a 84 49 c3 fb 5f 57 06 5a 63 49 f8 dc de de e8 72 67 62 a8 e8 68 7a e8 7a a8 6a 2d a9 b3 73 c8 6a c4 51 af ad ad 29 84 49 a2 28 2e 3f 3d
00:aa 19 20 c6 01 38 00 00 2d 09 7b e2 38 e0 78 78 5e ab 93 09 7b 0b 0b af 5f 4d b4 6a 8b 5c 5c 5c 5e ce d4 6d b4 48 48 48 4a b1 ed ce d4 b8 5a 5a 55 d2 ed ce d4 02 ab ad 55 ce d4 6d b4 0f 0d 25
00:aa 19 58 c6 01 38 00 00 3f 8d bc 0c ac 55 6a aa 00 6d b4 0b ac 51 11 10 30 6d b4 0b ac 55 55 35 05 0d 9c e8 7a a0 ba bf 95 ab 93 67 62 0a 2b bf d5 a8 6a 05 5a 0a 39 d5 95 c5 51 00 00 0d 0d 0d
00:aa 19 90 c6 01 38 00 00 0d 20 08 00 00 03 ff ff ff 23 41 00 08 e0 60 78 5e a4 51 23 39 a8 b8 af df 84 49 23 39 28 38 3e bf a8 6a c4 51 e0 72 7a 5b e8 7a 67 62 a0 a8 fa 5e c8 72 06 5a 2d 0d 0f
00:aa 19 c8 c6 01 38 00 00 2f e5 59 03 39 b5 35 2d 2d 26 5a e2 38 5c 56 56 5c 4a 83 87 6a ea 7e 7a 60 eb a3 09 7b 78 78 f8 e8 ae cc 2c ac ca 6a 68 62 ce d4 ae c4 22 40 00 80 ce d4 ae cc 05 e2 00
00:aa 19 00 c7 01 38 00 00 00 ce d4 8e c4 55 55 95 0d ce d4 6d b4 ff ff ff 29 8d c4 4d b4 70 80 80 00 8d bc cb 9b 2f 3d 2d 2d 09 83 26 5a 2f 35 3d 3d 67 62 05 5a 30 3c 77 7f 67 62 05 5a 35 05 85
00:aa 19 38 c7 01 38 00 00 87 e5 51 20 08 0d 0d 09 09 8a 8b 20 08 d5 25 0d 09 61 18 00 00 5c 57 5f 7f 43 49 21 10 80 ea 7a 5e 43 41 e2 38 07 c5 55 55 66 62 e2 38 f8 fa 7e 7f 46 62 84 49 20 a0 ea
00:aa 19 70 c7 01 38 00 00 da 67 62 c5 51 03 03 3f dd e5 59 23 39 2d 2d 3f be 09 7b e2 38 5e f8 e0 80 8d c4 09 7b 5f fe a8 80 8d c4 cb 9b 5f e8 20 00 ce d4 6d b4 7f eb ca 80 ce d4 ae d4 ea aa aa
00:aa 19 a8 c7 01 38 00 00 aa 54 f6 ce d4 5f 78 e0 e0 95 f6 70 e5 55 aa 00 00 d2 ed ce d4 95 25 25 25 8d c4 6d b4 00 00 02 01 8d bc 6a 8b 2b 29 29 a9 e8 72 67 62 16 39 2a 2a c8 6a 67 62 95 6e 0c
00:aa 19 e0 c7 01 38 00 00 00 67 62 66 62 ae ae aa aa 05 5a c2 30 09 09 0b 0b 41 18 00 00 55 55 15 15 ec 9b 00 00 09 09 0d 0d a2 30 20 08 54 55 55 55 e2 38 61 18 00 00 80 40 43 49 a2 28 fa e8 ff
00:aa 19 18 c8 01 38 00 00 d5 c4 51 81 28 a0 a0 ea 5f a4 51 c2 30 02 2a ad 55 29 7b 43 41 5e 58 78 60 4d b4 4a 83 5e 5c f8 f8 ce d4 6d b4 60 c0 80 80 ce d4 ae cc 50 00 00 00 ce d4 ae c4 00 04 b4
00:aa 19 50 c8 01 38 00 00 0d ce d4 8d c4 00 c0 a0 71 d2 ed 8d c4 80 ea ff 55 74 f6 ef dc 00 aa 7f 5f 70 e5 8d c4 0d 0d 35 35 8d c4 0b ac 09 25 35 d5 0b ac 6a 8b 09 09 09 0d e8 72 a8 6a 3d ff cf
00:aa 19 88 c8 01 38 00 00 03 c8 6a 87 62 02 01 01 00 c8 6a 46 62 bf 0d 0d 05 05 5a 64 41 a5 25 2f 2f 03 31 00 00 d5 95 15 15 ec 9b 00 00 0d 0d 0d 0d 20 08 00 00 f3 f2 fa f8 43 41 20 08 e0 60 70
00:aa 19 c0 c8 01 38 00 00 5a 43 41 61 18 2f 2d 0b af 82 28 20 10 00 d3 59 99 c2 30 21 10 aa fe 54 54 ab 93 26 5a 78 78 78 7a 6d bc 6a 83 f8 e8 e0 7f ce d4 2c ac 80 00 aa 55 ce d4 2c ac 00 00 aa
00:aa 19 f8 c8 01 38 00 00 55 ae cc 2c ac 0a aa aa 55 ce d4 2c ac a2 aa aa 55 8d c4 2c ac 00 00 00 55 ce d4 0c a4 80 a0 e0 7e ce d4 0c a4 2b 2b 2d b5 0b ac 8a 93 00 00 00 55 eb a3 09 7b 09 2d ad
00:aa 19 30 c9 01 38 00 00 f5 09 7b a7 6a b3 ab 02 55 c8 6a 26 5a 00 08 0a a5 67 62 c5 51 0f 3f 0f f5 e5 51 43 41 2b 2b 2b 25 43 41 00 00 15 15 15 15 00 00 00 00 00 00 00 00 00 03 88 00 00 00 00
00:aa 19 68 c9 01 38 00 00 00 00 3f fe 00 00 00 00 00 03 ff e0 00 00 00 00 00 3f fe 00 00 00 00 00 03 ff f0 00 00 00 00 00 3f ff 00 00 00 00 00 07 ff f0 00 00 00 00 00 7e ff 00 00 00 00 00 03 ff
00:aa 19 a0 c9 01 38 00 00 f0 00 00 00 00 00 3f ff 00 00 00 00 00 03 ff f0 00 00 00 00 00 3f ff 00 00 00 00 00 03 ff f0 00 00 00 00 00 3f ff 00 00 00 00 00 03 ff f8 00 00 00 00 00 1f ff c0 00 00
00:aa 19 d8 c9 01 38 00 00 00 00 01 ff ff 00 00 00 00 00 0f ff fc 00 00 00 00 00 7f ff c0 00 00 00 00 0f ff ff 00 00 00 00 00 ff ff f8 00 00 00 00 0f ff ff 80 00 00 00 00 ff ff fc 00 00 00 00 1f
00:aa 19 10 ca 01 38 00 00 ff ff c0 00 00 00 01 ff ff fc 00 00 00 00 1f ff ff e0 00 00 00 01 ff ff fe 00 00 00 00 1f ff ff e0 00 00 00 61 ff ff fc 00 00 00 07 0f ff ff c0 00 00 00 70 ff ff ee 00
00:aa 19 48 ca 01 38 00 00 00 00 07 07 ff ff e0 00 00 00 78 3f f7 fe 00 00 20 08 00 00 ff ff ff f2 00 00 00 00 00 00 00 00 00 00 00 00 00 00 00 00 00 00 00 00 00 00 00 00 20 08 00 00 cb cf cf eb
00:aa 19 80 ca 01 38 00 00 64 49 00 00 55 55 55 58 27 92 00 00 55 55 ff 00 07 aa 00 08 55 55 ff 00 27 92 20 08 55 55 ff 00 27 92 20 08 55 55 fe 00 07 9a 20 10 55 5f 80 00 a9 a2 41 10 55 fa 00 00
00:aa 19 b8 ca 01 38 00 00 88 a2 61 18 55 aa 00 00 07 8a 41 10 55 aa 00 00 ea aa 20 08 55 bf aa 02 29 93 00 00 55 b5 25 2b 20 08 00 00 ff fe f0 bf 20 08 00 00 eb f3 fc be 06 8a 20 08 5c 5c 56 55
00:aa 19 f0 ca 01 38 00 00 07 a2 e3 40 00 00 aa 5f 07 a2 85 71 00 08 fe 5a ea aa 27 92 d5 55 50 70 c9 c2 07 a2 55 55 98 80 a9 ca 68 aa 55 c0 00 00 e9 da a9 aa 55 8a 82 aa a9 ca 68 aa 55 fc 0c 00
00:aa 19 28 cb 01 38 00 00 a9 ca 27 aa d5 a9 02 00 4b b3 27 92 e9 69 aa 28 0c bc c6 79 d5 56 a8 00 29 83 00 00 d5 15 35 2d 20 08 00 00 bf ff fe fc 20 08 00 00 cf af 3f ff c6 71 20 08 7e 5c 58 70
00:aa 19 60 cb 01 38 00 00 07 a2 07 8a 5f fc c0 c0 a9 ca 07 aa 55 57 5c 50 e9 ea a9 ca 55 55 57 5c e9 ea a9 ca 55 55 05 0d ae d4 a9 ca 55 55 95 2c e9 ea a9 ca 55 55 57 17 e9 e2 a9 ca 55 55 75 01
00:aa 19 98 cb 01 38 00 00 a9 ca ea aa 15 39 00 00 8e bc ea aa 5a 54 50 50 4d ac 20 08 2d 0d 09 09 20 08 00 00 f2 eb cf cf c5 51 00 00 55 57 54 5c 07 a2 a5 51 78 60 80 a0 c9 b2 07 aa 56 54 54 55
00:aa 19 d0 cb 01 38 00 00 c9 da c9 b2 6a c8 28 aa e9 ea a9 ca 3c 20 50 60 e9 ea c9 da 01 00 00 00 e9 ea ce d4 e9 00 00 00 e9 ea a9 ca de 94 03 00 e9 ea a9 ca fc 26 03 00 e9 ea a9 ca 95 81 c1 03
00:aa 19 08 cc 01 38 00 00 a9 ca ec b3 09 01 02 00 ae cc 67 62 09 09 2b ab 41 10 00 00 ff ff bf 3f 20 08 00 00 bf 3f ff ff c6 79 00 00 5c 58 58 70 07 a2 06 8a 70 70 f0 c0 a9 ca 07 aa 55 54 55 50
00:aa 19 40 cc 01 38 00 00 e9 ea a9 ca 54 70 f8 ec e9 ea 00 00 00 00 00 00 e9 ea 00 00 00 00 00 00 e9 ea ce d4 00 00 00 15 e9 ea 00 00 00 00 00 00 e9 ea c9 d2 02 01 02 00 0a eb a9 ca 02 c2 ca 0d
00:aa 19 78 cc 01 38 00 00 a9 ca 00 00 00 00 00 00 2c ac ea aa 62 58 55 55 87 6a 20 08 95 15 95 95 20 10 00 00 ff ff ff fe 20 08 00 00 bf bf bf ff 27 92 00 00 78 70 70 70 07 aa 27 9a 6a ea ea ea
00:aa 19 b0 cc 01 38 00 00 a9 ca 07 aa 50 50 5c 50 cc db a9 d2 87 8f 57 5f e9 ea 00 00 00 00 00 00 e9 ea 00 00 00 00 00 00 0a eb 70 e5 19 37 00 00 e9 ea 0c dc 40 00 00 00 e9 ea 00 00 00 00 00 00
00:aa 19 e8 cc 01 38 00 00 e9 ea a9 ca 02 09 01 0a a9 d2 a9 ca 55 55 55 95 a9 ca ea aa 25 25 15 35 85 71 20 08 95 15 15 15 20 10 00 00 fe fe ff ff 20 08 00 00 ff ff bf bf e6 81 00 00 70 70 70 70
00:aa 19 20 cd 01 38 00 00 07 aa 07 a2 aa aa aa 6a a9 ca 27 aa 50 60 60 60 e9 ea a9 ca 70 60 c0 80 e9 ea 00 00 00 00 00 00 e9 ea c9 da 00 00 00 10 e9 ea 00 00 00 00 00 00 e9 ea 00 00 00 00 00 00
00:aa 19 58 cd 01 38 00 00 e9 ea a9 ca 00 17 01 01 a9 d2 a9 ca 95 95 55 55 a9 ca a5 71 2f 0b 2b 29 03 49 00 00 15 15 95 95 20 08 00 00 bf bf ff ff c6 79 20 08 70 58 58 58 07 a2 06 8a 80 c0 62 7f
00:aa 19 90 cd 01 38 00 00 2d bc 07 aa 7e 5f 78 e0 70 e5 0a db f5 b5 80 00 95 f6 4b eb 55 7f aa 00 95 f6 e9 ea 55 ea a8 00 54 f6 8b b3 b6 f7 00 00 e9 ea d2 e5 80 80 5e 57 e9 ea 4d b4 00 00 ea 55
00:aa 19 c8 cd 01 38 00 00 e9 e2 4d d4 00 00 14 d5 a9 d2 a9 ca 55 55 95 95 c9 c2 a5 71 29 0b 2b 0b c2 38 00 00 d5 d5 d5 15 20 08 00 00 ff 3f 3f 3f 05 5a 20 08 58 58 5c 5c 6a 8b e5 59 f0 ea ad ad
00:aa 19 00 ce 01 38 00 00 cb 93 64 41 00 ff 55 ff d2 ed e5 51 80 fe 57 55 d2 ed 4a 83 00 80 e0 78 95 f6 d2 ed 00 55 55 55 91 e5 c8 72 0b b5 b5 bd ec 9b 87 6a bd 5e f8 d7 0d 9c 29 83 58 ab 00 58
00:aa 19 38 ce 01 38 00 00 6d b4 ab 93 0a 62 a0 80 a9 ca 0a ab 00 7f 55 55 c9 b2 e6 89 09 29 0d 0d 03 49 00 00 15 15 95 95 20 08 00 00 3f 0f ef ef a4 49 00 00 5c 5c 56 57 09 7b 67 62 ab 8b c3 42
00:aa 19 70 ce 01 38 00 00 6a 8b 05 5a f5 df d8 f0 0c 9c 06 5a 7f 5e d8 a0 6d bc 4a 83 58 5c 96 36 d2 ed 70 e5 81 82 42 42 8e c4 cb 93 35 37 3e 0b 4d ac 06 5a b5 0f 00 00 4d b4 09 7b 57 ff 00 00
00:aa 19 a8 ce 01 38 00 00 ae c4 2d a4 7f ff ff 03 0c ac 09 7b 09 09 2d 2d 88 9a 24 61 02 fa de 07 03 49 00 00 95 15 15 95 20 08 00 00 eb ff f3 f3 20 08 00 00 fc fc ff ff 4a 83 43 41 e0 60 60 60
00:aa 19 e0 ce 01 38 00 00 2d a4 09 7b 5e fe aa 00 6d b4 cb 93 60 68 78 00 6d b4 8b 93 36 36 3c 28 d2 ed 50 e5 42 c2 c3 80 d2 ed 4d b4 b5 ab aa 00 b1 ed 0c ac 57 fe 00 00 d2 ed ce d4 55 fa 80 00
00:aa 19 18 cf 01 38 00 00 70 e5 8d c4 f5 3d 0d 0b 2c b4 09 7b 2d 2d 2f 2f 0f d5 ab 93 75 6b 60 62 a4 49 00 00 95 95 15 15 20 08 00 00 f3 f3 f3 f3 00 00 00 00 00 00 00 00 6a 8b e2 28 60 60 60 68
00:aa 19 50 cf 01 38 00 00 ce d4 2d a4 ee 68 68 78 ce d4 ae cc 55 01 01 01 50 dd 0b ac d7 d7 d6 54 d2 ed 91 ed 40 00 40 c0 d2 ed 70 e5 00 30 57 35 d2 ed d2 ed 00 00 00 00 d2 ed 00 00 00 00 00 00
00:aa 19 88 cf 01 38 00 00 d2 ed ae cc 2d 0d 0d 25 2c ac 4a 83 2d 2d 2d 2d 6d bc 87 62 80 c3 fd fd 43 41 00 00 15 d5 d5 d5 20 08 00 00 f3 f3 fc fc 00 00 00 00 00 00 00 00 e8 72 41 10 60 60 78 78
00:aa 19 c0 cf 01 38 00 00 6d bc 4a 83 e0 78 7a 7e ce d4 2c ac 03 a9 f5 f5 91 e5 29 83 f8 e8 f8 5e 34 f6 b1 ed ff f3 0b e5 b1 ed 8e c4 a8 02 96 d6 d2 ed 70 e5 01 c1 82 83 d2 ed ce d4 80 bf a5 b5
00:aa 19 f8 cf 01 38 00 00 b2 ed 2c ac 2d b5 d5 55 eb a3 c8 72 0b 0b 09 0d 6a 8b c8 72 c1 c1 41 43 84 49 00 00 d5 d5 95 15 00 08 00 00 fe ff ff ff 20 08 00 00 ff ff 3f ef 26 62 20 08 58 58 5c 5e
00:aa 19 30 d0 01 38 00 00 ab 93 c8 6a 70 78 5e 57 6d b4 8a 8b 82 a0 e0 78 6d b4 09 7b d5 35 0a 00 0f dd 6a 8b c0 78 e8 a0 70 e5 ef d4 5f 04 20 22 70 e5 0d 9c 00 00 02 2d ce d4 2d a4 0a 2f d5 55
00:aa 19 68 d0 01 38 00 00 0b ac 2d a4 ea 6a 7a 5a 0b ac c8 6a 2d 2d 35 f5 4a 83 c8 72 43 49 49 89 46 62 20 08 35 25 0d 0a 41 10 00 00 ff ff ff 3f 20 08 00 00 af ef cf e3 03 31 20 08 54 56 57 55
00:aa 19 a0 d0 01 38 00 00 c8 72 61 20 80 e0 ea 7a 0c a4 c8 72 e8 78 5e 55 8d bc 08 7b 00 80 ff 57 ce d4 cb 9b 00 bf 55 78 50 e5 0c ac 2b d5 5f 02 6d b4 ec 9b 95 a8 00 00 4d ac ab 93 ab 0b 0d 2d
00:aa 19 d8 d0 01 38 00 00 cb 9b 09 7b 02 2b bd d5 4a 83 c8 72 27 fe f4 f0 8a 8b c8 72 a9 ad 2d 3d c8 72 05 5a f5 be 20 00 c8 6a 41 10 b5 0b 00 00 46 62 20 08 55 55 b5 0b 20 08 00 00 fe fe 3f af
00:aa 19 10 d1 01 38 00 00 20 08 00 00 ff 3f 3f cb 64 41 20 08 60 58 56 55 87 6a 03 39 a0 e0 f8 7a 6a 8b 67 62 e0 e0 e8 78 8d c4 c8 72 80 a0 ff f5 8e c4 e9 7a 00 0a fe 5e 6d b4 0d 9c 00 02 09 0d
00:aa 19 48 d1 01 38 00 00 2d a4 29 83 2d 2f bd f5 6a 83 09 7b 95 95 d5 54 2d a4 49 83 5a 72 c2 02 8a 8b c8 72 3d 2f 0a 02 8b 93 09 7b 57 7e 62 e0 8b 93 6a 8b 55 65 7a de 8b 93 c8 72 b5 ab 2b 0a
00:aa 19 80 d1 01 38 00 00 29 83 61 18 d5 2d 0a 00 a7 6a 20 08 55 55 95 2d 20 08 00 00 fb fc ff ff 20 08 00 00 ff ff 3f bf a4 49 00 08 60 58 5c 56 4a 83 06 5a 78 78 5e 5e 4a 83 46 62 09 0b 00 00
00:aa 19 b8 d1 01 38 00 00 6d b4 4a 83 58 60 80 aa 6d b4 cb 93 09 09 09 ad 6a 8b a8 6a 2d 2d 25 35 ab 93 c8 72 56 5e 7c e0 0d 9c 6a 8b 03 0f bf d6 2d a4 6a 8b ed 89 09 01 8b 93 4a 83 52 5a a0 d6
00:aa 19 f0 d1 01 38 00 00 ab 93 6a 8b 9d f0 9a 78 0b ac ab 93 55 55 70 2a 0b ac 6a 8b 55 ff 0a 00 cb 9b a8 6a f5 ad 0a 00 6a 8b 20 08 d5 b5 2d 0a 21 08 00 00 af fb ff 3f 20 08 00 00 af cf cf af
00:aa 19 28 d2 01 38 00 00 c2 28 00 00 54 56 56 5e 87 62 e2 38 e0 e8 fa 7f a8 6a e2 38 00 2a af f5 ab 93 a4 49 00 ea 7e 5f cb 93 67 62 02 aa ff 55 09 7b 87 6a d7 5e 78 f8 4d b4 29 7b 5f 5f 5e 70
00:aa 19 60 d2 01 38 00 00 ec 9b 6a 8b dc d4 fc 78 4d ac 6a 8b 01 01 01 03 4a 83 e8 7a 38 bc 5c 5c 0c ac 6a 8b 7e 78 e0 c0 6d b4 0c ac 55 27 34 d0 4d b4 0b ac 55 09 b0 38 6d b4 0b ac 55 55 95 15
00:aa 19 98 d2 01 38 00 00 0b ac 8b 8b f5 2d 0d 2d e8 72 20 08 d5 35 25 0d 20 08 00 00 f2 a8 0c f3 20 08 00 00 2f ff ff fc 84 49 00 08 5e 78 e0 80 e5 51 43 41 ed a9 ab 0f a4 51 03 39 f5 b5 af 8a
00:aa 19 d0 d2 01 38 00 00 c4 51 23 41 58 78 f0 fc 46 62 e5 51 f0 70 f0 f0 2f dd c8 72 55 57 5c 7b ce c4 4a 83 4b 27 97 57 2d a4 8b 93 5e 5c fc fe 6d b4 6a 8b 09 09 09 0d 4a 83 e8 7a 54 54 56 57
00:aa 19 08 d3 01 38 00 00 6d bc 6a 8b ea e8 7e 57 8d c4 eb 9b 00 02 cb 7f 6d b4 eb a3 2e ff ff d5 0b ac 4a 83 00 2a af fd cb 9b 09 7b 0a 2a af fd 09 7b c2 28 09 02 00 00 09 7b 20 08 55 f5 29 02
00:aa 19 40 d3 01 38 00 00 e2 30 00 00 55 55 5d 15 20 08 00 00 eb cf cf cf 43 41 00 00 57 5c 5c 58 c4 51 23 41 70 b0 cc 0f e5 51 63 49 ba be 2d 55 e5 51 43 49 2b e8 e2 62 e5 51 43 49 7a ae 3c 08
00:aa 19 78 d3 01 38 00 00 0d 9c 05 5a 57 5c 62 8d 2d ac a7 6a 0f 97 57 57 8b 93 29 7b f8 f8 fe 7f ec 9b 6a 8b a0 e8 d8 7a 2d a4 09 7b 0d 2f b5 d7 8b 93 e8 7a 55 57 bf 03 ab 93 e8 7a e8 a0 bb 55
00:aa 19 b0 d3 01 38 00 00 cb 9b 09 7b 00 00 ff 5b eb a3 09 7b 82 af ff d7 ab 93 29 83 f9 ea a8 80 ab 93 4a 83 55 95 0a 02 6a 8b e8 72 f5 bd 2a 0a e8 7a c8 6a 03 ff bf 2f c8 72 20 08 35 0d 03 00
00:aa 19 e8 d3 01 38 00 00 e2 38 00 00 55 55 55 15 20 08 00 00 bf ef cf bf 43 41 20 08 58 50 50 70 84 49 43 41 e2 af dc 70 a4 51 43 41 7f ff ef 88 e5 51 43 49 dc d4 e8 ae 8a 8b e5 51 5c 8b 85 55
00:aa 19 20 d4 01 38 00 00 46 62 c5 51 3f df 7e 5c 09 7b 66 62 78 78 78 e0 6a 8b 09 7b 68 e0 c0 ea 6a 8b c8 72 00 0b 3e de 0d 9c 6a 8b 5f 7e 6a e2 ab 93 e8 7a 0f 0f 37 96 ab 93 09 7b 5f ff 00 80
00:aa 19 58 d4 01 38 00 00 0b ac 6a 8b 55 57 f0 80 0b ac 4a 83 55 aa 00 00 0b ac ab 93 5d 7f 20 0a 0b ac ab 93 bf 0f f0 2d 0b ac ab 93 55 fd 8f 83 cb 93 09 7b f5 bd bd 2f 09 7b e8 7a 43 40 40 90
00:aa 19 90 d4 01 38 00 00 09 7b 20 08 b5 25 0d 09 20 08 00 00 8f 3f 3f 3f 43 49 00 00 7a 78 78 78 05 5a 84 49 7e 7f f8 c0 e5 59 c4 51 55 55 b5 24 05 5a a4 49 f7 ef ab 0e e5 59 a4 49 cf ff df ff
00:aa 19 c8 d4 01 38 00 00 29 7b e5 51 5e 5e 78 78 4a 83 09 7b 56 75 d5 09 09 7b 67 62 02 0b 37 96 ab 93 c8 72 5e 78 78 a0 0c a4 6a 8b 81 89 09 0d 6a 8b 09 7b d8 70 60 60 8d c4 ab 93 5f 5a 78 f0
00:aa 19 00 d5 01 38 00 00 ae cc 0c ac 5d db ea a8 ce d4 6d b4 fd 7f ab 00 8d c4 0c ac 55 95 35 0d 0b ac cb 9b 01 02 00 00 0b ac cb 93 78 78 f0 40 0b ac 4a 83 bd 2d 2d 2f 4a 83 09 7b d5 97 36 24
00:aa 19 38 d5 01 38 00 00 4a 83 46 62 ad 09 0b 0b 84 49 20 08 55 d5 95 15 20 08 00 00 fc fc fb f3 20 08 00 00 ff ff ff fc e5 51 20 10 78 68 e0 c0 26 5a c4 51 e5 e5 a6 08 67 62 c4 51 57 5e f8 e0
00:aa 19 70 d5 01 38 00 00 67 62 c4 51 05 05 25 a5 a8 6a c4 51 55 5f 5a 78 4a 83 66 62 78 e0 c0 20 4a 83 09 7b 0d 21 29 09 4a 83 c8 72 57 56 5c 78 4d b4 8b 8b 5e 7a fa f8 2c ac 6a 8b 0d 2d 0d 0d
00:aa 19 a8 d5 01 38 00 00 eb a3 4a 83 5c 7c 7c 78 ce d4 2c ac 7a 68 e0 e0 50 e5 ae cc 57 ff f0 ac 91 ed ce d4 55 55 aa 82 50 e5 4c b4 bd af ab 0b 6d bc 0b ac 55 d5 15 15 0b ac cb 9b 40 40 c0 80
00:aa 19 e0 d5 01 38 00 00 0b ac 8b 93 35 15 35 25 6a 8b 09 7b a6 26 96 9e 6a 8b c8 72 ad 89 09 0b a8 6a 00 00 15 35 35 25 20 08 00 00 ff f3 f3 f3 81 20 00 00 57 56 56 54 67 62 43 41 7a 78 78 60
00:aa 19 18 d6 01 38 00 00 67 62 05 5a 29 2d 29 00 67 62 05 5a 60 42 03 09 67 62 c4 51 95 d7 de 78 4a 83 67 62 5e 7c 78 f8 4a 83 e8 7a b8 ba 35 35 4a 83 09 7b 09 89 89 89 ab 93 e8 7a 5c 58 58 58
00:aa 19 50 d6 01 38 00 00 6d b4 cb 93 68 e0 a0 80 6d b4 6a 8b 0d 0d 0d 0d 4d b4 6a 8b 5c 5c 58 58 70 e5 8d c4 7f 7c 78 78 f3 f5 70 e5 55 66 78 68 95 f6 d2 ed 55 5d 00 00 d2 ed ae cc 2d 2d 2d 29
00:aa 19 88 d6 01 38 00 00 8d bc 0b ac 15 15 15 35 0b ac eb a3 40 40 00 00 0b ac 8b 93 25 25 25 2d 6a 8b 09 7b 38 38 98 a0 cb 93 4a 83 ad ad a9 83 09 7b 00 00 25 0d 0d 09 20 08 00 00 ef cf cf cf
00:aa 19 c0 d6 01 38 00 00 e2 30 00 00 56 5c 5c 5c 67 62 c4 51 70 70 60 60 67 62 46 62 6a 6a ea a9 46 62 e5 51 81 cd ed a5 a7 6a 06 5a 5e 58 68 60 4a 83 c8 72 5c 7c 7e 77 09 7b e8 7a 0f 2c 16 57
00:aa 19 f8 d6 01 38 00 00 49 83 c8 72 02 aa ef 55 ab 93 09 7b 58 58 58 58 8d bc 0b ac 60 60 60 60 6d b4 6a 8b 0d 09 09 0d 6d bc 4a 83 78 78 78 78 70 e5 ae cc 70 70 c0 c0 95 f6 d2 ed 58 70 70 70
00:aa 19 30 d7 01 38 00 00 95 f6 95 f6 00 00 00 00 13 f6 ce d4 2d 2d 35 35 8d bc 0b ac 35 35 35 1d 0b ac 00 00 00 00 00 00 0c a4 6a 8b 29 2d 2d 2d 2d a4 6a 8b 57 5e 58 70 2d a4 6a 8b ad 2d 2d 2d
00:aa 19 68 d7 01 38 00 00 09 7b e2 28 09 09 09 0b 20 08 00 00 f3 ff fa ba 00 00 00 00 00 00 00 00 84 49 20 08 56 56 5c 5c 67 62 c5 51 63 60 40 fb 67 62 06 5a 02 03 c7 c4 67 62 c4 51 27 17 17 17
00:aa 19 a0 d7 01 38 00 00 c8 72 26 62 70 70 f0 f0 c8 72 c8 6a 0a 24 f0 fb c8 72 c8 6a c0 00 fe fd c8 6a e5 59 00 2e 25 b5 4a 83 67 62 e0 78 78 5e 8d c4 cb 93 c0 e0 60 78 6d b4 6a 8b 0d 0d 0d 0d
00:aa 19 d8 d7 01 38 00 00 8d c4 6a 8b 58 78 78 78 70 e5 ce d4 40 40 40 40 95 f6 d2 ed 50 70 50 50 95 f6 d2 ed 00 00 01 09 70 e5 8d c4 2f 2d 3d 3d 6d bc 0b ac 15 19 13 50 2c ac 0b ac ff fc 3f 3c
00:aa 19 10 d8 01 38 00 00 0b ac 6a 8b 2d 2d 0d 0d 6d b4 6a 8b 70 60 40 c0 6d b4 6a 8b 2d 2d 3d b5 4a 83 84 49 09 09 29 2b 20 08 00 00 bf bf bc bf 20 08 00 00 cf cf f3 f3 84 49 20 08 5c 5c 56 56
00:aa 19 48 d8 01 38 00 00 26 5a c4 51 e8 6a 6f 59 67 62 05 5a ec 56 56 56 05 5a 84 49 14 14 14 16 c8 72 67 62 78 68 68 68 09 7b c8 72 5d fd 0d 0b c8 6a 66 62 0b 3d 3d 3d 67 62 43 41 2f 2d 2d 2d
00:aa 19 80 d8 01 38 00 00 87 6a e2 38 a0 f8 f8 5e 4d ac e8 7a e0 f8 78 78 4d b4 6a 8b 2d 2d b5 b5 8d c4 6a 8b 78 78 78 78 b1 ed ce d4 6a 6a 6a 78 95 f6 70 e5 fc 7c 7e 7f 95 f6 50 e5 0b 0d 2d f5
00:aa 19 b8 d8 01 38 00 00 30 dd 2c b4 2f af bd bd 8d c4 4c b4 50 00 13 17 2d ac 0b ac bf bf 32 38 0c ac 8a 8b 0d 0d 09 2d 6d b4 ab 93 40 c2 cb ed ab 93 c8 72 0b 0b 2d b5 c8 72 02 31 03 0b 29 a9
00:aa 19 f0 d8 01 38 00 00 20 08 00 00 ba ba fa fa ec 9b 00 00 f5 0d 0b 0a 41 10 00 00 ff ff ff 3f 20 08 00 00 ff f3 fc fe e2 30 00 00 54 56 57 57 e5 51 43 41 42 62 7a 5e 06 5a c4 51 aa e4 e6 57
00:aa 19 28 d9 01 38 00 00 e5 59 43 41 3e be 37 b7 c8 72 a4 49 e0 e8 78 78 09 7b c8 72 02 00 a0 58 e8 7a 67 62 25 0d 09 0b 06 5a 02 39 a9 2d 0d 0b e2 38 a2 28 00 18 1c 04 cb 93 84 49 e8 78 7a 5e
00:aa 19 60 d9 01 38 00 00 ab 93 4a 83 09 05 b5 55 8d c4 6a 8b 78 78 78 78 70 e5 ce d4 50 5f 7d 75 d2 ed 70 e5 70 57 55 55 d2 ed ce d4 2d b5 d5 d5 ce d4 6d b4 35 b5 f5 ff 8d c4 2c ac 00 70 d0 fc
00:aa 19 98 d9 01 38 00 00 8d bc 0c ac b5 05 09 0a 0b ac 09 7b 0b 09 09 09 ab 93 67 62 02 ab ff d5 09 7b 06 5a 2b af fd 55 05 5a 61 18 01 01 09 09 2d a4 e8 72 2d 2b eb 7b c8 72 00 00 95 25 0b 00
00:aa 19 d0 d9 01 38 00 00 64 41 00 00 55 55 55 35 20 08 00 00 3e 3f cf e3 43 41 00 00 80 e0 70 78 a4 51 43 41 08 8a b2 5c c4 51 23 39 2f 2f 2d cd 67 62 43 41 f8 7a 7e 5f e8 7a 26 5a a0 ec 7e 5f
00:aa 19 08 da 01 38 00 00 e8 7a a8 6a 03 0f ff 55 67 62 64 49 2d 0b 0b 29 43 41 e2 38 95 15 25 16 29 83 e2 38 7e 78 78 e0 2c ac 4a 83 55 5f fe a0 ae cc cb 93 7a 78 f8 a8 ce d4 ae cc 40 e0 c0 00
00:aa 19 40 da 01 38 00 00 70 e5 ce d4 c0 40 40 48 95 f6 ce d4 d5 f5 be 80 13 f6 8d c4 55 dd bf 0b ae cc 6d bc d7 ff 2f 2f 8d c4 4d ac 2f 2d 0f 2f 0b ac e8 7a 09 0d 0d 0d 87 6a 06 5a 15 a5 a5 e5
00:aa 19 78 da 01 38 00 00 26 5a 05 5a ff ff ff c3 05 5a 20 08 09 09 09 09 2d a4 4a 83 7d ab 00 00 2d a4 4a 83 5f ff a8 00 ab 93 00 00 25 0d 09 09 20 08 00 00 f0 fc f0 e8 e2 38 20 08 5c 57 55 55
00:aa 19 b0 da 01 38 00 00 43 41 41 18 00 80 6a 7a a4 49 e2 38 89 a9 6d 75 64 49 e2 38 68 58 5e 57 06 5a 84 49 c0 f0 7c 56 67 62 c5 51 80 ea ff 7d 26 62 84 49 09 2d bd d5 e8 72 43 41 57 5e 58 60
00:aa 19 e8 da 01 38 00 00 6d b4 09 7b 5e 78 78 e0 ce d4 4d b4 7f ef ca 80 ce d4 ae cc e8 80 00 00 50 e5 ce d4 54 55 95 55 d2 ed ce d4 e8 78 78 55 95 f6 0f dd 00 00 80 77 74 f6 0f dd 0d 2d bd f5
00:aa 19 20 db 01 38 00 00 ce d4 6d b4 2f 2f 3f 3d 8d bc 0b ac 25 35 d5 55 0b ac a8 6a 09 09 0b 09 67 62 05 5a 40 60 60 80 05 5a 61 18 09 09 0b 0b 61 20 00 00 55 d5 d5 15 6d b4 2d a4 02 02 02 42
00:aa 19 58 db 01 38 00 00 2d a4 ec 9b aa aa aa a9 ec 9b 00 00 09 09 09 09 20 08 00 00 82 cc f0 f3 41 18 00 00 e0 54 57 d7 43 41 61 20 aa aa e8 78 a4 49 e2 38 55 e5 e5 85 a4 51 81 28 a2 fa 5f 5d
00:aa 19 90 db 01 38 00 00 84 49 a2 28 00 82 5f 55 a4 51 a2 28 ae fe 54 54 ab 93 26 5a 78 78 e0 e0 ae cc cb 93 78 78 f8 fa ce d4 ae c4 00 04 b4 0c ce d4 8d c4 00 00 20 31 ef dc 8d c4 2a aa ab 55
00:aa 19 c8 db 01 38 00 00 ce d4 8e c4 2a d5 55 55 ae cc 8d c4 01 51 55 55 ce d4 8e c4 00 80 41 49 ae cc 0b ac 29 ad ad a5 0b ac 0b ac 00 00 00 00 cb 9b a8 6a 09 09 09 29 c8 6a 67 62 55 07 04 00
00:aa 19 00 dc 01 38 00 00 87 6a 66 62 ff ff 3f 0d e5 51 23 39 2d 2d 2f 2f 61 18 00 00 f5 f5 35 35 2d a4 8a 8b 00 00 00 d5 2d a4 6a 83 02 02 0a f5 cb 93 c2 30 09 09 09 0b 41 18 00 00 57 55 d5 15
00:aa 19 38 dc 01 38 00 00 20 08 00 00 3f 3f 2f 0f 43 41 20 10 60 70 78 5a a4 49 c2 30 09 09 09 fd 81 28 61 18 aa be 16 2a 81 20 00 00 00 00 00 00 46 62 a2 28 54 5c 5c 5e eb 9b c8 72 78 78 7a 5e
00:aa 19 70 dc 01 38 00 00 8d c4 cb 9b f8 f8 78 57 ae cc 2c ac 08 a8 aa 55 ce d4 2c ac 22 2a aa 55 ae cc 2c ac 8a aa aa 75 8d c4 2c ac 02 00 08 57 ce d4 8e bc 82 00 00 7d 8d bc 8a 93 0a 0a 2a 95
00:aa 19 a8 dc 01 38 00 00 0b ac 49 83 02 02 0b f5 6a 8b 26 5a 0b 0b 2b bd c8 6a e5 51 20 00 00 ad 87 6a c5 51 0b 0b af d5 e5 51 43 41 2d ab ad b5 82 28 00 00 15 15 35 35 00 00 07 00 00 00 00 00
00:aa 19 e0 dc 01 38 00 00 00 00 7f c0 00 00 00 00 00 1f ff 00 00 00 00 00 01 ff f0 00 00 00 00 00 0f ff 00 00 00 00 00 01 fd f8 00 00 00 00 00 1f df 80 00 00 00 00 01 ff f8 00 00 00 00 00 1f cf
00:aa 19 18 dd 01 38 00 00 80 00 00 00 00 01 ff f8 00 00 00 00 00 1f ff 80 00 00 00 00 01 ff f8 00 00 00 00 00 0f ff 80 00 00 00 00 00 ff f8 00 00 00 00 00 0f ff 80 00 00 00 00 00 ff fc 00 00 00
00:aa 19 50 dd 01 38 00 00 00 00 0f ff f0 00 00 00 00 00 7f ff c0 00 00 00 00 03 ff fe 00 00 00 00 00 3f ff e0 00 00 00 00 03 ff ff 80 00 00 00 00 7f ff fc 00 00 00 00 07 ff ff c0 00 00 00 00 7f
00:aa 19 88 dd 01 38 00 00 ff fe 00 00 00 00 07 ff ff e0 00 00 00 00 ff ff fe 00 00 00 00 0f ff ff e0 00 00 00 00 ff ff fe 00 00 00 00 0f ff ff e0 00 00 00 60 ff ff be 00 00 00 07 07 ff ff e0 00
00:aa 19 c0 dd 01 38 00 00 00 00 70 7f ff f6 00 00 00 07 83 ff fb e0 00 00 00 7e 1f f7 bf 00 00 44 61 00 00 55 55 5f 60 44 61 00 00 55 55 f5 0b 20 08 00 00 ff ff ff 2f 27 a2 20 08 e0 60 60 60 a9
00:aa 19 f8 dd 01 38 00 00 ca c6 79 fd a2 00 00 a9 ca 20 08 d5 ad 0a 02 07 a2 20 08 55 55 d5 2f c5 71 00 00 55 55 55 f8 88 8a 20 00 55 55 55 00 67 8a 20 00 55 55 55 00 85 69 00 00 55 55 55 2b 20
00:aa 19 30 de 01 38 00 00 08 00 00 ff ff ff 2f 20 08 00 00 ff ff f3 cf 20 08 00 00 ff ff 0f ff a9 ca 20 08 78 78 5a 5e a9 ca 07 a2 00 f3 55 55 a9 ca 07 a2 03 cb 55 55 07 a2 e6 81 02 00 2d f5 c9
00:aa 19 68 de 01 38 00 00 aa 44 69 d8 a8 78 fa 6b ab 27 a2 a0 96 b5 57 ea aa 27 9a 22 11 5d 55 ea aa c6 81 bd d5 55 fc 27 92 41 10 ad 02 02 00 6a 8b 20 08 55 f5 89 a3 20 08 00 00 ff 00 ff bf 20
00:aa 19 a0 de 01 38 00 00 08 00 00 ef f3 f3 00 00 00 00 00 00 00 00 00 c6 79 20 08 5c 56 57 57 27 92 03 51 a0 aa e2 6a 27 92 24 61 aa a9 a2 00 a9 aa e6 81 cd cf 7f a0 a9 ca 27 92 57 57 bb a0 a9
00:aa 19 d8 de 01 38 00 00 ca 07 aa 57 7e 08 00 e9 e2 47 aa 55 fd ab 02 ea aa 07 aa e7 69 02 82 ea aa 07 a2 e0 56 56 02 a9 a2 c6 81 f1 3d 15 82 2a 8b 00 00 d5 b5 85 0d 20 08 00 00 3f eb cb 3f c6
00:aa 19 10 df 01 38 00 00 79 20 08 57 5e 58 58 a9 aa c6 79 57 57 5c 70 ea aa 07 aa 43 40 29 35 ea aa 27 aa 00 00 5a 5a a9 ca ea b2 40 00 00 00 c9 da a9 ca 55 55 54 96 e9 ea a9 ca 55 55 75 05 a9
00:aa 19 48 df 01 38 00 00 ca c9 c2 04 00 00 00 a9 ca e9 b2 01 00 00 00 a9 ca 0a ab 5d 55 f5 05 4d b4 21 10 2d 09 09 03 20 08 00 00 ff f8 f3 f3 20 08 00 00 bf ff ff ff 07 8a 00 08 5e 5c 5c 58 07
00:aa 19 80 df 01 38 00 00 aa 27 92 5a 6a ea ea a9 ca 07 aa 55 57 54 5c e9 ea a9 ca 57 77 63 c0 e9 ea a9 ca 60 c0 00 00 0a eb ce d4 e0 21 03 00 e9 ea a9 ca 95 81 01 03 e9 e2 a9 ca b5 05 c0 a2 a9
00:aa 19 b8 df 01 38 00 00 ca ea aa 0d 00 00 00 ae cc e9 b2 89 63 72 5b a8 72 00 00 55 95 15 35 20 08 00 00 f3 cf cf ff 20 08 00 00 ff ff fe fc 27 92 61 18 70 70 60 e0 07 aa 00 00 00 00 00 00 a9
00:aa 19 f0 df 01 38 00 00 ca 07 aa 5c 50 70 60 e9 ea a9 ca e8 54 58 58 e9 ea 00 00 00 00 00 00 e9 ea 00 00 00 00 00 00 e9 ea 00 00 00 00 00 00 e9 ea c9 da 10 00 00 00 e9 ea a9 ca 35 09 01 0d a9
00:aa 19 28 e0 01 38 00 00 ca ab ab 2d 01 03 02 cb a3 20 08 35 25 25 25 00 08 00 00 ff ff af af 41 10 00 00 fe fc fc fc 07 a2 05 5a 60 60 60 68 07 aa 00 00 00 00 00 00 c9 d2 07 aa 60 50 50 60 e9
00:aa 19 60 e0 01 38 00 00 ea c9 d2 c0 00 00 40 e9 ea 00 00 00 00 00 00 e9 ea 00 00 00 00 00 00 e9 ea 2f dd 2f 35 25 0f e9 ea 8e e4 00 c0 40 80 e9 ea 00 00 00 00 00 00 e9 ea a9 ca 35 35 05 0d a9
00:aa 19 98 e0 01 38 00 00 ca e9 b2 03 03 03 01 ea aa 61 18 b5 25 25 25 00 08 00 00 af af af ff 81 20 00 00 54 54 56 56 07 a2 05 5a 60 60 68 68 27 aa 07 aa ff ff 3f bf a9 ca 27 aa 40 00 00 00 e9
00:aa 19 d0 e0 01 38 00 00 ea a9 ca 50 60 40 c0 e9 ea 00 00 00 00 00 00 e9 ea 00 00 00 00 00 00 e9 ea 00 00 00 00 00 00 e9 ea a9 ca 02 0a 1e 0d a9 ca ea aa 01 03 03 03 a9 a2 20 08 25 25 25 35 20
00:aa 19 08 e1 01 38 00 00 08 00 00 ff ef cf cf 41 10 00 00 fc ff ff ff 07 92 e2 38 c0 60 60 68 48 b2 07 aa 55 54 55 55 c9 d2 68 ba aa a8 a8 7c e9 ea ce d4 00 20 18 55 e9 ea 91 e5 00 00 02 55 91
00:aa 19 40 e1 01 38 00 00 ed e9 ea 55 55 af 00 d2 ed 2a e3 55 65 eb 00 ea ea ee d4 00 80 40 5e e9 ea 4a e3 aa aa aa 5a e9 ea a9 ca 09 01 01 03 a9 ca c9 b2 01 01 01 01 07 a2 20 08 35 25 25 25 20
00:aa 19 78 e1 01 38 00 00 08 00 00 cf cf ff ff 00 00 00 00 00 00 00 00 c6 79 20 10 c0 e0 60 60 07 9a 6a 8b 00 03 25 d7 8d c4 06 5a a0 a0 ff 55 91 ed 84 49 00 00 e8 57 74 f6 6a 8b 00 00 80 78 95
00:aa 19 b0 e1 01 38 00 00 f6 d2 ed 00 00 95 55 95 f6 6a 8b 00 02 ad b5 33 f6 a8 6a 00 bd 55 55 50 e5 4a 83 2f 57 55 7f e9 e2 ec a3 8c 57 57 55 a9 ca ea aa 03 03 59 55 07 a2 41 18 25 25 25 25 20
00:aa 19 e8 e1 01 38 00 00 08 00 00 f3 f3 fb fa 00 00 00 00 00 00 00 00 a8 6a 20 10 78 78 78 5c 09 7b 46 62 09 0a 00 00 c8 6a 05 5a d5 22 2d 3c 2d a4 e5 51 55 7f 7a f0 6e b4 c8 6a 60 78 fe 2e d2
00:aa 19 20 e2 01 38 00 00 ed ce cc 00 80 c0 40 70 e5 4a 83 2d 3d 3f 2f 6d b4 87 6a 55 d5 2e 00 2d ac c8 72 7e 77 2f 00 4d ac cb 93 a0 60 e2 02 eb 9b c5 61 0a 0f 0d 2d e6 89 41 18 25 25 05 a5 20
00:aa 19 58 e2 01 38 00 00 08 00 00 ff ff 3f 3f 46 62 00 00 5c 5c 5c 5c ab 93 09 7b 7f 5f 5e 5c cb 93 87 6a dc bc a8 00 d2 ed ec 9b 58 5e 5f 5f 8d bc 6a 8b 2d 2d 2f 0a d2 ed 4d bc 40 40 60 40 91
00:aa 19 90 e2 01 38 00 00 ed 2c ac 35 2d 0b 00 50 e5 2d a4 7f 5f ff 00 d2 ed 8d c4 55 55 ff a0 50 e5 4d b4 55 f5 bd 09 0c a4 09 7b b7 b6 b4 bc 8e c4 00 00 b5 25 05 0d 20 08 00 00 3f 3f 3f 3f 66
00:aa 19 c8 e2 01 38 00 00 62 00 00 5c 5c 5c 5c ec 9b c8 6a 78 78 58 58 ce d4 4d ac 55 fa f0 70 70 e5 2c ac 7f fa 80 00 ce d4 0b ac b5 35 35 35 d2 ed 6d bc 40 60 40 40 d2 ed 70 e5 24 00 00 25 d2
00:aa 19 00 e3 01 38 00 00 ed 91 e5 30 00 00 40 d2 ed 00 00 00 00 00 00 d2 ed 6d bc 2d 2d 0d 0d eb 9b 4a 83 36 37 35 35 6d b4 00 08 0d 05 b5 b5 20 08 00 00 3f bf 3f bf 66 62 20 08 54 57 55 55 6a
00:aa 19 38 e3 01 38 00 00 8b 23 39 a0 e8 68 7a ce d4 cb 93 e0 78 7e 5e 70 e5 ce d4 00 80 41 55 ce d4 0c ac 35 35 ba 96 f2 ed ae cc 40 40 c0 c0 d2 ed ce cc 0a 0a 02 0d d2 ed 0f dd c0 c0 e0 60 d2
00:aa 19 70 e3 01 38 00 00 ed ce d4 00 bf b5 a5 50 e5 2c ac 0d 2d f5 55 eb 9b 09 7b 2d 2f 2d 25 e9 7a 00 00 35 25 25 25 20 08 00 00 cf ff eb fb 00 00 00 00 00 00 00 00 87 6a 20 08 60 70 78 58 eb
00:aa 19 a8 e3 01 38 00 00 9b c8 6a e0 e8 7a 7e ae cc 2c ac c0 68 7a 5e 8d bc 6a 8b bf 35 09 02 33 f6 ab 93 e0 5e 57 5f b2 ed ce d4 35 55 55 55 50 e5 ae c4 80 80 fd c5 ce d4 2d a4 02 2b f5 55 6d
00:aa 19 e0 e3 01 38 00 00 b4 ab 93 2a 2a af bd ec 9b c8 72 25 35 b5 d5 c8 72 00 00 2d 09 0b 0a 20 08 00 00 ef ff ff 0f 20 08 00 00 f3 f2 fc fe 20 08 00 00 ff ff ff 3f a4 49 00 08 58 5c 56 57 09
00:aa 19 18 e4 01 38 00 00 7b e5 51 a0 ea 7f 5f ec 9b c8 6a 80 e0 78 5e ce d4 ec 9b e2 a8 fa 55 ce d4 2c ac a0 00 0f 55 0f dd 0c ac a8 83 d5 fa ae cc cb 9b 2d ff ff 2b 2d a4 6a 8b 00 02 03 2d ab
00:aa 19 50 e4 01 38 00 00 93 c8 72 02 0b ad b5 29 83 a8 6a b7 96 5f e2 c8 72 46 62 3d 2d 3f 3c c8 72 81 20 b5 8b 00 00 e8 72 20 08 55 55 b5 0b 20 08 00 00 fc 8c e0 3e 20 08 00 00 2f cf e3 fc 20
00:aa 19 88 e4 01 38 00 00 08 00 00 fe ff ff bf 84 49 20 08 80 60 58 5e 09 7b a4 49 e8 fe 7f 57 6a 8b c8 6a 80 e0 60 78 8e c4 ab 93 58 58 5e 55 ce d4 4a 8b 00 00 ab 55 ae cc 4d a4 2f bf 7d 7d ec
00:aa 19 c0 e4 01 38 00 00 9b 09 7b 0b 2d ad 3d 6a 8b c8 72 fd ef fa f8 ec 9b 09 7b 5d 7d eb 0b 4a 83 c8 72 55 de fe 3c 6a 8b 29 7b 9b aa 03 a0 4a 83 87 6a ad 0a 0a 00 09 7b 41 10 b5 29 02 00 e5
00:aa 19 f8 e4 01 38 00 00 51 00 00 55 55 b5 09 20 08 00 00 ff ff ff bf 20 08 00 00 3f cb eb f3 e2 30 00 00 54 56 57 55 a4 49 c2 28 a0 a8 aa 6a 09 7b 05 5a 68 78 5c 5e 8b 93 29 7b 8b cb ca 7e 2d
00:aa 19 30 e5 01 38 00 00 a4 e8 7a 57 5c a0 f0 6d b4 0c 9c cb 09 0d f5 ab 93 c8 72 3d 35 b5 95 2d a4 09 7b 5e 5c 5e 7b 2d a4 6a 8b 2d b7 5a 70 6a 8b 09 7b b7 25 25 25 6a 8b 09 7b f8 58 58 60 eb
00:aa 19 68 e5 01 38 00 00 a3 6a 8b 55 ff 72 e0 0b a4 6a 8b 55 df aa 08 ab 93 a5 49 ad 0a 00 00 8a 8b 20 08 d5 ad 0b 02 a4 49 20 00 55 55 55 15 20 08 00 00 fe fc fc f0 00 00 00 00 00 00 00 00 43
00:aa 19 a0 e5 01 38 00 00 41 20 08 c0 60 60 60 87 62 64 49 f0 78 7e 57 4a 83 e5 59 00 aa ff 55 4a 83 43 41 00 a8 f8 5e cb 93 a8 6a 02 ab f5 55 29 83 c8 6a 96 5c 58 78 cb 93 4a 8b 6b 6e 76 e8 2d
00:aa 19 d8 e5 01 38 00 00 a4 8b 93 70 60 60 e0 ab 93 e8 7a b5 35 b5 b5 cb 9b e9 7a 78 78 78 78 2c b4 cb 9b 6a aa a0 aa 4d b4 0b ac 55 55 15 95 0b ac 8b 93 8b 2f 0d 3d ab 93 6a 8b 2b 2a 2b 55 4a
00:aa 19 10 e6 01 38 00 00 83 20 08 35 2d 09 0b 20 08 00 00 e3 8f 3f ff 23 41 20 08 55 56 58 60 a4 49 61 20 60 a0 00 00 c4 51 43 41 bd 3b f3 f8 64 49 43 39 ab fd ff 2a c4 51 e2 38 58 78 e8 a0 09
00:aa 19 48 e6 01 38 00 00 7b 06 5a 7e 5e 7e 78 6a 8b 09 7b 58 58 6a be 0c 9c 6a 8b 7f 7b 73 7f 2d a4 ab 93 f0 f2 72 55 8b 8b e8 7a 35 35 b5 ad 4a 83 e8 7a 60 70 50 79 8b 93 09 7b 20 a0 ea 55 eb
00:aa 19 80 e6 01 38 00 00 a3 4a 83 00 ef ff 55 ab 93 09 7b 00 2a af fd 4a 83 09 7b 23 25 25 eb e8 7a 84 49 01 02 00 00 87 6a 00 00 55 b5 2d 02 41 18 00 00 55 55 55 15 20 08 00 00 fb f3 f3 ff 43
00:aa 19 b8 e6 01 38 00 00 41 00 00 55 57 5e 5c 84 49 a2 28 60 a0 00 00 e5 51 63 49 29 eb eb ed c4 51 64 49 5a a6 fc 70 05 5a a4 49 d5 bf 3f 3c a8 6a a4 49 57 56 78 82 09 7b 46 62 60 8a bd 55 4a
00:aa 19 f0 e6 01 38 00 00 83 c8 72 f8 58 5e 57 6a 8b 09 7b 00 aa 5f 57 cb 93 09 7b ab 5a f8 e8 cb 9b 09 7b ed ab 0b 25 6a 8b 09 7b 55 55 7c 70 0b ac 09 7b 55 ff fa 80 0b ac 4a 83 55 7f ff 02 ab
00:aa 19 28 e7 01 38 00 00 93 09 7b ff 7f 2a 02 8b 93 6a 8b 55 55 7f aa 6a 8b c8 6a ad 0d 0b 00 09 7b 87 6a ff f5 85 09 a8 6a 61 18 95 25 09 02 41 18 00 00 57 57 55 15 20 08 00 00 cf cf ff ff 84
00:aa 19 60 e7 01 38 00 00 49 20 08 58 78 70 60 a4 49 43 49 0a 0f ef ff 84 49 43 49 3f bf f0 0c 67 62 63 49 57 57 fc 02 a8 6a c4 51 de e2 0b bd 67 62 c4 51 0d 95 57 5f a8 6a 05 5a 5e 5e 68 60 09
00:aa 19 98 e7 01 38 00 00 7b 87 6a f8 f0 e9 bd ab 93 c8 72 d7 56 5c 78 0c ac ab 93 5f 7e c2 83 ab 93 09 7b 37 37 9e de 0b ac 4a 83 5e 58 f0 a0 8d bc eb a3 7f ff e0 80 8d c4 0b ac 55 f3 00 00 8d
00:aa 19 d0 e7 01 38 00 00 c4 cb 9b d5 f5 2f 0b 0b ac ab 93 55 fd 8f 03 ab 93 6a 8b ad ca aa 20 8b 93 09 7b b5 25 09 09 09 7b 87 62 fd 9f 2f 2f c8 72 20 08 d5 35 25 0d 20 08 00 00 af af af af 43
00:aa 19 08 e8 01 38 00 00 41 41 18 60 68 68 60 e5 59 43 41 5a 7a ea 28 05 5a a4 49 f4 7c ff fe ab 93 c4 51 0d 05 f5 55 c5 51 c4 51 cf af bf ff a8 6a c4 51 5e 7a 78 e8 c8 72 67 62 e0 23 af 94 29
00:aa 19 40 e8 01 38 00 00 83 87 62 f7 d6 9c f8 0c a4 4a 83 7a 78 e0 e0 2c ac ab 9b a9 a9 89 0b ab 93 4a 8b 57 9c bc fc 8d bc eb a3 7b 70 70 e0 ce d4 8e c4 55 5c fc 00 70 e5 ce d4 55 55 55 70 ce
00:aa 19 78 e8 01 38 00 00 d4 6d b4 3d 0f 0b 00 8d bc 0c ac 55 95 25 05 0b ac ab 93 d7 37 3c 30 0b ac 4a 83 ad ad 0f 0b 4a 83 c8 6a a5 2d 05 05 c8 72 61 18 09 03 02 00 a2 28 00 00 55 55 55 15 20
00:aa 19 b0 e8 01 38 00 00 08 00 00 2f 3f bf ff e5 59 81 20 7a 78 68 60 66 62 c5 51 55 5d ff f2 67 62 c4 51 57 7e f8 a0 67 62 c4 51 fd ad 29 25 67 62 c4 51 57 5c 5c 70 09 7b 87 6a 5f 7c e8 e8 e8
00:aa 19 e8 e8 01 38 00 00 7a c8 6a dc bb b0 80 8b 93 e8 7a 5e 5c 5c 5c 6d b4 eb 9b 78 58 70 f0 8d bc eb 9b ab 03 01 09 0c ac 6a 8b 56 dc fc f8 ae cc 0c ac 70 68 e8 a0 50 e5 ce d4 55 fd c0 70 33
00:aa 19 20 e9 01 38 00 00 f6 0f dd 7f 7a fa e0 d2 ed ce d4 b5 2d 2d 0b ce d4 6d bc f5 bd 0f 0f 4c b4 eb a3 df ff ff 3f 0b ac 6a 8b 09 09 09 09 4a 83 c8 72 0d 25 0d 2f e8 72 a8 6a fd fd 8f 0b 67
00:aa 19 58 e9 01 38 00 00 62 00 00 95 15 35 35 20 08 00 00 fc fc fc fc 81 20 00 00 57 57 54 5c 46 62 64 41 5a 7a 7a 70 67 62 05 5a 60 42 03 00 67 62 46 62 5a 6b ad af 26 5a c4 51 85 35 b6 9a c8
00:aa 19 90 e9 01 38 00 00 72 e5 51 78 68 e0 a0 4a 83 e8 7a 47 af 83 c7 e8 7a c8 6a 00 00 00 3f 8a 93 c8 6a f8 f8 f8 78 8d bc ec a3 68 40 60 60 8d bc eb 9b 0d 2d 0d 0d 6d b4 ab 93 5e 5e 58 78 ce
00:aa 19 c8 e9 01 38 00 00 d4 8d bc 70 c0 c0 80 d2 ed ce d4 78 6a a8 a8 95 f6 d2 ed 70 60 80 80 d2 ed 70 e5 05 05 05 05 ce d4 8e c4 25 05 0d 01 8d c4 0b ac 15 25 0d 0d 0b ac 8b 93 0d 0d 0d 0d 4a
00:aa 19 00 ea 01 38 00 00 83 e8 7a 27 26 36 14 6a 8b e8 72 fd ed ab 0a c8 72 20 08 35 25 25 2d 20 08 00 00 fe f3 f3 f3 23 39 20 08 56 56 54 5c 67 62 84 49 60 60 60 e0 67 62 46 62 9a aa aa aa 67
00:aa 19 38 ea 01 38 00 00 62 05 5a 1b 31 81 81 c8 72 c4 51 5e 5e 7e 78 e8 7a 67 62 68 60 42 a0 49 83 c8 72 8f bf ef 55 c8 6a 05 5a 00 0a 89 ad 6a 8b 67 62 f8 7e 5e 57 8d bc 09 7b c0 e8 ea 7a 8d
00:aa 19 70 ea 01 38 00 00 c4 cb 9b 0d 2d ed fd 8e c4 cb 9b 5c 78 78 78 70 e5 ce d4 56 54 50 50 95 f6 70 e5 5f 5c 5c 78 95 f6 13 f6 00 00 03 01 d2 ed ce d4 0a 29 2d ad ce d4 8e c4 01 01 01 05 8d
00:aa 19 a8 ea 01 38 00 00 c4 0c ac 0f 09 09 05 0b ac 6a 8b 0b 0d 0d 2d 0c 9c 09 7b d7 de 5a 70 cb 9b 6a 83 ed ad 05 0d c8 72 41 10 0d 09 09 09 20 08 00 00 f3 f3 ff ff 43 39 00 00 5c 5c 5c 5c 67
00:aa 19 e0 ea 01 38 00 00 62 e5 51 70 42 4e 4c 67 62 66 62 aa aa ab a9 67 62 c4 51 09 89 0d 05 c8 6a 05 5a 78 78 78 70 e8 7a c8 6a ca 3f ff fe c8 72 87 62 aa ad 09 09 c8 6a e5 59 2d ad 8d ed a8
00:aa 19 18 eb 01 38 00 00 6a 43 41 e8 fe 5f 55 ec 9b 66 62 e0 78 7a 5e ec 9b 6a 8b 0a 2a aa 7f ce d4 eb 9b 7a 7a 78 78 70 e5 ce d4 70 60 40 70 95 f6 70 e5 78 70 70 70 95 f6 91 ed 03 01 0d 0d 50
00:aa 19 50 eb 01 38 00 00 e5 ce d4 05 25 15 15 ae cc 6d bc 0f 3f 9f 5f 8d c4 0b ac 05 05 25 35 cb 9b 6a 8b 09 0d 05 05 6d b4 4a 8b 7a 62 c2 82 eb a3 4a 83 2d 3d 3d 3d 09 7b 03 39 09 09 09 09 20
00:aa 19 88 eb 01 38 00 00 08 00 00 ff fb f3 f3 43 41 00 00 5c 5c 5c 5c 46 62 e5 51 48 7c 7c 7c 67 62 05 5a 43 60 55 55 67 62 43 49 0f 0d 2d ad a8 6a a4 51 f8 78 7c 5e e8 7a a8 6a c2 80 c0 60 e8
00:aa 19 c0 eb 01 38 00 00 7a 67 62 29 0b 02 00 a8 6a c4 51 bf ad ad 2d 64 49 a2 28 3f 3f 3d 2d a8 6a e2 38 e0 78 5e 5e 8b 93 e8 72 a8 78 78 70 ce d4 eb 9b 78 78 f8 e8 b1 ed ce d4 6a 68 e8 68 95
00:aa 19 f8 eb 01 38 00 00 f6 d2 ed 60 60 e0 60 95 f6 70 e5 0d 0d 0d 0d ce d4 8d bc 0b 0b 03 01 8d c4 4d b4 80 80 d0 5d 6d b4 eb a3 37 37 af ff eb a3 4a 83 2d 25 3f 3e 6d b4 ec 9b 83 09 0d b5 ab
00:aa 19 30 ec 01 38 00 00 93 c8 72 0b 0b 2d ad c8 72 c2 30 09 09 09 09 20 08 00 00 ff ff bf 0d 00 00 00 00 00 00 00 00 20 08 00 00 ff fe fc bc c2 30 00 00 54 56 56 57 05 5a 23 39 e0 e8 68 7a 05
00:aa 19 68 ec 01 38 00 00 5a c4 51 00 40 80 40 26 62 84 49 25 a5 e5 ed 05 5a 43 41 70 78 58 5e e8 7a 26 5a e8 fe 7b 5f e8 7a a8 6a 00 80 ea 75 c8 6a e5 59 2d 2d 09 ad 84 49 e2 38 35 25 27 2c 6a
00:aa 19 a0 ec 01 38 00 00 8b 43 41 5e 5c 78 e0 8d bc 6a 8b 7e 78 e8 80 ce d4 6d b4 7c fc e0 e0 b1 ed ce d4 f8 5e 56 55 95 f6 ef dc a0 e0 fa d7 95 f6 70 e5 0d 0d b5 55 ce d4 8d c4 09 09 05 05 0b
00:aa 19 d8 ec 01 38 00 00 ac eb a3 00 0c 00 00 cb 9b e8 72 0a 2f 25 a5 cc 9b c8 72 0b af f5 55 09 7b 67 62 0a a9 b5 95 06 5a 20 08 01 09 09 09 09 7b 61 18 f5 2d 0b 0b 20 10 00 00 ff ff 3f 3f 00
00:aa 19 10 ed 01 38 00 00 00 00 00 00 00 00 00 41 10 00 00 3f bf ff ff 43 41 20 10 c0 60 70 58 e5 51 43 49 a8 aa ba 6e c4 51 84 49 01 a9 99 a7 a4 49 23 39 fc fe de d7 87 62 43 49 e8 ea 7e 5f 67
00:aa 19 48 ed 01 38 00 00 62 e5 51 00 0c ed fd 67 62 43 49 0b 0b af bd 29 7b 43 41 56 5c 78 e0 0c ac 4a 83 5e 5c fa e0 ae cc 2c ac fa e8 78 f8 ce d4 ae cc 50 e0 fc ff ce d4 8e c4 00 05 d1 55 ce
00:aa 19 80 ed 01 38 00 00 d4 8e c4 00 15 55 56 ce d4 8d c4 80 91 57 d5 8e c4 8d c4 2a aa aa aa 8d bc 0b ac 0a 0b 0d 95 0b ac ab 93 0b 03 0f 05 29 83 26 5a 0f 2d 2d 2d 87 6a 05 5a 02 96 75 6d 67
00:aa 19 b8 ed 01 38 00 00 62 05 5a 09 45 6b 42 c5 51 00 00 09 09 09 09 8b 93 87 62 8d 09 0b 02 87 6a 20 08 d5 d5 95 25 00 00 00 00 00 00 00 00 20 08 00 00 c3 33 2c 0f e2 38 20 08 58 56 57 55 a4
00:aa 19 f0 ed 01 38 00 00 49 81 20 80 88 fa 5e c4 51 43 41 2e ef f7 55 43 41 e2 38 15 15 15 15 c4 51 e2 38 e8 7a 5e 55 05 5a 03 41 82 eb fb 7d 84 49 e2 38 0a ac 94 54 6a 8b 26 5a 78 60 e0 e0 0b
00:aa 19 28 ee 01 38 00 00 ac 8b 93 5c 58 58 58 8d c4 0c ac 40 40 60 70 ae cc 8d c4 55 55 55 54 ce d4 8e c4 55 55 56 a0 ce d4 8e c4 55 55 00 00 ce d4 8e c4 55 55 d5 0b ce d4 6d b4 ff af ff 3d 4d
00:aa 19 60 ee 01 38 00 00 b4 eb a3 bf 2f bd ff cb 9b 09 7b 0a 2a 2b 09 09 7b 67 62 25 25 b5 95 67 62 05 5a 42 a0 80 c0 c5 51 20 08 09 09 09 09 2d a4 ab 93 f5 8d 0f 0b ec 9b a2 20 ad 0a 00 00 6a
00:aa 19 98 ee 01 38 00 00 8b 20 08 55 b5 0b 00 47 62 20 08 55 55 d5 35 20 08 00 00 83 fc fc 3e e2 38 00 00 78 5e 57 55 43 41 41 18 aa aa e8 68 a4 49 e2 38 e5 a9 81 82 c2 30 81 20 00 0f f0 3f c2
00:aa 19 d0 ee 01 38 00 00 30 81 20 00 23 eb ff 06 5a a2 28 54 54 5c 5c 6a 8b a8 6a 68 78 78 78 0b ac 8b 93 58 78 70 70 ae cc 2c ac 7a 7a 58 56 ce d4 8e c4 54 60 a9 55 ce d4 8e c4 2a d5 56 50 ce
00:aa 19 08 ef 01 38 00 00 d4 8d c4 a1 59 2c 0c ce d4 8e c4 00 00 81 09 8e c4 0b ac 09 0d 0d 05 eb 9b 09 7b 0d 0d 2d 2d e8 72 67 62 15 a7 a6 aa c8 6a 67 62 55 55 9c 3c a7 6a 46 62 ff fd bd 3d c4
00:aa 19 40 ef 01 38 00 00 51 41 10 09 09 0b 0a 2d a4 ab 93 00 00 00 75 2d a4 8a 93 03 00 00 6a 2d a4 cb 93 5d 0f 03 ff cb 93 64 41 2d 02 00 00 6a 8b 61 18 55 b5 0b 00 87 6a 20 08 55 55 d5 2b 20
00:aa 19 78 ef 01 38 00 00 08 00 00 3f cf cf cf 43 41 20 08 60 60 50 58 c4 51 02 39 02 02 0b d5 e2 38 a2 28 d5 3f 00 00 e2 38 a2 28 55 f9 00 00 05 5a 81 20 5c 78 f8 f8 4a 83 66 62 e0 60 60 7a 0c
00:aa 19 b0 ef 01 38 00 00 ac 8b 93 70 70 70 55 8d c4 ec 9b e8 a0 e0 5f ae cc 2c ac 88 a8 a8 75 ce d4 2c ac 20 20 00 5d ce d4 8e bc 82 00 00 75 ae c4 8a 93 0f 0f 0f a5 6a 8b 26 5a 0b 0b 2b ad c8
00:aa 19 e8 ef 01 38 00 00 6a 87 6a 10 00 c0 55 c8 6a 46 62 20 00 c0 a5 c8 6a c5 51 0b 2f 2d d5 c4 51 03 39 2f 0f 0b bd 41 10 00 00 3f 3f 3f 3f 00 00 07 00 00 00 00 00 00 00 7f c0 00 00 00 00 00
00:aa 19 20 f0 01 38 00 00 07 ff 00 00 00 00 00 00 7f f0 00 00 00 00 00 07 ff 00 00 00 00 00 00 7f f8 00 00 00 00 00 07 ff 80 00 00 00 00 01 ff f8 00 00 00 00 00 3f ff 80 00 00 00 00 07 ff f8 00
00:aa 19 58 f0 01 38 00 00 00 00 00 00 7f ff 80 00 00 00 00 0f ff f8 00 00 00 00 01 ff ff 80 00 00 00 00 1f ff f8 00 00 00 00 01 ff ff 80 00 00 00 00 1f ff fc 00 00 00 00 01 ff ff fc 00 00 00 00
00:aa 19 90 f0 01 38 00 00 1f ff ff e0 00 00 00 00 ff ff ff 00 00 00 00 0f ff ff fc 00 00 00 00 3f ff ff c0 00 00 00 01 ff ff fe 00 00 00 00 1f ff ff e0 00 00 00 01 ff ff fe 00 00 00 00 07 ff ff
00:aa 19 c8 f0 01 38 00 00 f0 00 00 00 00 7f ff ff 00 00 00 00 0f ff ff f0 00 00 00 01 ff ff ff 80 00 00 00 3f ff ff f8 00 00 00 4f ff ff ff 80 00 00 07 ff ff ff fc 00 00 00 7f ff ff ff c0 00 00
00:aa 19 00 f1 01 38 00 00 07 ff ff ff fc 00 00 00 7f ff ff ff c0 00 00 00 00 00 00 00 00 00 00 00 00 00 00 00 00 00 00 00 00 00 00 00 00 00 00 00 00 00 00 00 00 00 00 00 00 00 00 00 00 00 00 00
00:aa 19 38 f1 01 38 00 00 00 00 00 00 00 00 00 00 00 00 00 00 00 00 00 00 00 00 00 00 00 00 00 00 00 00 00 00 00 00 00 00 00 00 00 00 00 00 00 00 00 00 00 00 00 00 00 00 00 00 00 00 00 00 20 08
00:aa 19 70 f1 01 38 00 00 00 00 ff ff af cf 00 00 00 00 00 00 00 00 00 00 00 00 00 00 00 00 00 00 00 00 00 00 00 00 00 00 00 00 00 00 00 00 00 00 00 00 00 00 00 00 00 00 00 00 00 00 00 00 00 00
00:aa 19 a8 f1 01 38 00 00 00 00 00 00 00 00 00 00 00 00 00 00 00 00 20 08 00 00 ff fe fc ff 20 08 00 00 ff 00 ff ff 20 08 00 00 e3 f3 f2 f2 00 00 00 00 00 00 00 00 00 00 00 00 00 00 00 00 00 00
00:aa 19 e0 f1 01 38 00 00 00 00 00 00 00 00 00 00 00 00 00 00 00 00 00 00 00 00 00 00 00 00 00 00 00 00 00 00 00 00 00 00 00 00 00 00 00 00 00 00 00 00 00 00 00 00 00 00 00 00 00 00 00 00 20 08
00:aa 19 18 f2 01 38 00 00 00 00 ff fc ff ff 20 08 00 00 f2 cb cf cf 00 00 00 00 00 00 00 00 00 00 00 00 00 00 00 00 00 00 00 00 00 00 00 00 00 00 00 00 00 00 00 00 00 00 00 00 00 00 00 00 00 00
00:aa 19 50 f2 01 38 00 00 00 00 00 00 00 00 00 00 00 00 00 00 00 00 00 00 00 00 00 00 00 00 00 00 00 00 00 00 00 00 00 00 00 00 00 00 00 00 20 08 00 00 ef ff ff cf 00 00 00 00 00 00 00 00 00 00
00:aa 19 88 f2 01 38 00 00 00 00 00 00 00 00 00 00 00 00 00 00 00 00 00 00 00 00 00 00 00 00 00 00 00 00 00 00 00 00 00 00 00 00 00 00 00 00 00 00 00 00 00 00 00 00 00 00 00 00 00 00 00 00 00 00
00:aa 19 c0 f2 01 38 00 00 00 00 00 00 00 00 00 00 00 00 00 00 00 00 00 00 00 00 00 00 00 00 43 41 20 08 55 55 5e e0 43 41 20 08 55 55 ad 02 20 08 00 00 ff ff 3f 0f 00 00 00 00 00 00 00 00 00 00
00:aa 19 f8 f2 01 38 00 00 00 00 00 00 00 00 00 00 00 00 00 00 00 00 00 00 00 00 00 00 00 00 00 00 00 00 00 00 00 00 00 00 00 00 00 00 00 00 00 00 00 00 00 00 00 00 00 00 00 00 00 00 00 00 00 00
00:aa 19 30 f3 01 38 00 00 00 00 00 00 00 00 c2 30 00 00 55 55 56 70 46 62 20 08 57 5e f8 a0 e8 7a 03 39 7e a8 00 00 09 93 c5 51 f5 ff aa 02 66 62 a2 28 d5 b5 2b 02 84 49 00 08 55 d5 ad 0b 20 10
00:aa 19 68 f3 01 38 00 00 00 00 ff ff ff bf 00 00 00 00 00 00 00 00 00 00 00 00 00 00 00 00 00 00 00 00 00 00 00 00 00 00 00 00 00 00 00 00 00 00 00 00 00 00 00 00 00 00 00 00 00 00 00 00 00 00
00:aa 19 a0 f3 01 38 00 00 00 00 00 00 00 00 85 69 20 08 55 57 5e 78 27 92 23 39 5f 7b ea 80 ea aa 87 6a 5f 78 e0 c0 6d b4 ea aa 55 57 58 50 6d b4 8a 93 ed 0b 0a 00 6d b4 87 6a fd af aa 00 eb ab
00:aa 19 d8 f3 01 38 00 00 06 5a 55 f5 af 0b 64 69 00 00 d5 bd 2f 0a 20 10 00 00 ff ff bf 2f 00 00 00 00 00 00 00 00 00 00 00 00 00 00 00 00 00 00 00 00 00 00 00 00 00 00 00 00 00 00 00 00 00 00
00:aa 19 10 f4 01 38 00 00 00 00 00 00 00 00 00 00 00 00 00 00 00 00 03 41 00 00 55 55 57 54 27 92 a2 28 7c 78 e0 80 c9 aa 07 a2 55 55 50 70 a9 ca ea aa 55 56 68 00 a9 ca 8d c4 95 35 35 25 ae cc
00:aa 19 48 f4 01 38 00 00 8d bc f5 ff f0 80 ce d4 8d bc 5d cf 0b 0a 8d c4 0a ab b5 29 09 0d 27 9a e2 40 2d 2b 0b 02 24 59 20 08 f5 b5 2d 0d 00 00 00 00 00 00 00 00 00 00 00 00 00 00 00 00 00 00
00:aa 19 80 f4 01 38 00 00 00 00 00 00 00 00 00 00 00 00 00 00 00 00 00 00 00 00 00 00 00 00 00 00 00 00 00 00 00 00 27 92 20 08 56 5e 78 e0 a9 ca 07 92 5f 7e f8 a0 a9 ca 27 aa 40 00 00 00 e9 ea
00:aa 19 b8 f4 01 38 00 00 a9 ca 55 55 55 54 e9 ea ae d4 05 d5 35 09 ce d4 00 00 00 00 00 00 ce d4 0a ab 00 00 01 05 ce d4 ea aa 35 d5 55 55 cb ab 07 a2 b5 ad aa 02 27 9a c2 30 bd 2d 2b 0b 82 28
00:aa 19 f0 f4 01 38 00 00 00 00 d5 f5 35 35 00 00 00 00 00 00 00 00 00 00 00 00 00 00 00 00 00 00 00 00 00 00 00 00 00 00 00 00 00 00 00 00 00 00 00 00 00 00 00 00 06 6a 00 00 55 57 5e 58 c9 c2
00:aa 19 28 f5 01 38 00 00 23 49 78 e8 a0 a0 a9 ca c9 b2 40 00 00 00 e9 ea a9 ca 55 55 58 c0 e9 ea c9 d2 58 18 00 00 e9 ea 00 00 00 00 00 00 e9 ea ec db 25 00 00 00 e9 ea a9 ca 15 15 03 02 ae cc
00:aa 19 60 f5 01 38 00 00 c9 ba 7a c0 02 ad a9 ca ea aa 55 55 05 00 a9 aa 64 69 2d 2b 0b 02 a5 71 20 08 b5 bd 2d 09 20 08 00 00 ff ff ff 3f 00 00 00 00 00 00 00 00 00 00 00 00 00 00 00 00 00 00
00:aa 19 98 f5 01 38 00 00 00 00 00 00 00 00 00 00 00 00 00 00 00 00 20 08 00 00 ff ff fe fe 27 92 61 18 58 78 60 e0 a9 ca 47 92 60 e0 80 c0 e9 e2 a9 ca 56 56 56 50 e9 ea 00 00 00 00 00 00 e9 ea
00:aa 19 d0 f5 01 38 00 00 00 00 00 00 00 00 e9 ea 00 00 00 00 00 00 e9 ea 00 00 00 00 00 00 0a eb e9 ea fe ff ff ff e9 ea a9 ca 0d 0a 00 00 e9 ea a9 ca 55 25 09 02 a9 ca ea aa 15 0b 02 00 a9 c2
00:aa 19 08 f6 01 38 00 00 a2 30 ad 2d 2d 29 61 18 00 00 d5 d5 b5 35 00 00 00 00 00 00 00 00 00 00 00 00 00 00 00 00 00 00 00 00 00 00 00 00 00 00 00 00 00 00 00 00 c2 30 00 00 55 57 56 54 07 a2
00:aa 19 40 f6 01 38 00 00 a4 51 60 60 c0 c0 a9 ca 27 aa 00 00 40 c0 e9 ea a9 ca 50 70 60 40 e9 ea 00 00 00 00 00 00 e9 ea 00 00 00 00 00 00 e9 ea 00 00 00 00 00 00 e9 ea 00 00 00 00 00 00 e9 ea
00:aa 19 78 f6 01 38 00 00 00 00 00 00 00 00 e9 ea 00 00 00 00 00 00 e9 ea 00 00 00 00 00 00 e9 ea a9 ca d5 95 2d 01 a9 ca 24 61 2d 29 0b 0a 85 71 20 08 d5 b5 b5 25 20 08 00 00 ff ff ff aa 00 00
00:aa 19 b0 f6 01 38 00 00 00 00 00 00 00 00 00 00 00 00 00 00 00 00 00 00 00 00 00 00 00 00 64 49 00 00 56 5c 5c 5c 07 aa e6 71 60 60 60 60 a9 ca 27 aa 00 80 00 40 e9 ea a9 ca 40 40 40 70 e9 ea
00:aa 19 e8 f6 01 38 00 00 00 00 00 00 00 00 e9 ea 00 00 00 00 00 00 e9 ea 00 00 00 00 00 00 e9 ea 00 00 00 00 00 00 e9 ea 00 00 00 00 00 00 e9 ea 00 00 00 00 00 00 e9 ea 00 00 00 00 00 00 e9 ea
00:aa 19 20 f7 01 38 00 00 e9 e2 a9 a9 a9 a9 c9 c2 4d b4 0a 0a 07 d5 6a 8b c2 28 b5 2f 0a 0a e5 59 20 10 55 aa 00 00 43 49 20 08 55 f5 09 03 00 08 00 00 ff ff bf bf 00 00 00 00 00 00 00 00 44 51
00:aa 19 58 f7 01 38 00 00 00 00 5c 5c 5c 5c 07 aa e6 71 60 60 60 60 a9 ca 27 aa 60 60 70 50 e9 ea a9 ca 70 40 7c 57 e9 ea 00 00 00 00 00 00 e9 ea 00 00 00 00 00 00 e9 ea 00 00 00 00 00 00 e9 ea
00:aa 19 90 f7 01 38 00 00 4b e3 aa aa aa 55 e9 ea ce d4 00 00 00 95 e9 ea ce d4 00 00 d5 55 e9 ea ae cc 00 35 55 55 70 e5 ce d4 55 55 58 c0 70 e5 8d c4 fd fd 2d 2d 4d b4 e8 7a 3d 2f 2b 0a 6a 8b
00:aa 19 c8 f7 01 38 00 00 06 5a d5 b5 2d 2b 06 5a 43 49 55 55 bd 0b c2 30 20 08 d5 d5 d5 15 00 00 00 00 00 00 00 00 20 08 00 00 ef ff ff 3f 43 49 00 00 5c 5c 5e 5e 07 a2 24 61 c0 e0 60 60 a9 ca
00:aa 19 00 f8 01 38 00 00 07 aa 60 60 60 70 c9 da a9 ca 54 55 55 55 e9 ea c9 d2 00 00 00 60 e9 ea 8b cb 00 00 00 09 0a eb ce d4 03 35 55 55 ce d4 00 00 00 00 00 00 70 e5 ce d4 55 55 5d 42 ce d4
00:aa 19 38 f8 01 38 00 00 8d bc 0d 0f 0f 03 ce d4 6d b4 70 f8 e0 00 70 e5 ce d4 00 5d 55 55 ce d4 6d bc 03 0f ff 5f 8d c4 2d a4 f5 09 09 0b ec 9b e8 7a b5 2d 2d 2d c8 6a e5 59 a9 2a 28 00 c8 72
00:aa 19 70 f8 01 38 00 00 61 20 b5 aa 00 00 09 7b 20 08 55 aa 00 00 09 7b 20 08 55 aa 00 00 e9 7a 20 08 55 ab 02 00 a7 6a 20 08 55 d5 2b 00 26 5a 20 08 55 55 d5 0b 20 08 00 00 fc ff ff 3f e2 38
00:aa 19 a8 f8 01 38 00 00 00 00 5c 56 56 57 27 9a e3 40 e8 7a 7e 5e 07 a2 e6 81 00 00 a0 78 a9 ca ea aa 80 c0 ff d5 a9 ca 2a 9b 00 cf ff d5 c9 c2 8a 8b 0f ab f5 55 8d bc 2d 9c 80 ea 7f 55 ce d4
00:aa 19 e0 f8 01 38 00 00 6d b4 a0 f0 70 5c 70 e5 ce d4 40 60 60 60 70 e5 ce d4 15 0d 03 02 ce d4 8e c4 00 01 01 09 ae cc 0c a4 2b bd bd f5 4d ac cb 9b 00 aa aa 56 6d b4 0c a4 02 b2 d7 55 ec 9b
00:aa 19 18 f9 01 38 00 00 09 7b 2d 2d ad 3d 09 7b 87 62 de d6 3e 08 cb 93 09 7b 57 5f 7a e8 ec a3 4a 83 5f fa a8 80 4d b4 ab 93 55 7f ea a0 0b ac ab 93 55 fd 2a 00 cb 9b 09 7b d5 ab 2a 00 8b 93
00:aa 19 50 f9 01 38 00 00 67 62 d5 bf 2a 00 6a 8b 03 31 f5 ab aa 00 c8 72 00 00 55 d5 b5 2d 24 59 00 00 e0 f8 58 5e 27 92 24 59 a0 e8 68 5e ab 9b a8 72 80 e8 ea 7f ab 93 a7 6a 0b 2e ba 78 cb 93
00:aa 19 88 f9 01 38 00 00 09 7b 7f ff bf 02 4d b4 4a 83 fe 5e 7e 78 ae c4 4d ac 78 78 7a f8 70 e5 ce d4 60 40 40 40 b1 ed 70 e5 55 55 15 d5 70 e5 8d c4 3d 2d 2d 35 4d ac ab 93 2f 2f 2d ad cb 93
00:aa 19 c0 f9 01 38 00 00 6a 8b 00 00 8a f5 ab 93 09 7b 00 2a af 55 6a 8b c8 72 2d 25 f5 bf 6a 8b c8 6a 7e 70 70 80 0c a4 6a 8b 7e e8 e0 80 0b ac eb 9b 00 00 00 03 0b ac cb 93 00 00 00 fd 0b ac
00:aa 19 f8 f9 01 38 00 00 ab 93 00 2a 0b 75 eb a3 ab 93 3f 02 ff 5b eb a3 cb 93 55 4b c3 bf cb 9b 8b 8b bd 0a 00 80 ab 93 26 5a a5 29 02 02 c8 72 20 08 55 d5 35 09 20 08 00 00 fc fe ff ff 23 41
00:aa 19 30 fa 01 38 00 00 00 00 80 a0 78 5f 67 62 e2 38 00 a8 f8 5e 2d a4 c8 72 5e 5e 7c 7c 6d b4 ec 9b 55 ff f0 c0 8d c4 0d 9c 5e 6a aa 00 ae cc 6d b4 5c 5c 5c a8 70 e5 ce d4 40 40 7d 55 70 e5
00:aa 19 68 fa 01 38 00 00 8d bc 00 0b bd d5 8e c4 ec 9b 0b 29 a5 95 cb 93 c8 72 0a 0b ad b5 09 7b 06 5a 00 0a af fd e8 72 e5 59 00 a0 f8 5c 4a 83 c8 72 df 5e 5c 58 cb 93 4a 8b 68 6a 76 e9 ec 9b
00:aa 19 a0 fa 01 38 00 00 6a 8b 80 e8 ef 55 cb 93 6a 8b 00 2a fe f8 0b ac ab 93 55 57 57 c2 0c ac ab 93 d5 55 0a 00 0c ac 6a 8b d5 d5 bf 00 ab 93 6a 8b a0 5c d7 35 ab 93 6a 8b 28 2a 2b 55 cb 93
00:aa 19 d8 fa 01 38 00 00 6a 8b 2e aa 6a aa 4a 83 84 49 09 0a 02 00 e8 72 20 08 55 b5 0d 02 20 08 00 00 e2 f8 ff 3f 84 49 00 00 78 5e 57 55 cb 9b a2 28 a0 e0 70 78 70 e5 8d bc 5f 7a 60 60 70 e5
00:aa 19 10 fb 01 38 00 00 8d c4 f5 bd 2f 2d 8d c4 6d b4 00 00 00 35 8d bc 2d a4 00 0a 29 b5 6d b4 ab 93 02 0b ad d5 cb 93 c8 72 0a 2b 2d b5 c8 72 26 5a 0b 2d b5 d5 67 62 43 41 2b af b5 d5 c8 72
00:aa 19 48 fb 01 38 00 00 43 41 f8 78 78 78 4a 8b c8 6a 78 f8 fe 6a 8b 93 4a 83 c5 d5 55 55 cb 9b 4a 83 7f 7e 60 80 4d b4 ab 93 56 7e e8 80 ae c4 2c ac 57 5e ea a8 ce d4 6d b4 57 ff ff 80 ce d4
00:aa 19 80 fb 01 38 00 00 6d bc 55 ff 82 00 ce d4 cb 9b d5 bd ab 0a 2c ac 6a 8b 55 55 d5 2d 8b 93 6a 8b a9 67 56 56 cb 9b 4a 83 f5 af aa 80 8b 93 29 7b f5 af 0b 02 4a 83 20 08 d5 35 0d 0b 2d a4
00:aa 19 b8 fb 01 38 00 00 00 00 78 58 58 5e 50 e5 4d ac e0 e0 60 5a 70 e5 0c ac 2b 2f ad b5 4d b4 cb 9b 00 2a ab f5 2d a4 4a 83 0a 2b bd f5 8a 8b e9 72 0a 2a ab ad 09 7b 06 5a 2b 2d bd bd 26 62
00:aa 19 f0 fb 01 38 00 00 c4 51 3b b5 95 95 a4 49 81 28 2f 2d 2d ad c8 72 e2 38 78 78 78 78 6a 8b e8 72 fe 5e fa e0 cb 9b 4a 83 df 5e e0 80 ae cc ab 93 5e 7a ea a0 ce d4 6d b4 5e f0 c0 00 ce d4
00:aa 19 28 fc 01 38 00 00 8e c4 a4 00 00 00 ce d4 00 00 00 00 00 00 ce d4 00 00 00 00 00 00 ce d4 8e c4 09 00 00 00 ce d4 ab 9b bd ad 2f 0b cb 9b 4a 83 7e dc b8 00 6d b4 ec 9b 55 ff cb 00 0c ac
00:aa 19 60 fc 01 38 00 00 ab 93 d5 f5 ad 0d 6a 8b e5 51 09 03 02 00 87 62 20 08 55 d5 95 35 a8 6a 00 00 5c 5c 56 56 6d b4 e9 72 80 ea 7f 55 ec 9b a7 6a 00 aa fe 57 cb 93 09 7b 00 ab ff 57 4a 83
00:aa 19 98 fc 01 38 00 00 09 7b 00 90 40 00 4a 83 c8 72 0d 05 35 35 a7 6a 05 5a 2d 25 a6 22 67 62 c4 51 dd fd ff 20 09 7b 63 41 55 57 f8 80 0c 9c 46 62 5e 7a a0 00 6d b4 4a 83 5f fa 80 00 8d bc
00:aa 19 d0 fc 01 38 00 00 ec a3 5e fa a8 00 ce d4 8d bc 70 f0 e0 e0 70 e5 ce d4 55 57 50 50 70 e5 ce d4 57 70 c0 00 70 e5 ce d4 95 3d 01 03 ef d4 ce d4 55 55 55 95 ce d4 00 00 00 00 00 00 ce d4
00:aa 19 08 fd 01 38 00 00 2c ac 09 09 09 09 ce d4 ab 93 df fe f8 f8 ce d4 6d b4 7d ef 0b 02 8d bc cb 9b bd ad 2f 0b cb 93 6a 8b d5 a9 0b 03 e8 7a 20 08 35 25 25 2d 23 39 00 00 5c 57 55 55 c5 51
00:aa 19 40 fd 01 38 00 00 20 08 00 be 55 55 46 62 61 20 80 ea 7e 57 09 7b 84 49 a0 e8 7a 7e 4a 83 67 62 00 a0 fa 57 29 83 c8 6a 25 35 95 56 4a 83 67 62 55 fe b8 80 2d a4 e8 7a 55 7e e8 a0 ae cc
00:aa 19 78 fd 01 38 00 00 4a 83 5f fa a0 00 ce d4 6d b4 57 f8 00 00 ce d4 8d c4 55 a6 00 00 ce d4 8e c4 55 02 00 00 2f dd ce d4 55 55 54 54 70 e5 ce d4 50 80 00 00 70 e5 00 00 00 00 00 00 70 e5
00:aa 19 b0 fd 01 38 00 00 ce d4 00 00 01 01 70 e5 ce d4 d5 d5 55 70 50 e5 ce d4 55 55 55 15 ae cc 4d ac 0b 29 ad ad d2 ed 0c ac 5e 5e 78 78 d2 ed ce d4 a5 ad 29 2b ae cc 2c ac bd 2d 2d 2b 0c ac
00:aa 19 e8 fd 01 38 00 00 ab 93 3d 2d 0d 0d e8 72 20 08 0d 09 09 09 81 20 00 00 d8 d4 55 55 84 41 20 10 80 ea 5f 57 c8 72 e2 30 f8 78 58 78 ec 9b e8 72 5f 7e 78 e0 8e c4 cb 93 57 5e e8 a0 ce d4
00:aa 19 20 fe 01 38 00 00 2d a4 7e e8 a0 00 ce d4 ae cc 40 00 00 00 ce d4 00 00 00 00 00 00 ce d4 00 00 00 00 00 00 ce d4 8d c4 0d 0d 02 02 ae d4 8d bc 00 c0 7c fc 70 e5 ce d4 f3 55 55 55 70 e5
00:aa 19 58 fe 01 38 00 00 ce d4 35 55 55 55 0f dd ce d4 55 fd f0 59 70 e5 ce d4 c0 e0 f0 5d 0f dd 4d b4 0a ab af bd 4d b4 0b ac 01 02 06 56 d2 ed 8d c4 58 70 60 60 d2 ed ce d4 29 29 29 a5 ce d4
00:aa 19 90 fe 01 38 00 00 6d b4 3d 3d bd fd 6d b4 cb 93 ad 2d 2d 2d 6a 8b 03 31 09 09 0b 0a 61 18 00 00 5f 5f 57 17 81 20 00 00 57 57 57 5c 87 6a 81 20 57 5e 78 e0 2d a4 46 62 5e 78 e0 80 ce d4
00:aa 19 c8 fe 01 38 00 00 0d 9c 57 7a e8 80 50 e5 8d c4 5f fe f8 c0 70 e5 ce d4 55 aa 00 00 70 e5 ce d4 55 aa 00 00 70 e5 ce d4 55 aa 00 00 70 e5 ce d4 55 a9 00 00 70 e5 ce d4 55 55 d5 05 ce d4
00:aa 19 00 ff 01 38 00 00 6d bc ff df 2f 2f ce d4 6d b4 80 ea ff f5 ce d4 8e c4 10 43 75 55 ce d4 8d c4 00 f0 55 55 ce d4 6d b4 00 02 fd f5 8d c4 8b 93 0b 2f bd d5 2c ac ab 93 b0 fc 7c 5e ef dc
00:aa 19 38 ff 01 38 00 00 6d b4 c0 fc 7f 5f 50 e5 8d c4 0b bf 7f 55 8d c4 6d b4 09 09 05 05 6d b4 cb 9b 3d 3d 3d 3d cb 93 87 6a 2d 2d 2d 2d e5 51 20 08 d5 95 95 35 e2 30 00 00 55 5d 5f 5c c8 72
00:aa 19 70 ff 01 38 00 00 00 00 5f 5a e0 80 4d ac e5 51 7a e0 80 00 0f dd 6d b4 57 7f aa 00 70 e5 ce d4 5c 70 c0 00 d2 ed 70 e5 55 5c 00 00 54 f6 b1 ed 55 ff ff f8 95 f6 b1 ed 5f ff f0 00 95 f6
00:aa 19 a8 ff 01 38 00 00 d2 ed 55 55 ad 02 d2 ed 00 00 00 00 00 00 70 e5 ce d4 0d 0d 0d 0d ce d4 6d b4 2f 2f 2f 3d 8d bc 0c ac 0e 2d 9d 95 2c b4 cb 93 00 aa aa d5 4d b4 ab 93 00 a0 aa 75 6d b4
00:aa 19 e0 ff 01 38 00 00 09 7b 0a 2b bd d5 8b 93 c8 72 0a 2a ff 55 0c 9c 4a 8b f8 78 5e 5e 6d b4 ec 9b 80 e0 ff 5f ae cc 4d ac a2 ea 7f 5f 8d bc 2d a4 0a 0a 0a a9 0c ac cb 9b 21 09 81 c1 8b 93
00:aa 19 18 00 02 38 00 00 c8 72 2d 2d 2d 2d 46 62 20 08 35 25 2d 0d c5 51 00 00 55 55 57 5c cb 9b 00 00 5e 7a e8 80 ce d4 6a 8b 5e 7a a0 80 70 e5 ae cc 5e 78 c0 00 d2 ed 70 e5 55 78 00 00 95 f6
00:aa 19 50 00 02 38 00 00 91 ed 7f ff f0 80 95 f6 d2 ed 56 a8 00 00 95 f6 00 00 00 00 00 00 95 f6 00 00 00 00 00 00 95 f6 74 f6 00 00 00 03 95 f6 91 ed ff 3f ff fd 70 e5 8d c4 0f 0d 0d 3d 8e c4
00:aa 19 88 00 02 38 00 00 ab 93 02 2b af fd 0b ac 6a 8b 02 8b ad d5 cb 9b 4a 83 2a ff d5 55 8b 93 29 7b 0a ad fd ff 09 7b 26 5a 2b b5 b5 25 c8 6a 05 5a a0 e8 78 58 8b 93 c8 6a e0 e0 78 7a cb 9b
00:aa 19 c0 00 02 38 00 00 ab 93 aa 6a 5a 56 4d ac ec 9b 90 fc 7e 5f 6d b4 0c ac 05 03 23 41 0b ac cb 9b c1 81 01 01 8b 93 c8 72 2d 2b 2b 2b a7 6a e2 28 2d 09 0b 0b 81 20 00 00 5d 5d dd 1d 46 62
00:aa 19 f8 00 02 38 00 00 00 00 55 57 5e 70 6d b4 20 08 7e e8 80 00 70 e5 ab 93 7e e8 a0 80 d2 ed ce d4 7a a8 80 00 95 f6 91 ed 5f ff f8 e0 95 f6 d2 ed 58 00 00 00 95 f6 00 00 00 00 00 00 95 f6
00:aa 19 30 01 02 38 00 00 00 00 00 00 00 00 95 f6 00 00 00 00 00 00 95 f6 00 00 00 00 00 00 95 f6 d2 ed 03 0d 05 15 d2 ed ce d4 0a 0b 0b 2d 0f dd 2c ac 2d b5 b5 b5 cb 9b 09 7b 0a 2e 3f 95 4a 83
00:aa 19 68 01 02 38 00 00 e8 7a 02 3f d5 55 09 7b c8 72 00 00 e0 70 cb 9b 4a 83 55 56 78 78 0d 9c a7 6a f5 ad 2b 0a 09 7b 26 5a 57 5f bf 2a 4a 83 c8 6a 70 70 60 e0 cb 93 6a 8b 68 6a 6a 7a ec 9b
00:aa 19 a0 01 02 38 00 00 ab 93 30 bc 5e 5e 4d ac 0d 9c 03 c0 cf ef 0c a4 cb 9b 0d 05 05 05 8b 93 09 7b 2d 29 29 29 c8 72 e5 51 29 0b 29 2b a4 49 20 08 95 95 35 25 20 08 00 00 ff ff bf 0d 41 10
00:aa 19 d8 01 02 38 00 00 00 00 ff ff ff fc 6a 8b 00 00 57 5e 78 80 30 dd c8 72 5e 7a e8 80 d2 ed ce d4 55 7a a8 80 13 f6 70 e5 5a aa a8 a0 95 f6 d2 ed 55 78 c0 00 95 f6 95 f6 00 00 00 00 95 f6
00:aa 19 10 02 02 38 00 00 00 00 00 00 00 00 95 f6 00 00 00 00 00 00 95 f6 00 00 00 00 00 00 95 f6 00 00 00 00 00 00 95 f6 d2 ed 00 00 03 0d d2 ed 70 e5 00 03 01 05 70 e5 8d c4 0f 2f 3d b5 6d bc
00:aa 19 48 02 02 38 00 00 4a 83 0b 29 2d bd 4a 8b 67 62 2b 2f bd bd e8 72 67 62 aa da 5e 58 4a 83 e8 7a 5e 5c 5c f0 cc 9b 6a 8b 78 70 70 78 2d a4 ab 93 2d 2d 0d 81 8b 8b 09 7b d5 b5 3d 2f 4a 83
00:aa 19 80 02 02 38 00 00 09 7b 70 70 50 68 6a 8b 4a 83 50 58 54 55 ab 93 6a 8b 00 20 d8 58 2d a4 cb 93 20 40 e0 f0 2d a4 cb 9b ad ad a3 03 cb 9b 4a 83 b5 2d 2d 2d 09 7b 66 62 a5 2d 2d 2d 05 5a
00:aa 19 b8 02 02 38 00 00 20 08 2d 2d 0d 09 20 08 00 00 fa fe fe ff 20 08 00 00 ff bf 3f 3f 46 62 00 00 55 55 57 58 2d a4 20 08 5e 7a e0 80 70 e5 6a 8b 7e e8 a0 00 d2 ed 2f dd 5e f0 80 00 95 f6
00:aa 19 f0 02 02 38 00 00 b1 ed 7f f8 e0 00 95 f6 13 f6 40 00 00 00 95 f6 00 00 00 00 00 00 95 f6 00 00 00 00 00 00 95 f6 00 00 00 00 00 00 95 f6 00 00 00 00 00 00 95 f6 00 00 00 00 00 00 95 f6
00:aa 19 28 03 02 38 00 00 d2 ed 00 02 0d 95 d2 ed 70 e5 00 00 01 05 70 e5 ce d4 03 0d 05 15 ae cc 2c ac 0b 2d a5 d5 ab 93 87 6a 0b 2f 3d 95 c8 72 67 62 2e 96 7b 55 e8 7a 67 62 78 e8 a8 a8 4a 83
00:aa 19 60 03 02 38 00 00 e8 7a f0 f0 f8 5f cb 9b 4a 83 e8 ea 7e 57 ec 9b ab 93 89 a9 55 55 8b 93 4a 83 25 0d 0b 02 6a 8b 4a 83 55 55 95 15 4a 83 4a 83 00 00 00 00 8b 93 29 83 e0 e8 e8 6a 2d a4
00:aa 19 98 03 02 38 00 00 ab 93 f8 fc 7f 5f 2d a4 ec 9b a9 a5 55 55 cb 93 4a 83 29 29 09 0b 4a 83 67 62 bd bd 2d 2d e5 59 81 18 09 03 02 02 41 10 00 00 ff ff 3f 3f 00 08 00 00 ff ff ff fe 6a 8b
00:aa 19 d0 03 02 38 00 00 20 08 55 55 5e 78 6d b4 20 08 7a e0 80 00 d2 ed 6d bc 56 5a e8 a0 95 f6 d2 ed 55 55 57 50 95 f6 d2 ed 58 c0 00 00 95 f6 00 00 00 00 00 00 95 f6 00 00 00 00 00 00 95 f6
00:aa 19 08 04 02 38 00 00 00 00 00 00 00 00 95 f6 00 00 00 00 00 00 95 f6 00 00 00 00 00 00 95 f6 74 f6 00 00 00 01 95 f6 d2 ed 00 0d 35 55 d2 ed 70 e5 00 03 05 55 70 e5 ae c4 00 02 0d f5 ce d4
00:aa 19 40 04 02 38 00 00 cb 93 0a 2b ad f5 eb a3 87 62 0b 2b ad d5 67 62 43 41 0a 2f bd d5 67 62 43 49 a0 e8 7a 7a a8 6a 66 62 f0 f0 7f 5f 09 7b 87 6a e8 fa 7f 5f 4a 83 e8 7a f0 7c 7c 7c 6a 8b
00:aa 19 78 04 02 38 00 00 4a 83 00 80 70 54 8b 93 6a 8b aa ab 55 55 6a 8b 09 7b 0a 29 29 02 4a 83 09 7b 04 55 56 55 6a 8b 09 7b 60 7a 68 68 cb 93 6a 8b 68 78 68 a0 cb 9b 00 00 00 00 00 00 ab 93
00:aa 19 b0 04 02 38 00 00 6a 8b 0b 0b 0a 0b 4a 83 a8 6a 2d 2d 2d 2d 67 62 c4 51 3d 2d 2d 2d 84 49 00 00 d5 95 15 35 ec 9b 20 08 55 5e e0 80 0f d5 09 7b 5e ea a0 80 95 f6 ef dc 57 7e e0 80 95 f6
00:aa 19 e8 04 02 38 00 00 b1 ed 58 80 00 00 95 f6 00 00 00 00 00 00 95 f6 00 00 00 00 00 00 95 f6 00 00 00 00 00 00 95 f6 00 00 00 00 00 00 95 f6 00 00 00 00 00 00 95 f6 95 f6 00 00 00 00 95 f6
00:aa 19 20 05 02 38 00 00 f2 ed 00 00 0d 95 95 f6 91 ed 2f ff f5 55 b1 ed ae cc 02 0a 2b b5 2f dd 0c ac 02 2b ad f5 ae c4 c8 72 0a 2b af f5 6a 8b 05 5a 02 0b bd d5 26 5a e2 38 0a 2f b5 d5 43 41
00:aa 19 58 05 02 38 00 00 e2 38 00 00 80 50 05 5a 84 49 70 73 5f 5f 67 62 c5 51 fe 7c 78 70 09 7b 67 62 5e 5a 78 e0 4a 83 e8 7a 7c 78 c0 00 ab 93 4a 83 55 57 5e 5c 0c 9c 6a 8b 55 fa e0 a0 6d b4
00:aa 19 90 05 02 38 00 00 6a 8b 55 ff aa a0 4d ac 6a 8b 55 b7 aa 00 2d a4 6a 8b 55 f7 bf 00 2d a4 cb 93 5f 5f 7f 3f ec 9b cb 9b f3 ff ff ab ab 93 6a 8b 0b 0b 0b 0b 4a 83 c8 6a 2d 09 09 09 a7 6a
00:aa 19 c8 05 02 38 00 00 26 5a a5 29 29 09 05 5a 00 00 35 25 25 25 70 e5 6d b4 57 7e e0 80 95 f6 71 e5 5e 78 f0 fa 95 f6 13 f6 00 00 00 55 95 f6 13 f6 00 00 00 55 95 f6 13 f6 00 00 00 55 95 f6
00:aa 19 00 06 02 38 00 00 f2 ed 00 00 00 fd 95 f6 d2 ed 00 00 00 75 95 f6 ef d4 00 00 0a f5 95 f6 ce cc 00 00 aa 55 54 f6 ae cc 02 2a bf 55 d2 ed 2c b4 00 2a bf 55 ef d4 8a 93 00 02 ab d5 8d bc
00:aa 19 38 06 02 38 00 00 87 6a 02 0a af f5 eb 9b a4 49 02 2b bd d5 08 7b e2 38 2a bf d5 55 c4 51 a2 28 0a af ff 55 e2 38 81 20 00 3f 3f ff 64 49 a2 28 7f 7f 7c 78 67 62 43 41 7e e0 a0 a0 a8 6a
00:aa 19 70 06 02 38 00 00 66 62 78 c0 c0 e8 29 83 c8 6a e8 e8 6a 57 4a 83 c8 72 00 00 80 5e cb 93 4a 83 58 e8 a8 5f 2c a4 ab 93 e0 c0 c0 55 6d b4 cc 93 80 80 80 7a 8d bc 2d a4 aa 00 00 55 6d bc
00:aa 19 a8 06 02 38 00 00 2d a4 b5 2a 2a 55 4d a4 ec 9b aa 0a 0a d5 2d a4 8b 93 03 02 02 f5 cb 93 4a 83 0b 09 29 f5 4a 83 87 6a 0b 0b 0b b5 a7 6a e5 51 0a 0a 0a bd c5 51 00 00 0d 0d 2d 2d 00 00
00:aa 19 e0 06 02 38 00 00 00 00 00 00 00 00 00 00 00 00 00 00 00 00 00 00 00 00 00 00 00 00 00 00 00 00 00 00 00 00 00 00 00 00 00 00 00 00 00 00 00 00 00 00 00 07 00 00 00 00 00 00 01 f8 00 00
00:aa 19 18 07 02 38 00 00 00 00 00 00 3f e0 00 00 00 00 00 07 fe 00 00 00 00 00 00 7f f0 00 00 00 00 00 0f ff 00 00 00 00 00 01 ff f8 00 00 00 00 00 1f ff 80 00 00 00 00 01 ff fe 00 00 00 00 00
00:aa 19 50 07 02 38 00 00 1f ff fc 00 00 00 00 01 ff ff fc 00 00 00 00 1f ff ff e0 00 00 00 01 ff ff ff 00 00 00 00 1f ff ff fc 00 00 00 01 ff ff ff c0 00 00 00 1f ff ff fe 00 00 00 01 ff ff ff
00:aa 19 88 07 02 38 00 00 e0 00 00 00 0f ff ff fe 00 00 00 00 ff ff ff f0 00 00 00 07 ff ff ff 00 00 00 00 1f ff ff f0 00 00 00 01 fc ff ff 80 00 00 00 3f cf ff f8 00 00 00 0f fb fd fd 80 00 00
00:aa 19 c0 07 02 38 00 00 01 ff ff ff ec 00 00 00 3f ff ff ff c0 00 00 07 ff ff ff fc 00 00 00 7f ff ff ff c0 00 20 08 00 00 af 3c 0b ff 20 08 00 00 ff 03 f0 ff 20 08 00 00 ff ff 3f cf 00 08 00
00:aa 19 f8 07 02 38 00 00 00 ff ff af af 00 08 00 00 fe ff ff ff 00 00 00 00 00 00 00 00 00 00 00 00 00 00 00 00 20 08 00 00 f0 ff ff ff 20 08 00 00 3f 0a f8 ff 20 08 00 00 ff ff bf bf 00 00 00
00:aa 19 30 08 02 38 00 00 00 00 00 00 00 00 00 00 00 00 00 00 00 00 00 00 00 00 00 00 00 00 00 00 00 00 00 00 00 00 00 00 00 00 00 00 00 00 00 00 00 00 00 00 00 20 08 00 00 cb f2 ff ff 20 08 00
00:aa 19 68 08 02 38 00 00 00 ff ff 3f 0f 00 00 00 00 00 00 00 00 20 08 00 00 bf bf ff ff 00 00 00 00 00 00 00 00 00 00 00 00 00 00 00 00 00 00 00 00 00 00 00 00 00 00 00 00 00 00 00 00 00 00 00
00:aa 19 a0 08 02 38 00 00 00 00 00 00 00 00 00 00 00 00 00 00 00 00 00 00 00 00 00 00 00 20 08 00 00 cb f0 fc fe 00 00 00 00 00 00 00 00 00 00 00 00 00 00 00 00 00 00 00 00 00 00 00 00 00 00 00
00:aa 19 d8 08 02 38 00 00 00 00 00 00 00 c2 30 00 00 55 55 5f 78 24 59 20 08 55 55 ea 00 24 59 20 08 55 55 b5 09 20 08 00 00 ff ff ff 3f 00 00 00 00 00 00 00 00 00 00 00 00 00 00 00 00 20 08 00
00:aa 19 10 09 02 38 00 00 00 3f 8f cf cf 00 00 00 00 00 00 00 00 00 00 00 00 00 00 00 00 00 00 00 00 00 00 00 00 20 08 00 00 ff ff ff f0 c6 79 20 08 55 5f 78 e0 07 92 61 18 7e e0 80 00 07 aa a5
00:aa 19 48 09 02 38 00 00 71 7f 80 80 00 07 a2 e2 38 ad 2d 2d 2d 61 18 00 00 d5 15 15 15 00 00 00 00 00 00 00 00 00 00 00 00 00 00 00 00 20 08 00 00 e2 fa fc ff 00 00 00 00 00 00 00 00 00 00 00
00:aa 19 80 09 02 38 00 00 00 00 00 00 00 00 00 00 00 00 00 00 00 20 10 00 00 ff ff ff f8 85 71 20 08 5e 78 60 c0 a9 aa c6 81 5f 7f fa e0 ea aa 07 a2 55 55 05 05 07 aa 00 00 00 00 00 00 07 a2 82
00:aa 19 b8 09 02 38 00 00 28 2d 2d 2d 2d 61 18 00 00 15 15 15 d5 00 00 00 00 00 00 00 00 00 00 00 00 00 00 00 00 00 00 00 00 00 00 00 00 20 08 00 00 3f 3f 2f 8f 00 00 00 00 00 00 00 00 00 00 00
00:aa 19 f0 09 02 38 00 00 00 00 00 00 00 e3 40 20 08 55 55 55 7c 07 8a 20 08 5e 78 e0 80 ec b3 27 92 55 55 7d 72 ea aa 27 92 56 55 57 bc ea aa 07 aa 55 25 35 15 07 aa 07 a2 aa aa a9 a9 c6 79 20
00:aa 19 28 0a 02 38 00 00 10 2b 2f 2d 2d 20 08 00 00 3f 3f bf ff 00 00 00 00 00 00 00 00 00 00 00 00 00 00 00 00 00 00 00 00 00 00 00 00 20 08 00 00 cb f3 f3 f2 00 00 00 00 00 00 00 00 03 39 00
00:aa 19 60 0a 02 38 00 00 00 55 57 56 54 ea a2 20 10 7e e8 80 80 ea aa 07 a2 55 a5 a5 25 07 a2 27 92 1c 15 15 15 0a ab c6 81 00 aa ff 55 07 aa e6 81 00 80 f0 5a 07 a2 c6 79 00 03 09 ad c6 79 20
00:aa 19 98 0a 02 38 00 00 08 2d 2d bd b5 00 00 00 00 00 00 00 00 00 00 00 00 00 00 00 00 00 00 00 00 00 00 00 00 00 00 00 00 00 00 00 00 00 00 00 00 00 00 00 00 20 08 00 00 00 ff ff ff 20 08 00
00:aa 19 d0 0a 02 38 00 00 00 ff 00 fc fe 00 00 00 00 00 00 00 00 c8 72 20 08 5e 5c 58 58 ea aa e8 82 40 40 42 40 ea aa 07 a2 25 a5 55 55 85 71 a2 28 00 25 b5 2d e3 48 20 10 00 55 55 d5 e3 48 20
00:aa 19 08 0b 02 38 00 00 10 00 55 55 55 85 71 41 10 02 ff 55 55 24 59 20 08 35 b5 55 55 00 08 00 00 ff ff ff af 00 00 00 00 00 00 00 00 20 08 00 00 ff ff ff f8 e5 51 00 00 55 55 5f e0 c8 72 20
00:aa 19 40 0b 02 38 00 00 08 55 7f a0 00 29 83 61 18 55 ea aa 00 6a 83 02 31 55 aa a0 00 4a 83 03 39 55 aa 00 00 09 7b 20 08 55 ad 0a 00 a7 6a 00 08 55 55 d5 2d 00 00 00 00 00 00 00 00 a8 6a 00
00:aa 19 78 0b 02 38 00 00 00 70 70 70 70 ea aa 6a 8b 78 56 55 57 4a ab 07 aa d5 d5 95 15 a9 aa 03 59 bd aa aa 02 27 92 c2 30 d5 2f 0a 00 c6 79 81 20 55 ff aa 00 4a 83 e2 30 55 55 ff 80 29 7b 81
00:aa 19 b0 0b 02 38 00 00 20 55 ff eb 00 a7 6a 41 18 55 f5 ab 20 c5 51 00 08 55 5f a0 00 26 5a 20 08 57 f8 20 00 c8 6a c5 51 60 a0 80 80 6a 8b c8 72 68 e8 fa e8 ab 93 6a 8b b8 20 56 df 2d a4 ab
00:aa 19 e8 0b 02 38 00 00 93 ff 70 7c 55 2d a4 6a 8b f5 09 02 a0 0d 9c 4a 83 55 55 ff 0f 6a 8b 03 39 2d 02 00 00 09 7b 20 08 55 95 2d 0b 41 10 00 00 ff ff ff 3f 00 00 00 00 00 00 00 00 20 08 00
00:aa 19 20 0c 02 38 00 00 00 fc ff ff ff 00 00 00 00 00 00 00 00 a7 6a 00 00 70 70 70 70 2d a4 a7 6a a8 68 7c 7e 8b ab 27 92 17 17 d5 55 ea aa 27 92 0b 05 0b c1 4a ab 07 a2 55 a5 05 9b ae d4 27
00:aa 19 58 0c 02 38 00 00 92 57 54 5c 70 2c ac e6 89 00 02 25 b5 0c a4 27 92 0f 25 d5 55 27 92 46 62 bd 3d 2b 29 06 5a 05 5a a8 aa aa aa e8 72 06 5a df 5c 58 78 ab 93 e8 72 5e f8 e0 80 4d ac 6a
00:aa 19 90 0c 02 38 00 00 8b 7e f8 b8 aa 2d a4 ec 9b 95 5a ea aa 6d b4 ec 9b 55 ff aa 00 6d b4 cb 9b 57 5f af 02 0c ac cb 93 ad 2f ae 00 2c a4 ab 93 55 ff dc b4 4d b4 09 7b f5 ad ab 2a 09 7b 20
00:aa 19 c8 0c 02 38 00 00 08 d5 2d 0b 02 64 41 00 00 55 55 d5 35 00 00 00 00 00 00 00 00 00 00 00 00 00 00 00 00 00 00 00 00 00 00 00 00 e8 72 61 18 70 70 60 60 4a 83 67 7a e0 a1 81 09 ea aa e6
00:aa 19 00 0d 02 38 00 00 81 5f 5f 50 70 ea aa 27 92 09 55 57 57 ea aa 07 aa 70 70 55 55 ea aa 07 aa 00 01 45 55 07 aa 07 a2 b6 aa aa aa 07 aa 27 8a 0f 0d 3d f5 e6 79 67 62 0d 95 55 55 67 62 05
00:aa 19 38 0d 02 38 00 00 5a 55 ee 00 00 09 7b 67 62 58 60 68 e8 ab 93 09 7b e8 f8 7e 7a 2d a4 6a 8b e8 da 5e 5f 2d a4 cb 93 00 a8 ff ff 6d b4 0c ac 40 5c 54 57 ce d4 6d b4 7d ff fc 78 ce d4 4d
00:aa 19 70 0d 02 38 00 00 b4 55 f5 3d 0b 6d b4 eb a3 f5 ff bf 25 6d b4 0c ac 55 43 40 40 6d b4 29 83 bd ab 2f 0a cb 93 03 39 b5 2d 0b 02 c8 72 20 08 55 55 b5 2d 00 00 00 00 00 00 00 00 00 00 00
00:aa 19 a8 0d 02 38 00 00 00 00 00 00 00 20 08 00 00 fe fe fe fe e6 79 e2 30 60 70 70 60 ea aa e6 81 8f ff 7c 7c 6a a3 27 92 53 d5 d5 d5 07 aa 07 a2 5a aa aa aa a9 aa 07 aa 51 55 55 55 ea aa 07
00:aa 19 e0 0d 02 38 00 00 aa 55 55 55 61 07 a2 27 8a 02 0b 3f d5 27 92 09 7b 25 15 55 55 c8 72 67 62 95 25 2e a8 4a 83 87 6a 55 5f ea 02 0c a4 c8 72 57 5e f8 e0 ce d4 ab 93 5f fa a0 00 ae cc eb
00:aa 19 18 0e 02 38 00 00 9b d5 ab 0a 0a 6d b4 ec 9b 55 ff 3f 0f 0c a4 cb 9b 50 58 9f 35 2f dd 4d b4 7a 5a 5c 5c 70 e5 8d c4 fd fd 0b 0b 6d b4 eb a3 0d 0d 0d 0d ce d4 0c ac 6a 68 70 60 ce d4 6d
00:aa 19 50 0e 02 38 00 00 b4 d5 b5 3d 3d 6d b4 ab 93 d5 a5 2f 0a ab 93 26 5a b5 2d 0b 02 46 62 20 08 55 d5 25 09 20 08 00 00 ff ff ff 3f 00 00 00 00 00 00 00 00 20 08 00 00 e2 f8 ff ff 20 08 00
00:aa 19 88 0e 02 38 00 00 00 fe fe fc fc c6 79 23 41 70 78 7c 7c 27 92 c6 79 c0 60 60 60 07 a2 27 92 f0 e0 40 50 07 aa 00 00 00 00 00 00 07 aa 07 a2 aa aa aa a9 07 aa 27 92 8b ad b5 55 c6 81 e8
00:aa 19 c0 0e 02 38 00 00 7a 0d 25 d5 55 e8 7a c8 6a 0f 3f 3f f7 e8 7a c8 6a f8 f8 f0 fc 4d ac 4a 83 55 57 5c 78 ce d4 2d a4 5e 70 80 00 70 e5 ce d4 40 00 03 ff 2f dd 8d c4 a5 29 aa 00 ae cc 2d
00:aa 19 f8 0e 02 38 00 00 a4 bd 2d 0b 02 6d bc eb 9b d5 d5 3d 2f ae c4 0c ac 58 5c 5f 5f 0f dd 6d bc 0b ab fd 55 4d b4 eb a3 3c a3 3f d7 b1 ed 4d b4 5a 7a 6a 60 70 e5 8d c4 f5 b5 2f 0f ce d4 6d
00:aa 19 30 0f 02 38 00 00 b4 d5 f5 ff 0b 4d b4 6a 8b bd 2f 0b 0a 6a 8b 64 41 29 0a 02 02 47 62 20 08 55 d5 35 0d 00 00 00 00 00 00 00 00 00 00 00 00 00 00 00 00 20 08 00 00 fc fc fc fc c6 79 23
00:aa 19 68 0f 02 38 00 00 41 7c 7c 7c 7c 27 92 c6 79 60 70 50 55 07 a2 27 92 54 d1 59 55 27 92 c6 79 00 00 e0 5d 07 a2 c6 79 02 a9 f5 55 c6 81 09 7b 05 05 25 17 a7 6a 06 5a 08 28 9a da c8 6a 67
00:aa 19 a0 0f 02 38 00 00 62 0c 05 55 54 cb 93 a8 6a 57 5e 78 e8 ae cc cb 93 78 78 e0 80 70 e5 ce d4 42 40 80 00 70 e5 ef d4 60 00 00 00 d2 ed 70 e5 55 55 c0 00 d2 ed ae cc ad aa 2a 02 50 e5 0c
00:aa 19 d8 0f 02 38 00 00 ac fd bf 2f 2b 4d b4 2c ac 70 20 6a 05 8d bc ab 93 0a 2b b5 d5 ae c4 ab 93 d7 57 56 54 95 f6 ee d4 7a 60 e0 c0 33 f6 0f dd f5 ad af 2b 50 e5 ce d4 55 55 d5 15 ce d4 4d
00:aa 19 10 10 02 38 00 00 b4 d5 b5 25 0d 6d b4 6a 8b b5 bd ad 2f e8 72 81 20 2d 09 03 02 82 28 00 00 55 55 d5 15 00 00 00 00 00 00 00 00 20 08 00 00 ff ef eb f3 20 08 00 00 fc fe fe fe 85 71 c2
00:aa 19 48 10 02 38 00 00 30 68 68 6a 6a c6 79 24 61 00 00 c0 40 c6 79 00 00 00 00 00 00 c6 79 00 00 00 00 00 00 e8 7a 64 61 fe 5c 78 f8 29 83 c8 6a ad a9 ea a2 e9 7a 26 5a 5f 5e ba 2a 4a 83 67
00:aa 19 80 10 02 38 00 00 62 d7 de dc f8 4d b4 29 7b 78 78 e0 e0 d2 ed ce d4 5a 5a 7a 78 d2 ed 70 e5 55 5e 50 00 d2 ed 70 e5 78 00 00 00 d2 ed 00 00 00 00 00 00 33 f6 d2 ed ff ff ff c3 d2 ed ce
00:aa 19 b8 10 02 38 00 00 d4 ad 29 0b 0a ae c4 4a 8b 0b 2b 2d 0d cb 93 87 6a 0a 2a ff 57 0f d5 4a 83 7c 78 78 7a 95 f6 70 e5 c0 c0 80 60 95 f6 91 ed 2d 0f 03 03 d2 ed ce d4 ad ad 2d 2d ae d4 8d
00:aa 19 f0 10 02 38 00 00 bc 0f 0f 03 03 4d b4 cb 9b 2d 29 03 02 cb 93 87 6a ad 2d 2d 2f 46 62 20 08 b5 35 2d 0b 20 08 00 00 ff ff ff bf 20 08 00 00 fa fc ff ff 24 59 61 18 60 60 78 7c c6 79 24
00:aa 19 28 11 02 38 00 00 61 60 58 55 55 c6 79 24 61 00 00 c0 40 c6 79 67 62 00 01 09 05 c8 6a 67 62 54 54 54 54 09 7b 67 62 00 aa ab ad e8 72 67 62 29 bd de 5a 4d b4 09 7b 5f 5e 78 78 ef dc 6d
00:aa 19 60 11 02 38 00 00 b4 5e 58 78 e8 d2 ed ee d4 68 80 80 00 d2 ed 00 00 00 00 00 00 95 f6 d2 ed 55 55 5c 50 95 f6 d2 ed 55 59 00 00 95 f6 d2 ed 43 83 00 03 d2 ed 70 e5 09 01 00 00 70 e5 c8
00:aa 19 98 11 02 38 00 00 72 2d 2d 2d 2d 09 7b e5 51 f8 fe 5e 5e 6d b4 29 83 e0 78 78 78 95 f6 8d c4 e0 78 5e 5f 95 f6 d2 ed 01 01 82 40 d2 ed ee d4 29 0a 0a 02 70 e5 ce d4 15 15 25 25 ce d4 6d
00:aa 19 d0 11 02 38 00 00 b4 dd d5 d5 3d 2d a4 29 7b bd 2d 0b 0b c8 72 64 41 2d 2b 0a 02 26 62 20 08 55 d5 95 25 00 00 00 00 00 00 00 00 23 49 20 08 58 5e 57 55 24 61 e2 38 00 80 60 58 24 61 24
00:aa 19 08 12 02 38 00 00 59 80 a9 ab a5 46 62 84 49 80 aa ea 5f 67 62 06 5a c0 50 50 55 67 62 05 5a 00 00 00 a9 c8 72 26 5a dc dc 5c 5e 6d b4 4a 83 78 78 78 78 70 e5 ae cc 78 70 70 70 d2 ed d2
00:aa 19 40 12 02 38 00 00 ed 00 00 00 00 d2 ed 00 00 00 00 00 00 95 f6 d2 ed 50 50 50 60 95 f6 00 00 00 00 00 00 95 f6 13 f6 00 00 00 01 13 f6 70 e5 aa 2a aa 29 70 e5 46 62 2d 2d 2d 2d c8 6a c4
00:aa 19 78 12 02 38 00 00 51 5c 5c 5c 5c 2d a4 e9 7a 60 60 60 78 ae cc 4d ac e0 e0 fa 7e 74 f6 ce d4 e0 f8 7a 7e d2 ed 70 e5 01 01 01 00 70 e5 ce d4 05 0d 0d 01 ce d4 8d c4 35 15 05 0d 4d b4 cb
00:aa 19 b0 12 02 38 00 00 93 2d 29 0b 0a 8b 93 c8 72 b5 3d 2d 2d 87 6a 81 20 2d 09 0b 02 82 28 00 00 55 55 d5 15 20 08 00 00 f0 f0 fc fc e2 38 20 08 60 5c 57 55 43 49 20 08 00 aa fa 57 c4 51 81
00:aa 19 e8 12 02 38 00 00 28 a8 fa fa 5e 05 5a 84 49 80 f0 f0 72 05 5a c4 51 00 00 0d 55 4a 83 e5 51 5e 5e 5e 58 8d bc 4a 83 78 78 60 e0 d2 ed ce d4 68 68 68 e0 d2 ed 00 00 00 00 00 00 95 f6 f2
00:aa 19 20 13 02 38 00 00 ed 55 56 58 50 95 f6 95 f6 00 00 00 00 95 f6 00 00 00 00 00 00 95 f6 00 00 00 00 00 00 74 f6 ce d4 2b 2b af ad 6e bc a4 49 0d 2d 25 2d c8 6a 43 41 78 78 78 7a ec 9b e9
00:aa 19 58 13 02 38 00 00 7a 60 70 78 58 8d c4 2d a4 78 5e 78 58 50 e5 8d c4 70 f8 5c 5e d2 ed 70 e5 00 00 71 59 70 e5 2f dd 01 00 00 00 ce d4 8d c4 09 2e 05 09 ae cc 4d ac f5 35 2d ad 0c a4 4a
00:aa 19 90 13 02 38 00 00 83 b5 35 2d 2d 09 7b 66 62 ad 2d 2b 0a 05 5a 20 08 95 35 25 0d 20 08 00 00 fc fc fc fc e2 38 20 08 78 57 55 55 c4 51 81 20 80 a0 60 7a c4 51 64 41 00 20 36 d5 29 83 e5
00:aa 19 c8 13 02 38 00 00 51 78 58 58 78 50 e5 ec 9b 7e 7a 7a 78 d2 ed 2f dd f0 e0 40 e8 74 f6 d2 ed 55 54 54 55 95 f6 d2 ed e0 00 08 5c 95 f6 00 00 00 00 00 00 95 f6 d2 ed 00 02 01 02 95 f6 d2
00:aa 19 00 14 02 38 00 00 ed 02 55 55 55 d2 ed 8d c4 0d 2d ad b5 6d b4 c8 6a 35 3f 2a 00 2d a4 26 62 55 d5 b5 2f ab 93 c8 6a 70 f8 f8 f8 4d b4 cb 93 e0 e0 e8 7c ce d4 6d b4 58 5c 5c 5c 70 e5 ee
00:aa 19 38 14 02 38 00 00 d4 00 00 40 40 70 e5 00 00 00 00 00 00 50 e5 8d c4 bd 3d 3f 3f 8d c4 6d b4 25 65 27 25 4d ac 8a 93 ad 2b 0b 0a ab 93 09 7b f5 b5 3d 0f c8 6a c2 28 2d 09 0b 02 41 18 00
00:aa 19 70 14 02 38 00 00 00 5f d7 17 15 00 00 00 00 00 00 00 00 43 41 00 00 60 70 58 5c e5 59 43 41 57 56 d6 36 8b 93 05 5a 78 78 78 78 50 e5 2d a4 78 78 78 e0 74 f6 91 ed 7f fe f8 ff 95 f6 d2
00:aa 19 a8 14 02 38 00 00 ed 56 a8 80 40 95 f6 f2 f5 00 00 00 01 f2 ed ae cc 00 0a 0b 2d 70 e5 8d c4 b5 fe fc 70 d2 ed ce d4 55 fd 0a 02 8d bc 09 7b 25 2d 2d 2f 8b 93 29 7b 5c 5a 7e dc 0c a4 cb
00:aa 19 e0 14 02 38 00 00 93 50 f0 f0 f0 ce d4 6d b4 5c 5e 5e 5f 70 e5 ce d4 40 40 40 60 70 e5 00 00 00 00 00 00 70 e5 ce d4 35 35 35 35 ae cc 6d b4 29 29 2b 2b 6d b4 0c ac 05 03 03 01 eb a3 4a
00:aa 19 18 15 02 38 00 00 83 bd 2d 2d 0b 4a 83 87 6a bd 2d 2d 2b 46 62 20 08 d5 35 25 2d 20 08 00 00 f3 f3 f3 f3 20 08 00 00 bf ff ff ff 00 00 00 00 00 00 00 00 43 41 20 08 54 56 57 55 a4 49 a2
00:aa 19 50 15 02 38 00 00 28 3e 96 96 56 0c 9c 46 62 58 58 78 70 d2 ed 8d c4 78 68 68 60 95 f6 d2 ed 57 57 58 c0 95 f6 95 f6 00 00 00 00 95 f6 50 e5 0b 09 25 f5 50 e5 6d b4 2f 2f b5 d5 70 e5 8d
00:aa 19 88 15 02 38 00 00 c4 70 70 78 5e d2 ed 70 e5 03 03 01 a5 ae cc 8b 8b 2d 2d 2b 2b ab 93 09 7b 56 df bf 2f 2d a4 6a 8b f8 f8 5e 5e 8d bc 0d 9c a8 68 68 78 70 e5 ce d4 60 60 50 58 70 e5 00
00:aa 19 c0 15 02 38 00 00 00 00 00 00 00 70 e5 ce d4 35 05 05 09 ae cc 8d bc 3d 3f 0f 0f 8d bc 2d a4 a9 bf 2d 2d 0c a4 ab 93 09 0f 0f 0f 8b 93 09 7b ed 29 29 29 c8 72 a1 28 25 0d 29 0b 20 08 00
00:aa 19 f8 15 02 38 00 00 00 f3 c3 3b 3f 00 00 00 00 00 00 00 00 00 00 00 00 00 00 00 00 00 00 00 00 00 00 00 00 00 00 00 00 00 00 00 00 00 00 00 00 00 00 00 00 e5 59 20 08 7a 5c 58 58 70 e5 09
00:aa 19 30 16 02 38 00 00 7b 5e 7a 78 78 95 f6 70 e5 7f 7c 70 f0 95 f6 95 f6 00 00 00 00 95 f6 33 f6 00 00 00 05 95 f6 91 e5 02 2b 39 0d 50 e5 4d b4 0b 2d 2d 2d 6d b4 0c ac 00 dc 54 54 ae cc 8d
00:aa 19 68 16 02 38 00 00 bc 70 f8 ff 7f 70 e5 8d c4 03 ff 55 55 ae cc 2d a4 3d ad bd ad ec 9b 6a 8b 35 2d 2d 2d 8d bc 2d a4 58 58 5a 5a ce d4 8e c4 40 60 50 5c 70 e5 ce d4 00 00 c0 40 70 e5 50
00:aa 19 a0 16 02 38 00 00 e5 aa aa aa aa 50 e5 8d c4 f5 fd fd 0f 8d c4 2d a4 0d 0d 0b 02 2d a4 cb 9b ad ad a3 03 09 7b 46 62 a5 2d 2d 2d e5 59 20 08 d5 d5 b5 35 00 00 00 00 00 00 00 00 00 00 00
00:aa 19 d8 16 02 38 00 00 00 00 00 00 00 00 00 00 00 00 00 00 00 00 00 00 00 00 00 00 00 00 00 00 00 00 00 00 00 20 08 00 00 ff ff fe fc ab 93 61 20 5e 7a 78 78 70 e5 ab 93 70 70 e0 e0 54 f6 70
00:aa 19 10 17 02 38 00 00 e5 a0 aa aa d5 54 f6 50 e5 00 aa ff 55 54 f6 70 e5 00 ea 5a 5a 13 f6 d2 ed 3c fc fb ff 54 f6 b1 ed 3d ff fd f5 70 e5 8d c4 b5 bd 0f 2a ae cc 2c ac 57 ed ab 0a 8d bc 6d
00:aa 19 48 17 02 38 00 00 b4 50 55 55 d5 6d b4 0b ac 00 00 0f 95 6d b4 0b ac 01 01 fd 55 0b ac cb 9b 15 15 2a 00 0b ac ab 93 57 d5 fd 0f 2c ac ab 93 f8 f0 58 e0 ce d4 6d b4 f8 7f 5f 57 70 e5 ce
00:aa 19 80 17 02 38 00 00 d4 50 58 56 57 70 e5 00 00 00 00 00 00 70 e5 ce d4 35 d5 25 25 8d c4 8d bc a9 aa aa aa 6d b4 ec 9b 2d 03 0b 03 cb 9b 4a 83 29 29 09 0b 06 5a 20 08 35 25 0d 0d 00 00 00
00:aa 19 b8 17 02 38 00 00 00 00 00 00 00 20 08 00 00 8f cf 8f 2f 00 00 00 00 00 00 00 00 00 00 00 00 00 00 00 00 00 00 00 00 00 00 00 00 00 00 00 00 00 00 00 00 00 00 00 00 00 00 00 00 a2 28 00
00:aa 19 f0 17 02 38 00 00 00 56 54 5c 5c ab 93 84 49 78 78 78 78 ce d4 4d a4 70 78 7a 5e 70 e5 ce d4 00 f5 55 55 70 e5 ce d4 94 54 54 57 d2 ed 70 e5 50 50 50 50 d2 ed b1 ed 00 00 00 c0 d2 ed d2
00:aa 19 28 18 02 38 00 00 ed 00 00 00 00 d2 ed 70 e5 15 01 01 01 70 e5 8d c4 2f 0b 0d 2d 6d b4 0c ac 05 05 01 00 6d b4 0b ac 55 55 fc 00 6d b4 0b ac 55 55 00 00 ae cc 2c ac 55 57 aa a0 50 e5 0b
00:aa 19 60 18 02 38 00 00 ac 55 ff ea 80 50 e5 0b ac 55 ff a2 00 8d c4 4d b4 54 54 94 97 ce d4 8e c4 40 50 50 58 70 e5 ce d4 00 c0 40 70 70 e5 ce d4 25 0d 0d 0d ce d4 8d c4 55 15 15 35 6d b4 0b
00:aa 19 98 18 02 38 00 00 ac 01 02 02 02 0b ac ab 93 35 b5 d5 d5 4a 83 a8 6a 2d 2d 2d 2f a7 6a 41 18 2d 29 09 0b 20 08 00 00 ff ff 3f 3f 20 08 00 00 f8 3f bf ff 00 00 00 00 00 00 00 00 00 00 00
00:aa 19 d0 18 02 38 00 00 00 00 00 00 00 00 00 00 00 00 00 00 00 00 00 00 00 00 00 00 00 00 00 00 00 00 00 00 00 00 00 00 00 00 00 00 00 a2 28 00 00 5c 5c 5c 5c 4a 83 c4 51 78 78 78 7e 4d ac ab
00:aa 19 08 19 02 38 00 00 93 e0 78 7c 5e ae cc 4d ac a8 aa ff 55 ae cc 4d b4 00 aa 7a 56 70 e5 ae cc 80 f0 72 55 d2 ed 70 e5 80 40 50 58 d2 ed d2 ed 00 00 00 00 d2 ed ce d4 0a 29 25 95 ce d4 6d
00:aa 19 40 19 02 38 00 00 b4 0f bd fd fd 8d c4 6d b4 55 55 5c 58 ce d4 6d bc 57 fe f0 c0 ce d4 8d c4 57 00 00 00 70 e5 ce d4 5e 70 60 80 d2 ed 70 e5 70 c0 00 00 d2 ed 0f dd 09 09 0d 2d ae cc 6d
00:aa 19 78 19 02 38 00 00 bc bd 3f bf bf ce d4 8d c4 5b 54 54 fc 70 e5 ce d4 50 5c 5c 54 70 e5 ce d4 01 0d 0d 01 ce d4 8d c4 35 35 15 15 8d c4 4d ac 3d 3d 3d 3d eb a3 ab 93 d5 d7 0f df 8b 93 09
00:aa 19 b0 19 02 38 00 00 7b dd ff 3f 2f 09 7b 43 41 2d 09 0b 0b 61 18 00 00 95 15 15 15 00 00 00 00 00 00 00 00 00 00 00 00 00 00 00 00 00 00 00 00 00 00 00 00 00 00 00 00 00 00 00 00 00 00 00
00:aa 19 e8 19 02 38 00 00 00 00 00 00 00 00 00 00 00 00 00 00 00 00 00 00 00 00 00 00 00 a2 28 00 00 5c 5c 5c 56 67 62 e2 38 e0 e8 78 7a ab 93 c8 72 e0 78 5c 57 ec a3 6a 83 00 20 ea 55 4d b4 ab
00:aa 19 20 1a 02 38 00 00 93 80 88 e8 57 8e c4 ec 9b 00 a8 fa 55 70 e5 0c a4 80 a8 ff 55 70 e5 ec 9b 00 0a ff 55 8e c4 cb 93 00 00 aa d5 6d b4 ab 9b 00 00 00 5f 8d c4 2d a4 f0 e0 f0 5a ce d4 4d
00:aa 19 58 1a 02 38 00 00 ac a0 a0 a8 57 ce d4 6d b4 00 00 00 5e d2 ed ef dc f0 e0 fe 55 d2 ed ae cc 00 02 a9 f5 70 e5 8e bc 03 2f ff 55 ce d4 6d b4 00 00 00 57 ce d4 6d bc 00 00 00 f5 50 e5 8d
00:aa 19 90 1a 02 38 00 00 c4 fc fc ff 55 70 e5 8e c4 03 0b ff 55 ce d4 6d b4 0f 03 03 55 8d c4 2d a4 3f 3f 3d d5 2d a4 6a 8b 0a 0b 0f f5 4a 83 c8 72 00 08 02 0d 09 7b 26 5a 29 29 af d5 03 31 00
00:aa 19 c8 1a 02 38 00 00 00 15 15 15 15 00 00 00 00 00 00 00 00 00 00 00 00 00 00 00 00 00 00 00 00 00 00 00 00 00 00 00 00 00 00 00 00 00 00 00 00 00 00 00 00 00 00 00 00 00 00 00 00 00 00 00
00:aa 19 00 1b 02 38 00 00 00 00 00 00 00 00 00 00 00 00 00 00 00 00 00 00 00 00 00 00 00 00 00 00 00 00 07 00 00 00 00 00 00 01 f8 00 00 00 00 00 00 3f f0 00 00 00 00 00 07 ff c0 00 00 00 00 00
00:aa 19 38 1b 02 38 00 00 ff fe 00 00 00 00 00 0f ff fc 00 00 00 00 00 ff ff f0 00 00 00 00 0f ff ff 80 00 00 00 01 ff ff fc 00 00 00 00 1f ff ff e0 00 00 00 01 ff ff ff 00 00 00 00 1f ff ff f8
00:aa 19 70 1b 02 38 00 00 00 00 00 01 ff ff ff 80 00 00 00 0f ff ff fc 00 00 00 00 ff ff ff e0 00 00 00 07 ff ff fe 00 00 00 00 1f ff ff f0 00 00 00 00 ff ff ff 20 00 00 00 0f ff ff fe 00 00 00
00:aa 19 a8 1b 02 38 00 00 00 7f ff ff e0 00 00 00 07 ff ff fe 00 00 00 07 ff ff ff e0 00 00 00 ff ff ff fe 00 00 00 0f ff ff ff e0 00 20 08 00 00 ff ff e0 8b 20 08 00 00 ff 00 ff ff 20 08 00 00
00:aa 19 e0 1b 02 38 00 00 ff 03 f3 fc 20 08 00 00 ff ff ff f0 20 08 00 00 f0 ab 2f ff 20 08 00 00 3f ff ff ff 00 00 00 00 00 00 00 00 00 00 00 00 00 00 00 00 20 08 00 00 3f 3f 3f 3f 20 10 00 00
00:aa 19 18 1c 02 38 00 00 ff ff ff fb 20 08 00 00 8f 2f 3f ff 00 00 00 00 00 00 00 00 00 00 00 00 00 00 00 00 00 00 00 00 00 00 00 00 00 00 00 00 00 00 00 00 20 08 00 00 3f 3f 3f 3f 23 41 20 08
00:aa 19 50 1c 02 38 00 00 55 55 55 68 23 41 00 00 55 55 55 2f 20 08 00 00 ff ff ff bf 20 08 00 00 ff ff c0 83 20 08 00 00 af 3f bf ff 00 00 00 00 00 00 00 00 00 00 00 00 00 00 00 00 00 00 00 00
00:aa 19 88 1c 02 38 00 00 00 00 00 00 00 00 00 00 00 00 00 00 20 08 00 00 ff ff fc f0 24 59 20 08 57 5e 78 80 24 61 23 41 58 c0 00 00 24 61 03 59 af aa aa aa 24 59 00 00 b5 2d 02 00 24 51 20 08
00:aa 19 c0 1c 02 38 00 00 55 55 af 02 20 08 00 00 ff ff ff 0a 20 08 00 00 ff fc fc f3 20 08 00 00 3f ff ff ff 00 00 00 00 00 00 00 00 00 00 00 00 00 00 00 00 00 00 00 00 00 00 00 00 00 00 00 00
00:aa 19 f8 1c 02 38 00 00 00 00 00 00 e3 40 20 08 55 55 57 5c c6 79 20 08 56 78 80 00 c6 79 24 59 15 15 15 95 24 59 02 39 00 00 00 55 24 59 e2 38 00 00 02 55 24 61 e2 38 f0 fe 55 55 24 61 e2 38
00:aa 19 30 1d 02 38 00 00 02 80 70 54 24 59 20 08 b5 2d 09 03 41 18 00 00 55 ff 57 17 20 08 00 00 ef ef ef ef 00 00 00 00 00 00 00 00 00 00 00 00 00 00 00 00 00 00 00 00 00 00 00 00 20 10 00 00
00:aa 19 68 1d 02 38 00 00 ff aa aa ea 20 10 00 00 ff ab aa aa 44 51 20 10 5c 5c 58 78 85 71 81 20 02 ad b5 b5 c2 30 00 00 0a 95 55 55 61 18 00 00 00 55 55 55 61 18 00 00 02 55 55 7e c2 30 20 08
00:aa 19 a0 1d 02 38 00 00 a0 5e 57 fd c2 30 41 10 00 a0 a8 6a 24 59 a2 28 03 02 7b 5f e2 38 00 00 b5 2a 00 00 61 20 00 00 55 55 35 35 00 00 00 00 00 00 00 00 00 08 00 00 ef ff ff ff 00 00 00 00
00:aa 19 d8 1d 02 38 00 00 00 00 00 00 00 00 00 00 00 00 00 00 00 00 00 00 00 00 00 00 00 00 00 00 00 00 00 00 00 00 00 00 00 00 00 00 20 08 00 00 fc fc f4 f8 24 59 03 31 78 78 70 60 24 59 81 20
00:aa 19 10 1e 02 38 00 00 2d 0d 03 00 46 62 20 10 55 55 5f a8 a7 6a 00 08 57 7a 80 00 67 62 c2 30 5f 00 00 00 87 6a 81 20 fd 0a 00 00 87 62 61 20 55 f5 2b 00 c2 30 81 20 fc fc dc 0c e2 38 c2 30
00:aa 19 48 1e 02 38 00 00 aa aa a2 a3 a2 28 00 00 35 35 35 f5 00 00 00 00 00 00 00 00 00 00 00 00 00 00 00 00 20 08 00 00 3f fb ff ff 20 08 00 00 fc fc ff 3f 20 08 00 00 ef cf cf 3f 00 00 00 00
00:aa 19 80 1e 02 38 00 00 00 00 00 00 00 00 00 00 00 00 00 00 00 00 00 00 00 00 00 00 00 00 00 00 00 00 00 00 43 41 20 08 57 57 56 5c c5 59 23 41 70 7a 68 e0 c8 6a e5 59 58 5a 7a a8 c8 72 67 62
00:aa 19 b8 1e 02 38 00 00 5f ea aa 09 c8 6a 06 5a 0a 2d b7 54 4a 83 67 62 5f 78 80 00 8b 93 09 7b 7f 08 a2 ad ab 93 09 7b ab 02 bf 55 4a 83 84 49 b5 0a 00 00 08 7b a2 28 55 bd 2d 0b 41 10 00 00
00:aa 19 f0 1e 02 38 00 00 2f 2f 2f 2f 00 00 00 00 00 00 00 00 00 00 00 00 00 00 00 00 00 00 00 00 00 00 00 00 20 08 00 00 cb f8 fe ff 20 08 00 00 ff ff af c3 00 00 00 00 00 00 00 00 20 08 00 00
00:aa 19 28 1f 02 38 00 00 3f ff ff ff 00 00 00 00 00 00 00 00 00 00 00 00 00 00 00 00 00 00 00 00 00 00 00 00 00 00 00 00 00 00 00 00 43 49 20 08 58 58 58 58 67 62 c4 51 5f 5f 7e f8 e8 7a 67 62
00:aa 19 60 1f 02 38 00 00 5e 78 70 e0 c8 72 c5 51 0f 0f 2d b7 09 7b 26 5a 58 70 e0 e0 4a 83 e8 7a 02 af b7 d5 8a 8b 09 7b 95 ff 78 68 6a 8b 09 7b 55 2a 0a 00 cb 93 4a 83 55 57 5c 56 0c a4 c8 72
00:aa 19 98 1f 02 38 00 00 f5 bd 2b 82 c8 72 02 31 d5 2d 0a 02 c5 51 20 08 55 d5 95 0b 20 08 00 00 ff ff ff 0f 00 00 00 00 00 00 00 00 00 00 00 00 00 00 00 00 20 08 00 00 f0 ff ff ff 20 08 00 00
00:aa 19 d0 1f 02 38 00 00 ff af e3 f8 00 00 00 00 00 00 00 00 00 00 00 00 00 00 00 00 00 00 00 00 00 00 00 00 00 00 00 00 00 00 00 00 00 00 00 00 00 00 00 00 00 00 00 00 00 00 00 00 a4 49 00 08
00:aa 19 08 20 02 38 00 00 58 78 78 70 a8 6a 05 5a 5a 68 e8 a0 09 7b a7 6a ea e0 e1 c1 67 62 c4 51 3e 9e 9c 9c 09 7b 67 62 70 7a e0 e8 8b 8b e8 7a 57 5c f8 88 ab 93 6a 8b 6a a0 80 02 8a 93 4a 83
00:aa 19 40 20 02 38 00 00 2d 29 aa a9 4a 83 09 7b 02 05 25 35 0c a4 e8 72 e0 f8 57 55 ec 9b 09 7b 35 09 03 7b 4a 83 67 62 55 fd ab 00 a8 6a 20 08 f5 2d 0b 00 43 41 00 00 55 55 d5 35 00 00 00 00
00:aa 19 78 20 02 38 00 00 00 00 00 00 00 00 00 00 00 00 00 00 20 08 00 00 fe ff ff ff 41 10 00 00 bf cf ff fe 00 00 00 00 00 00 00 00 00 00 00 00 00 00 00 00 00 00 00 00 00 00 00 00 00 00 00 00
00:aa 19 b0 20 02 38 00 00 00 00 00 00 00 00 00 00 00 00 00 00 00 00 00 00 00 00 00 00 46 62 20 10 78 78 60 e0 e8 7a 87 62 5e 60 a0 ea 09 7b 87 62 09 ad bd fd 67 62 c5 51 dc dc f8 fc 09 7b 67 62
00:aa 19 e8 20 02 38 00 00 e8 e0 68 78 ab 93 29 7b fa 78 78 78 cb 9b 4a 83 03 0b 09 2d 4a 83 e8 7a 00 03 03 c9 09 7b a7 6a 0f af b8 78 0c 9c c8 72 55 5f ea 80 cb 93 09 7b 55 55 bd 0a 6a 8b 09 7b
00:aa 19 20 21 02 38 00 00 5a 5e 5e 02 6a 8b c8 6a ad ab 82 00 c8 6a 41 18 25 09 00 00 64 41 20 08 55 55 d5 15 00 00 00 00 00 00 00 00 00 00 00 00 00 00 00 00 00 00 00 00 00 00 00 00 20 08 00 00
00:aa 19 58 21 02 38 00 00 bf 0b e3 fb 00 00 00 00 00 00 00 00 00 00 00 00 00 00 00 00 00 00 00 00 00 00 00 00 00 00 00 00 00 00 00 00 00 00 00 00 00 00 00 00 20 08 00 00 fc fe ff ff 26 5a a2 28
00:aa 19 90 21 02 38 00 00 70 60 60 60 e8 72 67 62 e0 60 e8 68 09 7b 67 62 a7 a5 35 2b 46 62 c5 51 fe 3e 37 35 c8 72 67 62 70 58 56 56 6a 8b c8 72 e0 fa 7f 55 8b 93 09 7b 2d dd 5f 72 09 7b 67 62
00:aa 19 c8 21 02 38 00 00 03 09 09 09 8a 8b 67 62 58 78 78 78 8d bc ec 9b 7b 62 60 60 ae c4 eb 9b f5 aa 0a 00 6d b4 ab 93 f5 2b 82 00 6d b4 6a 8b 7d f5 af 02 ab 93 e8 72 b5 b5 2d 0a 87 6a 20 08
00:aa 19 00 22 02 38 00 00 35 25 0d 09 00 00 00 00 00 00 00 00 00 00 00 00 00 00 00 00 00 00 00 00 00 00 00 00 20 08 00 00 fc fc ff ff 20 08 00 00 ff ff 3f cf 00 00 00 00 00 00 00 00 00 00 00 00
00:aa 19 38 22 02 38 00 00 00 00 00 00 00 00 00 00 00 00 00 00 00 00 00 00 00 00 00 00 00 00 00 00 00 00 00 00 20 08 00 00 fe fe ff ff 06 5a a2 28 60 60 70 78 c8 72 67 62 58 56 5a 5a c8 72 87 62
00:aa 19 70 22 02 38 00 00 2c 9e 9a f9 67 62 c4 51 b5 35 35 2d 67 62 c4 51 e0 78 7f 5f c8 72 46 62 ff fe fc 5c 2d 9c 6a 8b 5f 7b 73 63 6a 8b e8 72 35 3d 2d 0b 8a 8b c8 72 78 78 f8 f8 8e c4 ab 93
00:aa 19 a8 22 02 38 00 00 78 78 78 78 ae c4 8d c4 ff bf bf ae ce d4 8d c4 55 55 54 70 ce d4 6d b4 ff a7 02 00 ce d4 4d ac d5 af 00 00 ae cc 66 62 f5 ad 0b 02 29 7b 20 08 55 55 d5 35 00 00 00 00
00:aa 19 e0 22 02 38 00 00 00 00 00 00 00 00 00 00 00 00 00 00 00 00 00 00 00 00 00 00 20 08 00 00 c3 f3 fa fc 00 00 00 00 00 00 00 00 00 00 00 00 00 00 00 00 00 00 00 00 00 00 00 00 00 00 00 00
00:aa 19 18 23 02 38 00 00 00 00 00 00 00 00 00 00 00 00 00 00 a4 51 20 08 60 60 78 58 67 62 e5 51 c0 ff fb 7f 67 62 c4 51 00 d6 57 55 46 62 e5 51 0d 0d 0d 7f c4 51 a4 49 aa aa ab aa c8 72 c4 51
00:aa 19 50 23 02 38 00 00 f8 58 5e 5e ab 93 4a 83 82 83 89 49 6a 8b 09 7b 09 03 80 80 4a 8b 09 7b 58 58 d8 b8 6d b4 ab 93 78 78 58 5c ce d4 6d b4 ec fc e0 7c ce d4 00 00 00 00 00 00 70 e5 ce d4
00:aa 19 88 23 02 38 00 00 55 56 5c 50 d2 ed 70 e5 55 55 73 40 d2 ed ce d4 a9 ab ab 0a ae c4 c2 28 25 0d 0b 02 23 39 00 00 55 55 d5 15 00 00 00 00 00 00 00 00 00 00 00 00 00 00 00 00 00 00 00 00
00:aa 19 c0 23 02 38 00 00 00 00 00 00 20 08 00 00 3f 8f cb f3 00 00 00 00 00 00 00 00 00 00 00 00 00 00 00 00 00 00 00 00 00 00 00 00 00 00 00 00 00 00 00 00 00 00 00 00 00 00 00 00 43 41 00 00
00:aa 19 f8 23 02 38 00 00 50 58 58 5c 05 5a 43 41 a0 ea 7a 5d c5 51 23 39 0b 2f 3f fd e5 59 23 39 80 e8 fa 5e c4 51 43 49 00 00 00 05 87 6a c4 51 5c 57 55 55 6a 8b 67 62 80 c2 62 72 6a 8b c8 72
00:aa 19 30 24 02 38 00 00 e0 f0 f8 5e 8b 93 4a 83 97 37 27 f7 2c ac 8b 93 78 78 78 7c ce d4 6d b4 7c 7c 70 7c 70 e5 ce d4 55 55 55 5c 70 e5 ce d4 60 80 00 00 d2 ed 70 e5 40 f0 d8 5c d2 ed d2 ed
00:aa 19 68 24 02 38 00 00 00 00 00 00 d2 ed ae cc b5 2d 01 00 6d bc 20 08 95 35 0d 09 00 00 00 00 00 00 00 00 00 00 00 00 00 00 00 00 00 00 00 00 00 00 00 00 20 08 00 00 fc fe ff ff 20 08 00 00
00:aa 19 a0 24 02 38 00 00 ff ff 3f ef 00 00 00 00 00 00 00 00 00 00 00 00 00 00 00 00 00 00 00 00 00 00 00 00 00 00 00 00 00 00 00 00 c2 38 00 00 5c 5c 5c 5c c4 51 43 41 55 55 fd 00 a4 49 e2 38
00:aa 19 d8 24 02 38 00 00 ad ad ad 0a 64 41 e2 38 5c 56 55 95 a4 49 e2 38 02 a0 60 7a c4 51 64 41 80 80 a0 57 c8 6a c4 51 e0 70 5e 56 c8 72 c8 6a f0 fc f7 7d 4a 83 c8 72 00 80 70 58 cb 9b 4a 83
00:aa 19 10 25 02 38 00 00 e0 e0 e8 7a ae cc 2c ac 68 5a 5e 5e 70 e5 ce d4 5c 50 5c 5c 70 e5 00 00 00 00 00 00 d2 ed 70 e5 54 54 5c 5c d2 ed 00 00 00 00 00 00 d2 ed 91 e5 00 00 01 00 50 dd e2 30
00:aa 19 48 25 02 38 00 00 09 03 02 02 c5 51 20 08 55 55 d5 15 00 00 00 00 00 00 00 00 00 00 00 00 00 00 00 00 00 00 00 00 00 00 00 00 20 08 00 00 cb e3 f2 fc 20 08 00 00 ff cf cf cf 00 00 00 00
00:aa 19 80 25 02 38 00 00 00 00 00 00 43 39 00 00 5c 5c 5c 5c 67 62 c5 51 7f 7c 7c 6c 67 62 05 5a a9 03 03 09 c4 51 23 39 b5 3f 3f 3f 43 41 e2 38 53 09 25 03 43 41 e2 38 f0 54 57 fc c5 51 43 41
00:aa 19 b8 25 02 38 00 00 78 5e 5f 7a a8 6a c4 51 a2 6a 7a 5e 09 7b 26 5a f8 fe d7 d7 4a 83 67 62 00 80 f8 7e 4d b4 6a 8b f8 78 7e 5e ce d4 6d b4 c0 70 7c 5e 70 e5 ce d4 00 00 80 60 d2 ed 70 e5
00:aa 19 f0 25 02 38 00 00 5c 55 55 55 d2 ed 00 00 00 00 00 00 d2 ed 00 00 00 00 00 00 d2 ed ce cc 2d 09 0b 0a 4d ac c2 28 95 35 2d 2f 81 20 00 00 55 55 d5 35 00 00 00 00 00 00 00 00 00 00 00 00
00:aa 19 28 26 02 38 00 00 00 00 00 00 20 08 00 00 fc ff ff ff 20 08 00 00 f8 3c 3c bf 20 08 00 00 ff ef eb ff 43 41 00 00 5c 5c 58 58 67 62 a4 49 40 80 80 80 a7 6a 06 5a a9 aa a0 80 a7 6a e5 51
00:aa 19 60 26 02 38 00 00 55 95 2f 2a 67 62 43 41 55 bb aa 00 87 6a 43 41 55 ff aa 00 67 62 c4 51 55 ff 8a 00 46 62 e5 51 56 ff af 00 06 5a 05 5a aa aa aa aa 46 62 e5 51 f0 fe ff f5 6a 8b 05 5a
00:aa 19 98 26 02 38 00 00 a0 e8 7a 5e 6d bc 6a 8b a0 e8 7c 5e 50 e5 8d c4 f0 7c 5f 57 70 e5 ce d4 00 00 80 60 d2 ed 00 00 00 00 00 00 d2 ed 00 00 00 00 00 00 d2 ed 70 e5 01 02 02 02 50 e5 e8 72
00:aa 19 d0 26 02 38 00 00 b5 35 2d 0d a7 6a 20 08 95 b5 25 0d 00 00 00 00 00 00 00 00 00 00 00 00 00 00 00 00 00 00 00 00 00 00 00 00 20 08 00 00 cf fb fb f3 05 5a 00 00 55 55 55 5c 20 08 00 00
00:aa 19 08 27 02 38 00 00 f3 f2 fc fc 43 41 00 00 58 58 58 58 c8 6a 46 62 7f 7e 4c 7c 09 7b c8 6a 55 54 5c 5c 09 7b 87 62 f5 bf 0b 03 09 7b 87 62 5f 7c f0 e0 09 7b c8 6a 55 05 0d 0d c8 6a 67 62
00:aa 19 40 27 02 38 00 00 75 d5 06 00 c8 6a 67 62 55 40 00 00 09 7b 26 5a d5 ad aa 80 a7 6a c5 51 f5 f5 b5 0f 87 6a c4 51 7c 5f 55 55 8b 8b 05 5a a0 e8 7a 5f 6d b4 e9 7a 80 e0 f8 7a 50 e5 4d b4
00:aa 19 78 27 02 38 00 00 e0 f8 7e 57 d2 ed ce d4 80 aa ea 7a d2 ed 70 e5 00 00 40 40 d2 ed 00 00 00 00 00 00 b1 ed ec 9b 2d 09 09 0b 09 7b 03 39 2d 29 0b 02 2a 7b 20 08 55 55 d5 a8 0c ac 20 08
00:aa 19 b0 27 02 38 00 00 55 55 ff 80 ef c4 20 08 55 55 ff 00 ef c4 20 08 55 55 ff 00 cf bc 20 08 55 55 ff 02 50 dd 20 08 55 5f fa a0 70 e5 26 5a 5f ea 80 00 e5 51 20 08 5e 5c 5c 5e c8 6a 46 62
00:aa 19 e8 27 02 38 00 00 7c 7c 7c 7c c8 6a c8 6a 00 00 00 00 09 7b c8 72 ca c4 e8 54 09 7b 09 7b 00 00 00 00 09 7b c8 6a 05 15 95 d5 c8 72 c8 6a ff ff ff fc 09 7b c8 6a 56 5a f0 80 4a 83 09 7b
00:aa 19 20 28 02 38 00 00 54 50 50 70 ab 93 29 7b f5 ea 80 00 ec 9b a4 49 d5 bd 0b 00 67 62 63 49 78 fe ff 0f 4a 83 05 5a c0 e0 78 5e 2d a4 29 83 00 fa fa 7b 50 e5 2c ac e0 78 5e 57 d2 ed 70 e5
00:aa 19 58 28 02 38 00 00 50 5c 5c 5c d2 ed 00 00 00 00 00 00 d2 ed ae c4 09 09 09 0b 8e bc 29 7b d5 fe a8 00 70 e5 4a 8b 7e e0 80 00 13 f6 50 e5 5e e8 a8 aa 95 f6 13 f6 00 00 00 55 95 f6 13 f6
00:aa 19 90 28 02 38 00 00 00 00 00 55 95 f6 d2 ed 03 03 09 f5 d2 ed 0f dd 80 00 03 25 b1 ed 0b ac 02 0b bd f5 43 39 20 08 5c 54 5c 5c c8 6a e5 51 e8 e8 7a 7a c8 6a 67 62 00 00 00 40 09 7b c8 6a
00:aa 19 c8 28 02 38 00 00 54 56 55 55 09 7b 67 62 02 2a aa fd c8 6a 67 62 00 00 be 57 c8 72 c8 6a fc ff ff ff 4a 83 e8 7a 7e 7e 7e 7c 8a 8b 4a 83 57 54 54 54 2d a4 ab 93 5f 5f 5e 7c 4d b4 0d 9c
00:aa 19 00 29 02 38 00 00 7f 70 aa 2a 6d b4 c8 72 ad 02 00 00 2c ac 05 5a 57 b5 0d 03 4a 83 05 5a 80 e0 78 5f 4d b4 09 7b e8 fe 5f 55 70 e5 6a 8b 80 e0 e0 78 d2 ed 70 e5 00 00 c2 52 d2 ed 70 e5
00:aa 19 38 29 02 38 00 00 15 55 55 55 70 e5 ce d4 57 57 24 0c d2 ed 70 e5 5c 54 55 55 d2 ed 70 e5 00 00 55 55 d2 ed 70 e5 00 00 fd 55 d2 ed ce d4 00 2a a5 95 d2 ed ce d4 00 aa fd 55 50 e5 6d bc
00:aa 19 70 29 02 38 00 00 2d 95 d5 e0 d2 ed 29 83 f5 f5 a9 02 41 10 00 00 ff ff ff f8 81 20 00 00 55 7a 80 00 81 20 00 00 55 35 35 09 81 20 00 00 56 5c 5c 5c a2 28 81 20 fc fc ff ff 46 62 03 39
00:aa 19 a8 29 02 38 00 00 e8 e8 7a 5e 67 62 05 5a 00 00 40 5f 67 62 06 5a 00 00 25 55 67 62 05 5a 00 00 55 55 67 62 05 5a 00 00 00 70 c8 6a a8 6a aa 6a aa aa 4a 83 e8 7a 78 78 f8 f8 8b 93 4a 83
00:aa 19 e0 29 02 38 00 00 56 54 54 5c 2d a4 ab 93 7a 7e 7c 7c 6d b4 0c ac 50 57 54 c2 8d bc 6d b4 55 55 55 40 ae cc 6d b4 55 ff aa a0 8e c4 06 5a d5 b5 2d 09 09 7b e5 51 a0 e0 78 5e 8e c4 e8 7a
00:aa 19 18 2a 02 38 00 00 60 78 5c 5e d2 ed ae cc 80 80 60 58 d2 ed 70 e5 35 00 00 00 d2 ed 70 e5 55 aa 00 00 d2 ed 70 e5 55 b5 05 25 70 e5 50 dd 00 00 00 03 70 e5 ef dc 00 00 00 69 70 e5 ce d4
00:aa 19 50 2a 02 38 00 00 15 3d 0d cd 70 e5 ce d4 55 54 50 50 f2 f5 d2 ed 7f 7e ff ff 95 f6 d2 ed 55 00 43 7d 81 20 00 00 57 50 40 40 e2 38 81 20 5f fc fc f8 e2 38 a2 28 7f 00 0d b5 81 20 00 00
00:aa 19 88 2a 02 38 00 00 01 01 03 0e 81 20 00 00 5e 5c 5c 00 a2 28 81 20 ff ff ff bd 43 41 20 10 f0 f8 f8 7e 05 5a 43 41 00 a8 7a 5f 05 5a a4 49 00 02 ff 7f e5 59 c4 51 00 54 54 54 67 62 05 5a
00:aa 19 c0 2a 02 38 00 00 50 50 50 58 e8 72 67 62 a8 a8 68 68 4a 83 09 7b 58 50 50 50 ab 93 4a 83 5e 5a 5a 58 2d a4 ab 93 7c ff ff 7c 4d ac 2d 9c fc fc fc fc ae cc 6d b4 ec 56 56 56 ce d4 8d c4
00:aa 19 f8 2a 02 38 00 00 bc 70 70 70 ce d4 cc 9b 29 02 00 00 ae c4 06 5a 55 b5 2d 0b c8 72 e5 51 a0 e8 7a 5e 2f dd e8 7a e8 7a 5f 57 b1 ed cb 93 00 a8 ea 7f 70 e5 6d bc 00 00 af 55 70 e5 8d c4
00:aa 19 30 2b 02 38 00 00 00 00 d5 55 70 e5 8d c4 03 0b 7f 5f ce d4 ae d4 aa aa aa ea ce d4 8e c4 00 00 7b 1d ce d4 4d b4 00 00 bf f5 d2 ed 8d c4 00 ea 5f 55 50 e5 2c b4 02 bd bd ff c2 30 20 08
00:aa 19 68 2b 02 38 00 00 6a 6a 6a 58 e2 38 a2 28 5e 5b 01 01 81 20 00 00 00 00 00 00 a2 28 81 20 f7 ff fc fc e2 38 a2 28 50 c0 03 01 81 20 00 00 03 0f 0d bd 81 20 00 00 f0 fc 5e 57 43 49 41 10
00:aa 19 a0 2b 02 38 00 00 80 aa fe 5f a4 49 a2 28 80 a0 ea 5e e5 51 43 41 a8 a8 e8 5f 67 62 c5 51 f0 f0 f8 57 09 7b 26 5a e8 a8 e8 7f 4a 83 c8 72 f0 f0 f8 56 cb 93 09 7b e8 e8 ea 57 0c 9c 6a 8b
00:aa 19 d8 2b 02 38 00 00 a8 a0 a0 57 2d a4 cb 93 00 00 00 55 6d b4 ec 9b 00 80 c0 55 ce d4 ec 9b a0 a0 aa 5f ce d4 4d ac 00 00 2a 55 ce d4 2d a4 89 0b ab fd 2d a4 26 5a d5 35 0d 0d 29 7b 05 5a
00:aa 19 10 2c 02 38 00 00 e8 7e 5f 55 cb 9b c8 72 80 e0 78 56 0c ac 6a 8b 00 80 aa 55 8d bc 6a 8b 80 aa aa 55 6d b4 6a 8b 00 02 a2 55 8e c4 6a 83 00 a0 ae 55 8d bc 09 7b 00 00 aa 55 8d bc 29 83
00:aa 19 48 2c 02 38 00 00 2a 2a fb 55 8d c4 29 83 a8 a8 e8 57 50 e5 2c b4 a0 a0 a0 55 00 00 00 00 00 00 00 00 00 00 00 00 00 00 00 00 00 00 00 00 00 00 00 00 00 00 00 00 00 00 00 00 00 00 00 00
00:aa 19 80 2c 02 38 00 00 00 00 00 00 00 00 00 00 00 00 00 00 00 00 00 00 00 00 00 00 00 00 00 00 00 00 00 00 00 00 00 00 00 00 00 80 00 00 00 00 00 00 1c 00 00 00 00 00 00 01 f0 00 00 00 00 00
00:aa 19 b8 2c 02 38 00 00 00 7f 00 00 00 00 00 00 1f fc 00 00 00 00 00 03 ff c0 00 00 00 00 00 7f fc 00 00 00 00 00 07 ff c0 00 00 00 00 00 7f fc 00 00 00 00 00 07 ff c0 00 00 00 00 00 ff 7e 00
00:aa 19 f0 2c 02 38 00 00 00 00 00 00 0f ff f0 00 00 00 00 00 ff ff 00 00 00 00 00 0f ff f8 00 00 00 00 00 ff ff c0 00 00 00 00 0f ff fc 00 00 00 00 00 ff ef e0 00 00 00 00 0f ff ff 00 00 00 00
00:aa 19 28 2d 02 38 00 00 00 ff ff f0 20 00 00 00 0f ff f7 fe 00 00 00 00 ff ff ff e0 00 00 00 0f ff fb fe 00 00 00 07 ff ff ff e0 00 00 00 ff ff ff fe 00 00 00 0f ff ff ff e0 00 41 10 00 00 ff
00:aa 19 60 2d 02 38 00 00 ff ff 0f 24 59 20 08 57 56 5c 54 e6 81 00 00 fd 8a 00 00 07 8a 20 08 55 55 b5 2d 03 51 00 00 5c 5c 5c 5c 07 a2 e6 81 60 40 70 70 27 92 e3 40 0d 0a 00 00 c6 79 20 08 55
00:aa 19 98 2d 02 38 00 00 b5 2d 09 00 00 00 00 00 00 00 00 e6 71 00 00 55 55 56 78 a5 79 00 00 57 fa aa 02 a5 71 81 20 56 dc fc bc 07 a2 27 92 40 c2 c0 50 07 aa c6 79 95 95 35 35 c6 81 43 41 09
00:aa 19 d0 2d 02 38 00 00 0a 00 00 a5 79 20 08 55 95 2d 0b 20 08 00 00 ff ff fc f0 20 08 00 00 3f 3f bf fe c6 79 20 10 78 7a 62 e3 24 61 20 08 00 00 fe 57 a5 71 61 20 a8 a8 ff 55 27 92 61 20 00
00:aa 19 08 2e 02 38 00 00 00 ea 5f 07 92 44 51 02 a2 a3 55 a6 79 24 61 2a 95 55 55 c6 79 24 61 01 40 70 56 c6 79 20 08 d5 b5 2d 2b 20 08 00 00 fc fc fc bc 20 08 00 00 ff fe f0 e3 20 08 00 00 c3
00:aa 19 40 2e 02 38 00 00 ef ff ff 23 41 00 00 57 56 5c 58 24 61 c2 30 c1 09 09 89 20 10 00 00 ae af 2a 2a 20 10 00 00 aa fa aa aa 20 10 20 08 a0 96 aa aa c5 51 20 10 5c 54 57 f5 c6 79 81 28 0a
00:aa 19 78 2e 02 38 00 00 02 a2 5f 24 61 20 08 00 0a 0b bd 24 59 41 18 00 80 e0 70 24 61 20 08 d5 b5 35 25 20 10 00 00 ff ab aa aa 20 08 00 00 eb cf 0f 3f 20 08 00 00 ff ff ff fc 64 49 20 08 58
00:aa 19 b0 2e 02 38 00 00 58 70 60 a7 6a 24 59 d5 35 95 d8 03 39 61 18 fd ff bf 00 43 41 81 20 55 55 7f 02 e2 38 61 18 f5 ff ab 03 81 20 20 10 09 01 09 03 41 10 20 10 b0 ff ff ff 20 08 00 00 2f
00:aa 19 e8 2e 02 38 00 00 bf 0f 8f 24 59 20 08 68 68 68 78 24 61 20 00 25 35 35 b5 20 08 00 00 fc fc f4 f8 00 00 00 00 00 00 00 00 20 08 00 00 fe ff fe fc e5 59 81 28 68 60 60 e0 4a 8b 05 5a 58
00:aa 19 20 2f 02 38 00 00 e0 7f 55 6a 8b c5 51 2d 02 e2 ff 09 7b 43 41 d5 a5 0f 8e 66 62 c2 30 fd ff aa 02 a4 49 81 28 55 d5 ad 0a a2 30 20 10 95 a5 a9 2a 20 10 00 00 af af af 2f 43 49 00 00 58
00:aa 19 58 2f 02 38 00 00 5c 5c 58 e3 40 00 00 15 95 95 d5 20 08 00 00 fa fa f3 f3 a1 20 00 00 55 55 55 5c 67 62 20 08 57 5e 78 80 c8 72 a4 49 7e e0 00 00 c8 72 67 62 eb a2 0b 05 a7 6a 06 5a a0
00:aa 19 90 2f 02 38 00 00 0a aa 6a 4a 83 67 62 f4 55 55 7f 29 83 05 5a 3f fe df bf 47 72 43 41 bd 02 00 00 c6 79 e2 38 55 fe 00 00 e6 81 20 08 f5 af 0a 00 23 41 20 10 58 da 3b 0b 21 10 00 00 bf
00:aa 19 c8 2f 02 38 00 00 ff ff ff 43 41 20 08 55 55 55 5c e8 72 61 18 5e 78 e8 80 09 7b 87 6a 5f 7e 88 08 09 7b 46 62 aa ab ad 25 09 7b 06 5a b5 57 5e 58 ab 93 a7 6a 57 7e f0 80 cb 93 29 83 5f
00:aa 19 00 30 02 38 00 00 00 00 00 ab 93 c8 72 bd 02 00 00 4a 83 c6 79 f5 2d 0a 02 c6 79 67 62 00 02 55 55 e6 81 03 41 00 f8 7f f5 c6 79 81 20 29 03 82 fa e2 38 00 00 55 d5 d5 15 41 10 00 00 ff
00:aa 19 38 30 02 38 00 00 ff ff fc 87 6a 20 10 5e 78 e0 e0 09 7b 87 62 78 e0 80 00 4a 83 87 6a aa 0a 09 29 a7 6a c5 51 2d 17 96 96 6a 8b 66 62 7a 70 e8 e0 8b 93 6a 8b 6a aa 97 67 cb 93 4a 8b 0a
00:aa 19 70 30 02 38 00 00 aa fe 5e cb 93 4a 83 55 6a 68 a8 ab 93 a7 6a b5 bd 2b 0b c8 6a c4 51 b5 af 2b 0a 46 62 81 20 df b5 2d 02 03 41 20 08 35 55 55 d5 20 08 00 00 ff ff 0f c3 e2 30 00 00 57
00:aa 19 a8 30 02 38 00 00 56 54 54 09 7b e5 51 5a 78 78 78 4a 83 09 7b 57 59 54 57 4a 83 87 6a ad 8d 2d a5 87 6a c5 51 dc dc f8 fc 4a 83 09 7b 60 41 69 5d 6a 8b 29 7b e2 ea ea 60 cb 9b 4a 83 7f
00:aa 19 e0 30 02 38 00 00 7a e8 a0 cb 93 4a 8b 5f 0a 02 02 ab 93 6a 8b a8 a8 aa af 2d a4 6a 8b a9 02 80 78 cb 93 a8 6a f5 bf 2b 0b 6a 8b 67 62 55 fd ab 02 a8 6a 20 08 95 25 0b 02 41 18 00 00 5f
00:aa 19 18 31 02 38 00 00 57 d5 35 20 08 00 00 ff bf 3f cb 03 39 00 00 54 54 54 58 09 7b c4 51 78 78 78 7c 4a 83 09 7b 55 55 5d 52 09 7b 06 5a 2d 2d 2d 2b 87 6a e5 51 fc f8 7c 76 09 7b c8 72 c2
00:aa 19 50 31 02 38 00 00 60 70 58 ab 93 09 7b 7a 5e f8 f8 cb 9b cb 93 7a ea aa aa cb 9b ab 93 a5 a5 a5 a5 8b 93 6a 8b 97 97 96 d5 8a 8b c8 72 20 bf b5 b5 8a 8b c8 72 0b ef 57 55 ab 93 4a 83 67
00:aa 19 88 31 02 38 00 00 6b 6a 62 4a 83 c8 6a 95 35 35 35 26 5a 20 08 95 35 25 0d 20 08 00 00 e3 fb fc ff 43 41 00 00 5c 5c 5c 5c 67 62 c5 51 70 78 7f 7e 09 7b 26 5a 00 80 f0 6a e8 7a 06 5a 29
00:aa 19 c0 31 02 38 00 00 2d 39 ad 66 62 c5 51 7c 7c 56 dd e8 72 67 62 68 78 5e 56 ab 93 09 7b f8 78 58 5e ec 9b ab 93 bf 91 d1 61 ab 93 6a 8b 02 03 8d d5 6a 8b 09 7b 0a 2b bb 99 e8 7a c8 6a 3f
00:aa 19 f8 31 02 38 00 00 bf be 00 4a 8b c8 72 55 55 ff 02 ab 93 09 7b 60 7a 57 55 6a 83 87 6a 2d 2d 0b ab 67 62 20 10 09 09 03 02 20 08 00 00 fc bf bf bf 20 08 00 00 ff 2f cf f3 43 41 20 08 5c
00:aa 19 30 32 02 38 00 00 54 56 57 05 5a 64 49 c0 e0 60 70 87 6a c5 51 e0 fe ff 7d c8 6a c4 51 02 8b aa 6a 06 5a c4 51 17 15 25 27 a8 6a c4 51 e8 e8 78 7a 6a 8b c8 72 78 7e 5e 57 ab 93 4a 83 82
00:aa 19 68 32 02 38 00 00 83 89 55 8a 93 4a 83 ad ed 6b 6a 4a 83 87 6a 23 01 a9 0d ab 93 87 6a fe 7a 78 70 4d a4 6a 8b 55 ff 82 80 ec 9b 09 7b d5 bf 2a 00 cb 9b 09 7b 55 fd af 0a 09 7b a4 49 bd
00:aa 19 a0 32 02 38 00 00 ad 2f 0b c5 51 20 08 55 d5 95 35 20 08 00 00 fa fe ff ff 20 08 00 00 ff ff 3f cf 41 10 00 00 fc fc ff ff 05 5a c2 30 e0 68 7a 7e e5 59 a4 49 22 0f e3 55 46 62 64 41 e0
00:aa 19 d8 32 02 38 00 00 78 d6 57 46 62 c5 51 3d f7 f5 fd 46 62 c4 51 78 5c 57 55 a7 6a 05 5a 80 a8 ea 5a 4a 83 87 6a a8 be 5c 58 ec 9b 6a 8b 5f ff 82 02 6a 8b 67 62 2d 2d 2f 0b ec 9b c8 72 78
00:aa 19 10 33 02 38 00 00 78 78 78 ce d4 2d a4 7e e8 f0 e8 ae cc 4d ac d5 bf 2a 0a 8d c4 0c 9c d5 af 2a 00 6d b4 09 7b f5 af 0a 00 ec 93 03 39 f5 bd 2b 02 26 5a 00 08 55 55 b5 2d 20 08 00 00 cb
00:aa 19 48 33 02 38 00 00 f3 f8 fe 41 10 00 00 ff fc fc fc a4 49 e2 38 6a 6a 68 80 a4 49 23 39 bf ff af 0d 43 41 e2 38 00 f8 79 55 05 5a 03 39 82 aa ea 7a c4 51 84 49 99 5a bb aa 66 62 43 41 e8
00:aa 19 80 33 02 38 00 00 fa fe d5 4a 83 05 5a f8 58 5c 5c 2d a4 ab 93 83 83 c3 43 8b 93 4a 83 55 35 0d 0d ab 93 09 7b 58 78 78 e8 ce d4 ae c4 01 01 80 40 ce d4 8e c4 55 55 55 11 ce d4 6d b4 d5
00:aa 19 b8 33 02 38 00 00 ff eb 80 ae cc 4d ac d5 ad aa 00 6d b4 63 41 b5 ad 0b 02 67 62 20 08 55 55 95 35 20 08 00 00 bf 3f 8f cf e2 30 00 00 57 57 56 54 67 62 64 41 7a 6a 68 60 67 62 e5 51 fd
00:aa 19 f0 33 02 38 00 00 3c 2c 2c 67 62 e2 38 f5 3d 2f 2f 84 49 23 39 78 7f ef ef c4 51 03 39 80 ea ff fd c4 51 03 39 a8 aa ff 7f a7 6a 43 41 f8 f8 7e 5e ec 9b 09 7b 82 c3 6b 7b 8b 93 29 7b aa
00:aa 19 28 34 02 38 00 00 e0 78 78 6a 8b 29 7b e0 fc 1e 2a 6d b4 6a 8b e0 70 78 78 ce d4 8d bc 80 f0 fc 7e 50 dd ce d4 55 55 55 49 ce d4 00 00 00 00 00 00 70 e5 ce d4 55 55 78 40 ce d4 2d a4 ad
00:aa 19 60 34 02 38 00 00 03 00 00 6d b4 61 18 b5 2d 0b 02 23 39 20 08 55 55 55 15 20 08 00 00 ff bf 3f 8f 84 49 00 00 56 56 54 54 c8 6a c4 51 6a 6a ea e8 e9 72 67 62 55 5f ba a0 e9 72 c4 51 b5
00:aa 19 98 34 02 38 00 00 ad 2a 00 67 62 43 41 55 bd ab 00 66 62 43 41 55 55 ff 2f a4 51 43 41 5f 75 ef 0b c4 51 43 41 b0 7c 7f ff 4a 83 c4 51 e0 e0 7a 5e 4a 83 87 6a a8 f8 fe d7 6a 8b 4a 83 15
00:aa 19 d0 34 02 38 00 00 c5 55 55 4d b4 6a 8b 78 5e 5e 5e ae cc 2c ac e2 60 78 78 70 e5 ce d4 50 56 55 55 70 e5 ce d4 55 95 b7 60 d2 ed 70 e5 55 57 e0 00 d2 ed 70 e5 55 55 01 00 70 e5 cb 9b ad
00:aa 19 08 35 02 38 00 00 af 2b 0a 8b 93 20 08 b5 25 2d 0b 20 08 00 00 cf eb f2 3c 00 00 00 00 00 00 00 00 84 49 20 08 54 54 54 5c c8 6a 06 5a 68 68 60 60 4a 83 c8 6a 7a 6a 68 60 4a 83 c8 72 25
00:aa 19 40 35 02 38 00 00 07 0b 0b 09 7b 06 5a bf 29 0b 0f 05 5a c5 51 09 08 08 00 05 5a c4 51 d5 55 15 00 05 5a 84 49 75 ff ff 2a 05 5a 84 49 78 f8 fc 00 87 6a 26 5a ac ca 55 55 4a 83 46 62 80
00:aa 19 78 35 02 38 00 00 e8 7a 57 cb 9b 09 7b e8 f8 7e 5f 6d bc cb 9b e0 70 78 58 ce d4 8e c4 80 80 40 60 70 e5 ce d4 d8 00 00 00 d2 ed 70 e5 40 76 55 55 d2 ed ce d4 2d 0b 0b 0a ae c4 87 6a 2d
00:aa 19 b0 35 02 38 00 00 09 0b 03 84 49 00 08 d5 95 35 35 20 08 00 00 3f 2a ea ff 20 08 00 00 ff 00 ab ff 00 00 00 00 00 00 00 00 20 08 00 00 fe ff ff ff 20 08 00 00 f3 f3 fb ff 00 00 00 00 00
00:aa 19 e8 35 02 38 00 00 00 00 00 00 00 00 00 00 00 00 00 84 49 00 00 5c 5c 5c 5c c8 6a 06 5a 60 68 68 68 29 83 c8 6a 68 68 5a 5a 4a 83 c8 6a 09 89 a5 a5 e9 72 46 62 0d 0b 2d bd 05 5a 05 5a 00
00:aa 19 20 36 02 38 00 00 00 00 00 05 5a 00 00 00 00 00 00 06 5a 05 5a aa aa aa a8 67 62 06 5a 55 55 d0 00 67 62 06 5a 55 55 05 00 46 62 e5 51 f0 fe ff f5 09 7b 05 5a a0 e8 7e 5f 0c ac 09 7b e8
00:aa 19 58 36 02 38 00 00 f8 78 5e ce d4 ec 9b a0 e8 f8 7a 70 e5 ce d4 00 80 40 60 91 ed 70 e5 55 55 56 55 d2 ed 70 e5 50 5c dc dc d2 ed 70 e5 0d 01 02 00 50 e5 6d bc 39 2d 23 02 0c a4 20 08 b5
00:aa 19 90 36 02 38 00 00 b5 35 25 00 00 00 00 00 00 00 00 00 00 00 00 00 00 00 00 00 00 00 00 00 00 00 00 00 00 00 00 00 00 00 00 00 00 00 00 00 00 00 00 00 00 00 00 00 00 00 00 00 00 00 00 00
00:aa 19 c8 36 02 38 00 00 00 00 00 84 49 00 00 5c 56 56 56 a8 6a c4 51 e8 e8 6a 7a 09 7b 67 62 a0 a8 eb 69 09 7b c8 6a 25 15 d5 55 c8 6a 46 62 3d 3d 3d 0d 67 62 05 5a 55 55 f9 60 67 62 05 5a 55
00:aa 19 00 37 02 38 00 00 55 55 00 67 62 05 5a 70 60 40 00 c8 6a 67 62 55 58 60 40 c8 6a 67 62 5e 00 00 00 c8 6a c4 51 bd 2f 0b 00 e5 51 64 49 a0 aa a5 29 29 7b e5 59 e0 78 5e 57 6d b4 09 7b e0
00:aa 19 38 37 02 38 00 00 78 7a 5e 70 e5 0c ac e0 e8 fa 7e 70 e5 ce d4 00 00 00 60 d2 ed 70 e5 4c 68 5d 57 d2 ed 70 e5 15 75 a5 4d 8e c4 20 08 2d 2d 09 0b 20 08 00 00 ff ff ff bf 00 00 00 00 00
00:aa 19 70 37 02 38 00 00 00 00 00 00 00 00 00 00 00 00 00 00 00 00 00 00 00 00 00 00 00 00 00 00 00 00 00 00 00 00 00 00 00 00 00 00 00 00 00 00 00 00 00 00 00 00 00 00 00 00 00 00 00 00 00 00
00:aa 19 a8 37 02 38 00 00 00 00 00 00 00 00 00 00 00 00 00 e2 30 00 00 54 54 58 7a 26 5a e2 30 c0 e8 78 5e 67 62 e5 51 00 82 ff fd 67 62 05 5a 00 03 45 55 67 62 05 5a 00 80 e5 55 67 62 05 5a 00
00:aa 19 e0 37 02 38 00 00 00 55 a2 67 62 66 62 aa aa aa ea c8 6a 67 62 50 e0 05 03 c8 6a 67 62 40 7f 45 00 c8 6a a8 6a aa aa aa aa 09 7b c8 6a 56 5c 58 58 4a 83 c5 51 b5 0b 02 00 c8 72 c4 51 55
00:aa 19 18 38 02 38 00 00 d5 35 0b 09 7b c4 51 e0 78 7e 57 6d b4 09 7b a0 f8 7e 5e 0f dd 6d bc 80 e8 78 5e d2 ed 70 e5 54 54 54 54 d2 ed 70 e5 60 80 00 00 d2 ed 70 e5 35 00 00 00 0f dd 4a 83 2d
00:aa 19 50 38 02 38 00 00 29 0b 0a 29 7b 20 08 d5 d5 95 35 00 00 00 00 00 00 00 00 00 00 00 00 00 00 00 00 00 00 00 00 00 00 00 00 00 00 00 00 00 00 00 00 00 00 00 00 00 00 00 00 20 08 00 00 ff
00:aa 19 88 38 02 38 00 00 ff ff fc 00 00 00 00 00 00 00 00 00 00 00 00 00 00 00 00 00 00 00 00 00 00 00 00 20 08 00 00 fb ff f0 f0 61 20 00 00 42 5c 5e 3f 84 49 20 10 f8 fe 7e 7e e5 51 e2 38 00
00:aa 19 c0 38 02 38 00 00 aa ff 55 05 5a 43 41 00 a8 7a 5f 05 5a c4 51 00 00 57 54 67 62 05 5a 40 00 40 40 c8 6a 67 62 55 4d 41 c1 09 7b 67 62 ea e8 68 68 e9 72 67 62 af 29 29 2a c8 6a 87 6a 00
00:aa 19 f8 38 02 38 00 00 70 a0 10 09 7b c8 6a 50 58 58 50 4a 83 49 83 aa aa aa aa cb 9b 09 7b b5 a2 80 a0 ab 93 c4 51 55 b5 0b 02 09 7b 05 5a 60 78 5c bf 6d b4 e8 72 80 80 e8 7a 70 e5 6d bc c0
00:aa 19 30 39 02 38 00 00 f0 78 5f d2 ed 70 e5 00 50 55 55 d2 ed 70 e5 00 00 55 55 70 e5 ae cc 0d 0d 09 02 6d b4 41 10 35 2d 2d 09 20 08 00 00 ff ff 3f 3f 20 10 00 00 ff ff ff fc 61 18 00 00 55
00:aa 19 68 39 02 38 00 00 55 55 00 e3 30 00 00 55 55 55 e8 05 5a 00 00 55 55 5f 80 8d bc 61 18 57 5e 78 e0 00 00 00 00 00 00 00 00 00 00 00 00 00 00 00 00 00 00 00 00 00 00 00 00 20 10 00 00 fe
00:aa 19 a0 39 02 38 00 00 ea fe fe 81 20 20 10 55 5c 70 70 81 20 20 10 40 0c 0c d0 e2 38 41 10 80 aa aa 96 84 49 c2 30 e2 68 7a 5e e5 59 a4 49 f0 f0 f0 5e 67 62 c5 51 c0 80 c0 5a c8 6a 67 62 c2
00:aa 19 d8 39 02 38 00 00 82 c0 57 09 7b 46 62 68 a8 e8 7f e9 72 87 6a 2a 2a aa a5 c8 6a 87 6a 00 00 00 55 09 7b 87 6a f0 f0 f0 55 4a 83 c8 72 80 c0 f0 57 cb 9b 29 7b a0 a0 ea 55 0c 9c 6a 8b 8a
00:aa 19 10 3a 02 38 00 00 a0 e8 55 cb 93 67 62 25 0b 02 aa 8a 93 06 5a f8 fe d7 d5 6d b4 e8 72 a0 f8 7f 55 70 e5 ab 93 80 e0 7a 5f 70 e5 6d bc 00 00 00 7f d2 ed ce cc 2b 0a 02 55 6d b4 c5 51 0d
00:aa 19 48 3a 02 38 00 00 09 0b 0b 67 62 20 08 55 57 dc a0 2d a4 20 08 57 ea 80 00 6d b4 c5 51 5f a0 00 00 ef d4 c8 72 5f aa 00 00 ef dc ec 9b 55 ab 0a 2b 6d bc ab 93 60 80 02 ad 00 00 00 00 00
00:aa 19 80 3a 02 38 00 00 00 00 00 00 00 00 00 00 00 00 00 00 00 00 00 00 00 00 00 00 00 00 00 00 00 00 00 00 00 00 00 00 00 00 00 00 00 00 00 00 00 00 00 00 00 00 00 00 00 00 00 00 00 00 00 00
00:aa 19 b8 3a 02 38 00 00 00 00 00 00 00 00 00 00 00 08 80 00 00 00 00 00 00 fc 00 00 00 00 00 00 0f f0 00 00 00 00 00 01 ff 00 00 00 00 00 00 1f fc 00 00 00 00 00 01 ff c0 00 00 00 00 00 3f fc
00:aa 19 f0 3a 02 38 00 00 00 00 00 00 00 03 ff c0 00 00 00 00 00 3f fc 00 00 00 00 00 07 ff c0 00 00 00 00 00 ff ff 00 00 00 00 00 0f ff f0 00 00 00 00 00 ff ff 80 00 00 00 00 0f ff f8 00 00 00
00:aa 19 28 3b 02 38 00 00 00 00 ff ff c0 00 00 00 00 0f ff fe 00 00 00 00 00 ff ff f0 00 00 00 00 0f ff ff 00 00 00 00 00 ff ff f8 00 00 00 00 0f ff ff 80 00 00 00 00 ff ff f8 00 00 00 00 0f ff
00:aa 19 60 3b 02 38 00 00 ff c0 00 00 00 00 ff ff fc 00 00 00 00 1f ff ff fe 00 00 00 01 ff ff ff e0 00 41 10 00 00 ff ff ff f2 00 00 00 00 00 00 00 00 c5 61 20 08 7a 58 58 5e c6 79 00 00 f5 0a
00:aa 19 98 3b 02 38 00 00 00 00 e6 81 00 00 55 bd 2a 00 64 69 20 08 55 55 dd 0b 20 08 00 00 ff ff ff 00 00 00 00 00 00 00 00 00 23 49 20 08 57 55 5f e0 a6 79 e2 38 80 60 78 9e 27 92 c6 79 82 c0
00:aa 19 d0 3b 02 38 00 00 72 62 e6 81 c6 79 f5 bf ff 3f c6 79 61 20 bd 02 00 00 c6 79 20 08 55 bd 0b 00 03 59 20 08 55 55 d5 35 00 00 00 00 00 00 00 00 c2 30 00 00 56 56 54 54 c6 79 e3 48 e2 a0
00:aa 19 08 3c 02 38 00 00 fc f7 a6 79 e3 48 d7 f5 3f ff c6 79 a2 30 80 80 80 b5 c6 81 21 10 02 00 aa d5 c6 79 61 20 aa aa aa 60 c6 79 24 61 00 52 55 15 c6 79 20 10 2d 0b 82 aa 23 49 00 00 55 d5
00:aa 19 40 3c 02 38 00 00 95 35 e5 59 20 08 56 56 5c 58 04 59 20 08 0f 0d 0d 0b c2 30 20 08 82 55 55 55 61 18 20 08 0b ff 75 7f 20 10 20 08 a9 aa aa aa a4 49 20 10 70 57 55 55 24 59 20 10 0b fd
00:aa 19 78 3c 02 38 00 00 55 55 03 49 20 10 e0 7a 57 55 24 61 00 00 35 35 b5 b5 00 00 00 00 00 00 00 00 20 08 00 00 fc fc fc fc 46 62 00 00 78 78 7a 6a 44 69 e3 40 ad a9 aa 82 43 49 20 10 55 d5
00:aa 19 b0 3c 02 38 00 00 bf 2f c2 30 20 10 55 5f 5a a0 c2 30 20 10 55 aa aa 00 41 18 20 08 ff 07 3f 3f 61 20 00 00 fd fd ff 0f 41 18 00 00 ea 7f 57 37 c2 30 00 00 05 8d 8d 89 00 00 00 00 00 00
00:aa 19 e8 3c 02 38 00 00 00 00 20 08 00 00 fc fc f0 f2 20 08 00 00 eb cf 0f 3e 24 59 81 20 6a 6a e0 c0 47 82 24 59 4d 75 7f 68 4a 8b a2 28 f5 eb 80 00 6a 83 a2 28 5f ff 2a 00 6a 83 43 41 55 55
00:aa 19 20 3d 02 38 00 00 d5 3f 05 5a a2 28 d5 f5 af 0a 64 41 20 10 fd fd bf 0a 44 61 20 08 55 55 ff a0 43 49 20 08 65 6d ed 09 00 00 00 00 00 00 00 00 00 00 00 00 00 00 00 00 41 10 00 00 fc fc
00:aa 19 58 3d 02 38 00 00 fc fc 65 69 e2 38 6a 68 e8 e8 27 92 24 61 68 7a ea aa 07 8a e5 59 25 ae 88 80 07 8a 49 83 5d a1 02 00 6a 8b 05 5a 18 10 bd fd 87 6a 05 5a 95 20 e8 58 27 92 24 59 d5 ab
00:aa 19 90 3d 02 38 00 00 2a aa c6 79 24 61 50 d8 95 15 c6 79 e3 40 0d 03 03 57 24 61 00 00 55 b5 2d 0d 00 00 00 00 00 00 00 00 61 18 00 00 54 54 54 7c c6 79 e2 38 f8 f8 f8 78 07 8a 24 61 aa 2a
00:aa 19 c8 3d 02 38 00 00 2a 95 e6 81 24 59 00 00 2d 57 c6 79 46 62 02 15 d5 57 09 7b 66 62 55 55 ea 88 e8 7a 26 5a 5f ff 2a 00 85 71 87 6a a0 b0 5e 55 66 62 64 49 95 55 d5 2f 43 41 20 10 2f 25
00:aa 19 00 3e 02 38 00 00 25 25 c2 38 00 00 83 55 55 55 20 08 00 00 bf ff ff ff 20 08 00 00 cf cf c8 cb 61 20 00 00 fc de 5e 5e c8 72 e2 38 7c 58 5a 5f 06 5a 43 49 bf 97 de fc 09 7b e5 51 55 5e
00:aa 19 38 3e 02 38 00 00 7a e8 8a 93 a8 6a 7f fa f0 aa 4a 83 c8 72 80 02 2f b5 4a 83 a7 6a 28 a8 fe f5 4a 83 e8 72 f5 ab 00 60 4a 83 87 6a d5 bd ab 0a 87 6a 23 39 b5 af 02 00 e5 59 20 08 d5 bd
00:aa 19 70 3e 02 38 00 00 0b 02 23 39 00 00 55 55 d5 25 00 00 00 00 00 00 00 00 20 08 00 00 cf ff ff ff 81 20 00 00 5e 5e 5c 5c 67 62 e2 38 5f 7e e8 a8 c8 72 e5 51 7e 68 e8 a0 4a 83 c8 72 5a 70
00:aa 19 a8 3e 02 38 00 00 f8 e3 6a 8b 67 62 2a af d5 55 09 7b 87 62 bf 5f 5e 78 4a 83 67 62 d5 ff aa 00 4a 83 67 62 78 de bf 0a 6a 8b 09 7b e9 2a aa 70 4a 83 c8 72 f5 0f 0f 02 09 7b 06 5a bd 2b
00:aa 19 e0 3e 02 38 00 00 0a 00 87 62 02 39 b5 af 0a 0a c5 51 20 08 55 95 2d 0b 20 00 00 00 aa aa aa aa 00 00 00 00 00 00 00 00 00 00 00 00 00 00 00 00 c5 51 20 08 5e 58 58 58 c8 6a 05 5a 7a 6a
00:aa 19 18 3f 02 38 00 00 a0 a8 e8 7a 67 62 68 a0 82 81 e9 72 c4 51 0a 2f bf d7 29 83 26 5a 57 5e 78 e0 ab 93 a8 6a 7a e8 80 00 2d a4 4a 83 5f ff af a0 ec 9b 09 7b bd af aa 02 6a 8b e8 7a 58 d6
00:aa 19 50 3f 02 38 00 00 35 05 6a 8b 09 7b aa a7 88 c0 8b 93 29 7b f5 ff ae 8b 4a 83 67 62 b5 2d 0a 00 c8 72 84 49 fd be be 2a 46 62 20 08 55 95 25 0d 00 00 00 00 00 00 00 00 00 00 00 00 00 00
00:aa 19 88 3f 02 38 00 00 00 00 26 5a 20 08 78 78 78 78 c8 72 67 62 6e 66 76 52 c8 6a c4 51 02 0b 09 2d 09 7b c4 51 57 5e 78 70 ab 93 09 7b 7a 58 f8 f8 cb 9b cb 93 7a ea aa 9a 0c a4 ab 93 f0 f0
00:aa 19 c0 3f 02 38 00 00 f8 f4 0b ac 2d a4 56 ab a9 a9 2d a4 09 7b bd ad 29 0b ab 93 e8 72 e0 e0 70 f8 cb 9b ab 93 6d aa b6 96 cb 93 4a 83 a9 2b 0a 0a 8b 93 67 62 b5 ad 2d 2b 67 62 61 18 09 03
00:aa 19 f8 3f 02 38 00 00 02 00 23 39 00 00 55 55 95 15 00 00 00 00 00 00 00 00 00 00 00 00 00 00 00 00 26 5a 81 20 78 68 68 68 a7 6a 06 5a a0 aa aa c9 67 62 43 49 2f 2f b7 b7 09 7b 05 5a 68 68
00:aa 19 30 40 02 38 00 00 f0 e0 ab 93 09 7b f8 7a 58 5e ec 9b 6a 8b fa 6b 7f e2 0b ac cb 93 f6 fe 70 c0 0b ac 2d a4 aa a7 b5 ad 2d a4 8b 93 0d 0b 0b 0b ab 93 09 7b 5c dc 94 28 ec 9b ab 93 b5 aa
00:aa 19 68 40 02 38 00 00 a2 02 cb 9b cb 93 ab aa aa aa ab 93 09 7b 2d 09 0b 03 c8 72 06 5a bf 9d 35 2d e5 59 00 00 15 35 2d 0d 00 00 00 00 00 00 00 00 00 00 00 00 00 00 00 00 05 5a 41 18 68 78
00:aa 19 a0 40 02 38 00 00 7a 7a a8 6a c4 51 e2 ff fe 6f 46 62 a4 49 97 15 97 d7 e8 72 05 5a 60 78 f0 78 ab 93 09 7b 5e 7e 78 78 0c a4 ab 93 7c 70 60 c0 0b ac 2d a4 6a 6a 7a aa 4d b4 0b ac 5c 50
00:aa 19 d8 40 02 38 00 00 54 54 6d b4 0c 9c 0d 09 03 02 ab 93 09 7b a8 26 26 26 2d a4 ec 9b a9 69 7d ad cb 9b cb 93 aa aa fa aa cb 93 6a 8b 29 0b 0a 02 6a 8b 26 5a 2d 2d 09 0b e5 59 a2 28 09 02
00:aa 19 10 41 02 38 00 00 00 00 23 39 00 00 55 95 25 0d 00 00 00 00 00 00 00 00 00 00 00 00 00 00 00 00 e2 38 00 00 60 60 70 78 05 5a e2 38 80 ea fe 5f c4 51 43 41 3c 3e bf dc e8 72 c4 51 f8 78
00:aa 19 48 41 02 38 00 00 78 78 ec 9b 29 7b 78 78 78 78 0b ac 2d a4 7a 7a 7a 7a 0b ac ec 9b 00 a8 95 d5 0b ac cb 93 00 be ff 55 4d ac ab 93 00 a0 ff f7 ec 9b 09 7b 37 37 36 34 8d bc 2d a4 7f 57
00:aa 19 80 41 02 38 00 00 85 aa 2d a4 0c 9c bd 08 a8 aa 0c ac cb 93 fd 37 ff fd ab 93 09 7b 25 25 2d 2d c8 6a 05 5a d5 95 35 2d c4 51 41 10 29 2b 0a 02 c2 30 00 00 55 d5 35 0d 00 00 00 00 00 00
00:aa 19 b8 41 02 38 00 00 00 00 00 00 00 00 00 00 00 00 e2 38 00 00 78 70 70 70 43 39 e2 38 54 55 55 55 64 41 e2 38 a8 fa 58 5a a8 6a a4 51 78 5e 5e 56 ab 93 87 6a e0 e0 78 7a 0b ac ab 93 e0 ff
00:aa 19 f0 41 02 38 00 00 7f 55 0c 9c ab 93 03 32 b3 77 cb 93 09 7b 2e af af 95 8b 93 e8 7a 00 a8 fa 57 4d b4 09 7b f6 f4 f4 d4 8d c4 6d b4 95 95 05 05 6d b4 2d a4 55 55 15 15 2d a4 cb 93 fd bd
00:aa 19 28 42 02 38 00 00 3f 3f ab 93 29 7b 2d 2d 2d 2f 09 7b 26 5a b5 af 29 0b 26 5a 64 49 bd af 2f 2f c4 51 61 20 ad 09 0b 02 e2 30 00 00 55 55 d5 15 00 00 00 00 00 00 00 00 00 00 00 00 00 00
00:aa 19 60 42 02 38 00 00 00 00 43 41 00 00 70 60 60 60 84 49 e2 38 b5 89 82 82 84 49 23 39 5c 7f ef ef 67 62 43 41 fa 58 78 78 29 83 67 62 78 5a 7f fb 6a 8b c8 72 00 e0 5e 5f ab 93 e8 72 00 82
00:aa 19 98 42 02 38 00 00 89 ed 8b 93 e8 72 d5 57 5c 78 ab 93 c8 72 f5 ad bd 0d 2d ac c8 6a 7c 5c 5c 5c 8d c4 6d b4 15 95 55 55 6d b4 2d a4 35 05 09 03 2d a4 cb 9b 05 09 01 00 ec 9b 6a 8b bd bd
00:aa 19 d0 42 02 38 00 00 ad 2f 6a 8b c8 72 b5 b5 bd 2f 87 6a 84 49 2d 09 0b 0b 46 62 84 49 e9 ea e0 e0 c5 51 00 00 b5 25 2d 0b 20 08 00 00 ff ef eb ff 00 00 00 00 00 00 00 00 a4 49 41 18 68 60
00:aa 19 08 43 02 38 00 00 60 60 c4 51 c4 51 00 00 00 00 c5 51 43 41 df 29 a0 00 66 62 64 49 5c 5c fe d7 4a 83 87 6a 7b 7a 7a 70 09 7b c8 72 5f f2 a1 31 09 7b a7 6a 8a e0 f8 70 ec 9b 09 7b 57 78
00:aa 19 40 43 02 38 00 00 e0 e0 2d a4 4a 83 95 a5 25 25 eb a3 c8 6a 5c fc ec a8 6d b4 0c ac 00 00 40 40 6d b4 00 00 00 00 00 00 6d b4 2d a4 55 d5 95 15 2d a4 ab 93 bd 3d 3d 3f 8b 93 09 7b 3d 3f
00:aa 19 78 43 02 38 00 00 2f 2b 09 7b 05 5a ad 2f 2f 2f 67 62 c4 51 70 70 d0 dc 66 62 23 39 2d 29 2b 0b 43 39 00 00 55 d5 95 35 20 08 00 00 f3 f3 ff ff 00 00 00 00 00 00 00 00 c4 51 41 18 60 60
00:aa 19 b0 43 02 38 00 00 60 60 c4 51 c4 51 00 00 00 00 05 5a c4 51 00 00 40 4a 05 5a 84 49 97 0f 0f 07 4a 83 26 5a 60 60 60 60 4a 83 06 5a 2b 2b 2f 2d ab 93 87 6a 7a 78 78 70 6d b4 0d 9c 5f 7f
00:aa 19 e8 43 02 38 00 00 42 c0 2d a4 6a 8b 2d 2d 2b 02 ec 9b 6a 8b 5e 5e bf 2b 6d b4 ab 93 e0 60 5e 56 6d b4 00 00 00 00 00 00 6d b4 2d a4 05 09 02 00 4d a4 cc 9b a5 a9 ab 2a cb 9b 4a 83 ad 2d
00:aa 19 20 44 02 38 00 00 0f 0a 4a 83 a7 6a bd ad 2d 0d 87 6a c5 51 dc 9c b4 b6 c8 6a 05 5a 25 09 0b 0b c4 51 00 08 95 a5 25 25 00 00 00 00 00 00 00 00 00 00 00 00 00 00 00 00 c4 51 20 08 60 60
00:aa 19 58 44 02 38 00 00 60 78 c4 51 00 00 00 00 00 00 c5 51 c4 51 fe ff ff ff 05 5a a4 49 27 f7 f7 ff 4a 83 e5 59 60 60 60 6a 09 7b 06 5a 2d 25 25 27 2d a4 a7 6a 7a 78 78 78 50 e5 6d b4 7f 7b
00:aa 19 90 44 02 38 00 00 7a 70 ce d4 6d b4 55 ff 2f 0f 8d c4 cb 9b f5 bf af 2f 0b ac ab 93 77 25 0d 09 6d b4 ab 93 00 c0 70 50 6d b4 00 00 00 00 00 00 6d b4 2d a4 15 15 25 25 2d a4 cb 93 b5 b5
00:aa 19 c8 44 02 38 00 00 35 3d 6a 8b c8 72 2d 2d 2d 2d a8 6a c4 51 94 b4 b4 b6 09 7b a8 6a 8d 81 83 03 46 62 20 08 2d 2d 2d 09 00 00 00 00 00 00 00 00 00 00 00 00 00 00 00 00 43 41 00 00 60 70
00:aa 19 00 45 02 38 00 00 78 5e 64 49 43 41 28 aa fe 55 c4 51 43 41 e8 ff ff 55 c4 51 43 41 2b ff 55 55 09 7b c5 51 60 60 7a 7e 09 7b 67 62 25 a5 a5 b5 2d a4 a7 6a 78 78 78 78 70 e5 8d bc 70 70
00:aa 19 38 45 02 38 00 00 7a 7f ce d4 8e c4 05 00 b0 30 ce d4 6d b4 f5 bd 2f 03 6d b4 ec 9b 2d 0b 03 00 4d ac ab 93 5c d4 9c 97 8d c4 6d b4 d5 95 65 5d 6d b4 2d a4 25 05 02 00 2d a4 ab 93 3d 0f
00:aa 19 70 45 02 38 00 00 0b 03 ab 93 c8 72 ad 2d 2b 0b a8 6a e5 59 b5 b5 35 25 4a 83 c8 6a a9 a9 8b cb 87 6a a2 28 2d 29 0b 0b 41 18 00 00 55 55 55 15 20 08 00 00 ff f3 ff ff 00 00 00 00 00 00
00:aa 19 a8 45 02 38 00 00 00 00 41 10 00 00 f8 fc ff ff 43 41 20 10 80 ea fa 7f 43 41 e2 38 00 55 55 55 43 41 e2 38 00 54 70 70 46 62 64 41 60 70 78 5a a8 6a 67 62 55 85 05 45 2d a4 c8 72 78 78
00:aa 19 e0 45 02 38 00 00 78 78 ce d4 8d bc 60 60 60 60 ce d4 00 00 00 00 00 00 ce d4 ae cc 01 00 00 00 ae cc 6d b4 95 ad ab 0a 6d b4 ab 93 b7 b5 3d 0d 6d b4 ec 9b 00 80 40 40 6d bc 6d b4 55 15
00:aa 19 18 46 02 38 00 00 15 65 6d b4 2d a4 95 15 05 05 cb 93 4a 8b 2d 2d 29 2d 09 7b c4 51 2d 2d 2d 2d 4a 83 87 6a c2 c0 40 40 09 7b 05 5a bd 2d 2d 2d 23 41 00 00 d5 95 95 15 00 08 00 00 ff ff
00:aa 19 50 46 02 38 00 00 ff fe 20 10 00 00 fe fb fa ea 20 08 00 00 ff ff 2f 2f 00 00 00 00 00 00 00 00 81 20 00 00 70 7c 7f 55 c2 30 20 10 a0 a0 78 5e 43 41 e2 38 60 50 50 50 e5 51 63 49 5c 56
00:aa 19 88 46 02 38 00 00 56 5e a8 6a c4 51 8a aa 6a 7a 2d a4 e8 72 78 78 58 5e ce d4 6d b4 e0 f0 7c 7c ce d4 00 00 00 00 00 00 70 e5 ce d4 7f 80 80 80 70 e5 ce d4 55 05 01 00 ae cc 2c ac b5 ad
00:aa 19 c0 46 02 38 00 00 2d 29 6d b4 ab 93 60 f0 f0 b8 6d bc 6d b4 71 56 57 55 6d b4 2d a4 05 05 05 05 cb 9b 4a 83 bd 25 2d 2d 09 7b 05 5a 2d 2d 2d 2d 6a 83 e5 51 c0 c0 40 40 4a 83 06 5a ad 2d
00:aa 19 f8 46 02 38 00 00 2d 2d 84 49 00 00 35 35 25 25 20 08 00 00 ff ff ff fc 20 08 00 00 ff ff ff 00 20 08 00 00 ff ff fc 03 20 08 00 00 ff ff 3f ff 20 08 00 00 e3 cf bf ff 20 10 00 00 fe ea
00:aa 19 30 47 02 38 00 00 fe fe 20 10 00 00 aa af af bf 20 08 00 00 2f fb e3 8f 00 00 00 00 00 00 00 00 00 00 00 00 00 00 00 00 81 20 00 00 70 78 7c 7c 43 41 c2 30 f0 f0 7c 5f c4 51 03 39 80 e0
00:aa 19 68 47 02 38 00 00 fa 5f 67 62 43 41 e8 f8 7a 5f cb 93 26 5a f8 f8 78 5e ce d4 ec 9b e8 e8 7a 57 ce d4 2c ac 00 00 aa 55 d2 ed ce cc a0 a0 68 55 d2 ed 0f dd 2f 03 03 55 ef dc 6d b4 2d 2d
00:aa 19 a0 47 02 38 00 00 25 95 4d ac 8a 8b b0 bc ae d5 6d b4 ec 9b 00 00 00 55 4d ac ab 93 02 08 aa fd ec 9b 09 7b 2b 2b 2f f5 09 7b 06 5a 29 29 29 bd 4a 83 c4 51 40 60 70 7a 4a 83 05 5a 2d 2d
00:aa 19 d8 47 02 38 00 00 ad f5 84 49 20 08 25 25 25 25 20 08 00 00 cf ff ff ff 00 00 00 00 00 00 00 00 00 00 00 00 00 00 00 00 00 00 00 00 00 00 00 00 00 00 00 00 00 00 00 00 00 00 00 00 00 00
00:aa 19 10 48 02 38 00 00 00 00 00 00 00 00 00 00 00 00 00 00 00 00 00 00 00 00 00 00 00 00 00 00 00 00 00 00 00 00 00 00 00 00 00 00 00 00 00 00 00 00 00 00 00 00 00 00 00 00 00 00 00 00 00 00
00:aa 19 48 48 02 38 00 00 00 00 00 00 00 00 00 00 08 00 00 00 00 00 00 00 f8 00 00 00 00 00 00 0f e0 00 00 00 00 00 01 ff 00 00 00 00 00 00 1f f0 00 00 00 00 00 01 ff 00 00 00 00 00 00 3f f0 00
00:aa 19 80 48 02 38 00 00 00 00 00 00 03 ff 80 00 00 00 00 00 3f f8 00 00 00 00 00 03 ff c0 00 00 00 00 00 3f ff 00 00 00 00 00 03 ff f0 00 00 00 00 00 3f ff 80 00 00 00 00 03 ff 78 00 00 00 00
00:aa 19 b8 48 02 38 00 00 00 2f 7b c0 00 00 00 00 03 ef fe 00 00 00 00 00 3f fd f0 00 00 00 00 03 ff bb 00 00 00 00 00 3f fb b8 00 00 00 00 03 ff 83 80 00 00 00 00 3f fc 38 00 00 00 00 03 ff e3
00:aa 19 f0 48 02 38 00 00 80 00 00 00 00 3f ff 3c 00 00 00 00 01 ff e3 c0 00 00 00 00 0f fe 34 00 00 00 00 00 00 00 00 00 00 20 08 00 00 ff ff ff 3f 00 00 00 00 00 00 00 00 00 00 00 00 00 00 00
00:aa 19 28 49 02 38 00 00 00 20 08 00 00 3f 8f c8 fe 20 08 00 00 ff ff ff b0 41 10 00 00 bf ff ff 80 41 10 00 00 ff ff ff 0b 00 08 00 00 ff ff ff bf 00 00 00 00 00 00 00 00 00 00 00 00 00 00 00
00:aa 19 60 49 02 38 00 00 00 20 08 00 00 23 f8 fe ff 20 08 00 00 ff bf 0f f2 00 00 00 00 00 00 00 00 24 59 20 08 ea e0 78 5e 85 71 c2 38 f5 a0 a8 68 e6 81 81 20 55 bd 00 00 a6 79 20 08 55 55 af
00:aa 19 98 49 02 38 00 00 02 a5 79 20 08 55 55 ff 00 a5 79 20 08 55 55 f5 2b 20 08 00 00 fc fe bf 2f 20 08 00 00 bf 2f cf ef 20 08 00 00 ff ff ff fc 24 59 20 08 5e 60 80 80 c6 79 24 61 54 54 54
00:aa 19 d0 49 02 38 00 00 54 27 92 a5 71 c2 b2 fa d5 e6 81 a2 28 02 00 0a d5 c6 79 24 61 00 00 55 55 c6 79 24 61 01 00 fc 55 a5 71 20 10 95 2d 0a 02 41 10 00 00 fb ff 3f 2f 03 39 00 00 57 57 56
00:aa 19 08 4a 02 38 00 00 54 24 59 41 18 80 89 0d 0d 24 61 20 08 00 ff 5d 55 03 51 20 08 2b f5 55 55 41 18 20 08 ff 54 5f ff 06 7a 20 10 60 7a 55 55 24 61 20 08 00 0b fd 75 24 61 20 08 80 fa 5e
00:aa 19 40 4a 02 38 00 00 55 43 49 00 00 35 35 25 25 20 08 00 00 eb cf 0f 3f a4 49 20 08 54 5c 58 5a 44 59 61 20 09 03 02 00 e2 40 20 10 55 55 d5 25 61 18 20 08 5f ff fc e0 81 20 20 10 55 55 aa
00:aa 19 78 4a 02 38 00 00 00 81 20 20 10 5b 54 25 09 41 18 20 08 f7 87 f5 fd 20 10 00 00 af aa fe ff c2 30 00 00 0d 89 c9 c9 00 00 00 00 00 00 00 00 23 41 00 00 70 78 7a 60 06 5a 44 59 65 41 55
00:aa 19 b0 4a 02 38 00 00 59 6a 8b 81 28 d5 f5 ea 80 87 6a a2 28 55 5f aa 00 a4 49 c2 30 55 bf aa 08 a4 49 a2 28 55 d5 ad 0a c2 30 20 10 55 bd aa 00 03 41 20 08 55 55 55 a8 c2 30 20 08 49 49 41
00:aa 19 e8 4a 02 38 00 00 01 20 08 00 00 ff fb f2 fc 20 08 00 00 ff ff ff e0 24 59 20 10 78 70 70 60 e6 81 24 61 5e 58 7c 54 88 92 85 71 0a f5 fd ff 6a 8b e6 81 8a ce 56 55 0d 9c 46 62 97 dc 9f
00:aa 19 20 4b 02 38 00 00 55 67 62 c5 51 b5 0b a0 f8 c6 79 43 49 55 03 00 00 07 92 24 61 5e 58 d7 d5 c6 79 61 20 ad 02 82 aa 03 59 20 08 55 d5 35 0d 20 08 00 00 00 30 f0 f0 24 59 20 10 60 60 60
00:aa 19 58 4b 02 38 00 00 60 c6 79 44 69 40 c0 00 05 c6 79 24 61 00 00 05 55 c6 79 06 5a 00 2d d7 5f c8 72 06 5a 55 7e e0 00 e8 7a 05 5a 57 ff 00 00 c8 6a 44 61 f5 ad 2a 00 a8 6a 64 59 95 55 fd
00:aa 19 90 4b 02 38 00 00 2b 64 49 20 10 2a 2d 0d 02 03 41 20 08 03 7d 55 d5 20 08 00 00 ff bf 3f b3 20 08 00 00 f0 f0 f2 f3 43 49 20 10 60 68 68 68 05 5a 43 49 3f 15 9f 68 e8 72 44 51 5e 78 e8
00:aa 19 c8 4b 02 38 00 00 a0 4a 83 c8 72 5f f0 e0 80 4a 83 09 7b 5f 60 00 0b 6a 8b 09 7b 5d aa ff c2 4a 83 e8 7a d5 0f 00 00 4a 83 a7 6a f5 bf ab 0a c8 72 26 5a 55 3f 02 00 46 62 81 20 b5 ab 0a
00:aa 19 00 4c 02 38 00 00 00 64 41 20 08 55 d5 2d 02 20 08 00 00 ff ff 3f 3f 00 00 00 00 00 00 00 00 41 10 00 00 ff ff ef fc 05 5a 41 18 7e 78 e0 a0 c8 72 a4 49 7e f8 a0 a0 4a 83 c8 72 5e f0 e0
00:aa 19 38 4c 02 38 00 00 e2 4a 83 a7 6a 00 0a af f5 29 83 c8 6a a2 b5 55 55 29 7b 87 6a 80 ff f5 bd 6a 8b a7 6a 80 e0 50 5c 8b 93 4a 83 b5 0d 89 c9 6a 8b 09 7b d7 97 88 82 4a 83 87 6a f5 ad 2b
00:aa 19 70 4c 02 38 00 00 02 e8 72 a4 49 fd ff af 2b 05 5a 41 10 95 2d 02 00 e2 30 00 00 55 55 d5 35 84 49 00 08 57 5e 5c 58 a8 6a e5 59 5e 78 68 60 e8 7a c8 6a ec fc f0 cf 09 7b 05 5a 02 2f bd
00:aa 19 a8 4c 02 38 00 00 d5 e8 7a 26 5a bf df 5e 78 6a 8b c8 72 5f 7f f8 c0 ab 93 e8 7a 55 ff aa 00 6a 8b c8 72 56 d6 2f 0f 6a 8b 09 7b 02 a2 62 58 cb 93 4a 8b 59 78 a8 80 cb 9b 4a 83 55 ad 0a
00:aa 19 e0 4c 02 38 00 00 28 cb 93 c8 72 f5 ad 2b 0a 4a 83 06 5a 57 d7 b5 2d 66 62 20 08 35 0d 0b 02 20 10 00 00 ff ff ff bf c5 51 20 08 58 58 58 78 87 6a 46 62 60 a2 a2 48 c8 72 a4 49 02 0b 2d
00:aa 19 18 4d 02 38 00 00 b5 a8 6a c4 51 d7 5e 5c 78 6a 8b 67 62 7e c0 a0 80 ec 9b 6a 8b 7a 6b 7f e2 0b ac cb 93 f5 fe f0 c0 eb a3 6a 83 f5 3d 09 0b ec 9b e8 7a 5e 5c 5c dc 2d a4 cb 93 7f ff 80
00:aa 19 50 4d 02 38 00 00 00 cb 9b 6a 8b 01 02 00 00 cb 93 67 62 a5 ad 2b 0b 46 62 e5 51 81 e2 bf 33 05 5a 00 08 d5 95 35 2d 05 5a 20 10 78 78 78 7a 26 5a 43 49 3f 3f 9c dc 6a 8b 05 5a 7a 78 e8
00:aa 19 88 4d 02 38 00 00 e0 ab 93 6a 8b 6a aa ac 68 0c a4 cb 93 7c 70 e0 c0 0c ac ab 93 0d 03 03 03 cb 93 09 7b 9c 3c 3e 27 2d a4 0d 9c aa ea ca ea 2d a4 ec 9b a9 69 bd ad cb 93 09 7b 09 0b 03
00:aa 19 c0 4d 02 38 00 00 03 29 7b 06 5a d5 95 b5 25 05 5a 61 20 0d 09 03 02 a2 28 00 00 55 55 d5 15 43 41 00 00 60 68 60 68 05 5a 84 49 c0 43 e3 7d 67 62 84 49 5c 5c 5c 5c 4a 83 c8 6a 78 70 78
00:aa 19 f8 4d 02 38 00 00 78 ec 9b 4a 83 58 58 78 58 0b ac 0d 9c 00 a8 9f df 0b ac ec 9b 02 96 75 d5 cb 9b 09 7b 27 2d 2d 0d 2d a4 ab 93 40 40 40 40 2d a4 ec 9b 05 8d 8e 2a 2d a4 ec 9b bd 55 aa
00:aa 19 30 4e 02 38 00 00 aa cb 9b ab 93 a9 a6 a9 a9 6a 8b 05 5a 2d 29 2b 2b 26 5a 05 5a ff ff ff 3f 84 49 00 00 35 2d 0b 02 20 08 00 00 ff ff ff 0f e2 38 00 00 78 70 78 78 84 49 e2 38 8a 79 7d
00:aa 19 68 4e 02 38 00 00 55 67 62 02 39 f8 78 78 78 4a 83 87 6a f8 78 f8 78 2d a4 4a 83 5e 7f e8 e8 0c ac eb 9b 72 5d af 00 0c ac 0c a4 d5 c6 cc 40 6d b4 0d 9c fd 89 03 03 ec 9b e8 7a ad 2d 2f
00:aa 19 a0 4e 02 38 00 00 2d 6d b4 6a 8b 60 60 60 60 6d b4 2d a4 15 25 0d 01 6d b4 2d a4 55 55 95 15 8b 93 c8 72 3d 3d ad bf a8 6a 05 5a 95 bd 2d 0a 05 5a 23 39 29 2b 0a 0a 43 41 00 00 b5 2d 0b
00:aa 19 d8 4e 02 38 00 00 0a 20 08 00 00 ff ff ff 3f e2 38 00 00 78 58 58 58 e2 38 00 00 00 00 00 00 06 5a 02 39 70 78 78 78 8a 8b 67 62 78 78 78 70 2d a4 ab 93 72 72 f2 e0 0b ac 00 00 00 00 00
00:aa 19 10 4f 02 38 00 00 00 6d b4 eb a3 fc fc fe d5 6d b4 0b ac 00 00 02 59 0c 9c 09 7b 2d 2d 05 2d 6d b4 6a 8b 60 60 60 e0 8d bc 2d a4 a9 2a ab aa 2d a4 ec 9b a5 ad a9 a9 ab 93 6a 8b 95 19 1b
00:aa 19 48 4f 02 38 00 00 ba 4a 83 c8 72 d5 35 bd 8f c4 51 e2 38 3d 2b 00 00 43 39 00 08 d5 95 35 25 43 41 20 08 58 58 58 58 43 41 e2 38 15 05 03 00 26 5a e2 38 7c 7e 7e fe 8a 8b 67 62 70 78 78
00:aa 19 80 4f 02 38 00 00 5a 2d a4 cb 93 c0 c2 fa 7f 0b ac cb 9b 00 00 0a b5 0b ac ab 93 3f bf f5 55 0c 9c 6a 8b aa ae f8 6b ec 9b 09 7b 2d 0d 2f ad 6d b4 4a 83 e0 e0 68 68 6d bc 6d b4 55 55 55
00:aa 19 b8 4f 02 38 00 00 59 6d b4 2d a4 55 d5 95 15 2d a4 ab 93 5d dd 3d 3f 8b 93 09 7b fd 37 2f 2b e5 51 43 49 a8 bc 3c 26 e5 59 41 10 25 2d 0b 0b 20 10 00 00 ff ff ff bf 43 41 00 00 78 70 78
00:aa 19 f0 4f 02 38 00 00 78 43 49 43 41 55 55 40 40 a4 51 43 41 5c 56 d6 fe c8 72 c4 51 70 78 7e fe cb 93 c8 72 80 e0 7a 5a cb 9b 09 7b 00 02 ab ad 6a 8b c8 72 00 2b f7 57 8b 93 e8 7a 00 ea 5f
00:aa 19 28 50 02 38 00 00 55 8b 93 09 7b 0f a5 f5 55 2d a4 4a 83 60 e0 f0 60 6d b4 2d a4 08 00 c3 40 66 62 43 49 b7 3f 2f 2f 46 62 84 49 ad 09 0b 0b 43 41 00 08 d5 95 35 35 23 39 20 08 50 50 50
00:aa 19 60 50 02 38 00 00 50 c4 51 43 49 55 6a 00 00 c4 51 43 41 de f7 36 27 c8 6a c4 51 ef 6b 6b c2 29 7b 05 5a 78 78 5a 7f 6a 8b c8 6a 09 ad d5 57 2d a4 e8 7a 57 7f 78 e0 ec 9b c8 72 d5 b5 2d
00:aa 19 98 50 02 38 00 00 2d 09 7b a7 6a fc dc fc fe 0c 9c 4a 83 68 60 78 78 6d b4 2d a4 40 60 60 e0 6d b4 6d b4 00 00 00 00 66 62 64 49 3d 2d 2b 2f a8 6a 05 5a e9 4b 42 40 c5 51 20 08 35 25 0d
00:aa 19 d0 50 02 38 00 00 09 43 41 20 08 70 58 58 5e 64 49 43 41 28 aa fe 55 84 49 43 41 04 96 af 55 c8 6a a4 49 c0 c0 40 40 87 6a 26 5a ea ca d2 9e 4a 83 67 62 7e 78 f8 e0 6d b4 6a 8b 70 70 e0
00:aa 19 08 51 02 38 00 00 e0 4d ac 4a 83 35 35 25 2f 6a 8b c8 72 d7 bf af 2f ec 9b 09 7b f8 f8 78 7a 6d b4 2d a4 60 60 60 50 8d bc 6d b4 54 55 55 55 8d bc 6d b4 55 15 45 59 a8 6a c4 51 b5 bf 2f
00:aa 19 40 51 02 38 00 00 2f c8 72 c4 51 c0 40 40 40 67 62 a2 28 0d 09 0b 0b a2 30 00 00 5c 56 57 55 43 41 81 20 00 aa 6a 7a 43 41 e2 38 00 57 55 55 c8 6a a4 51 40 40 40 60 46 62 e5 51 3e 3e 36
00:aa 19 78 51 02 38 00 00 16 2d a4 c8 72 7e 78 78 68 ae cc 2d a4 7f ef ab 82 4d ac ab 93 b5 ad 29 02 ab 93 6a 8b d5 b5 2d 2a ab 93 09 7b 78 7c 5e b7 6d b4 ec 9b 78 78 78 7c 6d b4 00 00 00 00 00
00:aa 19 b0 51 02 38 00 00 00 6d bc 6d b4 59 55 55 55 6d bc 6d b4 55 d5 15 65 09 7b c4 51 2d 2d 2d 2f 29 7b c4 51 60 60 60 70 09 7b 05 5a bd 2d 2d 2d 23 41 00 00 d5 95 95 35 e2 38 00 00 78 7e 5e
00:aa 19 e8 51 02 38 00 00 55 c2 30 20 10 00 00 a8 9e c8 6a 43 49 e0 60 7a 7a 87 6a 84 49 94 9c 9c 9c 4d ac 4a 83 70 78 78 78 70 e5 8d c4 c9 c9 c9 c9 ce d4 2d a4 a9 a2 e8 88 4d ac ab 93 f5 bf 2b
00:aa 19 20 52 02 38 00 00 0a ec 9b 4a 83 d5 b5 2d 09 6d b4 4a 83 e8 68 78 78 8d c4 6d b4 95 55 75 71 6d b4 00 00 00 00 00 00 09 7b 05 5a 2d 2d 2d 2d 4a 83 c4 51 70 50 50 58 4a 83 06 5a ad 2d 2d
00:aa 19 58 52 02 38 00 00 2d 84 49 20 08 35 35 25 25 61 20 00 00 70 78 7e 7f 67 62 e2 38 60 70 7a 5e 87 6a c5 51 bc de ff 57 4d ac e8 72 78 78 78 5e 70 e5 0d a4 8b 8b ef 75 0f dd 4d ac c2 e2 7a
00:aa 19 90 52 02 38 00 00 5f ae cc 2d a4 b5 35 25 f5 2d a4 6a 83 2b 2b 2b f5 2d a4 09 7b f0 f8 f8 57 6d b4 ec 9b 00 00 80 57 6d b4 ec 9b 00 00 0f 55 09 7b 06 5a 2b 2b 2b bd 4a 83 c5 51 58 58 5c
00:aa 19 c8 52 02 38 00 00 56 84 49 20 08 25 25 25 25 00 00 00 00 00 00 00 00 00 00 00 00 00 00 00 00 00 00 00 00 00 00 00 00 00 00 00 00 00 00 00 00 00 00 00 00 00 00 00 00 00 00 00 00 00 00 00
00:aa 19 00 53 02 38 00 00 00 00 00 00 00 00 00 00 00 00 00 00 00 00 00 00 00 00 00 00 00 00 00 00 00 00 00 00 00 00 00 00 00 00 00 00 00 00 0c 00 00 00 00 00 00 00 fe 00 00 00 00 00 00 1f f0 00
00:aa 19 38 53 02 38 00 00 00 00 00 00 01 ff 00 00 00 00 00 00 1f f0 00 00 00 00 00 01 ff 00 00 00 00 00 00 1f f8 00 00 00 00 00 01 ff 80 00 00 00 00 00 1f fe 00 00 00 00 00 03 ff f0 00 00 00 00
00:aa 19 70 53 02 38 00 00 00 7f ff 80 00 00 00 00 07 ff f8 00 00 00 00 00 7f ff c0 00 00 00 00 07 ef fe 00 00 00 00 00 7f ff e0 00 00 00 00 07 ef ff 00 00 00 00 00 7e ff f0 00 00 00 00 07 ff ff
00:aa 19 a8 53 02 38 00 00 80 00 00 00 00 7f ff f8 00 00 00 00 07 ff ff c0 00 00 00 00 3f fb fc 00 00 00 00 03 ff df c0 00 00 00 00 1f fd fc 00 00 20 08 00 00 3f 3f 3f 3f 20 08 00 00 ff ff ff fe
00:aa 19 e0 53 02 38 00 00 20 08 00 00 3f 3f 2f 8b 00 00 00 00 00 00 00 00 20 08 00 00 f0 fe ff ff 20 08 00 00 ff c0 ff ff 20 08 00 00 ff 00 ff ff 20 08 00 00 ff 0f c2 fe 20 08 00 00 fc fe bf 2f
00:aa 19 18 54 02 38 00 00 21 10 00 00 ff ff ff f8 c2 30 20 08 55 55 55 80 a2 30 20 08 55 55 55 3d 20 08 00 00 ff ff ff aa 20 08 00 00 ff ff ff a0 61 18 00 00 55 55 55 00 20 08 00 00 ff ff ff 0a
00:aa 19 50 54 02 38 00 00 20 08 00 00 c0 fc fe ff 20 08 00 00 c3 8f 8f cf 23 59 00 00 78 70 7a 57 c6 79 e3 48 f0 f8 7c 7c 07 8a 24 59 95 a0 aa a2 e8 7a c2 30 55 a2 82 8b a6 79 81 20 5e 00 0a aa
00:aa 19 88 54 02 38 00 00 c6 79 24 59 55 80 54 55 c6 79 20 10 f5 2b 02 aa 04 59 20 08 55 55 95 25 20 10 00 00 ff fb fb fb 24 59 20 08 5e 58 58 58 c6 79 61 20 a8 a8 aa f5 c6 81 61 18 00 02 bd 55
00:aa 19 c0 54 02 38 00 00 c5 69 20 10 2f d5 55 55 24 61 20 08 a0 78 57 55 c6 79 20 10 aa 2a ff 55 03 51 41 10 00 be 55 55 24 61 20 08 2d 0d ed 79 20 10 00 00 ff ff bf bf 24 59 00 00 78 78 70 60
00:aa 19 f8 54 02 38 00 00 23 41 20 08 95 95 95 35 20 10 00 00 bb ff fe aa 61 20 20 08 ff 7f ff fc 61 18 20 08 ff ff ff 03 20 10 00 00 ae bf af aa 20 10 00 00 aa fa ff bf c2 30 20 08 52 58 5c 5c
00:aa 19 30 55 02 38 00 00 41 10 00 00 bf bf bf 3f 24 59 20 10 60 60 78 78 24 61 41 10 b5 2d 0b 02 03 39 20 10 55 5f fe 20 63 41 41 18 5f ff fa 00 43 41 81 20 55 7d a3 00 43 41 41 10 55 ff af 02
00:aa 19 68 55 02 38 00 00 23 49 20 08 55 d5 ff a8 44 61 20 08 57 57 ff 02 03 41 20 08 d5 95 95 35 20 08 00 00 3c f2 ff ff 43 49 20 10 68 68 60 60 07 8a 24 61 56 5c 62 6d c8 72 64 59 0a 00 fe 57
00:aa 19 a0 55 02 38 00 00 e8 72 84 49 ad 83 bb ff 26 62 a4 49 55 0a 8a 0a 05 5a a4 49 55 00 00 00 85 71 23 51 5f fe 3f b3 c6 79 e3 48 00 00 ff fd 44 61 20 08 2d 0b 00 aa 43 49 20 08 55 55 95 35
00:aa 19 d8 55 02 38 00 00 43 49 20 10 60 68 60 60 67 62 43 49 fd 5f de 68 c8 72 64 51 5e f8 a0 80 29 7b 67 62 55 bf aa 00 4a 83 67 62 55 ff aa 02 09 7b 67 62 55 fd 2a 00 c8 6a 44 59 f5 af 02 00
00:aa 19 10 56 02 38 00 00 67 62 43 49 d5 bd ab 0a c4 51 61 18 d5 95 2d 02 23 39 20 08 d5 55 d5 35 20 08 00 00 3f 8f e0 ff 20 08 00 00 ff ff 3f 3f 43 41 20 08 55 57 58 70 67 62 23 41 5e 7a e0 80
00:aa 19 48 56 02 38 00 00 09 7b 46 62 57 7a ea a0 4a 83 c8 72 5e f0 e0 e2 4a 83 c8 72 00 2b bd 75 4a 83 87 6a a0 80 a0 7f 4a 83 09 7b 9d 00 00 c0 4a 83 e8 7a 95 fd 03 0b 09 7b 87 6a d5 bd bf 02
00:aa 19 80 56 02 38 00 00 c8 72 e5 51 d5 af 2a 02 46 62 e2 30 b5 af 2a 0a e5 59 00 08 55 d5 2d 03 20 08 00 00 83 fc ff 3f 20 08 00 00 ff bf 3f 8b 81 20 00 00 55 55 55 54 87 6a 81 20 7a 7a e8 e0
00:aa 19 b8 56 02 38 00 00 09 7b 67 62 5a 7e f7 b8 4a 83 c8 72 7a 60 ab f5 09 7b 67 62 03 25 95 57 09 7b 87 6a fd 55 f7 a2 09 7b 67 62 ea f5 2d 0a 6a 8b c8 6a e0 60 70 58 8b 93 4a 83 35 25 d5 b5
00:aa 19 f0 56 02 38 00 00 6a 8b 09 7b 7d aa e2 98 8b 93 09 7b 55 f5 ab 02 4a 83 46 62 f5 bd 2b 02 87 6a a5 49 fd fe be 2f 67 62 20 08 d5 b5 2d 0b 20 08 00 00 e2 f8 fc 3f 20 08 00 00 ff ff ff 3f
00:aa 19 28 57 02 38 00 00 43 39 00 00 56 54 5c 5c c8 72 84 49 78 70 f0 e0 e8 7a 67 62 b0 0a 09 35 e8 7a e5 51 0b 3d d7 57 09 7b 26 5a 7e 7e f8 e0 6a 8b 09 7b 56 62 50 80 ab 93 09 7b fd ab 82 80
00:aa 19 60 57 02 38 00 00 6a 8b c8 6a de b7 b5 2f cb 93 09 7b ee 7a 50 50 0c 9c 6a 8b f7 fe aa 82 ec 9b ab 93 eb a7 1d 09 ab 93 4a 83 ad 2d 29 0a 09 7b 26 5a 25 2d 0d 09 26 62 84 49 09 8a aa aa
00:aa 19 98 57 02 38 00 00 84 49 00 00 d5 95 35 35 20 08 00 00 af cf e3 fb 23 39 00 00 5c 5c 5c 5c a8 6a e5 51 60 60 70 7a c8 6a a4 51 2d 25 b5 d5 c8 72 e5 51 5e 5c 78 60 6a 8b 09 7b 58 60 60 80
00:aa 19 d0 57 02 38 00 00 ab 93 6a 8b ea aa a0 60 0c a4 ab 93 7d 70 e0 c0 cb 9b 09 7b b5 2d 0b 0b 2d a4 09 7b 58 58 58 de 2d a4 0d 9c a9 ab ab 8b ec 9b ab 93 29 a9 2b 2a cb 93 8b 93 ff ff ea 38
00:aa 19 08 58 02 38 00 00 ab 93 87 6a 2d 2b 0b 0a a8 6a c4 51 ff bf b5 3d c4 51 20 08 25 0d 09 03 20 08 00 00 fc fe ff 3f 20 08 00 00 ff bf 3f ff e2 38 00 00 58 58 58 58 46 62 84 49 60 62 7b 5d
00:aa 19 40 58 02 38 00 00 66 62 64 49 de 5e d8 5c 4a 83 66 62 78 78 e0 e0 8b 93 6a 8b 6a aa ea 6a ec 9b ab 93 6e 6a aa a8 2d a4 8b 93 ad ad ab 0b ab 93 09 7b d4 f6 f7 b7 2d a4 ec 9b aa 4a 4a 6a
00:aa 19 78 58 02 38 00 00 0d 9c cb 9b ff ff fe 0b 2d a4 ab 93 d5 ff fb f0 cb 93 4a 8b ad 0d a9 a9 4a 83 05 5a b5 ad 2d 2f 05 5a 63 41 a9 a2 82 0a c4 51 20 10 d5 b5 2d 2b 21 10 00 00 ff fb fe 3f
00:aa 19 b0 58 02 38 00 00 20 08 00 00 ff ff ff 0f c2 30 00 00 5c 5c 5c 56 a4 49 e2 38 a2 6a 5d 55 66 62 03 39 f8 78 78 78 4a 83 a7 6a e0 e0 f0 78 ab 93 6a 8b 7a 5a 58 58 2d a4 ab 93 f7 da 7c 78
00:aa 19 e8 58 02 38 00 00 0c ac eb 9b 72 5d aa 00 0c a4 cb 93 03 03 01 09 6a 8b e8 7a 26 26 26 26 2d a4 cb 93 40 c0 80 00 2d a4 ec 9b a9 aa aa 2a 2d 9c cb 9b fb ff 3f 0f ab 93 6a 8b 25 29 29 29
00:aa 19 20 59 02 38 00 00 4a 83 87 62 2d 2f 2f 2b c8 6a c4 51 f5 bd ad 2b e5 59 43 41 a5 ad ad 2b 43 41 00 08 95 ad 2b 02 81 20 00 00 75 5d d7 35 81 20 00 00 54 54 55 55 e2 38 a2 28 c0 c0 cc cc
00:aa 19 58 59 02 38 00 00 67 62 e2 38 f8 78 78 78 4a 83 a7 6a 78 78 78 78 0c 9c 6a 8b 5f 7e 78 e0 2d a4 ab 93 72 72 b2 a0 0b ac cb 93 09 09 01 2a 6a 8b 09 7b 37 37 37 34 6d b4 2d a4 40 40 40 40
00:aa 19 90 59 02 38 00 00 6d b4 2d a4 15 35 31 31 2d a4 ec 9b a5 ad ab aa ec 9b 6a 8b fd bd af 2b 6a 8b 09 7b b5 ad 29 2a 09 7b 26 5a ad af 2b 0b 46 62 84 49 bd af 2f 0b 64 49 43 39 bf bf be 38
00:aa 19 c8 59 02 38 00 00 43 41 00 00 b5 35 0d 0b 20 08 00 00 3f cf eb e3 81 20 00 00 57 56 54 54 e2 38 a2 30 40 40 00 00 e5 59 23 39 d8 f8 78 5c 6a 8b 67 62 78 78 78 78 2d a4 cb 9b 50 50 50 50
00:aa 19 00 5a 02 38 00 00 2d a4 cb 9b 82 82 9e 25 6d b4 ab 93 8f 8b ff 55 ab 93 09 7b b6 36 36 b6 6d b4 0d 9c c0 40 70 70 6d b4 2d a4 33 33 24 04 4d ac 2d a4 55 15 15 15 2d a4 ab 93 3d 3d 2f 0f
00:aa 19 38 5a 02 38 00 00 cb 93 4a 83 b5 b5 ad 2b 4a 83 c8 72 f5 bd 3d 2d a8 6a c4 51 ad af 2b 2b a4 51 43 41 dc 9c 1e 3e c5 51 81 20 0d 2b 0a 02 03 39 20 08 55 d5 d5 35 81 20 00 00 54 54 54 54
00:aa 19 70 5a 02 38 00 00 43 41 e2 38 c5 82 00 00 e5 51 e2 38 7c 5c fa fe 6a 8b 67 62 78 78 5c 5e 2d a4 8b 93 72 72 7a 7f 0c a4 cb 93 0b 03 0b ff cb 93 6a 8b 00 02 ab b6 ab 93 6a 8b 3b ea aa aa
00:aa 19 a8 5a 02 38 00 00 6a 8b 09 7b 34 a6 3f 95 2d a4 ab 93 40 40 40 70 6d b4 4d a4 0f 00 01 01 6d b4 2d a4 1d 1d c5 41 2d a4 ec 9b ad a9 2a 0a 0c 9c 6a 8b bd bf 2a 0a ab 93 09 7b f5 bd 2d 2f
00:aa 19 e0 5a 02 38 00 00 09 7b 05 5a bd af 2b 2b 26 5a 43 49 b7 b7 b7 37 46 62 c4 51 a9 09 01 82 e5 51 20 10 b5 ad 2d 2b 20 08 00 00 3f ea ca 8f 81 20 00 00 54 54 54 54 43 41 23 39 62 62 62 6a
00:aa 19 18 5b 02 38 00 00 a4 49 03 39 ba be fe dc e8 7a a4 49 78 7a 7e 5e ab 93 09 7b e0 78 78 5e ab 93 e8 72 00 02 0b 2d 6a 8b c8 72 08 a8 d7 57 6a 8b 09 7b 00 20 e2 55 6a 8b c8 72 b6 26 fe d7
00:aa 19 50 5b 02 38 00 00 2d a4 6a 8b 70 70 78 78 6d b4 2d a4 80 80 40 40 6d b4 2d a4 40 e0 a0 00 6d b4 2d a4 25 25 11 23 2d a4 cb 9b 05 01 00 00 cb 9b 29 7b 29 2b 0b 0b 4a 83 a7 6a bd ad 2f 2f
00:aa 19 88 5b 02 38 00 00 46 62 64 49 27 2f 2f 2d a7 6a 06 5a b9 ab 4a 42 05 5a 23 39 ad 2d 2d 0d c2 30 20 08 55 95 95 35 41 18 00 00 54 55 55 55 43 41 c2 30 80 c0 40 40 84 49 03 39 98 9a ba ff
00:aa 19 c0 5b 02 38 00 00 67 62 e5 51 7f 7f 7f 41 e9 7a 26 5a e0 e8 5e 5e 09 7b 67 62 09 25 3f f6 ab 93 67 62 7f fa e2 80 8a 8b c8 72 55 55 d5 35 29 7b 87 6a d4 5c 5c fe 2d a4 4a 83 7c 7c 7c 5c
00:aa 19 f8 5b 02 38 00 00 6d b4 2d a4 60 70 70 70 6d b4 00 00 00 00 00 00 6d b4 4d ac 01 00 00 00 6d b4 2d a4 d5 55 35 05 ec 9b 6a 8b ad ad 2d 2b 4a 83 c8 72 2d 2d 2d 2d 87 6a 84 49 35 3d 2d 2d
00:aa 19 30 5c 02 38 00 00 c8 6a c4 51 80 80 c0 40 67 62 43 41 2d 2d 0f 0b e2 38 00 00 35 35 25 25 00 00 00 00 00 00 00 00 03 39 00 00 c0 e0 68 7a 43 41 e2 38 00 55 55 55 a7 6a e5 51 79 7b 7a 72
00:aa 19 68 5c 02 38 00 00 67 62 c4 51 60 e8 ef ef 29 7b 67 62 5c 58 58 78 6d b4 6a 8b 62 60 60 e0 ec 9b 09 7b 35 35 3f 2f 4a 83 c8 72 57 d7 b5 25 ec 9b e8 72 e8 e8 78 7a 6d b4 2d a4 70 70 70 50
00:aa 19 a0 5c 02 38 00 00 6d b4 4d ac 04 00 00 04 6d b4 4d ac 06 00 00 00 2d a4 ab 93 2d 0b 03 01 8b 93 09 7b bd 2d 2d 2d c8 72 a4 49 2d 2d 2d 2d 09 7b c4 51 6a 6a 62 60 c8 72 e5 51 2d 0d 0b 0b
00:aa 19 d8 5c 02 38 00 00 43 41 20 08 25 25 25 25 00 00 00 00 00 00 00 00 41 10 00 00 f0 fc fe ff c2 30 20 08 00 a8 a8 5a a8 6a 84 49 72 72 72 7a 46 62 c5 51 ff d7 57 54 ec 9b 87 6a 7e 7a 78 78
00:aa 19 10 5d 02 38 00 00 6d b4 ec 9b 60 c0 00 00 2d a4 6a 8b b5 2d 0b 03 8b 93 29 7b f5 fd ab 0a ab 93 09 7b 58 58 dc fe 6d b4 ec 9b f0 f0 70 50 6d b4 4d ac 00 00 04 00 8d c4 6d b4 95 55 75 51
00:aa 19 48 5d 02 38 00 00 6d b4 0c 9c 2d 3d 3d 3d cb 93 09 7b ad bd bd 2d e8 72 06 5a 25 2d 2d 2d 4a 83 c4 51 62 60 60 70 09 7b 46 62 29 29 29 09 05 5a 00 00 25 2d 2d 2d 00 00 00 00 00 00 00 00
00:aa 19 80 5d 02 38 00 00 20 08 00 00 f8 fc ff ff 46 62 c2 30 60 70 7a 5e 46 62 64 41 fc fc fe 57 2d a4 87 6a 78 78 78 5e ae c4 cc 93 02 8a 8a fd ce d4 2d a4 fd eb cb 75 ec 9b 6a 8b ff 3f 2f 35
00:aa 19 b8 5d 02 38 00 00 8b 93 29 7b af 2f 2f d5 6d b4 4a 83 60 70 78 5f 6d b4 ec 9b 00 03 03 55 6d b4 ec 9b 00 00 80 57 6d b4 ec 9b 3f 3f 0d 55 ab 93 09 7b 0b 0b 0b b5 c8 6a 05 5a 09 0b 0b 09
00:aa 19 f0 5d 02 38 00 00 4a 83 c4 51 70 70 70 5a 09 7b 46 62 09 09 09 bd 05 5a 20 08 2d 2d 2d 2d 20 08 00 00 ff f8 ff ff 00 00 00 00 00 00 00 00 00 00 00 00 00 00 00 00 00 00 00 00 00 00 00 00
00:aa 19 28 5e 02 38 00 00 00 00 00 00 00 00 00 00 00 00 00 00 00 00 00 00 00 00 00 00 00 00 00 00 00 00 00 00 00 00 00 00 00 00 00 00 00 00 00 00 00 00 00 00 00 00 00 00 00 00 00 00 00 00 00 00
00:aa 19 60 5e 02 38 00 00 00 00 00 00 00 00 00 00 00 00 00 00 00 00 00 00 00 00 00 00 3d c0 00 00 00 00 00 03 fe 00 00 00 00 00 00 3f e0 00 00 00 00 00 03 c7 00 00 00 00 00 00 3f f0 00 00 00 00
00:aa 19 98 5e 02 38 00 00 00 03 ff 80 00 00 00 00 00 3f f8 00 00 00 00 00 07 ff c0 00 00 00 00 00 7f ff 00 00 00 00 00 07 f7 f0 00 00 00 00 00 7f ff 00 00 00 00 00 07 df fc 00 00 00 00 00 7b ff
00:aa 19 d0 5e 02 38 00 00 e0 00 00 00 00 07 ff fe 00 00 00 00 00 7e ff f0 00 00 00 00 07 ff ff 00 00 00 00 00 7f ff f8 00 00 00 00 07 ff ff 80 00 00 00 00 6f ff f8 00 00 00 00 03 ff ff 80 00 00
00:aa 19 08 5f 02 38 00 00 00 00 1f ff f8 00 00 41 10 00 00 ff ff ff fc a2 28 00 00 55 55 55 02 41 18 00 00 ed d5 ff 3f 20 08 00 00 ff ff 2f c2 20 08 00 00 ff ff ff a0 20 08 00 00 ff ff ff 00 20
00:aa 19 40 5f 02 38 00 00 08 00 00 ff ff ff 0a 24 59 00 00 58 78 e0 e0 c6 79 24 59 55 40 c0 00 e6 81 81 28 b5 0a 00 00 c6 79 20 08 55 bf 00 0a 24 61 20 10 5f a0 00 00 24 61 81 20 f5 00 00 00 24
00:aa 19 78 5f 02 38 00 00 61 20 08 d5 2d 0b 02 81 20 00 00 57 57 d5 35 20 08 00 00 ff bf f3 ff 04 59 61 18 70 70 70 70 c6 79 a2 30 80 80 ab d5 c6 79 20 10 02 2d f5 55 84 49 20 10 08 57 55 55 24
00:aa 19 b0 5f 02 38 00 00 59 20 10 00 80 7a 55 24 59 20 08 00 0b bd 55 03 51 41 10 00 f8 5f 55 43 49 20 08 b5 35 a5 e5 20 08 00 00 ff fc fc fe 03 51 20 00 e2 6a 6a e2 a2 28 00 00 0f b5 d5 3d 20
00:aa 19 e8 5f 02 38 00 00 10 20 08 ab 65 69 aa 20 10 00 00 bf ff fe aa c2 30 00 00 cb 6b 71 d3 20 08 00 00 fe 0e 82 f3 20 08 00 00 3f 3e 3c 3c 43 49 c2 30 43 c2 40 60 03 49 41 10 d5 95 35 0f e2
00:aa 19 20 60 02 38 00 00 38 20 08 55 57 ea a0 43 41 20 10 55 7f ea 80 43 41 41 18 5f ff aa 00 43 41 81 20 55 55 a7 0a 24 59 20 10 55 d5 fe 80 44 61 20 08 5f df af 02 81 20 00 00 5d 7d f5 35 20
00:aa 19 58 60 02 38 00 00 08 00 00 0c cf cf ea 24 59 81 20 f8 f8 7c 78 c8 72 24 61 55 70 70 7d 87 6a 23 39 5f 00 02 ff c8 6a a4 49 55 37 ff 7f 46 62 84 49 75 2a 2a aa c6 79 a4 49 55 ea f0 bf c6
00:aa 19 90 60 02 38 00 00 79 24 59 58 57 55 f5 85 71 c2 30 02 00 aa ad 65 69 61 18 b5 2b eb d5 41 10 00 00 fe ff 3f bf 20 08 00 00 ff f0 fe f2 43 49 81 20 60 e0 60 60 24 59 64 49 00 57 55 55 66
00:aa 19 c8 60 02 38 00 00 62 84 49 5f 6a ea 80 c8 72 c4 51 7e f8 a8 00 c8 72 67 62 55 ea 00 00 c8 72 67 62 55 b9 0a 00 c8 6a c4 51 f5 af 0a 00 67 62 43 49 d5 bd 2f 0a a4 49 20 08 d5 b5 0a 00 02
00:aa 19 00 61 02 38 00 00 39 20 08 55 55 d5 2d 20 08 00 00 a0 af 8b 03 41 18 00 00 55 55 55 54 e5 59 81 20 7a 7a e8 c0 c8 72 a4 49 7e fa e8 80 09 7b 87 6a 57 5e b8 a0 4a 83 c8 72 5e e0 e0 ef 09
00:aa 19 38 61 02 38 00 00 7b a7 6a aa 2a 0b a5 4a 83 87 6a a0 80 e0 7e 4a 83 e8 72 b5 2d 03 02 09 7b 87 6a d5 b5 af 0a c8 6a e5 59 d5 af 2a 00 67 62 23 39 f5 af 2b 0a c4 51 20 08 d5 b5 29 02 81
00:aa 19 70 61 02 38 00 00 20 00 00 55 f5 d7 35 a4 49 20 08 56 56 5c 58 a7 6a e5 51 7a 78 68 a0 4a 83 67 62 fa 68 a0 a0 4a 83 c8 72 82 a0 ab f5 09 7b 67 62 0b 25 95 57 09 7b 67 62 ad 55 ee a0 e8
00:aa 19 a8 61 02 38 00 00 7a 67 62 58 56 2d 02 6a 8b c8 6a e0 a0 e0 5a 6a 8b 09 7b d5 0a aa 0a 4a 83 e8 7a 57 bf a8 30 09 7b 67 62 95 bd 0a 00 87 6a c5 51 f5 bf 2f 0b 26 62 20 08 b5 2d 0b 02 20
00:aa 19 e0 61 02 38 00 00 08 00 00 8f e3 b8 3f 20 08 00 00 e2 f8 fc bf a4 49 00 00 78 70 70 60 c8 72 46 62 78 78 60 40 09 7b 87 62 80 00 a2 ad c8 72 05 5a 0b 2d d7 57 09 7b 26 5a 7e 7e f8 e0 6a
00:aa 19 18 62 02 38 00 00 8b 09 7b 56 6a 50 80 ab 93 09 7b fd bf ab 80 cb 93 09 7b ee 7a 50 58 ab 93 6a 8b a6 09 0a 28 ab 93 4a 83 d5 a5 2d 2d 4a 83 66 62 ad a9 0b 0b 46 62 c5 51 ed f3 bf 35 84
00:aa 19 50 62 02 38 00 00 49 20 08 95 35 25 0d 20 08 00 00 3f cf eb e3 a4 49 20 08 68 68 68 68 c8 72 46 62 40 40 40 70 c8 6a a4 51 03 2d a5 35 c8 72 e5 51 5f 5e 7e 5c 6a 8b e8 72 5b 70 60 80 cb
00:aa 19 88 62 02 38 00 00 93 4a 8b 6a aa a0 e0 cb 9b ab 93 55 65 a9 9a cb 9b 09 7b b5 2d 0b 8b ab 93 e8 72 70 78 f8 b8 cb 9b ab 93 56 95 a5 a5 ab 93 6a 8b a3 26 35 a5 6a 8b 09 7b ad 2d 29 aa c8
00:aa 19 c0 62 02 38 00 00 6a c4 51 b5 2d 0d 0b c4 51 20 10 2d 09 09 0b 20 08 00 00 f3 f8 bc bf 43 49 20 08 60 68 68 68 67 62 84 49 c0 c0 68 5a 05 5a 84 49 05 1f d7 d7 e8 72 e5 51 78 e0 e0 e0 8b
00:aa 19 f8 62 02 38 00 00 93 09 7b 70 e0 80 80 0c a4 cb 93 9f cf 00 00 2d a4 cb 93 75 fd ed 8d ab 93 09 7b d4 f6 f7 b5 ec 9b 6a 8b 2b ab ef 7f cb 93 8b 93 bf fe 3f ff cb 93 4a 83 35 05 95 95 4a
00:aa 19 30 63 02 38 00 00 83 87 6a b5 bd 2d 2d 05 5a 84 49 b5 3d 3f 0b 43 41 20 08 d5 2d 0b 02 41 18 00 00 f5 5f 5e 35 20 08 00 00 cb f2 fc 0f e2 38 20 08 40 60 60 60 e5 51 23 39 f0 7e d7 f5 c4
00:aa 19 68 63 02 38 00 00 51 e2 38 28 b8 f8 78 09 7b 26 62 78 78 78 78 cb 9b ab 93 a6 55 6a 66 0c a4 cb 9b 60 5d 00 00 0c a4 cb 93 8b 0b 0b 0f ab 93 e8 7a b5 25 0d 0d 8b 93 e8 7a 80 c0 40 40 8b
00:aa 19 a0 63 02 38 00 00 93 00 00 00 00 00 00 8b 93 4a 83 05 05 0d 09 4a 83 c8 72 bd 3d 3d 3d c8 6a c4 51 bd af 2b 2a 05 5a 03 39 bd af 2f 2b e2 38 00 00 b5 2d 03 02 20 08 00 00 cb e8 be 3f 20
00:aa 19 d8 63 02 38 00 00 08 00 00 cb f2 bc ae e2 38 20 08 68 60 60 42 02 39 a2 30 2a aa 66 66 a4 51 e2 38 f8 5c 56 56 c8 72 c5 51 e8 68 68 78 6a 8b 09 7b c0 78 78 78 2d a4 ab 93 7e 72 72 60 0b
00:aa 19 10 64 02 38 00 00 ac 0b ac 00 00 00 00 0b ac ec 9b 0d 0d 01 2f 2d a4 e8 7a ad ad 2d 0b cb 9b 09 7b 6a 60 70 70 cb 9b ab 93 55 a5 aa aa ab 93 6a 8b ad ad 29 0a 6a 8b 09 7b a5 a5 a9 29 09
00:aa 19 48 64 02 38 00 00 7b 87 6a f5 bd 2d 2f 46 62 84 49 ad 2d 0b 0b 64 41 e2 38 a9 28 28 2a 43 41 20 08 d5 35 0d 09 20 08 00 00 cf cb f2 f8 43 41 20 08 6a 6a 6a 60 e2 38 c2 30 6a ea aa 2a 43
00:aa 19 80 64 02 38 00 00 41 e2 38 5c 5c 60 60 67 62 43 41 e0 f0 f8 78 6a 8b c8 72 e8 78 78 78 2d a4 ab 93 40 42 7a 6f 0b ac ab 93 3f bf f5 55 cb 9b 4a 83 01 01 ba e9 2d a4 09 7b 78 58 58 58 2d
00:aa 19 b8 64 02 38 00 00 9c cb 9b ff 3f 0f 0f cb 9b ab 93 a5 a5 ad a9 8b 93 4a 83 b5 b5 25 09 4a 83 c8 72 f5 fd 3f 0f a8 6a 05 5a a9 29 0b 0b e5 59 43 41 95 37 27 27 c4 51 61 18 a9 0b 02 02 c2
00:aa 19 f0 64 02 38 00 00 30 00 00 55 d5 95 35 20 08 00 00 30 3e 2e eb 43 41 20 08 60 40 c0 c0 64 49 23 39 f5 fd bf 3f 43 41 e2 38 60 51 21 2d c5 51 03 39 e0 f8 78 7c 6a 8b 67 62 78 7a 5e 5e 0c
00:aa 19 28 65 02 38 00 00 a4 6a 8b ca 62 72 5e cb 9b ab 93 aa a9 95 d9 ab 93 6a 8b 3b ea aa ad 6a 8b 09 7b 00 00 03 b9 2d a4 09 7b 5c 5c 5e 56 2d a4 2d a4 00 00 00 00 2d a4 cb 93 fd bf bf 2f cb
00:aa 19 60 65 02 38 00 00 93 4a 8b ad ab 0a 02 6a 8b 09 7b ad 29 0a 02 09 7b a7 6a b5 bd 2f 0f 66 62 64 49 b5 25 2d 0d 05 5a 84 49 41 42 c2 72 43 41 20 08 35 25 0d 09 20 08 00 00 f2 fc fc fe a4
00:aa 19 98 65 02 38 00 00 49 81 28 68 68 68 68 c4 51 43 41 3d 3d 3d 35 43 41 e2 38 09 01 01 31 c5 51 03 39 7c 7c 7c 7c 87 6a 06 5a 78 58 56 56 ab 93 67 62 e0 fa 7e 5f 8b 93 09 7b a2 a2 e2 7a 6a
00:aa 19 d0 65 02 38 00 00 8b c8 72 0b 2d a5 f5 e8 7a c8 6a 0e ee f3 bd ab 93 67 62 fc fc 5c 5c 4d ac 0d 9c 3f ff cf c3 4d ac 2d 9c f5 fd cf cb 0c 9c cb 9b ff ff bf 0f cb 9b 4a 83 ad 29 2b 0b 4a
00:aa 19 08 66 02 38 00 00 83 c8 72 3d 3d 2d 2d c8 6a c4 51 ad 2d 2d 2d 46 62 84 49 eb 62 60 70 05 5a 61 20 ad 2d 29 0b 20 08 00 00 ff bf 3f 3f 20 08 00 00 33 cb cf cf 43 41 20 08 40 60 60 78 c4
00:aa 19 40 66 02 38 00 00 51 43 41 35 d5 f5 55 43 41 e2 38 39 31 01 00 c4 51 e2 38 78 78 5e 5e c8 6a c4 51 ea 82 e0 70 c8 72 67 62 57 55 25 a7 09 7b 87 62 c0 aa 7f 7f 4a 83 87 6a ff fe 7c f8 ec
00:aa 19 78 66 02 38 00 00 9b c8 6a f5 ad 8b 03 6a 83 67 62 5c dc d6 bf 4d ac 6a 8b 80 82 c2 60 4d ac 2d a4 59 55 55 59 2d a4 0d 9c b5 aa aa aa 2d a4 ab 93 f5 f5 3d 0d 6a 8b 09 7b b5 a5 25 09 c8
00:aa 19 b0 66 02 38 00 00 6a c4 51 2d 2b 0b 0b 67 62 84 49 70 50 50 d8 67 62 e2 38 2d 2f 2b 0b 03 39 20 08 d5 95 95 35 20 08 00 00 cf cf f3 f3 a2 28 00 00 60 58 5c 57 43 41 a2 30 a0 aa 7f 5d 43
00:aa 19 e8 66 02 38 00 00 41 e2 38 54 57 57 55 e8 72 a4 49 78 78 78 7c e8 7a 67 62 9d 2d 0d 0d a8 6a 66 62 f0 f8 dc de cb 93 c8 72 5c 58 68 68 2d a4 6a 83 01 01 01 03 29 83 c8 72 d5 d5 f5 0b 0c
00:aa 19 20 67 02 38 00 00 9c c8 72 e0 70 78 5e 2d a4 ec 9b a2 a2 a0 60 2d a4 00 00 00 00 00 00 2d a4 0c 9c a5 a9 aa aa cb 9b 4a 83 a5 2d 0d 0d 4a 83 67 62 bd ad 2d 2d 87 62 43 49 d8 d8 f8 bc c8
00:aa 19 58 67 02 38 00 00 6a c4 51 ad 29 2b 2b c4 51 00 08 b5 35 25 25 20 08 00 00 f3 f3 f3 f3 c2 30 20 08 e0 6a 5a 57 e2 38 41 18 80 f8 fe df e2 38 e2 38 00 00 00 00 e8 72 43 41 78 7c 7e 5e 09
00:aa 19 90 67 02 38 00 00 7b 46 62 2d 0d 8d 89 a8 6a c4 51 f8 fe de 5e 2d a4 e8 7a 78 70 70 70 8d bc 2d a4 55 b5 af 2a 4d ac 4a 83 d5 b5 2f 0b 6a 8b 09 7b 57 95 2f 0a 2d a4 49 83 e0 78 5e 56 2d
00:aa 19 c8 67 02 38 00 00 a4 00 00 00 00 00 00 4d ac 2d a4 55 51 55 55 ec 9b 6a 8b 25 25 2d 2d 4a 83 67 62 2d 2d 2d 2d 87 6a c4 51 94 96 97 b7 e9 7a 06 5a ad af 8b ab e5 51 20 08 25 25 2d 0d 20
00:aa 19 00 68 02 38 00 00 08 00 00 f2 fa fa fa 81 20 00 00 70 50 5c 57 e2 38 81 20 80 00 c0 f0 e5 59 03 39 e8 f8 7a 57 c8 6a 84 49 02 82 ea 5f 46 62 84 49 f8 f8 f8 d6 2d a4 c8 72 78 78 78 5e 8d
00:aa 19 38 68 02 38 00 00 c4 2d a4 2c 00 e0 55 8d c4 2d a4 05 09 0b f5 0c 9c 6a 8b fd bf 2f 35 ab 93 e8 72 bc be af b5 2d a4 29 83 00 aa ea 55 2d a4 4a 83 02 aa aa 55 cb 93 29 83 0a 0a 0b f5 4a
00:aa 19 70 68 02 38 00 00 83 87 6a 2f 2f 2f 95 67 62 a4 51 37 37 35 95 a8 6a 05 5a 02 82 81 ed e5 51 20 08 2d 2d 2d 2d 00 00 00 00 00 00 00 00 00 00 00 00 00 00 00 00 00 00 00 00 00 00 00 00 00
00:aa 19 a8 68 02 38 00 00 00 00 00 00 00 00 00 00 00 00 00 00 00 00 00 00 00 00 00 00 00 00 00 00 00 00 00 00 00 00 00 00 00 00 00 00 00 00 00 00 00 00 00 00 00 00 00 00 00 00 00 00 00 00 00 00
00:aa 19 e0 68 02 38 00 00 00 00 00 00 00 00 00 00 00 00 00 00 f8 00 00 00 00 00 00 0f c0 00 00 00 00 00 03 fc 00 00 00 00 00 00 3f fc 00 00 00 00 00 03 ff c0 00 00 00 00 00 3f fc 00 00 00 00 00
00:aa 19 18 69 02 38 00 00 03 ff e0 00 00 00 00 00 3f ff 00 00 00 00 00 03 ff fc 00 00 00 00 00 1f ff e0 00 00 00 00 01 ff ff 00 00 00 00 00 1f ff f0 00 00 00 00 00 f7 ff 00 00 00 00 00 07 ff f8
00:aa 19 50 69 02 38 00 00 00 00 00 00 00 7f fb 80 00 00 00 00 07 ff fc 00 00 00 00 00 7f ff e0 00 00 00 00 07 ff fe 00 00 00 00 00 7f ff f0 00 00 00 00 07 ff ff 00 00 00 00 00 7f ff f0 00 00 00
00:aa 19 88 69 02 38 00 00 00 03 ff ff 00 00 00 00 00 1f ff f0 00 00 a2 28 20 08 55 55 56 5c e2 38 20 08 55 5a 80 00 e2 38 00 00 55 ad 02 00 a2 28 00 00 55 55 b5 00 41 10 00 00 bf ff ff 03 03 49
00:aa 19 c0 69 02 38 00 00 20 08 5e 5e 5e 58 24 61 e2 38 70 c0 00 00 24 61 e2 38 05 03 02 00 e2 38 e2 38 00 00 00 00 e2 38 61 18 3d 02 00 00 e2 38 00 00 55 95 35 35 23 41 00 00 57 54 5c 58 24 61
00:aa 19 f8 69 02 38 00 00 61 18 55 af 0b 02 24 61 c2 30 56 78 60 55 24 61 61 18 00 00 aa d5 24 61 61 18 00 00 a0 7a 24 59 81 20 ff 0d 2d b5 c2 30 20 08 00 aa d5 55 23 41 20 08 25 ed ed 5d 24 51
00:aa 19 30 6a 02 38 00 00 21 08 58 78 78 58 24 59 81 20 03 0b 2d 35 e2 38 00 00 2b bd 55 55 20 08 00 00 af ff ff ff 41 10 00 00 e2 ea ea ea 20 10 00 00 0a af af ab 20 08 00 00 a8 ff ff ff 81 20
00:aa 19 68 6a 02 38 00 00 00 00 f3 78 7c 5c 61 18 00 00 ff d5 35 35 00 00 00 00 00 00 00 00 20 08 00 00 83 f8 fe ff 20 08 00 00 e8 be 2f 8f 43 49 00 00 78 70 70 60 43 49 20 08 bd 2d 29 0b 20 10
00:aa 19 a0 6a 02 38 00 00 00 00 ff aa aa ea 41 10 00 00 ff ab aa a8 81 20 20 08 7f 7f a8 80 81 20 20 10 55 55 0a 00 81 20 20 08 55 ff af 00 43 49 20 08 55 57 5e f8 24 59 00 00 d5 fb 80 00 24 51
00:aa 19 d8 6a 02 38 00 00 20 08 55 55 bd 09 20 08 00 00 ff ff 0b 08 20 08 00 00 cb f3 f3 b2 e5 59 00 00 78 78 7a 7a 44 59 e2 38 29 2a 00 80 44 51 20 08 d5 bd 0b 02 c2 30 20 08 5a 6a a8 00 a4 49
00:aa 19 10 6b 02 38 00 00 a2 28 55 5f aa 8a 84 49 c2 30 55 fa aa 80 e5 51 81 20 55 ff aa 00 24 59 a2 28 58 70 80 00 24 61 c2 30 00 02 0d 0d 24 61 20 10 0b b5 d5 55 20 10 00 00 af bf af aa 20 08
00:aa 19 48 6b 02 38 00 00 00 00 38 fc ff 3f e2 38 00 00 70 70 70 70 24 61 23 41 e8 f4 d4 f0 27 92 24 61 d5 d7 5e 68 09 7b a5 61 55 00 08 bf 09 7b c6 79 fa 00 00 d7 ab 93 c5 59 5f 73 dd f5 c6 79
00:aa 19 80 6b 02 38 00 00 84 59 fe f8 5c 5c c6 79 24 59 05 05 35 15 24 61 e2 38 0d 35 d5 d5 a2 28 00 00 f5 f5 f5 3f 20 10 00 00 aa ea ff bf 20 08 00 00 0f 8f ff ab 20 10 00 00 fb eb af ef a2 30
00:aa 19 b8 6b 02 38 00 00 20 08 58 58 58 54 24 59 e2 38 80 40 40 60 c6 79 24 61 40 50 50 50 c6 79 a5 79 0c 00 00 00 c6 79 24 61 00 00 02 35 c6 79 44 59 05 35 55 55 e6 89 a5 69 70 60 6a ea c6 79
00:aa 19 f0 6b 02 38 00 00 43 49 2d 3d 3d bd 84 49 43 49 fd ff ff 3f c4 51 61 20 f5 aa aa 00 e5 51 a2 30 55 aa 00 00 05 5a 61 20 d5 ab aa 00 c4 51 00 08 55 b5 0b 00 43 41 20 08 55 55 55 2d a2 28
00:aa 19 28 6c 02 38 00 00 00 00 54 54 56 55 24 59 e2 38 70 50 58 5c c6 79 24 61 40 80 c1 41 c6 79 05 5a 00 00 85 d5 65 69 e5 59 25 55 55 55 24 61 c4 51 68 58 50 50 c6 79 24 61 00 01 35 55 44 59
00:aa 19 60 6c 02 38 00 00 e5 51 0f 3f 35 d5 67 62 c4 51 55 5f fa 80 67 62 c5 51 57 ff a0 00 a7 6a 06 5a 55 ae 0a 00 a7 6a 06 5a 55 aa aa 8a 67 62 05 5a 55 95 25 00 05 5a c2 28 a9 0a 02 00 c4 51
00:aa 19 98 6c 02 38 00 00 20 08 55 b5 2b 02 03 39 20 08 55 55 55 35 e2 38 20 08 80 60 60 78 67 62 23 51 69 43 42 63 05 5a 84 49 60 fa ff f7 06 5a c4 51 aa aa ea 78 24 59 c5 51 60 70 56 57 24 59
00:aa 19 d0 6c 02 38 00 00 e5 51 03 2d bd b5 e8 7a 26 5a 5f 7e f8 e0 e8 7a 67 62 58 80 02 00 4a 83 c8 72 55 ff f0 ea 4a 83 e8 72 75 7d 3f 0e 09 7b a7 6a d9 b7 af 0b c8 6a 67 62 d5 95 15 09 67 62
00:aa 19 08 6d 02 38 00 00 05 5a e7 e0 14 26 67 62 c4 51 fd 2f 00 00 05 5a c2 30 b5 a9 0a 02 84 49 20 08 55 55 95 25 e2 38 00 00 58 5e 5e 56 67 62 23 41 62 6a 7a 7a a4 51 e2 38 28 2a 2b 25 e5 59
00:aa 19 40 6d 02 38 00 00 43 41 80 ea ff 5f c4 51 43 49 03 0d 55 55 67 62 43 49 7a 78 78 f0 4a 83 87 6a 7e b8 e8 e8 6a 8b 09 7b 5e aa a0 00 6a 8b 4a 83 55 61 02 03 4a 83 29 7b 40 c0 83 0e 09 7b
00:aa 19 78 6d 02 38 00 00 87 6a 02 0b 2b ad e8 72 67 62 0d ad ad 57 c8 6a 46 62 d5 d5 fd 3f a8 6a 67 62 55 55 56 45 a7 6a 06 5a a5 a9 02 00 67 62 c2 30 a5 ad 2b 2b 03 39 20 08 55 55 d5 15 41 10
00:aa 19 b0 6d 02 38 00 00 00 00 fe ff ff ff c4 51 81 20 e0 6a 7a 5f a4 49 e2 38 2d ad ad 7d 43 41 a2 28 a8 ff 55 55 a4 49 23 39 fe fe 7e 5c 46 62 84 49 60 e0 e0 e8 4a 83 e8 72 70 70 70 5e 8b 93
00:aa 19 e8 6d 02 38 00 00 6a 8b 55 59 6e 5b 8a 93 4a 83 a9 95 a9 8d 29 83 c8 6a 2a a7 2d b5 e8 72 67 62 ad b5 16 be e8 7a 67 62 56 7e a0 80 e8 7a a8 6a f5 ff aa 00 e8 7a 67 62 5d 55 95 2e c8 6a
00:aa 19 20 6e 02 38 00 00 67 62 00 80 40 60 a8 6a c4 51 2d 29 2b 2b c4 51 20 08 b5 25 2d 0d a2 28 00 00 70 5c 57 55 e2 38 00 00 00 80 80 68 a2 30 81 20 3f 3f 3f 3f a4 51 81 20 e8 e8 68 68 6a 8b
00:aa 19 58 6e 02 38 00 00 c8 72 5b 5e 5c 5e ab 93 6a 8b 6a aa a2 60 6a 8b c8 72 0f 2f 3d b5 c8 72 67 62 17 95 d5 55 e8 7a a8 6a ec a8 40 60 4a 83 e8 7a 5f 78 e0 80 8b 93 09 7b 55 fb 8a 0a 4a 83
00:aa 19 90 6e 02 38 00 00 09 7b f5 09 01 02 09 7b 87 6a 5f df bf 35 c8 6a 46 62 3d 0d 0f ff e5 59 81 20 2d 29 09 0b 81 20 00 00 68 7f 57 55 81 20 20 08 00 00 f0 7c 84 49 81 20 60 60 78 78 87 6a
00:aa 19 c8 6e 02 38 00 00 c5 51 70 7a 7e 5f 09 7b 26 5a e8 fa fe 5f 6a 8b c8 72 82 ea ff 5d e8 7a 67 62 09 2d 35 95 87 6a 06 5a aa e8 68 68 29 83 c8 72 7a 78 f8 fe 8b 93 4a 83 58 58 78 78 8b 93
00:aa 19 00 6f 02 38 00 00 6a 8b a9 aa ea aa 8b 93 4a 83 d5 95 15 15 4a 83 87 6a b5 bd 2d 2d 67 62 66 62 aa aa 6a aa 46 62 84 49 2d 2d 2d 2d c2 30 20 08 d5 15 15 35 00 00 00 00 00 00 00 00 e2 38
00:aa 19 38 6f 02 38 00 00 20 08 56 5e 5c 5c 64 41 e2 38 5a 72 e2 60 e5 59 43 41 e8 7a 7f 55 67 62 43 41 a8 fa fe 57 c8 6a e5 51 80 aa ea 7a 67 62 06 5a 05 15 95 55 87 6a 06 5a 68 68 68 58 29 83
00:aa 19 70 6f 02 38 00 00 e8 72 7c 7c 73 7f 8b 93 09 7b c0 e2 ca 4e 8b 93 6a 8b aa 75 55 55 8b 93 4a 83 85 a5 bd a9 c8 6a 67 62 55 55 15 35 46 62 84 49 09 0b 09 09 43 41 00 00 25 2d 2b 0a 00 00
00:aa 19 a8 6f 02 38 00 00 00 00 00 00 00 00 23 39 20 08 58 70 60 60 e5 59 43 41 7f ea 80 80 05 5a e2 38 f5 bd 2b 02 43 41 c2 30 f8 fc fc 9f 26 5a 84 49 62 7a 7a 7e c5 51 c4 51 2e 3f ff ff 67 62
00:aa 19 e0 6f 02 38 00 00 c5 51 f0 78 78 78 09 7b 87 6a ea ea 68 68 6a 8b 09 7b 60 40 60 68 cb 93 6a 8b 57 7a 00 00 ab 93 6a 8b ad ad 29 0a 4a 83 09 7b 25 05 01 dd e8 72 67 62 ad 2d 09 0a 46 62
00:aa 19 18 70 02 38 00 00 e5 51 0d bd 0d 0d 84 49 c2 30 29 0a 02 02 03 39 20 08 d5 d5 b5 25 00 00 00 00 00 00 00 00 c5 51 20 10 7a 78 78 68 67 62 e5 51 7c 78 e0 e0 67 62 e5 51 09 01 02 00 05 5a
00:aa 19 50 70 02 38 00 00 e2 38 d5 f5 ad 2d c4 51 e2 38 e0 e0 68 58 c4 51 00 00 00 00 00 00 67 62 c5 51 7c 5c 7c 5c 29 83 67 62 68 78 7a 7a 6a 8b 09 7b 68 78 58 d8 0c 9c 8b 93 ea 6a 4a 4a cb 9b
00:aa 19 88 70 02 38 00 00 4a 83 09 29 2d 2d 09 7b 87 62 0a 2f 2f 0d c8 6a 67 62 04 07 55 55 a8 6a 05 5a a9 29 0b 0b e5 59 43 41 29 0b 0b 02 c4 51 20 08 a5 2d 2d 2b 20 08 00 00 ff 3f af cf 00 00
00:aa 19 c0 70 02 38 00 00 00 00 00 00 00 00 05 5a 61 18 78 78 68 68 a8 6a 05 5a 6a a8 e0 e0 c8 6a 46 62 03 01 03 03 67 62 43 41 b5 35 35 ad 43 41 e2 38 50 50 00 00 43 49 43 41 00 30 54 57 06 5a
00:aa 19 f8 70 02 38 00 00 43 49 f0 70 78 78 e8 7a 67 62 60 60 68 78 6a 8b 09 7b d8 58 58 5c 2d a4 ab 93 68 50 52 57 ec 9b 6a 8b 2d 2d 2d 0d 09 7b 67 62 09 09 09 0b 67 62 06 5a 0c 0c 14 14 c8 6a
00:aa 19 30 71 02 38 00 00 67 62 49 71 5c 50 67 62 c4 51 fd 3d 2f 2f c4 51 a2 30 2d 29 0b 0b a2 28 20 08 55 55 55 15 00 00 00 00 00 00 00 00 e5 59 61 18 68 68 68 78 a8 6a 05 5a 60 a8 6a 7a c8 6a
00:aa 19 68 71 02 38 00 00 67 62 01 0d 55 55 67 62 c4 51 25 3d 3d b5 84 49 43 41 35 25 35 1f 43 41 e2 38 00 0f 01 00 e5 51 43 41 78 78 78 5e c8 72 05 5a e0 e0 68 7a 8b 93 e8 72 fc 7c 7e 5f 8b 93
00:aa 19 a0 71 02 38 00 00 09 7b 00 aa ff 55 cb 9b 4a 83 2f ed 7d 5d 4a 83 87 6a ad ad ad 2d 67 62 06 5a 05 15 15 15 c8 6a 46 62 cc c8 c0 70 a8 6a 05 5a a5 25 26 2e 05 5a 43 41 8d 2d 2d 29 e2 38
00:aa 19 d8 71 02 38 00 00 20 08 35 35 35 25 20 08 00 00 ff bf 3f 3f 00 00 00 00 00 00 00 00 43 41 20 10 60 70 78 5c 67 62 43 41 80 e8 7a 5e 46 62 e5 51 00 0f bd fd 05 5a 43 41 0a 2b ad d5 64 49
00:aa 19 10 72 02 38 00 00 23 39 3a bf df 57 43 41 00 00 00 00 00 00 a4 49 43 41 5c 56 57 55 a8 6a c4 51 78 7e 5f 57 e8 72 67 62 c0 a8 d4 68 4a 83 09 7b 55 55 5a c0 6a 8b 29 7b a2 a2 a9 2d 4a 83
00:aa 19 48 72 02 38 00 00 87 6a 2d 2d af bf 87 6a 05 5a b5 a5 ad 29 a8 6a 05 5a e0 6a 5a 5e a8 6a 05 5a 26 2e 89 89 26 5a 84 49 ad ad ad 2d 43 49 20 08 25 25 2d 2d 20 08 00 00 3f cf cf eb 00 00
00:aa 19 80 72 02 38 00 00 00 00 00 00 00 00 61 20 00 00 70 78 5e 57 43 41 a2 30 00 7f 7f 5f c4 51 e2 38 02 eb 55 55 43 41 e2 38 01 0d 15 54 43 41 e2 38 58 60 00 00 43 49 43 41 55 55 85 0a 43 41
00:aa 19 b8 72 02 38 00 00 03 39 0c 00 00 00 c4 51 03 39 e0 f8 dc de 4a 83 06 5a 7a 78 78 78 ab 93 6a 8b 75 53 6a 6a 4a 83 e8 7a 0f 0d 0d 0d e8 7a c8 6a 3f be fc e0 4a 83 05 5a bd ad ab 0b 26 5a
00:aa 19 f0 72 02 38 00 00 c4 51 98 94 96 17 a7 6a 05 5a 81 a2 a2 a2 67 62 e5 51 3d 0d 0d 8d a4 49 20 10 0d 09 09 0b 20 08 00 00 eb eb ab 33 20 08 00 00 fe ff ff ff c2 30 20 08 68 7a 57 55 c2 30
00:aa 19 28 73 02 38 00 00 20 10 00 a8 e8 60 43 41 e2 38 50 10 c0 00 43 49 43 41 54 04 08 00 84 49 43 49 ff ff ff 8f 43 49 00 00 00 00 00 00 43 49 43 41 56 16 24 00 4a 83 c5 51 78 78 78 78 8b 93
00:aa 19 60 73 02 38 00 00 4a 83 c3 42 da a5 6a 8b 09 7b 35 8d 2d 9a ec 9b 09 7b 57 5f 7e 7c 2d a4 09 7b fd 8d 0d 0b a8 6a c4 51 b5 bd 2f 2b a7 6a 06 5a e2 62 72 5a 67 62 e5 51 0f 0d 0d 0d c4 51
00:aa 19 98 73 02 38 00 00 c2 30 2d 2d 2d 29 20 08 00 00 33 33 38 3c 20 08 00 00 fa ff ff ff c2 30 20 10 60 60 68 5a a4 49 e2 38 aa aa 68 77 c4 51 23 41 af 8f fb 5f c4 51 43 41 0f cf cf 75 43 49
00:aa 19 d0 73 02 38 00 00 43 41 00 00 02 55 43 49 43 41 00 00 a8 55 c8 72 64 49 70 70 78 78 6a 8b c8 72 00 80 e8 55 4a 83 e8 72 28 28 08 a5 ab 93 29 7b f0 f8 fc 5f 2d a4 6a 8b 01 a9 8b e9 09 7b
00:aa 19 08 74 02 38 00 00 66 62 29 0b 02 2b c8 6a a4 49 f8 be bf b5 67 62 c5 51 0f 3f 3f 55 c4 51 e2 38 2d 2d 2d bd 41 18 00 00 17 17 17 17 00 00 00 00 00 00 00 00 00 00 00 00 00 00 00 00 00 00
00:aa 19 40 74 02 38 00 00 00 00 00 00 00 00 00 00 00 00 00 00 00 00 00 00 00 00 00 00 00 00 00 00 00 00 00 00 00 00 00 00 00 00 00 00 00 00 00 00 00 00 00 00 07 fc 00 00 00 00 00 00 ff e0 00 00
00:aa 19 78 74 02 38 00 00 00 00 00 1f fe 00 00 00 00 00 01 ff f0 00 00 00 00 00 3f ff 00 00 00 00 00 03 ff f0 00 00 00 00 00 3f ff 00 00 00 00 00 03 ff f0 00 00 00 00 00 3f ff 00 00 00 00 00 03
00:aa 19 b0 74 02 38 00 00 ff f0 00 00 00 00 00 3f ff c0 00 00 00 00 03 ff ff 00 00 00 00 00 1f ff fc 00 00 00 00 01 ff ff e0 00 00 00 00 1f ff ff 00 00 00 00 01 ff ff f0 00 00 00 00 1f ff ff 00
00:aa 19 e8 74 02 38 00 00 00 00 00 01 ff ff f8 00 00 00 00 1f ff ff 80 00 00 00 01 ff ff f8 00 00 00 00 1f ff ff c0 00 00 00 01 ff ff f8 00 00 00 00 1f ff ff 80 00 00 00 01 ff ff f8 00 00 00 00
00:aa 19 20 75 02 38 00 00 1f ff ff 80 00 00 00 01 ff ff f8 00 00 21 10 00 00 ff ff ff f8 43 49 00 00 55 57 78 80 c6 79 20 08 55 ff aa 00 c6 79 20 08 55 ff aa 00 c6 79 81 20 55 fe a8 00 e6 81 81
00:aa 19 58 75 02 38 00 00 28 55 ff 20 00 e8 7a 20 08 55 ff 02 00 e6 69 20 08 55 bf 0a 02 43 49 00 00 55 55 b5 2d 24 59 00 00 55 57 5e 78 c6 79 20 00 7a e0 80 00 27 92 85 71 55 ff ff a2 27 9a c6
00:aa 19 90 75 02 38 00 00 79 5f 6a 6a a0 07 aa 27 92 55 55 55 aa 27 9a c6 79 df aa aa 02 27 92 6a 8b 0b 0f 35 d5 6a 8b c8 72 fd ff 3f 2f e6 81 e8 7a 40 58 68 50 c6 79 a2 28 b5 ad 2b 0a e3 40 20
00:aa 19 c8 75 02 38 00 00 08 55 d5 b5 2d 03 59 00 00 55 55 57 5c c6 81 61 18 7a e8 a0 80 07 a2 e6 81 57 5f 68 00 07 aa 07 9a 6a 6a aa aa 07 aa 00 00 00 00 00 00 07 aa 00 00 00 00 00 00 c9 aa 07
00:aa 19 00 76 02 38 00 00 aa 54 5c 54 55 2a 93 27 92 80 a0 a0 55 6a 8b 47 8a 02 00 00 55 e6 81 09 7b 40 40 40 00 c6 79 24 61 05 25 25 15 03 51 20 08 2d 29 29 0b 24 59 00 00 58 70 e0 c0 27 92 85
00:aa 19 38 76 02 38 00 00 71 7c 70 f0 e0 07 aa 00 00 00 00 00 00 07 aa 00 00 00 00 00 00 07 aa 00 00 00 00 00 00 07 aa 00 00 00 00 00 00 07 aa 27 92 a9 ab aa aa 07 a2 27 92 55 55 55 35 27 92 c6
00:aa 19 70 76 02 38 00 00 81 0d 09 00 00 27 92 c6 79 55 f5 0d 0d c6 79 24 61 55 d5 15 15 24 61 81 20 0d 0d 0d 0d 00 08 00 00 ff bf bf bf 41 18 00 00 55 57 5c 78 c6 79 e2 38 78 78 68 68 27 9a c6
00:aa 19 a8 76 02 38 00 00 79 58 58 5a 5a 07 aa 27 92 aa aa aa 55 07 aa 27 9a aa aa aa 5a 07 aa 00 00 00 00 00 00 07 aa 00 00 00 00 00 00 07 aa 00 00 00 00 00 00 07 aa 27 92 ad ad ad aa 07 aa 27
00:aa 19 e0 76 02 38 00 00 92 55 55 55 a5 27 92 c6 79 0d 05 25 25 c6 79 24 61 25 15 15 15 24 61 81 20 0d 0d 0d 0f 20 08 00 00 bf 2f 8f 2f 61 18 00 00 f4 d4 d4 54 c6 79 e2 38 78 78 78 7a 06 8a 26
00:aa 19 18 77 02 38 00 00 5a a0 aa ff 55 07 8a 67 62 00 a8 5f 5f 27 92 6a 8b 00 03 f5 55 ea aa 6a 8b 00 00 c0 40 ea aa 07 aa 55 95 2b 00 ea aa 07 aa 55 55 55 3d 07 aa 00 00 00 00 00 00 07 a2 27
00:aa 19 50 77 02 38 00 00 92 01 03 03 03 27 92 c6 79 05 05 05 0d c6 79 24 61 15 15 35 05 24 61 e2 38 15 15 15 15 c2 30 00 00 dd 95 35 35 20 08 00 00 fc fc fc ff 05 5a 20 10 e8 e8 68 78 c8 6a 06
00:aa 19 88 77 02 38 00 00 5a 5a 60 c0 80 09 7b c8 6a 58 58 55 55 6a 8b e8 72 a0 a8 78 78 cb 93 2a 93 f5 af 80 00 ea aa ab 93 00 fe 55 55 ea aa 6a 8b 00 a0 57 55 ea aa 27 a2 55 55 55 20 07 aa 27
00:aa 19 c0 77 02 38 00 00 92 ab a9 b5 b5 27 92 c6 79 0d 0d 15 15 c6 79 81 28 0a 0b 2b ad 24 61 81 20 3f bf ff 5f e2 38 00 00 35 3d 2d 2d 20 08 00 00 ff ff fc ff 09 7b 20 10 7e 7a 78 78 4a 83 c8
00:aa 19 f8 77 02 38 00 00 6a 55 7b aa 02 09 7b c8 6a 55 55 a5 00 ab 93 c8 72 78 78 78 e0 2d a4 ec 9b 55 6a aa aa 2d a4 ab 93 f5 b5 3d 3d cb 93 4a 8b fd aa 80 80 2d a4 8b 93 55 5f fe f8 ab 93 27
00:aa 19 30 78 02 38 00 00 92 a5 2b 02 02 e8 7a c6 79 d5 d5 25 09 24 61 41 10 2f 2d 2d 2d c2 30 00 00 f8 57 55 55 e2 38 00 00 35 95 d5 d5 03 31 00 00 55 55 57 54 6a 8b 03 39 78 60 c0 80 8b 93 4a
00:aa 19 68 78 02 38 00 00 83 95 25 15 d5 4a 83 09 7b 55 5c 00 00 2d a4 4a 83 5a 78 e0 e8 2d a4 00 00 00 00 00 00 2d a4 8b 93 0f 3d 3d bd cb 9b ab 93 ba 55 55 55 0d 9c 6a 8b a0 aa ff fd cb 9b 4a
00:aa 19 a0 78 02 38 00 00 83 0b ad bd 55 09 7b 26 5a 0d 2d 2b 2b 05 5a 81 28 ad 2d 2b 2a 23 41 00 00 55 f5 0b 00 20 10 00 00 bf bf bf 3f 84 49 20 08 54 58 58 5a 4a 83 84 49 a0 a8 fe 57 4a 83 a8
00:aa 19 d8 78 02 38 00 00 6a 00 ea 5e 55 8a 8b 09 7b a8 7a 5e 57 ec 9b 6a 8b e8 7a 7a 7f 2d a4 8b 93 82 ff ff 55 ec 9b 8a 8b 2b bd fd f5 8b 93 4a 83 a9 55 55 55 4a 83 00 00 00 00 00 00 4a 83 49
00:aa 19 10 79 02 38 00 00 83 aa aa aa aa 09 7b 66 62 2d 2d 2d 2d 05 5a e2 38 2d 2d 2d 2d 23 41 81 28 80 5e d7 d5 e2 38 20 08 25 09 09 03 41 10 00 00 f0 ff ff ff c4 51 20 10 e0 78 7c 7c c8 6a 05
00:aa 19 48 79 02 38 00 00 5a a0 e0 60 60 09 7b c8 72 40 60 60 80 8b 8b c8 72 8a aa af fd 6a 83 c8 72 00 2a fd 55 4a 83 c8 6a 00 aa 55 55 4a 83 c8 6a 08 aa 55 55 4a 83 c8 6a 00 aa 6a 5e 4a 83 09
00:aa 19 80 79 02 38 00 00 7b 03 a1 69 69 e9 72 66 62 25 2d 2d 2b 05 5a 84 49 35 35 bf 02 c4 51 a2 28 d5 95 af 00 84 49 81 28 f5 55 fd 00 84 49 20 08 55 55 d5 0a a2 20 00 00 55 55 d5 2d 00 00 00
00:aa 19 b8 79 02 38 00 00 00 00 00 00 00 43 41 20 08 78 58 58 58 c8 72 84 49 e0 e0 e0 70 09 7b c8 6a 00 00 82 55 09 7b c8 6a 2d 15 d5 55 a8 6a 67 62 00 55 95 01 c8 6a 67 62 00 00 00 c1 c8 6a 05
00:aa 19 f0 79 02 38 00 00 5a 00 2a aa a5 09 7b 26 62 a8 f8 e8 68 4a 83 09 7b e9 85 6d 43 09 7b c8 72 35 3e 0a 08 e8 7a 26 5a d5 af 2f 00 c8 72 05 5a 55 d7 a0 00 e8 7a 26 5a 55 ff aa 00 c8 6a 05
00:aa 19 28 7a 02 38 00 00 5a 55 f5 aa 00 67 62 e2 30 bd aa 00 00 e5 51 20 08 d5 0b 02 00 23 39 00 00 55 d5 35 09 e2 38 00 00 5c 56 57 57 46 62 81 20 c0 e0 f8 7e c8 6a 05 5a 00 a0 60 78 e9 7a c8
00:aa 19 60 7a 02 38 00 00 6a 7a ea f5 55 e9 72 46 62 aa 2b bf d5 66 62 64 49 00 0a af f5 06 5a c4 51 08 b6 56 5a e8 72 67 62 50 c0 60 5a 4a 83 09 7b a3 55 50 5d 4a 83 e8 7a f7 7d 3f 3e 8b 93 29
00:aa 19 98 7a 02 38 00 00 7b 5d 7f eb 83 4a 83 09 7b 5a 00 00 00 4a 83 09 7b ab 00 00 01 09 7b 05 5a 0a 0a 3f f5 67 62 84 49 02 2f bd f5 e5 51 43 49 0b b5 b5 80 e5 51 41 18 ad ab aa 00 a4 51 20
00:aa 19 d0 7a 02 38 00 00 08 55 d5 ab 02 c2 30 00 00 55 55 95 09 20 08 00 00 fc ff ff ff e2 38 20 08 e0 60 58 56 66 62 43 41 e0 7a 7f 55 66 62 43 41 00 ab f5 55 e5 59 23 41 02 af fd d5 c4 51 23
00:aa 19 08 7b 02 38 00 00 39 ae f8 78 5c 05 5a e5 51 7a aa aa aa a8 6a 05 5a a0 e0 e8 6a 09 7b c8 6a 60 58 58 5c 8b 93 09 7b 7c 78 78 c0 8b 93 4a 83 25 05 25 15 4a 83 67 62 00 00 0b 95 4a 83 05
00:aa 19 40 7b 02 38 00 00 5a 0b ad ff 57 67 62 e5 51 b5 3f 8a 00 67 62 c4 51 57 fe a8 00 87 6a 06 5a 55 6a ea 00 c8 72 06 5a 55 ff aa 00 c8 6a c4 51 f5 af ab 02 06 5a e2 38 f5 ad 2b 02 43 41 20
00:aa 19 78 7b 02 38 00 00 08 55 95 25 0d 00 00 00 00 00 00 00 00 c2 30 00 08 57 57 56 78 43 41 81 20 68 62 80 80 84 49 e2 38 7e 55 a9 0b c2 30 81 20 0b 3f 3f 3f 43 41 82 28 60 5c 56 57 05 5a 43
00:aa 19 b0 7b 02 38 00 00 41 a0 7a 5e 5f 46 62 c5 51 f0 7c 5f 57 4a 83 67 62 7e 5c 58 70 4a 83 05 5a 00 2a 3f d5 29 83 26 5a 2f bd 7d 55 67 62 06 5a 39 55 15 55 a7 6a 06 5a 56 58 a8 a0 e8 7a 87
00:aa 19 e8 7b 02 38 00 00 62 5f 7a 90 22 e8 7a a8 6a 57 7f bf 0b 09 7b a7 6a 7f fa e0 80 09 7b e8 7a 55 7f 00 00 29 83 c8 72 f5 bd af 2b c8 6a 46 62 f5 3d 0f 03 66 62 c2 30 b5 ad 2d 2b 41 10 00
00:aa 19 20 7c 02 38 00 00 00 ff ff 3f 3f c2 38 00 00 55 55 57 54 c4 51 41 10 7e 7a e8 80 05 5a a4 49 5f 6a 00 00 e5 59 43 41 ad 09 0b 0b 43 41 81 28 a5 2d 0a 00 43 41 81 20 56 56 be 0a c4 51 43
00:aa 19 58 7c 02 38 00 00 41 7c 60 60 70 a8 6a c4 51 57 57 5e 58 c8 72 c4 51 83 8d 35 d7 05 5a e5 51 aa 6a ea aa 67 62 05 5a 55 55 55 80 67 62 06 5a 55 55 0f 00 e8 7a 67 62 58 78 78 78 4a 83 09
00:aa 19 90 7c 02 38 00 00 7b f9 09 81 c0 4a 83 09 7b 55 d5 ad 00 6a 8b 09 7b 55 5e 6a a8 8b 93 4a 83 55 55 ea 82 6a 8b 09 7b a9 ab 02 00 4a 83 a7 6a bd ad ad 2f 67 62 c4 51 2d 2d 0d 0d 84 49 00
00:aa 19 c8 7c 02 38 00 00 08 b5 35 25 2d 43 41 00 00 5c 58 58 78 05 5a 43 41 78 60 60 e0 05 5a c4 51 00 00 05 f5 05 5a 64 49 0d 0d ff ff c4 51 64 49 5f 56 a9 aa e5 51 43 49 d5 af 8a 20 c4 51 43
00:aa 19 00 7d 02 38 00 00 41 f8 fe bf 2d e5 59 43 41 80 82 ff 57 26 62 a4 49 fe fe 78 e0 87 6a 06 5a 7a 68 68 80 e8 72 67 62 55 bf 0a 00 c8 6a 67 62 55 ff 00 00 e8 7a a8 6a 70 70 fe fd 4a 83 c8
00:aa 19 38 7d 02 38 00 00 72 80 80 80 78 6a 8b 4a 83 35 c5 74 57 6a 8b 4a 83 50 50 90 90 8b 93 6a 8b ea aa aa aa 8b 93 6a 8b aa aa a9 a9 4a 83 c8 72 0d 09 09 2d a8 6a c4 51 2d 2f 2f af c4 51 61
00:aa 19 70 7d 02 38 00 00 18 2d 2d 2d 29 43 41 00 00 70 70 70 70 c4 51 43 49 80 00 a5 55 c4 51 00 00 00 00 00 00 05 5a c4 51 55 55 5e 50 66 62 c5 51 57 5f fe f0 a8 6a 05 5a 55 ff aa 83 e5 59 43
00:aa 19 a8 7d 02 38 00 00 41 3d bd 3d 9d 06 5a 43 41 5f 5e 78 68 a8 6a c4 51 7e f8 a0 80 4a 83 87 6a 75 fe ea e0 4a 83 e8 7a 57 d6 a3 00 6a 8b 09 7b 55 ed e0 48 09 7b 05 5a af b7 b5 25 4a 83 e5
00:aa 19 e0 7d 02 38 00 00 51 a8 fa 7e 55 09 7b 67 62 08 02 fb 55 4a 83 87 6a 00 a0 f8 de 8b 93 4a 83 00 aa ff 55 8b 93 29 7b 2b ad f5 d5 09 7b 67 62 0b 29 a5 b5 67 62 05 5a 05 35 95 55 c4 51 a2
00:aa 19 18 7e 02 38 00 00 28 2d 09 09 0b 20 08 00 00 ff ff ff 3f 43 41 00 00 70 70 78 7a 43 41 e2 38 00 00 50 50 05 5a c4 51 55 55 54 5c 67 62 c5 51 57 ff fc 80 e8 7a 26 5a 5f fe fa e8 c8 72 c5
00:aa 19 50 7e 02 38 00 00 51 8b 09 0d 0d 84 49 43 41 3d eb 68 e0 87 6a 84 49 7a 5e f8 f0 09 7b a8 6a 7e 7c f8 f0 6a 8b 09 7b 7a e8 a0 a0 cb 9b 4a 83 7f fb aa 8a 6a 8b 4a 83 18 08 18 14 4a 83 84
00:aa 19 88 7e 02 38 00 00 49 2d 2d 2f 2b a4 49 e2 38 b8 d7 15 15 46 62 84 49 fa 7e 78 78 e8 7a 87 62 7c 7f 59 5e 09 7b 87 6a 00 aa 7f 7f e8 7a c8 72 09 a9 aa ea c8 6a 67 62 25 25 d5 d5 67 62 05
00:aa 19 c0 7e 02 38 00 00 5a 55 15 15 25 05 5a 23 41 ad ad ab 2b e2 38 00 00 95 35 25 0d e2 38 00 00 78 78 5a 5a 43 41 a2 30 fc dc 5c 5c 67 62 c4 51 57 5f 7c 78 a8 6a 66 62 ff 7c fc f0 09 7b c8
00:aa 19 f8 7e 02 38 00 00 6a 58 70 40 40 c8 72 64 49 2d 2d 25 35 e5 59 63 41 78 f8 f8 f8 a7 6a 05 5a 68 58 78 68 49 83 c8 6a 78 78 78 78 8b 93 4a 83 68 68 78 5c cb 93 8b 93 0f 03 03 ff 8b 93 4a
00:aa 19 30 7f 02 38 00 00 83 17 17 97 55 09 7b 26 5a 29 2d 2d 2d a4 49 e2 38 15 15 15 95 87 6a a4 49 5c 7c 7c 78 c8 6a 67 62 c4 07 55 55 c8 72 87 6a 5a 98 e8 f8 e8 7a e8 72 7a aa aa aa c8 72 67
00:aa 19 68 7f 02 38 00 00 62 d5 2b 2a 2a 87 6a 06 5a ad ad 29 2a 05 5a 84 49 0d 0d 0f 03 64 49 20 08 2d 09 09 03 81 20 00 00 58 5c 5c 54 43 41 82 28 5c 5c 7c f8 67 62 c4 51 78 78 78 78 c8 6a 87
00:aa 19 a0 7f 02 38 00 00 6a 40 c0 c0 40 09 7b e8 7a 60 40 40 60 c8 72 64 41 35 35 35 35 05 5a 43 41 f8 78 78 7c 87 6a 05 5a 68 68 68 68 09 7b c8 6a 70 70 50 5c 6a 8b 09 7b a8 e8 6a 5a 8b 93 09
00:aa 19 d8 7f 02 38 00 00 7b 02 af ff fd 29 83 a8 6a 22 a3 af bd 87 6a 84 49 0b 0f 2d 25 23 41 81 20 2e 36 b6 d6 46 62 84 49 78 78 78 78 67 62 46 62 aa aa aa ba c8 72 87 62 6c 7a 5a 5a e8 7a c8
00:aa 19 10 80 02 38 00 00 72 aa aa aa 6b e8 7a c8 6a 3f ba fe ff c8 6a 67 62 d5 35 0d 09 46 62 e5 51 3d 3f 0f 0b c4 51 e2 38 2d 2d 2d 2d 20 08 00 00 ff 00 2b 3f 81 20 00 00 54 54 54 54 43 41 c2
00:aa 19 48 80 02 38 00 00 30 7c 7c 7c 7e 67 62 c4 51 78 78 78 7f c8 6a 46 62 c0 f8 fe 7e e8 7a c8 6a c0 e0 f0 ff c8 6a 43 41 35 35 b5 35 e5 59 43 41 78 72 7a 7a 67 62 05 5a 50 50 50 58 e8 72 67
00:aa 19 80 80 02 38 00 00 62 a8 ea 6a 7f 09 7b 87 6a 00 80 fa 55 09 7b a7 6a 02 0f af d5 09 7b 05 5a 2b af bd f5 05 5a 03 41 09 2d 2d bd e2 38 81 20 bc bc bc 2c 05 5a 23 41 e0 e0 60 78 67 62 06
00:aa 19 b8 80 02 38 00 00 5a 00 10 10 10 c8 72 87 62 66 6e e8 9a e8 7a a8 6a 63 63 e3 e3 c8 6a 00 00 00 00 00 00 c8 6a 67 62 09 02 00 37 c8 6a 46 62 3d 3d 0d 0f 05 5a 82 28 ad ad 2d 2d 81 20 00
00:aa 19 f0 80 02 38 00 00 00 54 54 54 54 c2 30 81 20 80 f0 fc f3 05 5a e2 38 e0 e8 7a 5e 67 62 c5 51 f0 f0 fc 7e c8 6a 67 62 00 40 70 58 a7 6a 43 41 35 25 25 25 a4 51 43 41 70 70 dc 77 67 62 c5
00:aa 19 28 81 02 38 00 00 51 f8 7f 7f 55 66 62 84 49 02 ab ad ff 06 5a 43 41 00 f7 55 ff a7 6a c5 51 a8 7f 5f 57 67 62 43 49 2a af bf fd c4 51 03 39 29 a9 bd fd e2 38 c2 30 a6 aa aa aa 05 5a e2
00:aa 19 60 81 02 38 00 00 38 78 78 78 7c c8 6a 46 62 dc f8 78 78 e8 7a c8 72 d5 aa aa 0a e8 7a a8 6a 63 e3 a3 f7 c8 6a 67 62 00 01 01 01 a7 6a 67 62 15 55 55 55 c8 6a 67 62 0d 4d 75 55 05 5a 82
00:aa 19 98 81 02 38 00 00 28 2d 2d 2d 2d 81 20 00 00 54 54 54 54 c2 30 81 20 ff ff ef 83 43 41 a2 28 78 58 57 57 e5 59 43 41 e0 e8 7a 5f a8 6a c4 51 e8 ea fe 5f 46 62 64 41 35 35 b5 ad 43 41 e2
00:aa 19 d0 81 02 38 00 00 38 00 0d 15 54 64 49 23 39 08 6f ff 7c c4 51 43 41 e0 5f f5 ff 05 5a 43 41 aa ff 7f c0 87 6a c4 51 57 55 55 a0 a8 6a 84 49 d5 d5 ff 22 05 5a 43 41 d5 fd 02 02 43 41 e2
00:aa 19 08 82 02 38 00 00 38 55 15 35 35 c4 51 e2 38 58 58 5e 56 09 7b 06 5a 78 68 70 78 09 7b 87 62 0a 0a 0b 2d e8 7a 67 62 aa 9c 58 58 e8 7a c8 6a fd 2b 00 00 e8 7a 67 62 55 d5 25 2d 67 62 05
00:aa 19 40 82 02 38 00 00 5a 00 00 15 d5 05 5a 82 28 2d 2d 2d ad e2 38 00 00 56 5c 58 58 43 41 a2 30 fd fd ff 0f c2 30 20 10 aa aa 29 29 c2 30 20 08 00 a0 78 56 05 5a 03 39 a0 e8 7a 5e 05 5a 43
00:aa 19 78 82 02 38 00 00 49 09 01 03 09 43 41 e2 38 51 10 c0 00 05 5a 43 41 57 fe e8 e0 05 5a 64 49 7a 00 00 00 a7 6a 06 5a 58 a0 a0 a0 c8 6a 00 00 00 00 00 00 c8 6a 66 62 09 3b 0b 0b 06 5a c4
00:aa 19 b0 82 02 38 00 00 51 29 29 29 2b 84 49 e2 38 a5 a5 25 2d 23 41 81 20 68 e8 dc ea c8 72 c4 51 e0 e0 7a 7e e8 72 67 62 05 e7 96 f6 09 7b 87 62 68 a8 80 80 09 7b e9 7a 02 02 00 00 e8 7a 67
00:aa 19 e8 82 02 38 00 00 62 2d 2d 2d 2d 67 62 c4 51 bf 35 b5 3d 84 49 20 10 0b 09 2d 2d 43 41 00 00 58 78 58 58 c4 51 03 39 fd ff c3 e2 43 41 20 10 ad af 2f 2f 41 10 00 00 fc ff ff ff 43 41 41
00:aa 19 20 83 02 38 00 00 18 e0 60 78 7a 05 5a c2 30 0b 09 89 ad a4 49 03 39 fe fe 7c 55 e5 59 43 41 e0 e0 f0 55 05 5a 43 41 a0 20 20 7e 87 6a 06 5a e8 6a 6a 55 c8 6a 26 5a 00 00 00 55 c8 6a 26
00:aa 19 58 83 02 38 00 00 5a 0b 0b 0b 55 67 62 c5 51 2d 0d 0d fd a4 49 e2 38 2d 2d 2d a5 c2 30 81 20 0c 0e 3f ff 67 62 e2 38 e8 78 78 7a c8 72 67 62 78 78 78 5a 09 7b 87 6a 00 00 c0 55 09 7b 87
00:aa 19 90 83 02 38 00 00 6a 02 02 00 55 c8 72 67 62 25 09 09 fd 67 62 c4 51 3d 2d 0d 3d 43 49 00 00 2d 2d 2d 25 00 00 00 00 00 00 00 00 00 00 00 00 00 00 00 00 00 00 00 00 00 00 00 00 00 00 00
00:aa 19 c8 83 02 38 00 00 00 00 00 00 00 00 00 00 00 00 00 00 00 01 f0 00 00 00 00 00 00 7f 80 00 00 00 00 00 0f fc 00 00 00 00 00 07 ff c0 00 00 00 00 00 ff fc 00 00 00 00 00 1f ff c0 00 00 00
00:aa 19 00 84 02 38 00 00 00 01 ff fc 00 00 00 00 00 3f ff c0 00 00 00 00 03 ff fc 00 00 00 00 00 3f ff c0 00 00 00 00 01 ff fc 00 00 00 00 00 3f ff 80 00 00 00 00 03 ff fc 00 00 00 00 00 3f ff
00:aa 19 38 84 02 38 00 00 f0 00 00 00 00 01 ff ff c0 00 00 00 00 1f ff fe 00 00 00 00 03 ff ff f8 00 00 00 00 7f ff c7 80 00 00 00 07 ff fb fc 00 00 00 00 7f ff ff c0 00 00 00 07 ff ff fc 00 00
00:aa 19 70 84 02 38 00 00 00 00 7f f7 ff c0 00 00 00 07 ff ff fe 00 00 00 00 7f df ff e0 00 00 00 07 ff ff fe 00 00 00 00 7f ff ff e0 00 00 00 07 ff ff fe 00 00 00 00 7f ff ff e0 00 00 00 07 ff
00:aa 19 a8 84 02 38 00 00 ff fe 00 00 23 51 00 00 55 55 57 f8 a5 69 21 08 55 55 ea 00 65 69 00 00 55 55 aa 00 24 61 00 00 55 55 bd 0b 61 18 00 00 55 55 55 0d 43 41 00 00 55 55 57 58 c6 79 00 00
00:aa 19 e0 84 02 38 00 00 57 7a e0 a0 27 92 44 59 5e ea aa a0 27 92 c6 79 55 55 c0 00 27 92 c6 79 55 65 03 00 27 92 24 61 d5 ab aa 0a c6 79 81 20 f5 ad 2b 02 24 59 00 00 55 d5 b5 2d c2 30 20 08
00:aa 19 18 85 02 38 00 00 55 55 57 54 c6 79 00 00 7a ea e8 a0 27 92 24 61 7a ea aa a8 07 a2 07 8a 5e f8 e0 c0 07 aa 07 9a ea aa aa aa 07 aa 00 00 00 00 00 00 07 aa 27 92 d5 a5 aa aa 07 92 c6 79
00:aa 19 50 85 02 38 00 00 95 35 0b 03 c6 79 81 20 ad 2b 02 00 64 59 20 08 55 d5 35 2d 00 00 00 00 00 00 00 00 00 00 00 00 00 00 00 00 00 00 00 00 00 00 00 00 23 49 20 08 5c 58 78 70 c6 79 24 61
00:aa 19 88 85 02 38 00 00 50 60 c0 40 27 92 c6 79 58 50 50 50 07 aa 07 a2 ea aa 6a 6a e9 aa 07 aa 55 55 55 00 e9 aa 07 aa 55 55 55 03 07 aa 27 92 aa aa aa 55 07 aa 27 92 95 b5 b5 95 07 8a c6 79
00:aa 19 c0 85 02 38 00 00 55 55 15 15 c6 71 20 08 2d 29 0b 0b 00 00 00 00 00 00 00 00 00 00 00 00 00 00 00 00 00 00 00 00 00 00 00 00 00 00 00 00 00 00 00 00 24 61 20 08 78 70 70 70 c6 79 24 61
00:aa 19 f8 85 02 38 00 00 40 00 00 40 4a 8b c6 81 5f 78 40 e0 88 aa 0c 9c 0b 95 55 d5 6d b4 8b ab 6a 00 80 80 6d b4 6b a3 a9 03 00 00 cb 93 47 92 a5 29 02 0b 27 92 c6 79 00 02 0f d5 07 8a c6 79
00:aa 19 30 86 02 38 00 00 15 55 55 55 85 71 a2 28 09 09 09 09 00 00 00 00 00 00 00 00 00 00 00 00 00 00 00 00 00 00 00 00 00 00 00 00 00 00 00 00 00 00 00 00 00 00 00 00 00 00 00 00 24 61 20 10
00:aa 19 68 86 02 38 00 00 78 78 78 78 87 6a 24 61 6a 7a 78 e0 c8 72 26 5a f6 d6 a8 00 ab 93 09 7b 70 60 e0 70 2d a4 ab 93 00 80 fa 7f 2d a4 ab 93 03 2d fd f5 8b 93 e8 7a 95 95 2a 0a 4a 83 e6 69
00:aa 19 a0 86 02 38 00 00 55 ff 02 02 c6 79 67 62 00 00 40 50 c6 79 a2 28 29 29 29 a9 00 00 00 00 00 00 00 00 00 00 00 00 00 00 00 00 00 00 00 00 00 00 00 00 00 00 00 00 00 00 00 00 00 00 00 00
00:aa 19 d8 86 02 38 00 00 00 00 00 00 a4 49 20 10 78 78 78 78 c8 6a 05 5a 78 68 7a 5a c8 72 c8 6a fe ff 7f 70 4a 83 c8 72 f8 57 5e e8 6a 8b 4a 83 00 55 55 55 6a 8b 29 7b 00 aa a5 a9 6a 8b 09 7b
00:aa 19 10 87 02 38 00 00 02 a5 55 eb 29 7b 87 6a 0b 2d bd 0b c6 79 67 62 50 50 5b 57 24 61 41 18 0b 0f 0d 2d 20 10 00 00 ff ff ff fb 00 00 00 00 00 00 00 00 00 00 00 00 00 00 00 00 00 00 00 00
00:aa 19 48 87 02 38 00 00 00 00 00 00 00 00 00 00 00 00 00 00 00 00 00 00 00 00 00 00 64 49 20 08 78 78 58 58 09 7b 05 5a 5e 7e 78 78 6a 8b 09 7b 56 5a 6a a0 6a 8b 4a 83 55 55 55 00 cb 93 4a 83
00:aa 19 80 87 02 38 00 00 55 55 5e e8 cb 93 4a 83 5a 60 80 00 cb 9b cb 93 55 fd aa aa ab 93 09 7b b5 ad 2b 02 e8 72 e5 59 2d 2d 2d 2d 44 51 20 08 0d 2d 25 b5 20 08 00 00 ae 3c bc fc 00 00 00 00
00:aa 19 b8 87 02 38 00 00 00 00 00 00 00 00 00 00 00 00 00 00 00 00 00 00 00 00 00 00 00 00 00 00 00 00 00 00 00 00 00 00 00 00 00 00 c5 51 20 10 58 58 58 58 09 7b 05 5a 78 68 60 60 8a 93 4a 83
00:aa 19 f0 87 02 38 00 00 6a 68 6b 75 8b 93 4a 83 a0 00 dd 55 cb 9b 4a 83 a0 aa f5 55 cb 9b 6a 8b 00 ff 7f 7f 2d a4 ab 93 fa f0 7f 55 ec 9b 29 7b 0b 03 2b ad 09 7b e5 59 2d 2d 2f 2b a4 51 20 08
00:aa 19 28 88 02 38 00 00 b5 25 2d 2d 20 08 00 00 fc fc fc ff 20 08 00 00 ff ff 3f 3f 00 00 00 00 00 00 00 00 00 00 00 00 00 00 00 00 00 00 00 00 00 00 00 00 00 00 00 00 00 00 00 00 e5 51 20 08
00:aa 19 60 88 02 38 00 00 78 78 7a 5e c8 72 64 41 e0 e0 f8 78 4a 83 c8 6a 82 aa 55 55 4a 83 87 6a a8 a8 fa d7 8b 93 c8 6a a0 80 ea 7f 8b 93 09 7b 00 00 bf 55 8b 93 09 7b 00 aa ff 55 8b 93 c8 72
00:aa 19 98 88 02 38 00 00 2b ad bd f5 c8 6a e5 59 0a 00 0a a5 05 5a 20 08 2d 25 25 d5 20 08 00 00 3f 3f 3f 3f 00 00 00 00 00 00 00 00 00 00 00 00 00 00 00 00 00 00 00 00 00 00 00 00 00 00 00 00
00:aa 19 d0 88 02 38 00 00 00 00 00 00 c2 30 00 00 58 5c 57 57 66 62 43 41 78 78 5a 5e 67 62 05 5a 00 00 c0 50 09 7b 67 62 5f 78 e0 e0 4a 83 09 7b 55 55 e5 41 09 7b e8 7a 0a 05 0a 00 09 7b c8 72
00:aa 19 08 89 02 38 00 00 aa 40 00 03 09 7b 26 5a 0a 03 af bd 05 5a 00 08 02 0b 09 2d 61 20 00 00 15 55 55 55 20 08 00 00 ff fc f7 fe 00 00 00 00 00 00 00 00 00 00 00 00 00 00 00 00 00 00 00 00
00:aa 19 40 89 02 38 00 00 00 00 00 00 00 00 00 00 00 00 00 00 00 00 00 00 00 00 00 00 41 10 00 00 fc ff ff ff c4 51 81 20 68 78 7a 7a 46 62 64 41 a0 e0 f8 7a e8 72 67 62 a8 ea 7a 5e 4a 83 e8 72
00:aa 19 78 89 02 38 00 00 e8 d8 dc 57 4a 83 c8 72 02 0a 2f 95 09 7b 05 5a 0a 2b af fd 46 62 84 49 0a 2a af f5 43 41 20 08 09 09 29 29 20 08 00 00 e3 eb eb eb 00 00 00 00 00 00 00 00 00 00 00 00
00:aa 19 b0 89 02 38 00 00 00 00 00 00 00 00 00 00 00 00 00 00 00 00 00 00 00 00 00 00 00 00 00 00 00 00 00 00 20 08 00 00 fe fe fe fe 43 41 20 10 60 60 60 60 e5 51 43 41 70 78 5e 5f 67 62 c5 51
00:aa 19 e8 89 02 38 00 00 80 f0 7f 57 a8 6a 05 5a 08 ab ff 55 a8 6a e5 59 02 aa f5 55 67 62 c4 51 2f fd f5 55 05 5a 84 49 d5 57 7f c0 64 49 41 10 2d 0d 0d 0b a2 28 00 00 55 55 55 25 20 08 00 00
00:aa 19 20 8a 02 38 00 00 f0 fe ff ff 20 08 00 00 ff 3f 2f af 00 00 00 00 00 00 00 00 00 00 00 00 00 00 00 00 20 08 00 00 ff ff ff fe 61 18 00 00 55 55 55 f0 c2 30 00 00 55 55 5f 80 c4 51 81 20
00:aa 19 58 8a 02 38 00 00 6a 60 e0 80 c5 51 43 41 d5 95 a5 2f 64 41 43 41 e8 ff ff ff 05 5a 43 41 80 ea 55 55 05 5a 43 41 2a ae 5c e0 09 7b c5 51 55 5f fa a0 09 7b 26 5a 7d fd 2d 0d 46 62 64 49
00:aa 19 90 8a 02 38 00 00 d5 bf aa a8 46 62 a2 28 f5 aa aa 00 05 5a 20 08 55 b5 0b 02 84 49 00 00 55 55 d5 2d 20 08 00 00 8f 8f cf fb 00 00 00 00 00 00 00 00 81 20 00 00 55 55 57 5c 66 62 20 08
00:aa 19 c8 8a 02 38 00 00 55 5f 7a a0 a8 6a c2 28 5f fa aa 00 66 62 64 41 5f ab ab 0b e5 59 63 41 68 e8 ee ba 06 5a c4 51 95 a9 aa 8a e5 51 43 41 d7 aa a0 00 67 62 43 49 57 fa a0 a0 09 7b 26 5a
00:aa 19 00 8b 02 38 00 00 56 e8 00 80 09 7b c8 6a c0 00 00 cf 09 7b 67 62 25 35 ab 8a 6a 8b 67 62 55 7f ea e0 4a 83 87 6a 55 ff ab 00 09 7b 26 5a f5 af ab 00 87 6a e2 30 ad 2a 0a 00 e5 59 41 10
00:aa 19 38 8b 02 38 00 00 55 b5 29 02 a2 30 00 00 55 55 55 15 81 20 00 00 5d 5d 57 60 a4 49 00 08 55 57 f8 80 67 62 41 18 5e ea 80 00 e8 72 06 5a 60 ea ff aa c8 6a 46 62 00 03 2f 9f 67 62 43 41
00:aa 19 70 8b 02 38 00 00 0b 0b 2f 2d c4 51 84 49 5e 5a aa 66 c8 72 26 5a 5f 7e 70 70 c8 6a 05 5a 55 bf 2a 2a c8 72 67 62 5e 58 58 5a 29 83 c8 6a 72 f8 7a 5a 4a 83 09 7b 5a 81 61 69 4a 83 09 7b
00:aa 19 a8 8b 02 38 00 00 7b 58 54 55 8b 93 29 7b 78 70 f8 7e 8b 93 29 7b 0b 02 0d b5 09 7b 05 5a 00 02 2d f5 c8 6a 64 49 02 0b fd ff e5 51 43 41 0a 2f 77 fd 43 41 20 08 25 25 0b 00 03 31 00 00
00:aa 19 e0 8b 02 38 00 00 55 55 55 25 23 39 00 00 55 57 5c 70 05 5a e2 30 5e ea e0 80 c8 6a c4 51 78 e0 a0 80 c8 6a 00 00 00 00 00 00 c8 6a 46 62 fd 3f 3d fd 67 62 06 5a 62 35 55 55 05 5a 84 49
00:aa 19 18 8c 02 38 00 00 2d 35 37 37 05 5a 84 49 d7 5f 7e 00 09 7b 26 5a 7a 7a 7e 78 c8 6a 67 62 2d 00 00 05 c8 6a 67 62 40 00 00 40 09 7b 05 5a a0 aa ab b5 09 7b 46 62 00 bf 55 55 09 7b 26 5a
00:aa 19 50 8c 02 38 00 00 22 fd 7f 57 09 7b 06 5a 80 ea 7f fd 09 7b 26 5a 2d f5 55 fd 87 6a 06 5a 55 6a ea 00 c8 72 06 5a 55 ff aa 00 c8 6a c4 51 55 ff ab 02 a8 6a c4 51 55 fb aa a0 67 62 e2 30
00:aa 19 88 8c 02 38 00 00 f5 ab 0a 02 a4 49 20 08 55 b5 2d 02 20 08 00 00 ff ff 3f 8f 20 00 00 00 aa aa aa aa c4 51 61 18 58 68 68 e8 67 62 c4 51 70 e0 c0 e0 a7 6a 06 5a 00 a8 aa f5 c8 6a 46 62
00:aa 19 c0 8c 02 38 00 00 0b bf ff 5f 67 62 06 5a 05 15 00 00 67 62 05 5a 55 55 00 00 67 62 e5 51 d5 fe 00 00 67 62 05 5a 4b 00 00 00 09 7b 05 5a 58 78 7a ff c8 6a 05 5a 8a af b5 75 67 62 c5 51
00:aa 19 f8 8c 02 38 00 00 02 fd f5 ad 26 5a e5 59 3f e8 c0 ff a7 6a 26 5a dd 5a a0 c0 c8 72 26 5a 57 ae 2c 08 c8 72 46 62 fd eb 3b 00 c8 6a 46 62 5e fe c0 00 09 7b 67 62 6a aa a0 80 09 7b 87 6a
00:aa 19 30 8d 02 38 00 00 d5 bd ab 2a c8 72 64 49 bd af 2b 0a e5 59 20 08 95 b5 29 0b 81 28 20 00 55 55 54 54 c4 51 c2 30 68 68 68 e8 05 5a c4 51 00 00 0d 55 46 62 e5 51 ff ff 78 60 c8 6a 66 62
00:aa 19 68 8d 02 38 00 00 7f 7f ff f0 c8 6a 67 62 55 55 f5 00 c8 6a 67 62 55 55 ff 00 09 7b 67 62 55 5f aa a0 4a 83 87 6a fd ff ab 03 a7 6a 06 5a a5 25 25 9d 06 5a 05 5a 2a aa 8a aa a7 6a 05 5a
00:aa 19 a0 8d 02 38 00 00 55 55 7a e0 09 7b 06 5a 57 5a ea 80 4a 83 c8 72 57 7f fa 00 6a 8b 09 7b 55 55 ab 00 4a 83 e8 7a f5 2b 83 00 cb 9b 09 7b 55 57 7f f8 2d a4 4a 83 55 55 ff a0 ab 93 09 7b
00:aa 19 d8 8d 02 38 00 00 fd ff 2b 0a 6a 8b 09 7b 5f de da 80 6a 8b 09 7b 55 ab aa 00 29 83 87 62 ad ab 2a 0a c8 6a c4 51 b5 ad ad 2f 43 41 20 08 d5 95 35 2d 81 28 00 00 54 54 54 54 c4 51 23 39
00:aa 19 10 8e 02 38 00 00 70 72 7a 7b c4 51 43 41 20 f0 78 5c 67 62 e5 51 f0 f0 f0 70 c8 6a 67 62 60 60 00 00 e8 7a c8 6a ff ff fc 80 4a 83 e8 72 57 7f f0 80 4a 83 09 7b 5a 80 00 00 4a 83 67 62
00:aa 19 48 8e 02 38 00 00 0b 09 0d 25 26 5a e5 59 1f df ff fc a7 6a 06 5a 55 5a 6a a0 29 83 87 62 5f 7e f8 e0 8b 93 09 7b 5f 7e e8 80 cb 93 4a 8b 5f ea a8 80 0c 9c ab 93 55 55 ff 00 0c 9c 4a 83
00:aa 19 80 8e 02 38 00 00 d5 d6 aa 00 2d a4 4a 83 d5 e9 ad 2d cb 9b 09 7b f8 fa fa 5f 2d a4 ab 93 e0 50 54 57 2d a4 ab 93 0d 01 02 00 2d a4 ab 93 55 55 bf 0b cb 9b ab 93 55 55 a5 a9 ab 93 09 7b
00:aa 19 b8 8e 02 38 00 00 b5 ad 2d 0f c8 72 06 5a 3d 2d 2d 0d 84 49 20 08 0d 09 0b 0b 81 28 00 00 5c 5c 5c 5c 43 41 e2 38 80 41 c9 55 c4 51 e2 38 5c 5c 5c 5c a7 6a e5 51 7a 7a 7a e8 09 7b c8 6a
00:aa 19 f0 8e 02 38 00 00 5c 50 60 60 4a 83 09 7b 57 a8 00 00 8b 93 4a 83 55 6a 00 00 ab 93 4a 83 d5 ab ab 02 4a 83 05 5a 2d b5 b5 b5 a8 6a 05 5a 56 6a e8 aa c8 6a 87 6a 70 c0 24 70 6a 8b c8 72
00:aa 19 28 8f 02 38 00 00 fa f8 68 7a cb 9b 8b 8b ff fe f0 c0 2d a4 ab 93 7f f8 c0 00 6d b4 2d a4 55 55 51 51 2d a4 ab 93 00 00 09 35 cb 93 67 62 0a 2f bd b5 a8 6a c4 51 00 a0 a8 d7 6a 8b 87 6a
00:aa 19 60 8f 02 38 00 00 80 e0 78 5e 2d a4 4a 83 00 c0 60 78 2d a4 00 00 00 00 00 00 2d a4 ec 9b a5 aa aa aa 0c 9c 29 83 ad 2d 2d 2d c8 72 06 5a 0d 09 0d 0d c4 51 61 18 09 09 29 29 81 20 00 00
00:aa 19 98 8f 02 38 00 00 5c 5c 5c 5e e2 38 81 20 00 00 c0 fb c4 51 a2 28 5c 5c 5c 5c a7 6a 06 5a 68 68 78 58 29 83 c8 6a 78 78 78 78 6a 8b 4a 83 57 54 54 57 ec 9b ab 93 55 57 56 58 2d a4 ab 93
00:aa 19 d0 8f 02 38 00 00 fd fd 81 01 e8 7a 06 5a 37 37 97 d7 a7 6a 05 5a a8 a8 a8 98 09 7b a8 6a 7e 7c f8 f0 0d 9c 6a 8b 68 78 fc ef 2d a4 0d 9c aa aa aa 6d 2d a4 ab 93 00 02 01 ad cb 93 09 7b
00:aa 19 08 90 02 38 00 00 0b 2f bd bd 09 7b 06 5a 2d 2d 2d 2b c5 51 e2 38 2e 35 35 25 87 6a 43 41 e0 78 7e 5e 8b 93 a7 6a e0 fa 7f 5f cb 93 c8 72 00 a0 fa 5e 2d a4 6a 8b 80 a0 ff 55 ec 9b 29 83
00:aa 19 40 90 02 38 00 00 2d 2d ad f5 e8 7a 06 5a 2d 2d 2d 3d e5 51 61 18 2d 2d 2d 09 20 10 00 00 fc fc fc ff c2 30 61 20 ff f2 f0 60 a4 51 a2 28 54 5e fe fe a7 6a e5 51 78 78 7a 7a 09 7b 87 62
00:aa 19 78 90 02 38 00 00 e0 e0 f8 7e 6a 8b 09 7b a8 e8 68 5a 2d a4 ab 93 5c 5c 5c 5c 2d a4 8b 8b 01 01 01 01 87 6a c5 51 3e 37 37 37 87 6a 26 5a e8 58 58 68 09 7b c8 72 52 53 51 51 6a 8b 09 7b
00:aa 19 b0 90 02 38 00 00 80 70 5e 5e cb 93 4a 8b 0a 82 42 6a cb 9b 6a 83 00 80 da de cb 9b 4a 83 02 2b ad b5 4a 83 c8 72 0f 2d bd f5 c8 72 26 5a 0f 0b 25 bd 05 5a e2 38 2d 2d 35 b5 46 62 23 39
00:aa 19 e8 90 02 38 00 00 7e 78 e8 e8 e8 7a 67 62 50 70 c0 00 4a 83 87 6a 68 a0 80 00 4a 83 09 7b 00 00 02 05 4a 83 c8 72 0f 2d fd fd 87 6a 06 5a 29 29 a9 a9 e5 51 81 20 09 09 0b 0b 20 00 00 00
00:aa 19 20 91 02 38 00 00 aa aa aa aa 20 08 00 00 ff fc fc fc e2 38 81 20 70 f0 f0 f0 43 41 e2 38 78 40 09 15 46 62 43 41 e8 78 7a 5e c8 6a 46 62 e0 fc fc 57 4a 83 87 6a a0 60 7a 7a cb 9b 4a 83
00:aa 19 58 91 02 38 00 00 e0 78 78 57 2d a4 4a 8b 03 83 ab fd 87 62 c5 51 37 17 17 17 09 7b c8 6a 71 70 50 5f 6a 8b c8 72 a0 ec 5f 55 6a 8b e9 72 00 0a fa 5d 6a 8b c8 72 80 fa f5 55 29 83 67 62
00:aa 19 90 91 02 38 00 00 02 2b af fd c8 72 26 5a 0b bf fd f5 67 62 43 49 2b bb af ad 84 49 a2 28 2f 37 b7 97 c8 6a 84 49 78 78 78 78 4a 83 e8 7a 58 50 70 60 6a 8b 4a 83 5d 51 41 69 4a 83 09 7b
00:aa 19 c8 91 02 38 00 00 25 35 35 35 e8 7a a8 6a 03 03 01 03 87 6a 06 5a a9 a9 a9 2a 05 5a 23 41 ad a9 2b 0b e2 38 00 00 95 15 35 25 81 20 00 00 54 54 54 54 e2 38 81 20 f0 c0 80 00 43 41 e2 38
00:aa 19 00 92 02 38 00 00 15 15 95 55 c4 51 c2 30 58 56 57 55 67 62 02 39 a8 a8 e8 7e 09 7b 26 5a e8 fe ff 7f 4a 83 a7 6a 28 fa ff df 4a 8b c8 6a 02 aa fe 5e c8 6a c4 51 b7 bd 35 35 67 62 05 5a
00:aa 19 38 92 02 38 00 00 50 50 50 5a c8 6a 06 5a 00 8a af 55 c8 6a 05 5a 00 aa ff 55 c8 6a c4 51 02 ad f5 d5 06 5a 84 49 00 57 57 fe 67 62 c4 51 20 ff ff 7f 05 5a 05 5a 00 00 00 00 e5 59 23 41
00:aa 19 70 92 02 38 00 00 0b 23 23 ad 23 39 82 28 16 15 15 95 a8 6a a4 49 78 70 70 70 4a 83 c8 72 c0 40 70 7c 4a 83 4a 83 00 00 00 00 4a 83 09 7b 15 15 35 95 e8 7a c8 6a 03 03 3b bb c8 6a 67 62
00:aa 19 a8 92 02 38 00 00 15 15 15 35 67 62 c5 51 f5 bd bd 3f 84 49 20 08 25 2d 0d 09 81 20 00 00 54 54 54 54 e2 38 c2 30 ea 6a 6a 6a 43 41 e2 38 75 75 55 35 a2 28 41 18 2a aa a9 a9 84 49 20 10
00:aa 19 e0 92 02 38 00 00 a0 fa 7f 57 26 5a c2 30 a0 fa 7f 5f c8 6a c4 51 a8 fa 78 78 4a 83 c8 6a 50 60 c0 c0 09 7b c4 51 35 25 2d 3d 05 5a c5 51 da 55 78 9d 26 5a c4 51 aa 59 a5 ec 26 5a 84 49
00:aa 19 18 93 02 38 00 00 8a 77 ff 00 e8 72 c4 51 55 55 55 a8 cb 9b c4 51 55 55 7f 00 8b 8b c4 51 55 55 ff 00 09 7b 05 5a 55 55 ff 00 46 62 43 41 bd bd 2d 25 c2 30 81 20 3f 3f 3f 3f c8 72 64 49
00:aa 19 50 93 02 38 00 00 70 78 7e 5e e8 7a a8 6a c0 c0 a0 7c 4a 83 49 83 aa aa aa ea 4a 83 09 7b 2d 09 09 03 e8 7a a8 6a 37 37 25 09 c8 6a 67 62 15 15 55 55 67 62 05 5a 35 05 05 25 05 5a a2 28
00:aa 19 88 93 02 38 00 00 ad a9 29 29 81 20 00 00 54 54 54 54 43 41 c2 30 7f 70 70 70 43 41 e2 38 55 0d 09 01 e2 38 61 18 fd bd ad 0d 20 10 00 00 00 00 00 00 23 41 20 10 f8 78 78 78 a8 6a c4 51
00:aa 19 c0 93 02 38 00 00 7c 7a 7e 5f 09 7b 66 62 80 e2 eb e9 67 62 06 5a 35 17 54 54 67 62 66 62 6a ea aa aa c8 6a 66 62 f7 e0 00 00 09 7b a8 6a 56 c0 00 00 6a 8b 09 7b 54 54 57 55 6d b4 6a 8b
00:aa 19 f8 93 02 38 00 00 80 80 c0 60 6d b4 0d 9c 2d 2d 2d 2d 8b 93 29 7b 3d 3d 0b 0b c8 72 63 41 b5 bd 2d 2d c2 30 20 10 2a 2a 2a 29 26 5a 81 20 e0 60 78 78 e8 7a 67 62 7a 5c 58 5c 4a 83 e8 7a
00:aa 19 30 94 02 38 00 00 80 70 58 7e 6a 8b 4a 83 05 02 00 40 6a 8b c8 72 bd af 2f 0b e8 7a 67 62 95 95 35 35 67 62 05 5a 15 55 55 55 c4 51 a2 28 09 09 09 09 20 08 00 00 fc fe fe fe a4 49 c2 30
00:aa 19 68 94 02 38 00 00 7a 68 68 68 c4 51 03 39 fd af 0b 02 43 41 61 18 ad ad ad 2d 20 10 00 00 aa af ae ae e2 38 20 08 60 e0 60 60 67 62 c4 51 5e 78 78 70 c8 6a 46 62 81 01 03 03 67 62 06 5a
00:aa 19 a0 94 02 38 00 00 54 56 54 54 67 62 00 00 00 00 00 00 c8 6a 67 62 80 60 5c 54 09 7b c8 6a 02 55 55 55 09 7b c8 6a 96 56 54 5c 4d ac 6a 83 70 70 70 7a 6d b4 2d a4 35 15 d5 55 cb 9b 4a 83
00:aa 19 d8 94 02 38 00 00 2d 0d 09 09 c8 72 84 49 2d 2d 0d 0d 43 49 a2 28 95 95 b5 35 84 49 20 10 f0 f8 dc 5e 67 62 c4 51 e0 f0 78 5c 09 7b a7 6a 80 e0 70 70 4a 83 c8 72 00 00 82 fd 4a 83 66 62
00:aa 19 10 95 02 38 00 00 00 02 ab f5 e8 7a 06 5a 2f 2b ad fd 05 5a c4 51 25 15 15 15 c4 51 a2 28 09 09 09 29 20 00 00 00 aa aa aa aa a4 51 c2 30 78 68 68 7a c4 51 a4 49 aa aa aa 7a 43 41 61 18
00:aa 19 48 95 02 38 00 00 2d 2f ad ad 20 10 00 00 af bf bf bf 84 41 61 18 78 78 78 78 a8 6a c4 51 f8 e8 68 5f c8 6a 05 5a 02 02 00 7f 67 62 c5 51 fc fc fc 95 67 62 c5 51 00 00 00 55 c8 6a 46 62
00:aa 19 80 95 02 38 00 00 fc fc f0 5e 09 7b 87 6a f5 ff f0 55 4a 83 c8 72 50 e0 c0 57 2d a4 e9 72 e0 ea fe 55 2d a4 29 7b 02 aa ff 55 ab 93 29 7b 03 0b bd 55 09 7b c5 51 2d 2d 2d 35 43 41 81 20
00:aa 19 b8 95 02 38 00 00 2d 2d 2d 2d c2 30 20 10 d8 be b7 97 05 5a 82 28 a0 e0 7a 7a c8 6a c4 51 a0 fa ff 55 87 6a c5 51 02 aa ff 5f 67 62 c5 51 3d ad 8d fd 05 5a c5 51 00 00 00 15 e5 51 43 49
00:aa 19 f0 95 02 38 00 00 2a 29 2d ad 64 49 a2 28 01 01 a9 ad 00 00 00 00 00 00 00 00 00 00 00 00 00 00 00 00 00 00 00 00 00 00 00 00 00 00 00 00 00 00 00 00 00 00 00 00 00 00 00 00 00 00 00 00
00:aa 19 28 96 02 38 00 00 00 00 00 00 00 00 00 00 00 00 00 00 00 00 00 00 00 00 00 00 00 00 00 00 00 00 00 00 00 00 00 00 00 00 00 00 00 00 00 00 00 00 00 00 00 00 00 00 00 00 00 00 00 00 00 00
00:aa 19 60 96 02 38 00 00 00 00 00 00 00 00 00 00 00 00 00 00 00 00 00 00 00 00 00 00 00 00 00 00 00 00 00 00 00 00 00 00 00 00 00 00 00 00 00 00 00 00 00 00 00 00 00 00 00 00 00 00 00 00 00 00
00:aa 19 98 96 02 38 00 00 00 00 00 00 00 00 00 00 00 00 00 00 00 00 00 00 00 00 00 00 00 00 00 00 00 00 00 00 00 00 00 00 00 00 00 00 00 00 00 00 00 00 00 00 00 00 00 00 00 00 00 00 00 00 00 00
00:aa 19 d0 96 02 38 00 00 00 00 00 00 00 00 00 00 00 00 00 00 00 00 00 00 00 00 00 00 00 00 00 00 00 00 00 00 00 00 00 00 00 00 00 00 00 00 00 00 00 00 00 00 00 00 00 00 00 00 00 00 02 40 07 c0
00:aa 19 08 97 02 38 00 00 00 00 00 00 3c 03 fe 00 00 00 00 07 40 3f f0 00 00 00 00 7c 03 ff 80 00 00 00 0f c1 ff f8 00 00 00 00 bf 7f ff 80 00 00 00 0f 9f ff f8 00 00 00 00 e0 ff ff 00 00 00 00
00:aa 19 40 97 02 38 00 00 0a 8f ff f0 00 00 00 00 84 ff ff 00 00 00 00 00 4f ff f0 00 00 00 00 24 ff fe 00 00 00 00 06 0f ff e0 00 00 00 00 f1 ff fc 00 00 00 00 0b 7f ff c0 00 00 00 00 bf ff ff
00:aa 19 78 97 02 38 00 00 00 00 00 00 0b ff ff f8 00 00 00 00 bf ff ff c0 00 00 00 03 ff ff fe 00 00 00 00 3f ff ff f0 00 00 00 03 ff ff ff 80 00 00 00 7f ff ff f8 00 00 00 07 ff ff ff 80 00 00
00:aa 19 b0 97 02 38 00 00 00 7f ff ff f8 00 00 00 07 ff ff ff 80 00 00 00 7f ff ff f8 00 00 00 07 ff ff ff 80 00 00 00 7f ff ff f8 00 00 00 47 ff ff ff 80 00 00 06 7f ff ff f8 00 00 00 67 ff ff
00:aa 19 e8 97 02 38 00 00 ff e0 00 00 04 7f ff ff fe 00 00 00 07 ff ff ff c0 00 00 00 00 00 00 00 00 00 20 08 00 00 ff 3f ff ff 81 20 00 00 55 55 55 c0 03 39 00 00 55 55 55 80 03 39 00 00 55 55
00:aa 19 20 98 02 38 00 00 55 00 c2 30 00 00 55 55 55 0a 41 10 00 00 ff ff ff 2b 00 00 00 00 00 00 00 00 00 00 00 00 00 00 00 00 00 00 00 00 00 00 00 00 00 00 00 00 00 00 00 00 02 39 00 00 55 55
00:aa 19 58 98 02 38 00 00 5f 5c 24 59 20 08 55 55 aa 00 e6 69 20 10 55 fa a0 80 27 92 43 49 55 fa aa a0 27 92 24 61 55 aa aa 00 27 92 24 61 55 aa aa 02 c6 79 e2 40 fd 00 00 00 c6 79 41 18 f5 ab
00:aa 19 90 98 02 38 00 00 0a 00 24 61 20 08 55 d5 b5 09 00 00 00 00 00 00 00 00 00 00 00 00 00 00 00 00 00 00 00 00 00 00 00 00 00 00 00 00 00 00 00 00 43 49 20 08 58 58 58 58 c6 79 24 61 55 5f
00:aa 19 c8 98 02 38 00 00 40 40 e6 81 c6 79 7f fc fc fc 07 a2 27 92 55 55 40 60 07 a2 27 92 55 d7 00 00 07 a2 27 92 55 3f 00 00 07 aa 07 8a d5 ff 00 00 07 a2 e6 81 d5 b5 0d 0b c6 79 c2 30 09 02
00:aa 19 00 99 02 38 00 00 02 00 24 59 20 08 55 95 35 25 00 00 00 00 00 00 00 00 00 00 00 00 00 00 00 00 00 00 00 00 00 00 00 00 00 00 00 00 00 00 00 00 00 00 00 00 00 00 00 00 44 61 20 08 58 78
00:aa 19 38 99 02 38 00 00 70 60 c6 79 24 61 40 80 00 00 27 92 c6 79 54 54 5c 60 07 a2 27 92 40 50 54 56 07 aa 00 00 00 00 00 00 07 aa 00 00 00 00 00 00 07 aa 00 00 00 00 00 00 07 aa 27 9a a5 aa
00:aa 19 70 99 02 38 00 00 aa a9 27 92 c6 79 35 05 09 09 c6 79 61 18 2d 2d 0b 0b 20 10 00 00 ff bf bf 3f 00 00 00 00 00 00 00 00 00 00 00 00 00 00 00 00 00 00 00 00 00 00 00 00 00 00 00 00 00 00
00:aa 19 a8 99 02 38 00 00 00 00 00 00 00 00 00 00 00 00 00 00 00 00 00 00 00 00 00 00 00 00 00 00 00 00 00 00 00 00 00 00 00 00 00 00 00 00 00 00 00 00 c6 79 c2 28 78 78 78 78 e6 81 c6 79 ff fe
00:aa 19 e0 99 02 38 00 00 fc fc 27 92 07 8a 6a aa aa aa 27 92 4a 8b 00 00 01 25 27 9a 6a 8b 00 aa 57 57 27 9a 09 7b 00 aa 55 55 07 aa 0d 9c 00 ff 55 f5 4d ac 27 92 55 d5 a5 0b 27 92 e6 81 09 01
00:aa 19 18 9a 02 38 00 00 00 0b c6 79 03 51 0d 01 03 02 e2 38 00 00 95 95 35 35 00 00 00 00 00 00 00 00 00 00 00 00 00 00 00 00 00 00 00 00 00 00 00 00 00 00 00 00 00 00 00 00 00 00 00 00 00 00
00:aa 19 50 9a 02 38 00 00 00 00 00 00 00 00 00 00 00 00 00 00 00 00 00 00 00 00 00 00 00 00 00 00 00 00 00 00 00 00 00 00 00 00 00 00 00 00 00 00 00 00 00 00 00 00 00 00 00 00 41 10 00 00 ff ff
00:aa 19 88 9a 02 38 00 00 fc fc c6 79 e3 40 78 78 78 78 c6 79 05 5a 00 00 02 17 07 92 29 7b 02 3d f5 f5 cb 93 6a 8b 5a e0 e0 aa ab 93 09 7b 0b 0b 0b 09 09 7b 87 6a b5 01 02 bf 8b 8b 26 5a e0 5c
00:aa 19 c0 9a 02 38 00 00 d7 fe 4d ac ab 93 00 80 60 6a 2d a4 c6 79 b5 25 09 0b c6 79 24 61 02 02 02 c1 e2 38 00 00 35 35 35 35 00 00 00 00 00 00 00 00 00 00 00 00 00 00 00 00 00 00 00 00 00 00
00:aa 19 f8 9a 02 38 00 00 00 00 00 00 00 00 00 00 00 00 00 00 00 00 00 00 00 00 00 00 00 00 00 00 00 00 00 00 00 00 00 00 00 00 00 00 00 00 00 00 00 00 00 00 00 00 00 00 00 00 00 00 00 00 00 00
00:aa 19 30 9b 02 38 00 00 00 00 03 59 00 00 55 55 6a c0 c8 72 00 08 57 57 fe fc 6a 8b 24 61 5f fe aa 00 e8 7a 05 5a d7 17 17 17 4a 83 c8 6a 58 68 68 68 cb 93 8b 93 ff ff ff f8 ab 93 09 7b 2d 2b
00:aa 19 68 9b 02 38 00 00 02 00 ab 93 67 62 f5 b5 ab 0a 6a 8b 67 62 78 78 f8 f8 2d a4 6a 8b 80 00 03 8d 2d a4 87 6a 0a 2f bd f5 46 62 24 59 25 25 b5 95 e2 38 20 08 15 15 95 d5 00 00 00 00 00 00
00:aa 19 a0 9b 02 38 00 00 00 00 00 00 00 00 00 00 00 00 00 00 00 00 00 00 00 00 00 00 00 00 00 00 00 00 00 00 00 00 00 00 00 00 00 00 00 00 00 00 00 00 00 00 00 00 00 00 00 00 24 59 00 00 80 e0
00:aa 19 d8 9b 02 38 00 00 5f 55 6a 8b 61 20 fc f8 58 58 2d 9c 6a 8b 55 55 d7 27 e8 72 26 5a 17 1e 1c 38 8b 93 c8 6a 7a 78 e8 e8 2d a4 ab 93 5f 7e 70 70 6d b4 ec 9b 55 f5 fd 03 0c a4 4a 83 bd af
00:aa 19 10 9c 02 38 00 00 ab 2a 8b 93 29 7b 57 bf af 00 8b 93 c8 72 8b ad ad 0d c8 6a c4 51 0a 2b 2b 29 e5 59 61 18 2f 2d 0d ad 00 00 00 00 00 00 00 00 00 00 00 00 00 00 00 00 20 08 00 00 ff fc
00:aa 19 48 9c 02 38 00 00 ff ff 00 00 00 00 00 00 00 00 00 00 00 00 00 00 00 00 00 00 00 00 00 00 00 00 00 00 00 00 00 00 00 00 00 00 00 00 00 00 00 00 4a 83 20 08 5c 56 57 57 2d a4 67 62 0a ab
00:aa 19 80 9c 02 38 00 00 7d 55 09 7b 87 6a 5e 5c 5c 58 8b 93 4a 83 5c 5c 5c 5c 4d ac cb 93 78 78 78 78 6d b4 4d ac 00 00 00 75 4d ac ab 93 2f 2f 2d 25 ec 9b 6a 8b ff f8 f8 d8 0c 9c c8 72 ad 2d
00:aa 19 b8 9c 02 38 00 00 09 03 a8 6a c4 51 09 09 0b 0b 23 41 20 10 09 2d 25 35 00 00 00 00 00 00 00 00 20 08 00 00 ff 3f ff ff 00 00 00 00 00 00 00 00 00 00 00 00 00 00 00 00 00 00 00 00 00 00
00:aa 19 f0 9c 02 38 00 00 00 00 00 00 00 00 00 00 00 00 00 00 00 00 00 00 00 00 46 62 00 00 5c 58 78 70 67 62 06 5a 0d 05 05 05 09 7b 66 62 70 70 70 70 cb 9b 4a 83 5e 58 58 5a 2d a4 ab 93 f0 fe
00:aa 19 28 9d 02 38 00 00 ff 55 2d a4 ab 93 02 02 ff 55 ec 9b 6a 8b 2d 2d af ff 6a 8b 09 7b 28 0d 01 02 ec 9b e8 72 03 82 7f 55 09 7b 06 5a 2d 0b 02 00 05 5a 00 08 b5 35 35 35 20 08 00 00 ff af
00:aa 19 60 9d 02 38 00 00 ff ff 00 00 00 00 00 00 00 00 00 00 00 00 00 00 00 00 00 00 00 00 00 00 00 00 00 00 00 00 00 00 00 00 00 00 00 00 00 00 00 00 67 62 20 08 70 70 60 60 a8 6a c4 51 af af
00:aa 19 98 9d 02 38 00 00 2d 2d 09 7b 05 5a e0 e0 68 7a 6a 83 09 7b a0 aa ea 6a 8b 93 4a 83 00 a0 5c 57 ab 93 6a 8b b5 b5 ad 80 6a 8b 29 7b 00 5a dc 28 ab 93 87 6a ab bf bd 0d 87 6a 26 5a 20 2a
00:aa 19 d0 9d 02 38 00 00 96 55 09 7b 67 62 82 82 63 79 e5 51 20 08 15 95 95 d5 00 00 00 00 00 00 00 00 20 08 00 00 f3 ff ff ff 00 00 00 00 00 00 00 00 00 00 00 00 00 00 00 00 00 00 00 00 00 00
00:aa 19 08 9e 02 38 00 00 00 00 00 00 00 00 00 00 00 00 00 08 00 00 ff fe fe fe 87 62 81 20 60 e0 e0 e0 c8 6a c4 51 2d 0d 0d 0d c8 6a c4 51 78 7a 7a 5e 4a 83 67 62 e0 fa fa 7f 4a 83 e8 72 00 00
00:aa 19 40 9e 02 38 00 00 fc 5e ec 9b 6a 8b ea 60 60 60 0c 9c 09 7b 3e 2f 0d 0d ab 93 87 6a 01 a3 fd 55 05 5a 84 49 fc 57 d7 bf 46 62 20 10 03 09 ad ad 00 00 00 00 00 00 00 00 00 00 00 00 00 00
00:aa 19 78 9e 02 38 00 00 00 00 00 00 00 00 00 00 00 00 00 00 00 00 00 00 00 00 00 00 00 00 00 00 00 00 00 08 00 00 ff ff ff fe 64 41 20 08 55 57 56 5c 29 83 a4 49 78 78 78 f8 09 7b 05 5a 2d 0d
00:aa 19 b0 9e 02 38 00 00 09 03 e5 51 43 49 a0 aa ae 35 a8 6a c4 51 a0 f8 7a 7e 29 83 c8 6a 5c 58 58 56 2d a4 4a 83 68 78 78 5f 0c 9c 87 62 09 0d 2d b5 67 62 c5 51 03 03 09 fd c4 51 61 20 00 02
00:aa 19 e8 9e 02 38 00 00 2d b5 43 41 00 08 25 b5 d5 55 00 00 00 00 00 00 00 00 00 00 00 00 00 00 00 00 00 00 00 00 00 00 00 00 00 00 00 00 00 00 00 00 00 00 00 00 00 00 00 00 c5 51 20 08 55 55
00:aa 19 20 9f 02 38 00 00 57 78 46 62 20 08 55 55 fa 00 46 62 00 00 55 ff aa 00 46 62 20 10 55 ff aa 00 c4 51 81 20 5e a8 2a 00 4a 83 e5 59 78 78 78 78 6a 8b a8 6a a9 2b 0b 0b 67 62 43 49 b5 2f
00:aa 19 58 9f 02 38 00 00 2b 02 e5 51 43 49 e0 78 96 35 a8 6a c4 51 a0 f8 7e 57 4a 83 05 5a 80 aa ff 55 c8 72 a4 49 0b 2f f5 55 c5 51 81 20 02 0b 0d a5 61 20 00 00 0f 3d d5 55 00 00 00 00 00 00
00:aa 19 90 9f 02 38 00 00 00 00 00 00 00 00 00 00 00 00 00 00 00 00 00 00 00 00 20 08 00 00 ff ff ff f0 23 41 00 00 55 55 57 f8 87 6a 20 08 55 5e e8 a0 29 7b 03 39 7a a8 80 00 ab 93 c8 72 55 fe
00:aa 19 c8 9f 02 38 00 00 ea 80 ab 93 c8 72 55 ea aa 00 4a 83 67 62 f5 2d 2d 2d 05 5a c4 51 d5 05 01 08 4a 8b 05 5a 78 78 78 78 6a 8b e8 7a 09 01 01 03 c8 72 c8 6a f5 bf bf bf 87 6a 84 49 b5 25
00:aa 19 00 a0 02 38 00 00 0d 0b 84 49 43 49 e0 ff ff 0a a4 49 43 49 00 ff ff 80 c4 51 43 41 d5 ff fd 03 43 41 20 10 0d 0d 0b 00 c2 30 00 00 55 55 d5 2d 00 00 00 00 00 00 00 00 00 00 00 00 00 00
00:aa 19 38 a0 02 38 00 00 00 00 20 10 00 00 ff ff fe fc a4 49 20 08 55 5e f8 80 46 62 81 20 55 fa aa a0 e8 72 03 39 5e fa a0 00 4a 83 a7 6a 5e 7a aa 00 8b 93 09 7b e8 f8 fe d7 cb 93 6a 83 80 80
00:aa 19 70 a0 02 38 00 00 80 5a cb 9b 09 7b 02 02 0b ad 09 7b 26 5a 0b 2d 3d b5 46 62 e5 51 f7 df 70 c0 29 83 26 5a 58 58 f8 fc 8b 93 29 83 ad 89 83 82 29 83 c8 72 5d fd ff 2a 09 7b 66 62 a5 aa
00:aa 19 a8 a0 02 38 00 00 a0 00 4a 83 e5 59 f5 af aa 00 c8 6a e5 59 55 ab 02 02 46 62 e5 51 d5 f5 bf 3c a8 6a a4 49 55 ff fa 00 87 6a 23 39 f5 ab 02 00 e5 59 20 08 55 f5 2d 02 20 08 00 00 ff ff
00:aa 19 e0 a0 02 38 00 00 bf 0f 00 00 00 00 00 00 00 00 20 08 00 00 ff ff ff fc c4 51 00 08 5e 78 78 e0 67 62 c5 51 55 7f 78 e0 4a 83 87 6a 57 5e 78 e0 8b 93 29 7b 5f f0 ff fd 6a 8b e8 72 02 0a
00:aa 19 18 a1 02 38 00 00 aa d5 29 83 c8 6a 2a 2d a5 55 09 7b a7 6a 80 ff d5 d5 09 7b 67 62 02 a9 d5 55 a8 6a 05 5a 25 95 d7 9a 4a 83 67 62 55 7d ed 89 29 83 67 62 54 5c 5c 5c 8b 93 6a 8b e9 ed
00:aa 19 50 a1 02 38 00 00 ed 55 4a 83 09 7b 17 14 38 16 4a 83 29 7b c0 0c 08 00 4a 83 4a 83 00 00 00 00 09 7b 67 62 2d 29 2a 2a cb 93 67 62 57 7e fa a0 cb 9b e8 7a 55 ff 82 00 ab 93 09 7b 55 d5
00:aa 19 88 a1 02 38 00 00 ad 2b 09 7b 26 5a f5 bf 2b 02 46 62 20 10 b5 2d 0a 02 43 41 00 00 55 55 d5 35 00 00 00 00 00 00 00 00 a2 30 00 00 57 56 5c 78 05 5a 03 39 7a 78 e8 e8 c8 72 46 62 70 70
00:aa 19 c0 a1 02 38 00 00 78 f8 4a 83 87 6a 80 aa af 55 09 7b 87 62 0a bf 5f 5f c8 72 c8 6a bf ff fc c0 29 83 c8 6a 55 55 ea 82 09 7b c8 6a 55 55 aa 00 09 7b 87 6a 55 ff aa 02 e8 7a 67 62 5e f8
00:aa 19 f8 a1 02 38 00 00 00 00 29 83 c8 6a 09 89 fd fd cb 9b 87 62 5e 5c 58 58 ab 93 a8 6a 8a 0a 0b 2d 09 7b 67 62 08 37 b7 d5 4a 83 67 62 00 00 aa 5f 6a 8b c8 6a 02 2a 55 55 09 7b 87 6a 00 a8
00:aa 19 30 a2 02 38 00 00 ff 55 8b 93 67 62 a0 a0 ff 5f cb 93 09 7b 00 00 7f 55 ab 93 c8 72 0a 0a bf 55 4a 83 67 62 0a 02 ab 55 c8 72 c4 51 09 0b ad f5 c4 51 20 08 25 0d 0b 0a 81 28 00 00 55 55
00:aa 19 68 a2 02 38 00 00 d5 35 43 41 20 10 5c 5c 58 58 05 5a 43 41 78 78 78 78 67 62 e5 59 00 02 a9 55 67 62 05 5a 20 50 5c 50 e8 72 67 62 6a 68 e8 e0 4a 83 09 7b 55 56 54 5c 4a 83 29 83 02 02
00:aa 19 a0 a2 02 38 00 00 02 00 09 7b 09 7b 00 00 00 00 09 7b e8 7a 29 15 0b 00 6a 8b e8 7a 55 55 7f a0 6a 8b e8 7a 55 75 ff 00 ab 93 c8 72 58 5f f5 b5 6a 8b 67 62 25 d5 d5 55 c8 6a 67 62 55 70
00:aa 19 d8 a2 02 38 00 00 5c 70 c8 6a 67 62 78 00 00 00 c8 72 c8 6a fd ff fc c0 09 7b 67 62 55 ff aa 00 09 7b 67 62 56 56 aa 02 e8 72 67 62 82 a9 a5 a5 a8 6a 67 62 25 55 55 55 87 6a 26 5a a9 aa
00:aa 19 10 a3 02 38 00 00 80 80 a8 6a c4 51 f5 af 2b 0a 67 62 43 41 f5 fd af 2a 84 49 00 08 b5 2f 02 00 43 41 20 08 55 55 d5 2d 43 41 41 10 58 78 78 78 c4 51 43 41 60 60 70 7a c5 51 63 49 0a aa
00:aa 19 48 a3 02 38 00 00 da 5a a8 6a 05 5a 7a 78 78 78 09 7b c8 72 78 40 40 40 4a 83 09 7b a0 00 40 00 6a 8b 4a 83 55 55 54 00 8a 93 4a 83 55 fa aa a0 cb 93 4a 83 55 ff aa 80 cb 93 4a 8b 7a ea
00:aa 19 80 a3 02 38 00 00 aa 00 cb 93 4a 8b aa a9 a9 2d 4a 83 87 6a 35 b5 9f df 29 83 67 62 57 5f fa a0 cb 93 a8 6a 55 55 ff 00 29 83 c8 72 55 5f ea 00 6a 8b e8 72 7e fe a8 00 6a 8b 09 7b df aa
00:aa 19 b8 a3 02 38 00 00 00 00 8b 93 29 83 55 fb aa aa 6a 8b c8 72 f5 2f 2b 0b e8 7a 67 62 d7 aa 00 00 09 7b e8 7a 55 50 60 60 09 7b 87 6a ad 2a 02 00 c8 6a 46 62 f5 3f 2f 0f c8 6a 46 62 f5 ff
00:aa 19 f0 a3 02 38 00 00 03 00 67 62 23 41 d5 bd 2b 02 a4 49 20 08 55 d5 b5 25 e2 38 20 08 60 60 70 78 43 41 e2 38 00 00 7a 55 a4 49 e2 38 a0 a8 58 5c a8 6a 05 5a 78 78 78 78 09 7b c8 6a 40 60
00:aa 19 28 a4 02 38 00 00 60 60 8b 93 4a 83 57 5e 7a 60 cb 93 6a 8b 6a a0 a0 a0 cb 9b ab 93 56 aa aa aa cb 9b 00 00 00 00 00 00 2d 9c cb 9b ff ff ff 0f ab 93 e8 7a 09 2d 35 95 29 83 c8 72 57 7f
00:aa 19 60 a4 02 38 00 00 fe f8 2d a4 09 7b 5c 5e 7e e8 6d b4 ec 9b 00 60 5f c3 4d ac ab 93 b5 02 02 af 0c 9c ab 93 55 5f 3d ff 2d a4 ab 93 55 df 7f fc 2d a4 ab 93 55 fd ff 00 cc 9b 6a 8b d5 f5
00:aa 19 98 a4 02 38 00 00 b5 0b 6a 8b 09 7b 55 95 ab 02 6a 8b 09 7b 55 56 fa a0 8b 93 4a 83 55 55 ab 02 6a 8b c8 72 f5 f5 bd 3f e8 7a e8 72 6a 6a e0 a0 09 7b 67 62 95 ad 0b 00 67 62 a1 28 ad 2d
00:aa 19 d0 a4 02 38 00 00 2b 0a a2 28 00 00 55 d5 95 35 00 00 00 00 00 00 00 00 81 20 00 00 60 60 70 70 e2 38 81 20 00 fc ff ff 84 49 a2 28 f8 58 58 58 a8 6a 05 5a 78 78 78 78 4a 83 c8 6a 78 78
00:aa 19 08 a5 02 38 00 00 78 78 8b 93 6a 8b 7a 6a 6a 5e cb 9b ab 93 6a 6a 55 55 cb 9b ab 93 aa aa 55 56 0c 9c cb 9b fe fc fc f8 2d a4 ec 9b ad a9 a9 a9 6a 8b e8 7a 15 15 95 95 4a 83 e8 7a 7c 7c
00:aa 19 40 a5 02 38 00 00 7c 7c 6d b4 6a 8b 78 7a 7a e0 8d bc 2d a4 a2 fa 55 03 6d b4 0d 9c 2d 00 fc af 6d b4 ec 9b d5 3d 02 a0 ae cc 0c 9c 5f 5a 5a d8 ce d4 4d ac 5d fa aa 00 8d c4 4d ac d5 0f
00:aa 19 78 a5 02 38 00 00 03 25 2d a4 6a 8b 0b 02 0b 25 2d a4 ab 93 55 ff f0 70 2d a4 ab 93 f5 09 02 00 8b 93 09 7b 95 b5 2d 2d 4a 83 e8 7a 5c 58 70 f0 8b 93 29 7b fd ad 2b 02 09 7b e5 51 2d 2d
00:aa 19 b0 a5 02 38 00 00 0b 0b 05 5a 00 08 b5 b5 25 2d 00 00 00 00 00 00 00 00 81 20 00 00 7c 7c 78 70 c2 30 81 20 ff ff 02 00 84 49 a2 28 5c 5c 5c fe a8 6a c4 51 e8 e8 e8 78 4a 83 c8 72 7c 7c
00:aa 19 e8 a5 02 38 00 00 5e 5f 6a 8b 4a 83 40 5f 55 55 8b 93 6a 8b ea 7a 7a 7a 8b 93 00 00 00 00 00 00 0d 9c cb 9b f8 f8 f8 f8 6d b4 ec 9b e1 c1 c1 c1 29 83 c8 72 3f 37 95 d5 4a 83 e8 7a 5f 7f
00:aa 19 20 a6 02 38 00 00 7c 7c 6d b4 6a 83 60 78 60 e0 ce d4 6d b4 82 70 57 55 50 dd 0c ac f5 2d ff 5f 8d bc ec 9b 7f d5 2d 09 ce d4 ab 93 f8 58 5c 5e ce d4 2d a4 02 0b 2d f5 6d b4 09 7b 0a af
00:aa 19 58 a6 02 38 00 00 bd f5 4a 8b 67 62 0b ad d5 55 ec 9b 87 6a e0 78 7a 5e 2d a4 ab 93 00 80 60 58 2d a4 4a 83 35 25 2d 0d cb 9b 09 7b 7e fa f8 e0 ec 9b 6a 8b ad a9 09 0b 4a 83 67 62 2d 29
00:aa 19 90 a6 02 38 00 00 2b 2b 66 62 20 10 2d 2d 2d 29 00 00 00 00 00 00 00 00 c2 30 20 08 78 78 e8 e8 43 41 e2 38 60 60 60 60 43 41 23 39 fc 08 08 aa 67 62 c4 51 70 70 70 5a e8 72 67 62 a0 e8
00:aa 19 c8 a6 02 38 00 00 68 5e 4a 83 e8 7a e0 f0 7c 5f 8b 93 49 83 a0 e8 e8 78 8b 93 00 00 00 00 00 00 2d a4 ab 93 f8 78 78 78 6d b4 ab 93 81 01 01 09 c8 72 67 62 2a 16 15 95 4a 8b 87 62 e8 fa
00:aa 19 00 a7 02 38 00 00 55 55 2d a4 05 5a 80 80 f0 5e 8d c4 4d ac ad 0f c3 7a 6d b4 ec 9b d7 d5 35 0d 4d ac 6a 8b 03 ab fd fd 2d a4 09 7b f0 d8 5c 5e 2d a4 6a 8b 0b 2d bd f5 6a 8b a7 6a 2f 2d
00:aa 19 38 a7 02 38 00 00 ad bd 67 62 23 41 0a 29 2d 2d c8 72 84 49 e0 68 7a 5e ec 9b e8 72 e0 78 78 5e 2d a4 6a 8b 0d 0d 0f 8a 2d a4 ab 93 5c 5c 78 e0 2d a4 8b 93 0d 0d 0d 0d 4a 83 a8 6a 2d 2d
00:aa 19 70 a7 02 38 00 00 2d 2d e5 51 41 10 09 09 09 09 00 00 00 00 00 00 00 00 e2 38 20 08 e8 68 68 68 43 41 e2 38 60 60 5c 55 43 41 e2 38 05 35 55 55 c4 51 82 28 80 e0 f8 7e 67 62 c5 51 c0 f0
00:aa 19 a8 a7 02 38 00 00 78 5e 09 7b 87 6a e8 7a 5e 5f 6a 8b c8 6a a8 e8 fe 57 8b 93 e8 7a 00 aa ff 55 0c 9c c8 72 a0 aa ff 55 2d 9c 09 7b 09 bd 55 55 a8 6a c4 51 2a bf bf b7 a8 6a 66 62 ff fc
00:aa 19 e0 a7 02 38 00 00 fc 7c 4a 83 e5 51 d7 ff a8 a8 6d b4 6a 8b 70 70 c0 c0 6d b4 cb 93 09 0d 25 2d ab 93 6a 8b 29 a9 fb 79 6a 8b c8 72 f8 fc fc f7 6a 8b 09 7b 0a 29 b5 55 09 7b 87 62 0b 2f
00:aa 19 18 a8 02 38 00 00 af f5 67 62 43 41 2d 0d 0d 0d 05 5a e2 38 78 7a 78 e8 29 83 06 5a 60 78 78 e8 2d a4 6a 8b 80 c0 e0 78 6d b4 2d a4 54 5c 5c 55 2d a4 6a 8b 0d 2d 2d 35 09 7b 46 62 09 09
00:aa 19 50 a8 02 38 00 00 09 2d 05 5a 41 10 2d 2d 2d 2d 00 00 00 00 00 00 00 00 e2 38 20 08 68 68 68 e8 e2 38 00 00 00 00 00 00 e2 38 81 20 00 02 03 03 e2 38 61 18 00 f8 ff d5 05 5a a2 28 a0 fa
00:aa 19 88 a8 02 38 00 00 7f 55 67 62 43 41 80 a0 fe 57 c8 6a c4 51 a8 aa ff 55 c8 6a e5 51 00 aa ff 5f a7 6a 06 5a 00 aa 5a 78 29 83 c8 6a 5b 5a 72 82 a8 6a c4 51 b7 b7 35 3d a7 6a 06 5a 68 78
00:aa 19 c0 a8 02 38 00 00 5a 56 09 7b 67 62 a8 a8 7a 57 6d b4 4a 83 e0 e0 60 78 6d b4 cb 93 09 09 09 09 6a 8b 09 7b 02 03 0b 2d c8 72 46 62 2c 3f bf b5 e8 7a 26 5a 0a af ff 55 87 6a 06 5a 2a aa
00:aa 19 f8 a8 02 38 00 00 95 55 05 5a 43 41 0d bf be d4 c8 6a c4 51 5e fe e8 80 4a 83 a7 6a 7e 7a e8 80 ab 93 09 7b fa df ff 0a ec 9b 4a 83 e0 7e 5f d5 cc 9b 09 7b 2d ad f5 55 c8 72 a4 49 0b 0d
00:aa 19 30 a9 02 38 00 00 2d ad 43 41 00 08 2d 2d 25 a5 00 00 00 00 00 00 00 00 e2 38 61 18 70 70 70 60 e2 38 00 00 00 00 00 00 e2 38 81 20 0f 3f ff ff 81 20 20 10 35 15 15 15 81 20 20 10 50 50
00:aa 19 68 a9 02 38 00 00 50 50 e2 38 81 20 c0 f0 e0 00 c4 51 03 39 fe 7e 78 e0 67 62 c4 51 5f 7c 70 f0 09 7b 87 62 5c f0 f0 f0 4a 83 67 62 02 0a 2b bd a8 6a 05 5a 15 15 95 d5 05 5a c4 51 40 57
00:aa 19 a0 a9 02 38 00 00 e5 00 87 62 c4 51 fc 57 55 55 ec 9b 06 5a e0 e0 78 7a 0c 9c 6a 8b 02 03 ab fd 6a 8b 09 7b 35 b5 29 2b 09 7b 05 5a bd ad 2d 0b 05 5a c4 51 00 bf 15 25 05 5a e2 38 0b ab
00:aa 19 d8 a9 02 38 00 00 a9 ad 67 62 e2 38 5c 58 58 78 4a 83 c8 6a 5e 78 78 68 ec 9b 6a 8b 7e 7e e8 e8 2d a4 ab 93 f5 fd 09 00 6a 8b 09 7b 0b 09 09 0b e8 7a 67 62 02 09 0d 25 67 62 43 49 2d 2d
00:aa 19 10 aa 02 38 00 00 2d 2d e2 38 20 08 25 25 25 35 00 00 00 00 00 00 00 00 e2 38 61 20 70 70 70 60 e2 38 00 00 00 00 00 00 a2 28 81 20 3f 3f 3f 3f 20 10 20 08 aa aa a9 a9 e2 38 20 10 5e 5e
00:aa 19 48 aa 02 38 00 00 5c 5c 43 41 e2 38 57 54 54 54 c5 51 43 41 78 f8 e8 e8 67 62 06 5a 50 50 54 54 09 7b 87 6a f0 7f 7f 7f c8 6a 05 5a 0b 29 2d 2d 67 62 05 5a 58 50 50 50 c8 6a 26 62 fd c0
00:aa 19 80 aa 02 38 00 00 00 80 c8 6a 26 62 55 00 00 00 09 7b 26 62 70 f8 aa ab 4a 83 67 62 00 00 ff 55 4a 83 a7 6a 00 00 f0 78 ab 93 a7 6a ad 0b 02 02 29 83 e5 51 d5 95 ad 2f c4 51 81 20 0b 2f
00:aa 19 b8 aa 02 38 00 00 2d 2d 87 6a c2 30 78 78 68 68 6a 8b c8 6a 78 78 68 78 6d b4 cb 93 78 60 60 60 8d bc 2d a4 83 02 a9 b5 ab 93 09 7b 2d 2d 2d 2d e8 7a 67 62 25 25 25 25 46 62 43 49 2d 2d
00:aa 19 f0 aa 02 38 00 00 2d 2d e2 38 20 08 35 35 35 25 00 00 00 00 00 00 00 00 20 08 00 00 fe fc fc f8 e2 38 c2 30 6a 6a 6a 6a e2 38 00 00 00 00 00 00 e2 38 81 20 3f 3f 3f 3f 20 10 00 00 ab ab
00:aa 19 28 ab 02 38 00 00 ab ab e2 38 00 00 78 78 78 78 43 41 e2 38 54 58 50 60 e5 51 43 49 78 68 e8 a0 87 6a 06 5a 56 5a 78 a0 c8 6a 87 6a 40 80 00 00 a7 6a 05 5a 29 29 a9 a9 67 62 05 5a 58 58
00:aa 19 60 ab 02 38 00 00 58 58 c8 6a 67 62 40 40 70 5f c8 6a 67 62 00 00 00 55 09 7b 87 6a ff e2 f0 5e ab 93 46 62 55 f5 bd a0 e9 72 05 5a e8 78 5e d7 ab 93 c8 72 00 a0 7a 57 4a 83 87 62 25 2d
00:aa 19 98 ab 02 38 00 00 0f 0a 87 6a 23 39 b5 2d 0b 02 05 5a 03 39 60 60 e0 a0 4a 83 87 62 e0 e8 e8 78 4d ac ab 93 60 70 7a 57 2d a4 ec 9b 29 a5 ad a5 cb 9b 4a 83 a5 2d 2d 0d 09 7b 67 62 a5 2d
00:aa 19 d0 ab 02 38 00 00 2d 2d 46 62 a4 49 2d 2d 29 29 43 41 20 08 25 25 25 0d 00 00 00 00 00 00 00 00 00 00 00 00 00 00 00 00 82 28 20 08 57 54 54 54 43 41 c2 30 7f ff 80 00 e2 38 c2 30 aa aa
00:aa 19 08 ac 02 38 00 00 aa 09 e2 38 61 18 3f bf bf fd 20 10 00 00 ab ab ab ab c2 30 20 08 70 70 60 60 a4 49 e2 38 78 68 60 60 67 62 c4 51 5c 7c f8 f8 c8 6a 67 62 5c 50 50 5c c8 6a 67 62 00 00
00:aa 19 40 ac 02 38 00 00 00 2d 67 62 05 5a 0d 05 05 35 67 62 05 5a 58 54 57 55 67 62 05 5a 00 00 d5 55 67 62 05 5a 25 55 55 55 a8 6a 05 5a f8 78 7a 5a 2d a4 c8 72 70 70 70 70 2d a4 67 62 d5 15
00:aa 19 78 ac 02 38 00 00 35 95 c8 72 67 62 5a fe aa a0 4a 83 09 7b c1 73 5d 55 4a 83 87 6a bd ab 82 00 e8 72 c5 51 d7 b7 2f 0b 09 7b 26 5a e8 e8 78 7e ab 93 09 7b e0 e8 f8 58 2d a4 0d 9c 6a 6a
00:aa 19 b0 ac 02 38 00 00 ea 6a 2d a4 8a 8b 2d 09 09 09 4a 83 87 62 ad 2f 2b 2b 67 62 c4 51 2d 0d 0d 0d 64 49 41 10 2d 09 09 09 00 00 00 00 00 00 00 00 20 08 00 00 ff ff cf ff 82 28 20 08 54 54
00:aa 19 e8 ac 02 38 00 00 54 54 c4 51 43 41 5e 78 40 40 c4 51 81 20 bd 0d 0b 02 e2 38 61 18 fd f5 fd 3f 20 10 00 00 ab ab ab ab c2 30 20 10 60 60 68 68 e5 59 e2 38 fa fa 78 78 67 62 05 5a 58 58
00:aa 19 20 ad 02 38 00 00 54 54 87 6a 67 62 fc fc ff ff a7 6a 06 5a 2a 2a aa a9 06 5a 05 5a 2a 2a aa aa 05 5a c5 51 00 00 00 10 05 5a 00 00 00 00 00 00 46 62 05 5a 55 55 55 15 87 6a 06 5a 5a 58
00:aa 19 58 ad 02 38 00 00 58 58 cb 93 09 7b 70 7d 7d 7d a8 6a 05 5a 2a 37 35 b5 09 7b 06 5a a0 e8 78 7a 09 7b e9 7a 00 00 00 80 6a 8b 09 7b aa e8 68 78 6a 8b 26 62 2d 0b 02 00 09 7b 06 5a 57 55
00:aa 19 90 ad 02 38 00 00 95 25 49 83 26 5a a0 e8 7e 5f 0c 9c 6a 8b 80 e0 7e 57 2d a4 cb 93 0d 0d ed 7d 4a 83 e8 72 35 25 25 25 67 62 c4 51 0d 2d 2d 0d c4 51 81 20 2d 29 09 29 20 08 00 00 ff bf
00:aa 19 c8 ad 02 38 00 00 3f 3f 00 00 00 00 00 00 00 00 00 00 00 00 00 00 00 00 81 20 00 00 5c 5c 5f 57 a4 49 c2 30 80 e0 60 60 05 5a 43 41 a9 89 09 02 43 41 a2 28 b5 35 35 0d 81 20 00 00 3d 3f
00:aa 19 00 ae 02 38 00 00 3f 3f e2 38 20 10 68 68 68 68 c4 51 e2 38 60 68 78 78 67 62 c4 51 fc 7f 7f 7f 67 62 67 62 00 00 00 00 67 62 05 5a 95 15 0d 0d 05 5a c4 51 07 02 05 05 05 5a c4 51 57 8c
00:aa 19 38 ae 02 38 00 00 74 55 67 62 05 5a 5c 50 56 55 67 62 06 5a 15 15 15 d5 67 62 c4 51 f0 fe ff fd 29 7b e5 51 82 fb 7f 55 87 6a c4 51 2d 2d 3d f5 c8 6a c4 51 78 7c 5e 57 09 7b a8 6a 00 80
00:aa 19 70 ae 02 38 00 00 40 70 6a 8b 09 7b 58 5a 57 55 8b 93 4a 83 83 80 60 58 8b 93 c8 72 b5 25 2d 0b c8 72 06 5a 55 f5 b5 0d 4a 83 05 5a f8 7e 55 55 cb 93 05 5a 00 80 ea 7f 6a 8b c8 72 2d 2d
00:aa 19 a8 ae 02 38 00 00 ad fd a7 6a c4 51 2d 2d 2d 2d c4 51 a2 28 29 2b 2b ab 20 08 00 00 3f 3f 3f 3f 00 00 00 00 00 00 00 00 20 08 00 00 fc fc ff ff c4 51 61 18 e8 68 7a 7e e5 59 64 41 00 80
00:aa 19 e0 ae 02 38 00 00 80 5a 43 41 81 20 09 09 09 09 81 20 20 10 15 15 15 15 a2 28 20 10 78 58 5a 56 a4 49 e2 38 78 78 78 5e 26 5a c4 51 a8 a8 6a 5f 67 62 05 5a 00 00 00 7f 67 62 05 5a 0d 0d
00:aa 19 18 af 02 38 00 00 0d fd 05 5a a4 49 2f 2f 2f fd c4 51 43 41 00 00 00 d5 05 5a 43 41 a0 aa bf 55 e5 51 43 41 02 aa aa 55 c4 51 43 41 00 aa d5 55 c4 51 43 41 00 a0 55 55 c4 51 43 41 00 20
00:aa 19 50 af 02 38 00 00 5f 55 05 5a 43 41 a8 ea ea 55 c8 72 84 49 80 e8 fa 5f 09 7b 26 5a 00 00 aa 7f 4a 83 87 6a a0 e8 fa 55 6a 8b e9 72 02 02 c2 55 4a 83 67 62 ad 2b 0b ef a8 6a 05 5a d5 b5
00:aa 19 88 af 02 2a 00 00 25 b5 06 5a c5 51 a8 aa aa d5 a8 6a c5 51 c0 fa ff 55 46 62 84 49 2b 2f ad f5 43 41 a2 28 02 02 01 a9 20 08 00 00 3f 3f 3f 3f 00 00 00 00 00 00 00 00 00 00 00 00 00 00
00:aa 1a 00 00 00 00 00 00 00 00 00 00 00 00 00 00 00 00 00 00 00 00 00 00 00 00 00 00 00 00 00 00 00 00 00 00 00 00 00 00 00 00 00 00 00 00 00 00 00 00 00 00 00 00 00 00 00 00 00 00 00 00 00 00
00:aa 10 00 00 00 00 00 00 00 00 00 00 00 00 00 00 00 00 00 00 00 00 00 00 00 00 00 00 00 00 00 00 00 00 00 00 00 00 00 00 00 00 00 00 00 00 00 00 00 00 00 00 00 00 00 00 00 00 00 00 00 00 00 00
00:aa 17 00 00 00 38 00 00 02 00 02 06 00 09 02 01 05 01 02 02 08 02 08 00 00 00 00 00 00 00 00 00 00 00 00 00 00 00 00 00 00 00 00 00 00 00 00 00 00 00 00 00 00 00 00 00 00 00 00 00 00 00 00 00
00:aa 11 00 00 00 00 00 00 00 00 00 00 00 00 00 00 00 00 00 00 00 00 00 00 00 00 00 00 00 00 00 00 00 00 00 00 00 00 00 00 00 00 00 00 00 00 00 00 00 00 00 00 00 00 00 00 00 00 00 00 00 00 00 00
00:aa 11 00 00 00 00 00 00 00 00 00 00 00 00 00 00 00 00 00 00 00 00 00 00 00 00 00 00 00 00 00 00 00 00 00 00 00 00 00 00 00 00 00 00 00 00 00 00 00 00 00 00 00 00 00 00 00 00 00 00 00 00 00 00
00:aa 1c 00 00 00 00 00 00 00 00 00 00 00 00 00 00 00 00 00 00 00 00 00 00 00 00 00 00 00 00 00 00 00 00 00 00 00 00 00 00 00 00 00 00 00 00 00 00 00 00 00 00 00 00 00 00 00 00 00 00 00 00 00 00
00:aa 1c 00 00 00 00 00 00 00 00 00 00 00 00 00 00 00 00 00 00 00 00 00 00 00 00 00 00 00 00 00 00 00 00 00 00 00 00 00 00 00 00 00 00 00 00 00 00 00 00 00 00 00 00 00 00 00 00 00 00 00 00 00 00
00:aa 1c 00 00 00 00 00 00 00 00 00 00 00 00 00 00 00 00 00 00 00 00 00 00 00 00 00 00 00 00 00 00 00 00 00 00 00 00 00 00 00 00 00 00 00 00 00 00 00 00 00 00 00 00 00 00 00 00 00 00 00 00 00 00
00:aa 1c 00 00 00 00 00 00 00 00 00 00 00 00 00 00 00 00 00 00 00 00 00 00 00 00 00 00 00 00 00 00 00 00 00 00 00 00 00 00 00 00 00 00 00 00 00 00 00 00 00 00 00 00 00 00 00 00 00 00 00 00 00 00
00:aa 1c 00 00 00 00 00 00 00 00 00 00 00 00 00 00 00 00 00 00 00 00 00 00 00 00 00 00 00 00 00 00 00 00 00 00 00 00 00 00 00 00 00 00 00 00 00 00 00 00 00 00 00 00 00 00 00 00 00 00 00 00 00 00
00:aa 1c 00 00 00 00 00 00 00 00 00 00 00 00 00 00 00 00 00 00 00 00 00 00 00 00 00 00 00 00 00 00 00 00 00 00 00 00 00 00 00 00 00 00 00 00 00 00 00 00 00 00 00 00 00 00 00 00 00 00 00 00 00 00
00:aa 1c 00 00 00 00 00 00 00 00 00 00 00 00 00 00 00 00 00 00 00 00 00 00 00 00 00 00 00 00 00 00 00 00 00 00 00 00 00 00 00 00 00 00 00 00 00 00 00 00 00 00 00 00 00 00 00 00 00 00 00 00 00 00
00:aa 1c 00 00 00 00 00 00 00 00 00 00 00 00 00 00 00 00 00 00 00 00 00 00 00 00 00 00 00 00 00 00 00 00 00 00 00 00 00 00 00 00 00 00 00 00 00 00 00 00 00 00 00 00 00 00 00 00 00 00 00 00 00 00
00:aa 1c 00 00 00 00 00 00 00 00 00 00 00 00 00 00 00 00 00 00 00 00 00 00 00 00 00 00 00 00 00 00 00 00 00 00 00 00 00 00 00 00 00 00 00 00 00 00 00 00 00 00 00 00 00 00 00 00 00 00 00 00 00 00